/*******************************************************************************
 * Size: 14 px
 * Bpp: 4
 * Opts: --font /usr/share/fonts/truetype/dejavu/DejaVuSans.ttf --size 14 --bpp 4 --format lvgl -r 0x20-0x7F,0x0400-0x052F -o /tmp/ui_font_cyrillic_14.c
 ******************************************************************************/

#ifdef LV_LVGL_H_INCLUDE_SIMPLE
#include "lvgl.h"
#else
#include "lvgl.h"
#endif

#ifndef UI_FONT_CYRILLIC_14
#define UI_FONT_CYRILLIC_14 1
#endif

#if UI_FONT_CYRILLIC_14

/*-----------------
 *    BITMAPS
 *----------------*/

/*Store the image of the glyphs*/
static LV_ATTRIBUTE_LARGE_CONST const uint8_t glyph_bitmap[] = {
    /* U+0020 " " */

    /* U+0021 "!" */
    0xe8, 0x0, 0xfb, 0xcc, 0x4, 0x58, 0xd4, 0xc9,
    0xc0,

    /* U+0022 "\"" */
    0xa8, 0x1f, 0x10, 0xf, 0xf1, 0xf8, 0x90, 0x0,

    /* U+0023 "#" */
    0x0, 0x87, 0xc0, 0x1e, 0x20, 0x19, 0xc, 0xc,
    0x44, 0x1, 0xb5, 0x1, 0x10, 0x0, 0x2f, 0xf3,
    0xbb, 0xe1, 0x7e, 0x4b, 0x70, 0x37, 0x41, 0x9b,
    0x0, 0x4c, 0x64, 0x24, 0x64, 0x3b, 0xf4, 0x7f,
    0x85, 0xfa, 0x19, 0xa3, 0x5a, 0x73, 0xb8, 0x2,
    0x62, 0xa4, 0x6e, 0x42, 0x0, 0x44, 0x2, 0x10,
    0x80, 0x40,

    /* U+0024 "$" */
    0x0, 0xac, 0x3, 0xfc, 0x35, 0xc9, 0xd8, 0x30,
    0xde, 0x9f, 0x20, 0xb6, 0x20, 0x2a, 0x29, 0x2c,
    0x1, 0xa2, 0x14, 0x9d, 0x0, 0x6, 0xc4, 0xa6,
    0x80, 0xc, 0x8e, 0x72, 0x82, 0x6, 0xf9, 0xf1,
    0xc9, 0xae, 0xe6, 0xcf, 0x4e, 0x90, 0xf, 0xc0,

    /* U+0025 "%" */
    0x5, 0xde, 0x80, 0x8, 0x78, 0x40, 0x3, 0x5f,
    0xca, 0x80, 0xb, 0x81, 0x0, 0x10, 0x90, 0x39,
    0x82, 0x33, 0x0, 0x22, 0x13, 0x17, 0x30, 0x9e,
    0x0, 0xc3, 0x5d, 0x94, 0x92, 0xa3, 0x9a, 0xc0,
    0x5, 0xdd, 0x39, 0xa4, 0x74, 0xe4, 0x18, 0x7,
    0x77, 0x4, 0x94, 0x5d, 0x0, 0x33, 0xa1, 0x98,
    0x3, 0xf1, 0x54, 0x81, 0xa, 0x3, 0xa0, 0x5,
    0xd0, 0x1, 0x54, 0xf3, 0x18,

    /* U+0026 "&" */
    0x0, 0x15, 0xff, 0x58, 0x7, 0xb9, 0xf7, 0x30,
    0x1, 0xe2, 0xa2, 0x23, 0x80, 0x7a, 0x6c, 0x40,
    0x3e, 0x29, 0x7c, 0x10, 0x1, 0x40, 0x3, 0xda,
    0x97, 0x8, 0x15, 0x0, 0x4a, 0xc2, 0x13, 0xa,
    0xe8, 0x4, 0x14, 0x1, 0x2f, 0xa2, 0xc0, 0x6,
    0x84, 0x0, 0x70, 0x19, 0x0, 0x26, 0x27, 0xb7,
    0x58, 0xb8, 0x20,

    /* U+0027 "'" */
    0xa8, 0x0, 0xc7, 0xe0,

    /* U+0028 "(" */
    0x1, 0xe1, 0x8, 0x71, 0x6, 0xa0, 0x51, 0x30,
    0xc4, 0x0, 0x11, 0x80, 0x1c, 0x40, 0xe, 0x20,
    0x3, 0x50, 0x5, 0x98, 0x0, 0xc9, 0x80, 0x11,
    0x60, 0x5, 0xa1,

    /* U+0029 ")" */
    0xa7, 0x0, 0x44, 0x4, 0x8, 0xd8, 0x1, 0x74,
    0x0, 0x42, 0x10, 0x10, 0x20, 0x30, 0x8, 0xc0,
    0x41, 0xc0, 0x83, 0x14, 0x0, 0xfc, 0xa, 0x48,
    0x7, 0xc0, 0x0,

    /* U+002A "*" */
    0x0, 0xb0, 0x2, 0x45, 0x0, 0x95, 0x11, 0xb6,
    0x37, 0xa8, 0x10, 0x45, 0x40, 0x26, 0x69, 0xee,
    0x22, 0xe2, 0x2, 0x62, 0x88, 0x2, 0x80, 0x2,

    /* U+002B "+" */
    0x0, 0xd4, 0xc0, 0x1f, 0x84, 0x40, 0x1f, 0xfc,
    0xc8, 0xff, 0x92, 0x3f, 0xe3, 0x9d, 0xd8, 0xdf,
    0x76, 0x31, 0x22, 0x9f, 0xc8, 0xa0, 0xf, 0xfe,
    0x48,

    /* U+002C "," */
    0x26, 0x7, 0x91, 0xd4, 0x14, 0x80,

    /* U+002D "-" */
    0x4f, 0xf9, 0x53, 0x76, 0x50,

    /* U+002E "." */
    0x6b, 0xe4,

    /* U+002F "/" */
    0x0, 0xa6, 0x0, 0x27, 0xc0, 0x1, 0x82, 0x0,
    0x2d, 0x0, 0x25, 0xf0, 0x1, 0x11, 0x40, 0xa,
    0x80, 0x15, 0xe8, 0x0, 0x4d, 0xc0, 0xe, 0x62,
    0x0, 0xdb, 0x0, 0xb1, 0x80, 0x20,

    /* U+0030 "0" */
    0x0, 0x2e, 0xfe, 0xa0, 0x1, 0x2a, 0x9a, 0xb6,
    0x61, 0xe8, 0xe5, 0x7, 0x20, 0x98, 0x1, 0x23,
    0x80, 0x8, 0x2, 0xf2, 0x0, 0xff, 0x10, 0x5,
    0xe4, 0x9, 0x80, 0x12, 0x38, 0x7a, 0x39, 0x41,
    0xc8, 0x25, 0x53, 0x56, 0xcc,

    /* U+0031 "1" */
    0x4b, 0xef, 0x50, 0x8, 0xec, 0x3, 0x24, 0x28,
    0x7, 0xff, 0x70, 0xcc, 0x4, 0x62, 0x99, 0x80,
    0x8c, 0x80,

    /* U+0032 "2" */
    0x6c, 0xee, 0x59, 0x85, 0x5d, 0x50, 0x30, 0x71,
    0xd1, 0x16, 0xe, 0x1, 0x84, 0x8, 0x3, 0x59,
    0x20, 0x5, 0x9, 0xe0, 0x14, 0xb6, 0x10, 0x2,
    0x5f, 0x8, 0x1, 0x4d, 0x62, 0x66, 0x15, 0xa,
    0xcc, 0xa4,

    /* U+0033 "3" */
    0x6c, 0xff, 0x62, 0x81, 0xce, 0x61, 0x69, 0x15,
    0x46, 0x69, 0x13, 0x0, 0xca, 0x26, 0x5, 0xfe,
    0xaa, 0x20, 0x16, 0xe3, 0xd1, 0x80, 0x8, 0xe1,
    0x20, 0x3, 0xe9, 0x53, 0x49, 0x4e, 0x8, 0xca,
    0x5a, 0x50,

    /* U+0034 "4" */
    0x0, 0xcf, 0xf4, 0x1, 0xc7, 0x26, 0x1, 0xee,
    0xa7, 0x0, 0xe9, 0x44, 0x0, 0x72, 0xa4, 0x80,
    0x70, 0xdf, 0x0, 0x79, 0x7, 0x3f, 0xc8, 0xbe,
    0x2b, 0xbb, 0x8d, 0x34, 0x40, 0x8b, 0x38, 0x90,
    0x7, 0xf8,

    /* U+0035 "5" */
    0x7f, 0xfe, 0x0, 0x16, 0x65, 0xa0, 0x1, 0x33,
    0x88, 0x0, 0x7d, 0xcb, 0x20, 0x3a, 0xda, 0x7d,
    0x14, 0x53, 0x4c, 0x19, 0x0, 0xe5, 0x20, 0xe,
    0x52, 0x95, 0x34, 0xc1, 0xa0, 0xbc, 0xa7, 0xd2,

    /* U+0036 "6" */
    0x0, 0xd, 0x77, 0xe9, 0x80, 0x7, 0xc6, 0xb2,
    0x4, 0x1, 0x27, 0x68, 0x6a, 0x40, 0x5, 0x4a,
    0xed, 0x60, 0x8, 0x98, 0xb6, 0xe5, 0xc0, 0x23,
    0x83, 0x67, 0xa0, 0x0, 0xb0, 0x5, 0xc4, 0x0,
    0x46, 0x0, 0xb8, 0x80, 0x12, 0x70, 0x4a, 0xf4,
    0x0, 0x3b, 0x5d, 0x88, 0x38, 0x0,

    /* U+0037 "7" */
    0xdf, 0xfe, 0xaf, 0xcc, 0xac, 0x3c, 0x8c, 0xf0,
    0xa8, 0x6, 0xa7, 0x0, 0xc8, 0x56, 0x1, 0xb8,
    0xc8, 0x2, 0x15, 0xa0, 0xc, 0xc0, 0xc0, 0x1a,
    0x98, 0x3, 0x19, 0x50, 0x4,

    /* U+0038 "8" */
    0x0, 0x47, 0x7e, 0xb8, 0x2, 0x1a, 0xb6, 0x20,
    0xe0, 0x8e, 0x84, 0xa9, 0xa0, 0x8e, 0x40, 0x6b,
    0x81, 0xf, 0xbf, 0x92, 0xc0, 0xcf, 0x5b, 0x30,
    0xc1, 0x12, 0xa4, 0xcf, 0x60, 0x20, 0x1f, 0x2c,
    0xa9, 0x2b, 0xa8, 0x5b, 0xde, 0xc3, 0xc0,

    /* U+0039 "9" */
    0x0, 0x47, 0x7e, 0x18, 0x2, 0x9a, 0xb5, 0x30,
    0x81, 0x61, 0xa, 0xa, 0xc0, 0x6, 0x1, 0xa,
    0x81, 0xc8, 0x82, 0x99, 0x7, 0x3f, 0x7c, 0xa8,
    0x0, 0xaf, 0xfb, 0x4, 0x80, 0x30, 0x92, 0x58,
    0x23, 0x1a, 0xe1, 0x38, 0x2, 0xf2, 0xdf, 0x0,

    /* U+003A ":" */
    0x5f, 0x11, 0x18, 0xa6, 0x0, 0x7c, 0x98, 0x2,
    0x62,

    /* U+003B ";" */
    0x5f, 0x11, 0x18, 0xa6, 0x0, 0x7c, 0x4c, 0xf,
    0x23, 0xa8, 0x29, 0x0,

    /* U+003C "<" */
    0x0, 0xfe, 0x10, 0xf, 0x25, 0x79, 0x0, 0x45,
    0x1d, 0x47, 0x86, 0x2d, 0x9a, 0x77, 0xd2, 0x61,
    0x32, 0xe, 0xb5, 0x0, 0xd3, 0x3, 0xd4, 0x80,
    0x18, 0x5f, 0x70, 0xeb, 0xa0, 0xc0, 0x31, 0xcf,
    0x59, 0xe1, 0x80, 0x79, 0x6f, 0x88,

    /* U+003D "=" */
    0x8f, 0xff, 0xc7, 0x3b, 0xbf, 0x8c, 0x48, 0xbf,
    0x4, 0x7f, 0xfe, 0x49, 0xcc, 0xfc, 0x80,

    /* U+003E ">" */
    0x10, 0xf, 0xe9, 0xe8, 0x20, 0xf, 0x45, 0x9e,
    0xe9, 0xc4, 0x3, 0x2d, 0xf5, 0xdb, 0xad, 0x40,
    0x30, 0xb6, 0x5a, 0xd2, 0x0, 0x65, 0xbb, 0x14,
    0xa0, 0x25, 0x7c, 0x66, 0xe3, 0x4, 0x51, 0xe6,
    0xb9, 0x0, 0x55, 0xd2, 0x60, 0x1e,

    /* U+003F "?" */
    0x7d, 0xfe, 0x70, 0xb8, 0xd9, 0x84, 0xc5, 0x27,
    0x2, 0x0, 0xa0, 0x5c, 0x1, 0xd, 0x82, 0x4,
    0xfa, 0x40, 0x6, 0x3, 0x0, 0x96, 0xc0, 0x32,
    0xc0, 0x6, 0x13, 0x10, 0x0,

    /* U+0040 "@" */
    0x0, 0xcb, 0x7d, 0xfa, 0xe0, 0x1e, 0x1c, 0x9f,
    0xfb, 0xb9, 0xa4, 0x1, 0xb5, 0x31, 0x4, 0xe,
    0x63, 0xc0, 0x25, 0x78, 0x0, 0xf2, 0xa3, 0x80,
    0x27, 0xc0, 0x13, 0xfc, 0xdc, 0x17, 0x40, 0x3,
    0x40, 0x85, 0xef, 0xa0, 0x1, 0x10, 0x0, 0x20,
    0x5, 0x81, 0x14, 0x0, 0x78, 0x40, 0x3f, 0x91,
    0x0, 0x3, 0x30, 0x2c, 0x8, 0xbc, 0xe, 0x60,
    0x1, 0x50, 0x10, 0xdd, 0x9a, 0x31, 0xc6, 0x0,
    0x67, 0x80, 0xaf, 0xd6, 0xfb, 0x30, 0xd, 0xa9,
    0x68, 0x0, 0x3a, 0xb0, 0xe, 0x1c, 0xd8, 0xff,
    0x76, 0xd0, 0x4,

    /* U+0041 "A" */
    0x0, 0x8f, 0xf0, 0x3, 0xea, 0x63, 0x20, 0xf,
    0x35, 0xb5, 0x0, 0x72, 0x91, 0x35, 0x80, 0x3a,
    0x68, 0x10, 0x14, 0x2, 0x23, 0x60, 0x3, 0x70,
    0x5, 0x41, 0xdf, 0xe7, 0x41, 0x0, 0x34, 0x6e,
    0xe3, 0x60, 0x41, 0x62, 0x2d, 0x72, 0x1e, 0x82,
    0x1, 0x94, 0x50,

    /* U+0042 "B" */
    0xaf, 0xfb, 0xac, 0xc0, 0x7, 0xbb, 0x6, 0x80,
    0x44, 0x43, 0xf1, 0x20, 0xe, 0xd1, 0x20, 0x3f,
    0xf9, 0xf4, 0x0, 0x7b, 0xac, 0x7d, 0x10, 0x1,
    0x10, 0xe4, 0x24, 0x3, 0xfc, 0x44, 0x39, 0x1b,
    0x3, 0xdd, 0x62, 0xd1, 0x80,

    /* U+0043 "C" */
    0x0, 0xc, 0x6f, 0xf5, 0xa0, 0x0, 0x7d, 0xaf,
    0x37, 0x28, 0x1, 0x61, 0xec, 0x66, 0x7f, 0x0,
    0x2c, 0x88, 0x6, 0x10, 0x20, 0x20, 0xf, 0xfe,
    0x29, 0x1, 0x0, 0x7e, 0x59, 0x10, 0xc, 0x20,
    0xb, 0xf, 0x63, 0x33, 0xf8, 0x0, 0x7d, 0xef,
    0x37, 0x28, 0x0,

    /* U+0044 "D" */
    0xaf, 0xfb, 0xad, 0x80, 0x23, 0xdd, 0xb2, 0x70,
    0x2, 0x22, 0x1b, 0xe9, 0xb8, 0x7, 0x89, 0x2c,
    0x3, 0xe3, 0x20, 0xf, 0xfe, 0x21, 0x90, 0x7,
    0x8d, 0x2c, 0x0, 0x44, 0x37, 0xc3, 0x70, 0x3d,
    0xdb, 0x27, 0x0,

    /* U+0045 "E" */
    0xaf, 0xfe, 0xd0, 0x3c, 0xcd, 0xe0, 0x3, 0x3c,
    0x40, 0x1f, 0x8f, 0xff, 0x48, 0x1e, 0x66, 0x80,
    0x1, 0x9e, 0x10, 0xf, 0xe3, 0x3c, 0x40, 0x79,
    0x9b, 0x40,

    /* U+0046 "F" */
    0xaf, 0xfe, 0x30, 0x3c, 0xcc, 0x60, 0x3, 0x3c,
    0x1, 0xfc, 0x7f, 0xf6, 0x0, 0xf, 0x32, 0xe0,
    0x8, 0xce, 0x20, 0xf, 0xfe, 0x50,

    /* U+0047 "G" */
    0x0, 0xc, 0x6f, 0xf6, 0x30, 0x0, 0x7d, 0xaf,
    0x36, 0x75, 0x82, 0xc3, 0xd8, 0xcc, 0xb6, 0xc0,
    0xb2, 0x20, 0x1e, 0x20, 0x20, 0xb, 0xbf, 0xd6,
    0x1, 0xec, 0xd4, 0x2, 0x2, 0x0, 0x88, 0x82,
    0x0, 0x49, 0x10, 0xf, 0xa8, 0x3d, 0x8c, 0xcc,
    0x82, 0x3, 0xed, 0x79, 0x8a, 0x9a,

    /* U+0048 "H" */
    0xac, 0x0, 0xc7, 0xe4, 0x1, 0xff, 0xd0, 0x3f,
    0xfd, 0x80, 0x11, 0xe6, 0x69, 0x0, 0xc6, 0x79,
    0x40, 0x3f, 0xfa, 0x20,

    /* U+0049 "I" */
    0xac, 0x0, 0xff, 0xe3, 0x0,

    /* U+004A "J" */
    0x0, 0x56, 0x0, 0x7f, 0xf5, 0xdc, 0x0, 0x22,
    0x26, 0x4f, 0x98, 0x75,

    /* U+004B "K" */
    0xac, 0x0, 0x93, 0xe0, 0x3, 0x96, 0xe2, 0x0,
    0x19, 0xaa, 0x5c, 0x3, 0x3c, 0xd3, 0x0, 0x63,
    0x8a, 0x50, 0xe, 0x22, 0x40, 0x80, 0x70, 0xe0,
    0x60, 0x80, 0x70, 0xe0, 0x60, 0x80, 0x70, 0xe0,
    0xe0, 0x80, 0x70, 0xe8, 0xe0, 0x80,

    /* U+004C "L" */
    0xac, 0x0, 0xff, 0xf6, 0x19, 0xe2, 0x3, 0xcc,
    0xd2,

    /* U+004D "M" */
    0xaf, 0xa0, 0xd, 0x1f, 0x60, 0x2a, 0x1, 0x98,
    0x40, 0xa, 0x6c, 0x0, 0x43, 0x40, 0xa, 0xa8,
    0x0, 0xfa, 0x0, 0xcc, 0x64, 0x28, 0xc0, 0x1c,
    0xb4, 0xc8, 0x20, 0x1d, 0xcd, 0x5c, 0x1, 0xe4,
    0x33, 0x28, 0x7, 0xdb, 0xc0, 0x1f, 0xfc, 0x20,

    /* U+004E "N" */
    0xaf, 0x80, 0x8, 0xfc, 0x40, 0xe, 0x20, 0x1e,
    0x43, 0x80, 0xf, 0xa1, 0x88, 0x3, 0xc8, 0x88,
    0x0, 0xfa, 0x14, 0xc0, 0x3c, 0x6b, 0xe0, 0x1f,
    0x41, 0xd8, 0x7, 0x89, 0x9c, 0x3, 0xe8, 0x0,
    0x80,

    /* U+004F "O" */
    0x0, 0xc, 0xf7, 0xf4, 0x88, 0x4, 0x3e, 0xb5,
    0xb4, 0xbe, 0x20, 0xb, 0xc, 0x42, 0x4c, 0xa,
    0x0, 0x2c, 0x80, 0x74, 0xa0, 0x10, 0x10, 0x7,
    0x18, 0x18, 0x7, 0xfc, 0x40, 0x40, 0x1c, 0x60,
    0x60, 0x92, 0x1, 0xd2, 0x80, 0x9, 0xc, 0x42,
    0x4c, 0xa, 0x0, 0x17, 0xad, 0x6d, 0x2f, 0x88,
    0x0,

    /* U+0050 "P" */
    0xaf, 0xfb, 0x60, 0x0, 0x7b, 0xab, 0x78, 0x0,
    0x11, 0x19, 0x8a, 0x1, 0xc2, 0x60, 0x18, 0xd9,
    0x0, 0xff, 0xd8, 0xb6, 0x7, 0xba, 0xfb, 0x10,
    0x1, 0x10, 0x3, 0xff, 0x8a,

    /* U+0051 "Q" */
    0x0, 0xc, 0xf7, 0xf4, 0x88, 0x4, 0x3e, 0xb5,
    0xb4, 0xbe, 0x20, 0xb, 0xc, 0x42, 0x4c, 0xa,
    0x0, 0x2c, 0x80, 0x74, 0xa0, 0x10, 0x10, 0x7,
    0x18, 0x18, 0x7, 0xf8, 0x48, 0x8, 0x3, 0x8c,
    0x8, 0x12, 0x40, 0x3a, 0x54, 0x1, 0x41, 0x88,
    0x49, 0x81, 0x60, 0x1, 0xf5, 0xad, 0xb0, 0xf1,
    0x0, 0x86, 0x7b, 0xe4, 0xd0, 0x3, 0xf3, 0x51,
    0x0, 0x0,

    /* U+0052 "R" */
    0xaf, 0xfb, 0xa4, 0x3, 0x1e, 0xea, 0xde, 0x40,
    0x31, 0x11, 0x59, 0xc0, 0x3c, 0x4a, 0x1, 0x8f,
    0xfd, 0xa5, 0x0, 0x11, 0xee, 0x32, 0xb0, 0x6,
    0x23, 0x96, 0x70, 0xf, 0xa2, 0x2, 0x1, 0xe4,
    0x29, 0x0, 0xfa, 0xdc, 0x40,

    /* U+0053 "S" */
    0x1, 0x9e, 0xfe, 0xb4, 0x0, 0x52, 0x5e, 0xd6,
    0x8, 0x1, 0x2d, 0x49, 0x1d, 0x40, 0x3, 0x80,
    0x1f, 0x52, 0x7e, 0x41, 0x80, 0x49, 0xd9, 0x67,
    0x8e, 0x1, 0x8d, 0xed, 0xe0, 0x3, 0xee, 0x0,
    0xb1, 0x8c, 0x96, 0x10, 0x0, 0x95, 0xba, 0x86,
    0xa0,

    /* U+0054 "T" */
    0xf, 0xff, 0xd2, 0x19, 0x93, 0x86, 0x65, 0x0,
    0x67, 0x70, 0x19, 0xc2, 0x1, 0xff, 0xfa,

    /* U+0055 "U" */
    0xc9, 0x0, 0xcb, 0xe0, 0x1f, 0xfe, 0x27, 0x30,
    0xc, 0x60, 0x2, 0x70, 0xd, 0x84, 0x16, 0x54,
    0x66, 0x75, 0x80, 0x2c, 0x1d, 0xcb, 0xa5, 0x0,

    /* U+0056 "V" */
    0xbb, 0x0, 0x71, 0x7a, 0x7a, 0x10, 0x6, 0xa1,
    0x44, 0xd, 0x0, 0x66, 0x90, 0x3, 0x30, 0x2,
    0x51, 0x60, 0x5, 0xa, 0x0, 0x39, 0x4, 0x0,
    0x47, 0xc0, 0x29, 0xc0, 0x1a, 0x54, 0x58, 0x54,
    0x3, 0x28, 0x3d, 0x30, 0x7, 0x9a, 0xa, 0x80,
    0x3d, 0x42, 0x64, 0x1, 0x0,

    /* U+0057 "W" */
    0x6f, 0x0, 0xdf, 0xa0, 0x11, 0x7a, 0x20, 0xc,
    0x0, 0x62, 0x42, 0x0, 0x40, 0x42, 0x14, 0x0,
    0x22, 0xd, 0x0, 0x18, 0x80, 0x4, 0xc0, 0x6,
    0x61, 0x30, 0x0, 0x98, 0x0, 0xc4, 0x0, 0x22,
    0x31, 0x0, 0x85, 0x0, 0x8, 0x8, 0x81, 0x24,
    0x21, 0x40, 0x30, 0x1, 0xe, 0x61, 0x0, 0x6,
    0x98, 0x80, 0x19, 0xd1, 0x18, 0x0, 0x4c, 0x4c,
    0x0, 0xd8, 0x66, 0x40, 0x6, 0x30, 0xa0, 0x6,
    0x40, 0x12, 0x0, 0x20, 0x0, 0xc0, 0x0,

    /* U+0058 "X" */
    0xc, 0xb0, 0xd, 0xb2, 0x0, 0xe4, 0x60, 0x4,
    0x84, 0x80, 0xa, 0x64, 0x28, 0xdc, 0x1, 0x99,
    0x36, 0x9c, 0xc0, 0x3a, 0x4c, 0xd0, 0x1, 0xea,
    0x2, 0x20, 0x7, 0x1b, 0xda, 0x70, 0x7, 0x73,
    0x25, 0x13, 0x80, 0x50, 0x12, 0x3, 0x70, 0x40,
    0x6f, 0x20, 0x12, 0xab, 0x80,

    /* U+0059 "Y" */
    0xa, 0xc0, 0xc, 0x9e, 0x61, 0x64, 0xe0, 0x15,
    0x39, 0x80, 0xd4, 0x18, 0x49, 0xc0, 0x4, 0x8d,
    0xca, 0xdc, 0x1, 0xd2, 0x75, 0x6, 0x1, 0xe9,
    0x7, 0x0, 0xf8, 0x40, 0x3f, 0xfa, 0xe0,

    /* U+005A "Z" */
    0x3f, 0xff, 0xb4, 0xf3, 0x3a, 0x42, 0x80, 0xcf,
    0x14, 0x2b, 0x80, 0x76, 0x95, 0x0, 0x75, 0xe,
    0x80, 0x74, 0x2f, 0x88, 0x6, 0x57, 0xb2, 0x0,
    0xc7, 0x50, 0x80, 0x18, 0x74, 0xd0, 0xcf, 0x13,
    0x89, 0xe6, 0x76, 0x80,

    /* U+005B "[" */
    0xcf, 0xf0, 0x84, 0x78, 0x80, 0x7f, 0xf7, 0x63,
    0xc4,

    /* U+005C "\\" */
    0xd4, 0x0, 0x97, 0x40, 0x2b, 0x70, 0x8, 0xc0,
    0xc0, 0x27, 0xb0, 0xb, 0x54, 0x2, 0x42, 0x20,
    0x4, 0xaa, 0x0, 0xbe, 0xc0, 0x24, 0x31, 0x0,
    0xa, 0x38, 0x5, 0xe6,

    /* U+005D "]" */
    0xaf, 0xf2, 0x57, 0x80, 0x7f, 0xf7, 0xa7, 0xc0,
    0x0,

    /* U+005E "^" */
    0x0, 0x93, 0xf8, 0x40, 0x38, 0xed, 0xd7, 0x4,
    0x2, 0x2d, 0x88, 0x5b, 0x68, 0x0, 0xb2, 0x1c,
    0x1, 0x6d, 0x60,

    /* U+005F "_" */
    0x2f, 0xff, 0x88,

    /* U+0060 "`" */
    0x45, 0x0, 0x2c, 0x20, 0xf, 0xc8, 0x80,

    /* U+0061 "a" */
    0x5, 0xcf, 0xeb, 0x20, 0xa, 0x37, 0x7, 0xc0,
    0xa, 0x84, 0x4a, 0x22, 0x1, 0x5f, 0x7f, 0x81,
    0x83, 0xb, 0x3f, 0xc0, 0x23, 0x59, 0x1, 0x0,
    0x4, 0x48, 0x3, 0x20, 0x15, 0x5f, 0x67, 0x0,
    0x0,

    /* U+0062 "b" */
    0xb8, 0x0, 0xff, 0xe6, 0x4f, 0xf4, 0x0, 0x4e,
    0x3b, 0x6e, 0xe0, 0x1, 0xc1, 0x2c, 0x48, 0x1,
    0x40, 0x24, 0x10, 0xf, 0x38, 0x4, 0xa0, 0x11,
    0x88, 0x0, 0xe0, 0x96, 0x24, 0x0, 0xe3, 0xb6,
    0xee, 0x0,

    /* U+0063 "c" */
    0x0, 0x3e, 0xff, 0x40, 0x44, 0x2f, 0x75, 0xc0,
    0xf2, 0xc4, 0x6c, 0x60, 0x80, 0x1f, 0xf1, 0x82,
    0x0, 0x73, 0xcb, 0x11, 0xb0, 0x44, 0x2f, 0x75,
    0xc0,

    /* U+0064 "d" */
    0x0, 0xf5, 0x48, 0x7, 0xff, 0x1a, 0x7f, 0xa0,
    0x2, 0x87, 0xbc, 0x25, 0x0, 0x3d, 0xa1, 0x50,
    0x81, 0x3, 0x80, 0x4a, 0x1, 0x18, 0x7, 0x10,
    0x28, 0x4, 0xc0, 0x6, 0x81, 0x7, 0x20, 0x4,
    0xaf, 0x74, 0xa0,

    /* U+0065 "e" */
    0x0, 0x3e, 0xfe, 0xb0, 0x2, 0x2a, 0x76, 0x20,
    0xa0, 0xf2, 0x84, 0xb3, 0xc6, 0x17, 0xff, 0x43,
    0x0, 0x37, 0xff, 0x69, 0x82, 0x80, 0x79, 0xe1,
    0x88, 0x8c, 0xc0, 0x89, 0xbd, 0xcd, 0x20,

    /* U+0066 "f" */
    0x0, 0x4f, 0x79, 0x82, 0xbe, 0x71, 0x81, 0x14,
    0x21, 0x50, 0x7f, 0xa1, 0x50, 0x7f, 0xa0, 0x1f,
    0xfd, 0x90,

    /* U+0067 "g" */
    0x0, 0x4f, 0xf4, 0x54, 0x84, 0xbd, 0xe0, 0xa8,
    0x1, 0xad, 0xa, 0x44, 0x8, 0x1c, 0x2, 0x50,
    0xf, 0xe2, 0x7, 0x0, 0x94, 0x0, 0xd6, 0x85,
    0x22, 0x0, 0x97, 0xbc, 0x15, 0x0, 0xa7, 0xfa,
    0x1f, 0xc0, 0x94, 0x4a, 0x49, 0xc0, 0x63, 0xb0,
    0xb0, 0x40,

    /* U+0068 "h" */
    0xb8, 0x0, 0xff, 0xe4, 0xc7, 0x72, 0x0, 0xc,
    0x19, 0x6e, 0xa0, 0x50, 0x4a, 0x98, 0x8, 0x1,
    0x11, 0x80, 0x78, 0x40, 0x3f, 0xf9, 0x20,

    /* U+0069 "i" */
    0xb9, 0xdc, 0x65, 0xb9, 0x0, 0xff, 0xe1, 0x0,

    /* U+006A "j" */
    0x0, 0x5c, 0x80, 0x37, 0x0, 0xc, 0xa0, 0xb,
    0x90, 0xf, 0xfe, 0x98, 0x81, 0x2e, 0xa6, 0xa2,
    0x80,

    /* U+006B "k" */
    0xb8, 0x0, 0xff, 0xe7, 0x27, 0xa8, 0x6, 0x5b,
    0xb2, 0x80, 0x4d, 0x78, 0x80, 0x13, 0x4e, 0x98,
    0x6, 0x41, 0xa0, 0xe, 0x2c, 0x79, 0x0, 0xe2,
    0xc7, 0x90, 0xe, 0x2c, 0x78, 0x0,

    /* U+006C "l" */
    0xb9, 0x0, 0xff, 0xe4, 0x0,

    /* U+006D "m" */
    0xb8, 0x9e, 0xe3, 0x4, 0xff, 0x30, 0x1, 0x87,
    0x26, 0x57, 0xdb, 0x32, 0x10, 0x58, 0x27, 0x20,
    0x72, 0x71, 0x40, 0x30, 0x8, 0x4c, 0x2, 0x32,
    0x0, 0xff, 0xf2, 0x0,

    /* U+006E "n" */
    0xb9, 0x97, 0x72, 0x0, 0xd, 0x9d, 0x8e, 0xa0,
    0x8a, 0x4, 0xb8, 0x6, 0x1, 0x19, 0x80, 0x3c,
    0x20, 0x1f, 0xfc, 0x90,

    /* U+006F "o" */
    0x0, 0x47, 0x7e, 0x20, 0x2, 0x1a, 0xb5, 0x6c,
    0x81, 0xe1, 0xa, 0x4a, 0xc8, 0x10, 0x2, 0x42,
    0x0, 0xfc, 0x40, 0x80, 0x12, 0x18, 0x3c, 0x21,
    0x49, 0x50, 0x43, 0x56, 0xad, 0x90,

    /* U+0070 "p" */
    0xb9, 0xae, 0xe4, 0x0, 0x4d, 0xfd, 0x8c, 0xe0,
    0x3, 0x50, 0x28, 0x90, 0x2, 0x80, 0x4a, 0x20,
    0x1e, 0x70, 0x9, 0x0, 0x23, 0x10, 0x1, 0x41,
    0x2c, 0x48, 0x1, 0xc7, 0x6d, 0xdc, 0x1, 0x4f,
    0xf4, 0x0, 0x7f, 0xf1, 0x80,

    /* U+0071 "q" */
    0x0, 0x4f, 0xf4, 0x54, 0x84, 0x3d, 0xe1, 0x28,
    0x1, 0xed, 0xa, 0x84, 0x8, 0x1c, 0x2, 0x50,
    0xf, 0xe2, 0x7, 0x0, 0x94, 0x0, 0xd6, 0x85,
    0x42, 0x0, 0x97, 0xbc, 0x25, 0x0, 0xa7, 0xfa,
    0x0, 0x3f, 0xf8, 0xc0,

    /* U+0072 "r" */
    0x0, 0xeb, 0x9a, 0xeb, 0x6, 0xce, 0xb0, 0x46,
    0x0, 0x88, 0x3, 0x8, 0x7, 0xff, 0x18,

    /* U+0073 "s" */
    0x4, 0xcf, 0xec, 0x10, 0xbb, 0x76, 0x48, 0x10,
    0x28, 0x92, 0x89, 0x2e, 0xd3, 0x8, 0x2, 0xb3,
    0x6b, 0x8c, 0x0, 0x6f, 0x87, 0x64, 0xe6, 0x28,
    0x5c, 0x19, 0xbd, 0x32, 0x60,

    /* U+0074 "t" */
    0xb, 0x90, 0xf, 0xea, 0x46, 0xff, 0x15, 0x23,
    0x7f, 0x88, 0x3, 0xff, 0x8e, 0x20, 0x1c, 0x4a,
    0x42, 0x0, 0x90, 0xde, 0x20,

    /* U+0075 "u" */
    0xd7, 0x0, 0xaa, 0x40, 0x3f, 0xf9, 0x22, 0x1,
    0xe7, 0xf0, 0x9, 0xc3, 0x14, 0x41, 0x88, 0x1d,
    0x3f, 0xb8, 0xa0,

    /* U+0076 "v" */
    0x6e, 0x0, 0xd5, 0x6e, 0x28, 0x1, 0x2f, 0xa,
    0x70, 0x1, 0x41, 0x43, 0x94, 0x1, 0xcc, 0x0,
    0x50, 0x51, 0x4d, 0x0, 0x9b, 0x9c, 0x50, 0x2,
    0xd4, 0xb6, 0x0, 0xc8, 0x25, 0x40, 0x0,

    /* U+0077 "w" */
    0x4f, 0x0, 0x17, 0xc8, 0x2, 0x2d, 0x0, 0xc1,
    0x5, 0x0, 0x9, 0x80, 0x68, 0x19, 0x24, 0x20,
    0x68, 0x9, 0x80, 0x88, 0x34, 0x40, 0x18, 0x62,
    0x10, 0x9a, 0x66, 0x10, 0x0, 0x81, 0x8, 0x18,
    0x88, 0xc0, 0x8, 0xd7, 0x1, 0x8, 0xd0, 0x2,
    0x40, 0x40, 0x1, 0x81, 0x80,

    /* U+0078 "x" */
    0x1e, 0x70, 0x1, 0x7a, 0x8d, 0x41, 0x87, 0xb2,
    0x82, 0x37, 0x48, 0x48, 0x5, 0x20, 0xdc, 0x1,
    0x88, 0x80, 0xc0, 0x1b, 0x96, 0x28, 0x40, 0x10,
    0x56, 0xe9, 0xa0, 0x6f, 0x42, 0x14, 0x4e,

    /* U+0079 "y" */
    0x6e, 0x0, 0xd5, 0x46, 0x15, 0x0, 0xa, 0xf0,
    0x37, 0x0, 0x1c, 0x50, 0x29, 0x4, 0x29, 0x80,
    0x6, 0x66, 0x33, 0x50, 0x5, 0x55, 0x21, 0x0,
    0x4c, 0x4d, 0xc0, 0x1c, 0xa2, 0xa0, 0x1c, 0x2e,
    0x1, 0x85, 0x52, 0xc0, 0x37, 0xd4, 0x10, 0x4,

    /* U+007A "z" */
    0x3f, 0xfe, 0xc3, 0xff, 0xb4, 0x6c, 0x3, 0x7a,
    0x38, 0x5, 0x41, 0x40, 0x14, 0x26, 0x0, 0x4a,
    0xfa, 0x20, 0x2, 0xa9, 0x30, 0x9, 0x2, 0x7f,
    0xec,

    /* U+007B "{" */
    0x0, 0x9f, 0xbc, 0x80, 0x28, 0x87, 0x90, 0x0,
    0x41, 0x0, 0x31, 0x80, 0x7e, 0x30, 0xd, 0x42,
    0x20, 0x2, 0x7b, 0xd8, 0x4, 0x9e, 0xf6, 0x1,
    0xd4, 0x22, 0x0, 0xf1, 0x80, 0x63, 0x0, 0xf0,
    0x82, 0x0, 0x74, 0xc7, 0x90,

    /* U+007C "|" */
    0x3f, 0x0, 0xff, 0xe7, 0x14, 0x0,

    /* U+007D "}" */
    0x4f, 0xe6, 0x0, 0x93, 0xda, 0x0, 0x3b, 0x4,
    0x3, 0x9c, 0x3, 0xf0, 0x80, 0x62, 0x7, 0x0,
    0xc3, 0x32, 0xf2, 0x0, 0xc, 0xcb, 0xc8, 0x0,
    0x40, 0xe0, 0x1e, 0x10, 0xf, 0xfa, 0xc4, 0x2,
    0x4f, 0x6b, 0x0, 0x80,

    /* U+007E "~" */
    0x0, 0xff, 0xa7, 0x7a, 0x90, 0x6, 0x4e, 0x3,
    0xa8, 0xeb, 0xf8, 0xe, 0x64, 0x69, 0x3d, 0xcf,
    0x90,

    /* U+0400 "Ѐ" */
    0x0, 0x16, 0x98, 0x6, 0x2c, 0x50, 0xe, 0x16,
    0x0, 0x57, 0xff, 0x68, 0x1e, 0x66, 0xf0, 0x1,
    0x9e, 0x20, 0xf, 0xc7, 0xff, 0xa4, 0xf, 0x33,
    0x40, 0x0, 0xcf, 0x8, 0x7, 0xf1, 0x9e, 0x20,
    0x3c, 0xcd, 0xa0,

    /* U+0401 "Ё" */
    0x0, 0x8, 0x8, 0x80, 0xf, 0xc1, 0xb0, 0x0,
    0x5b, 0xf, 0xb0, 0x1, 0x20, 0x19, 0x5, 0x7f,
    0xf6, 0x81, 0xe6, 0x6f, 0x0, 0x19, 0xe2, 0x0,
    0xfc, 0x7f, 0xfa, 0x40, 0xf3, 0x34, 0x0, 0xc,
    0xf0, 0x80, 0x7f, 0x19, 0xe2, 0x3, 0xcc, 0xda,

    /* U+0402 "Ђ" */
    0xf, 0xff, 0xb8, 0x2, 0xcc, 0x58, 0x4e, 0x64,
    0x1, 0x19, 0x94, 0x8, 0xcc, 0x40, 0x1f, 0xfc,
    0x6b, 0xff, 0x74, 0x80, 0x7a, 0x73, 0x16, 0xd0,
    0x1, 0xc4, 0x66, 0x56, 0x50, 0xf, 0xee, 0x30,
    0xf, 0xfe, 0x68, 0xfa, 0x0, 0x5c, 0x60, 0x1f,
    0xa, 0xba, 0x0, 0x7d, 0x36, 0x92,

    /* U+0403 "Ѓ" */
    0x0, 0x9b, 0x0, 0x38, 0x70, 0x3, 0x9c, 0x2,
    0xaf, 0xfe, 0xb0, 0x3c, 0xcd, 0x20, 0x3, 0x3c,
    0x40, 0x1f, 0xfe, 0x50,

    /* U+0404 "Є" */
    0x0, 0xc, 0x6f, 0xf5, 0xa0, 0x0, 0x7d, 0x23,
    0x37, 0x24, 0x1, 0x65, 0x8a, 0x66, 0x7d, 0x0,
    0x2d, 0x0, 0x7c, 0x41, 0x3f, 0xfa, 0xc0, 0x34,
    0x6e, 0xea, 0x0, 0x10, 0x79, 0x16, 0x10, 0x9,
    0x58, 0x40, 0x31, 0x0, 0x2c, 0x3d, 0x8c, 0xd1,
    0xa0, 0x1, 0xf7, 0xbc, 0xd3, 0xb0,

    /* U+0405 "Ѕ" */
    0x1, 0x9e, 0xfe, 0xb4, 0x0, 0x52, 0x5e, 0xd6,
    0x8, 0x1, 0x2d, 0x49, 0x1d, 0x40, 0x3, 0x80,
    0x1f, 0x52, 0x7e, 0x41, 0x80, 0x49, 0xd9, 0x67,
    0x8e, 0x1, 0x8d, 0xed, 0xe0, 0x3, 0xee, 0x0,
    0xb1, 0x8c, 0x96, 0x10, 0x0, 0x95, 0xba, 0x86,
    0xa0,

    /* U+0406 "І" */
    0xac, 0x0, 0xff, 0xe3, 0x0,

    /* U+0407 "Ї" */
    0x10, 0x0, 0x87, 0x32, 0x70, 0xda, 0x2d, 0x8a,
    0x10, 0xa0, 0x2, 0xb0, 0x3, 0xff, 0xc6,

    /* U+0408 "Ј" */
    0x0, 0x56, 0x0, 0x7f, 0xf5, 0xdc, 0x0, 0x22,
    0x26, 0x4f, 0x98, 0x75,

    /* U+0409 "Љ" */
    0x0, 0xbb, 0xff, 0x88, 0x3, 0xf9, 0xf3, 0x12,
    0x1, 0xfe, 0x1f, 0x33, 0x28, 0x7, 0xfc, 0x20,
    0x1f, 0xfc, 0x7d, 0xfe, 0xa2, 0x0, 0x84, 0x8,
    0x3, 0x5e, 0xd3, 0x60, 0x4, 0xa0, 0xc0, 0x19,
    0x89, 0x3c, 0x4c, 0x1, 0xc2, 0x40, 0x1f, 0xe1,
    0x95, 0x80, 0xe, 0x62, 0x4f, 0x13, 0x75, 0xa6,
    0x0, 0xeb, 0xda, 0x7c, 0x0,

    /* U+040A "Њ" */
    0xac, 0x0, 0xdc, 0xe0, 0x1f, 0xfe, 0x13, 0xff,
    0xc3, 0x1f, 0xec, 0x50, 0x1, 0xe6, 0x61, 0x6c,
    0xc2, 0xd1, 0x80, 0xc, 0xf0, 0x71, 0x9a, 0x46,
    0xc0, 0x3f, 0xf9, 0x1e, 0x47, 0x23, 0x80, 0x1f,
    0x3e, 0xe2, 0xd2, 0x0,

    /* U+040B "Ћ" */
    0xf, 0xff, 0xb8, 0x2, 0xcc, 0x58, 0x4e, 0x64,
    0x1, 0x19, 0x94, 0x8, 0xcc, 0x40, 0x1f, 0xfc,
    0x6b, 0xff, 0x75, 0x0, 0x7a, 0x73, 0x16, 0xb0,
    0x1, 0xc4, 0x66, 0x56, 0x50, 0xf, 0xee, 0x30,
    0xf, 0xfe, 0x50,

    /* U+040C "Ќ" */
    0x0, 0x87, 0x50, 0x3, 0xcb, 0xc8, 0x1, 0xe4,
    0x30, 0xd, 0x58, 0x1, 0xb3, 0x44, 0x3, 0xb0,
    0x70, 0x40, 0x36, 0xe, 0x8, 0x6, 0xc1, 0xc1,
    0x0, 0xd8, 0x60, 0x20, 0x18, 0xc7, 0x42, 0x40,
    0x30, 0xe1, 0x73, 0x20, 0x4, 0x42, 0x6, 0xf4,
    0x20, 0x1e, 0x83, 0xb0, 0xf, 0xb9, 0x54,

    /* U+040D "Ѝ" */
    0x0, 0x16, 0x90, 0x7, 0x8b, 0xd0, 0x3, 0xe2,
    0x60, 0xd, 0x56, 0x1, 0xf, 0xf8, 0x40, 0x3a,
    0x0, 0x3e, 0x26, 0x70, 0xf, 0x41, 0xd8, 0x7,
    0x1a, 0xf8, 0x7, 0xa1, 0x4c, 0x3, 0x91, 0x10,
    0x1, 0xe8, 0x62, 0x0, 0xe4, 0x38, 0x0, 0xf9,
    0xc4, 0x3, 0x80,

    /* U+040E "Ў" */
    0x0, 0x30, 0x82, 0x90, 0x6, 0x3c, 0xee, 0x10,
    0x6, 0x5d, 0xeb, 0x0, 0xff, 0xe0, 0x47, 0x0,
    0x66, 0xf1, 0xa1, 0x50, 0xa, 0xd4, 0x49, 0x64,
    0x0, 0x85, 0x20, 0x9, 0x33, 0x7, 0x99, 0x80,
    0x6, 0x69, 0x24, 0x90, 0xd, 0x2b, 0x22, 0xa0,
    0x19, 0x45, 0x24, 0x3, 0xce, 0xc, 0x1, 0x89,
    0x1d, 0x84, 0x3, 0x45, 0xac, 0x0, 0x60,

    /* U+040F "Џ" */
    0xac, 0x0, 0xc7, 0xe4, 0x1, 0xff, 0xf5, 0x33,
    0xca, 0x1, 0x1e, 0x66, 0x90, 0x5, 0x7f, 0xa8,
    0xbf, 0xe2, 0x0, 0xfe,

    /* U+0410 "А" */
    0x0, 0x8f, 0xf0, 0x3, 0xea, 0x63, 0x20, 0xf,
    0x35, 0xb5, 0x0, 0x72, 0x91, 0x35, 0x80, 0x3a,
    0x68, 0x10, 0x14, 0x2, 0x23, 0x60, 0x3, 0x70,
    0x5, 0x41, 0xdf, 0xe7, 0x41, 0x0, 0x34, 0x6e,
    0xe3, 0x60, 0x41, 0x62, 0x2d, 0x72, 0x1e, 0x82,
    0x1, 0x94, 0x50,

    /* U+0411 "Б" */
    0xaf, 0xfe, 0xe0, 0x1, 0xee, 0xec, 0x0, 0x88,
    0xb8, 0x3, 0xfc, 0x7f, 0xee, 0xc4, 0x0, 0x1e,
    0xec, 0xd6, 0x60, 0x2, 0x21, 0xd0, 0xd8, 0x7,
    0xf8, 0x88, 0x72, 0x36, 0x7, 0xba, 0xc5, 0xa3,

    /* U+0412 "В" */
    0xaf, 0xfb, 0xac, 0xc0, 0x7, 0xbb, 0x6, 0x80,
    0x44, 0x43, 0xf1, 0x20, 0xe, 0xd1, 0x20, 0x3f,
    0xf9, 0xf4, 0x0, 0x7b, 0xac, 0x7d, 0x10, 0x1,
    0x10, 0xe4, 0x24, 0x3, 0xfc, 0x44, 0x39, 0x1b,
    0x3, 0xdd, 0x62, 0xd1, 0x80,

    /* U+0413 "Г" */
    0xaf, 0xfe, 0xb0, 0x3c, 0xcd, 0x20, 0x3, 0x3c,
    0x40, 0x1f, 0xfe, 0x50,

    /* U+0414 "Д" */
    0x0, 0xbf, 0xfc, 0x20, 0x1c, 0xf9, 0x89, 0x0,
    0xfb, 0x8c, 0xc4, 0x1, 0xf1, 0x80, 0x7e, 0x10,
    0x10, 0xf, 0xc4, 0xe, 0x1, 0xf9, 0x40, 0xc0,
    0x3f, 0x61, 0x80, 0x7e, 0x65, 0x43, 0x38, 0x81,
    0x41, 0x64, 0x1f, 0x32, 0x90, 0xb4, 0x2, 0xff,
    0xf8, 0x40, 0x3f, 0xf8, 0x9, 0xc0, 0x1f, 0x6a,
    0x0,

    /* U+0415 "Е" */
    0xaf, 0xfe, 0xd0, 0x3c, 0xcd, 0xe0, 0x3, 0x3c,
    0x40, 0x1f, 0x8f, 0xff, 0x48, 0x1e, 0x66, 0x80,
    0x1, 0x9e, 0x10, 0xf, 0xe3, 0x3c, 0x40, 0x79,
    0x9b, 0x40,

    /* U+0416 "Ж" */
    0x2e, 0xa0, 0x8, 0xbc, 0xc0, 0x29, 0xe2, 0x26,
    0x24, 0x80, 0x7d, 0xd, 0xa4, 0x5, 0xaf, 0x0,
    0x1c, 0xee, 0xc3, 0x0, 0x8f, 0x5d, 0xc0, 0x13,
    0x45, 0x98, 0x7, 0x8, 0x45, 0x85, 0x48, 0x38,
    0x7, 0xb9, 0x6d, 0x81, 0xa5, 0xb8, 0x3, 0x9c,
    0xad, 0x24, 0x21, 0xa4, 0xe0, 0x2, 0x28, 0xb1,
    0x4, 0x4, 0x0, 0x53, 0x98, 0x2, 0x51, 0x40,
    0x3e, 0x46, 0xf0, 0x64, 0xa0, 0xf, 0xe8, 0x27,

    /* U+0417 "З" */
    0x9, 0xdf, 0xf6, 0x30, 0x6, 0x8c, 0xc5, 0x4c,
    0x0, 0x25, 0x4c, 0xcc, 0xc4, 0x0, 0xf1, 0xbd,
    0x80, 0x49, 0xfe, 0xc7, 0x70, 0x4, 0x9b, 0x92,
    0xee, 0x0, 0xc4, 0x6d, 0x10, 0x0, 0xf8, 0x40,
    0x3, 0x6a, 0x66, 0x78, 0x70, 0x12, 0x9d, 0xcb,
    0xa8, 0x0,

    /* U+0418 "И" */
    0xab, 0x0, 0x87, 0xfc, 0x20, 0x1d, 0x0, 0x1f,
    0x13, 0x38, 0x7, 0xa0, 0xec, 0x3, 0x8d, 0x7c,
    0x3, 0xd0, 0xa6, 0x1, 0xc8, 0x88, 0x0, 0xf4,
    0x31, 0x0, 0x72, 0x1c, 0x0, 0x7c, 0xe2, 0x1,
    0xc0,

    /* U+0419 "Й" */
    0x0, 0x30, 0x83, 0x8, 0x7, 0x67, 0x60, 0x80,
    0x66, 0xde, 0xa0, 0xf, 0xfe, 0x5, 0x58, 0x4,
    0x3f, 0xe1, 0x0, 0xe8, 0x0, 0xf8, 0x99, 0xc0,
    0x3d, 0x7, 0x60, 0x1c, 0x6b, 0xe0, 0x1e, 0x85,
    0x30, 0xe, 0x44, 0x40, 0x7, 0xa1, 0x88, 0x3,
    0x90, 0xe0, 0x3, 0xe7, 0x10, 0xe,

    /* U+041A "К" */
    0xac, 0x0, 0xd9, 0xa2, 0x1, 0xd8, 0x38, 0x20,
    0x1b, 0x7, 0x4, 0x3, 0x60, 0xe0, 0x80, 0x6c,
    0x30, 0x10, 0xc, 0x63, 0xa1, 0x20, 0x18, 0x70,
    0xb9, 0x90, 0x2, 0x21, 0x3, 0x7a, 0x10, 0xf,
    0x41, 0xd8, 0x7, 0xdc, 0xaa,

    /* U+041B "Л" */
    0x0, 0xbb, 0xff, 0x88, 0x3, 0x3e, 0x62, 0x40,
    0x38, 0x7c, 0xcc, 0xa0, 0x1e, 0x10, 0xf, 0xfe,
    0x28, 0x81, 0x0, 0x7c, 0xa0, 0xc0, 0x1f, 0x68,
    0x90, 0x7, 0xb, 0xb4, 0x0, 0x79, 0xee, 0x98,
    0x3, 0xc0,

    /* U+041C "М" */
    0xaf, 0xa0, 0xd, 0x1f, 0x60, 0x2a, 0x1, 0x98,
    0x40, 0xa, 0x6c, 0x0, 0x43, 0x40, 0xa, 0xa8,
    0x0, 0xfa, 0x0, 0xcc, 0x64, 0x28, 0xc0, 0x1c,
    0xb4, 0xc8, 0x20, 0x1d, 0xcd, 0x5c, 0x1, 0xe4,
    0x33, 0x28, 0x7, 0xdb, 0xc0, 0x1f, 0xfc, 0x20,

    /* U+041D "Н" */
    0xac, 0x0, 0xc7, 0xe4, 0x1, 0xff, 0xd0, 0x3f,
    0xfd, 0x80, 0x11, 0xe6, 0x69, 0x0, 0xc6, 0x79,
    0x40, 0x3f, 0xfa, 0x20,

    /* U+041E "О" */
    0x0, 0xc, 0xf7, 0xf4, 0x88, 0x4, 0x3e, 0xb5,
    0xb4, 0xbe, 0x20, 0xb, 0xc, 0x42, 0x4c, 0xa,
    0x0, 0x2c, 0x80, 0x74, 0xa0, 0x10, 0x10, 0x7,
    0x18, 0x18, 0x7, 0xfc, 0x40, 0x40, 0x1c, 0x60,
    0x60, 0x92, 0x1, 0xd2, 0x80, 0x9, 0xc, 0x42,
    0x4c, 0xa, 0x0, 0x17, 0xad, 0x6d, 0x2f, 0x88,
    0x0,

    /* U+041F "П" */
    0xaf, 0xff, 0x88, 0xf, 0x33, 0x48, 0x6, 0x33,
    0xca, 0x1, 0xff, 0xf5,

    /* U+0420 "Р" */
    0xaf, 0xfb, 0x60, 0x0, 0x7b, 0xab, 0x78, 0x0,
    0x11, 0x19, 0x8a, 0x1, 0xc2, 0x60, 0x18, 0xd9,
    0x0, 0xff, 0xd8, 0xb6, 0x7, 0xba, 0xfb, 0x10,
    0x1, 0x10, 0x3, 0xff, 0x8a,

    /* U+0421 "С" */
    0x0, 0xc, 0x6f, 0xf5, 0xa0, 0x0, 0x7d, 0xaf,
    0x37, 0x28, 0x1, 0x61, 0xec, 0x66, 0x7f, 0x0,
    0x2c, 0x88, 0x6, 0x10, 0x20, 0x20, 0xf, 0xfe,
    0x29, 0x1, 0x0, 0x7e, 0x59, 0x10, 0xc, 0x20,
    0xb, 0xf, 0x63, 0x33, 0xf8, 0x0, 0x7d, 0xef,
    0x37, 0x28, 0x0,

    /* U+0422 "Т" */
    0xf, 0xff, 0xd2, 0x19, 0x93, 0x86, 0x65, 0x0,
    0x67, 0x70, 0x19, 0xc2, 0x1, 0xff, 0xfa,

    /* U+0423 "У" */
    0x8e, 0x0, 0xcd, 0xe3, 0x42, 0xa0, 0x15, 0xa8,
    0x92, 0xc8, 0x1, 0xa, 0x40, 0x12, 0x66, 0xf,
    0x33, 0x0, 0xc, 0xd2, 0x49, 0x20, 0x1a, 0x56,
    0x45, 0x40, 0x32, 0x8a, 0x48, 0x7, 0x9c, 0x18,
    0x3, 0x12, 0x3b, 0x8, 0x6, 0x8b, 0x58, 0x0,
    0xc0,

    /* U+0424 "Ф" */
    0x0, 0xea, 0xb0, 0xf, 0x8e, 0xb9, 0x53, 0xac,
    0xc0, 0x25, 0xc0, 0xd4, 0x3d, 0x2c, 0x60, 0x5,
    0xad, 0x18, 0xb9, 0xcb, 0x48, 0x10, 0xf8, 0x7,
    0xb4, 0x8, 0xc0, 0xc0, 0x3c, 0x20, 0x1, 0x2a,
    0x0, 0xf7, 0x11, 0x3, 0x8b, 0x5d, 0x98, 0xfa,
    0xbc, 0x0, 0x3e, 0xbd, 0x22, 0x6d, 0x71, 0x80,
    0x66, 0xa4, 0x45, 0x38, 0x4,

    /* U+0425 "Х" */
    0xc, 0xb0, 0xd, 0xb2, 0x0, 0xe4, 0x60, 0x4,
    0x84, 0x80, 0xa, 0x64, 0x28, 0xdc, 0x1, 0x99,
    0x36, 0x9c, 0xc0, 0x3a, 0x4c, 0xd0, 0x1, 0xea,
    0x2, 0x20, 0x7, 0x1b, 0xda, 0x70, 0x7, 0x73,
    0x25, 0x13, 0x80, 0x50, 0x12, 0x3, 0x70, 0x40,
    0x6f, 0x20, 0x12, 0xab, 0x80,

    /* U+0426 "Ц" */
    0xac, 0x0, 0xc7, 0xe4, 0x1, 0xff, 0xfd, 0x33,
    0xca, 0xe, 0x0, 0x3c, 0xcd, 0x21, 0x4b, 0x5f,
    0xff, 0x10, 0x7, 0xff, 0x1f, 0x90,

    /* U+0427 "Ч" */
    0xc9, 0x0, 0x8b, 0xcc, 0x3, 0xff, 0x88, 0xe6,
    0x1, 0xec, 0x53, 0x0, 0xe7, 0x4c, 0xff, 0x68,
    0x5, 0x7d, 0x98, 0xa0, 0xc, 0x26, 0x67, 0x0,
    0xff, 0xe3, 0x0,

    /* U+0428 "Ш" */
    0xac, 0x0, 0x8f, 0xc8, 0x2, 0xc9, 0x0, 0xff,
    0xff, 0x80, 0x7f, 0xf1, 0x8c, 0xe6, 0x7, 0x33,
    0x84, 0x0, 0x79, 0x95, 0x5, 0x66, 0x44, 0x0,

    /* U+0429 "Щ" */
    0xac, 0x0, 0x8f, 0xc8, 0x2, 0xc9, 0x0, 0xff,
    0xff, 0x80, 0x7f, 0xf3, 0x8c, 0xe6, 0x7, 0x33,
    0x84, 0xc8, 0xf, 0x32, 0xa0, 0xac, 0xc8, 0x97,
    0xab, 0xff, 0xfe, 0x90, 0xf, 0xfe, 0x7b, 0xf0,

    /* U+042A "Ъ" */
    0x9f, 0xfb, 0x40, 0x3d, 0x19, 0x85, 0x0, 0xf8,
    0x4c, 0xe0, 0xf, 0xfe, 0x51, 0x7f, 0xbb, 0x14,
    0x3, 0x8b, 0x76, 0x5a, 0x40, 0xe, 0x22, 0x1c,
    0x8e, 0x80, 0x7f, 0xf1, 0x8, 0x87, 0x23, 0xa0,
    0x18, 0xb7, 0x58, 0xb4, 0x80,

    /* U+042B "Ы" */
    0xac, 0x0, 0xf3, 0x78, 0x7, 0xff, 0x4c, 0xff,
    0xdd, 0x88, 0x1, 0x8f, 0x76, 0x5b, 0x30, 0xc,
    0x44, 0x39, 0x1b, 0x0, 0xff, 0xe1, 0x11, 0xe,
    0x46, 0xc0, 0x23, 0xdd, 0x62, 0xd1, 0x80, 0x0,

    /* U+042C "Ь" */
    0xac, 0x0, 0xff, 0xe9, 0x9f, 0xfb, 0xb1, 0x0,
    0x7, 0xbb, 0x2d, 0x98, 0x0, 0x88, 0x72, 0x36,
    0x1, 0xfe, 0x22, 0x1c, 0x8d, 0x81, 0xee, 0xb1,
    0x68, 0xc0,

    /* U+042D "Э" */
    0x5, 0xce, 0xfd, 0x70, 0x1, 0xcc, 0xb7, 0x2e,
    0x6c, 0xf, 0x14, 0xcc, 0xde, 0xae, 0x1, 0xe1,
    0x7b, 0x0, 0x77, 0xfe, 0x63, 0x0, 0x66, 0xee,
    0x50, 0x8, 0x8b, 0x98, 0xc4, 0x3, 0x90, 0xec,
    0xb9, 0x8c, 0xcf, 0x68, 0xe7, 0x75, 0xb9, 0x51,
    0x60,

    /* U+042E "Ю" */
    0x9d, 0x0, 0x86, 0x7b, 0xfa, 0x88, 0x3, 0xc5,
    0xe9, 0x7b, 0x43, 0xa6, 0x1, 0xd2, 0x38, 0xa4,
    0x96, 0x5e, 0x1, 0xc8, 0xc2, 0x1, 0xa0, 0xc8,
    0xb, 0xfc, 0x1e, 0x1, 0xcc, 0xc, 0x5, 0x98,
    0x0, 0xff, 0xe0, 0x19, 0x8b, 0xc0, 0x39, 0x81,
    0x80, 0x35, 0x30, 0x80, 0x68, 0x32, 0x0, 0xce,
    0x78, 0xa4, 0x96, 0x5c, 0x1, 0xec, 0x58, 0xda,
    0x1d, 0x20,

    /* U+042F "Я" */
    0x0, 0x3e, 0xff, 0xe5, 0x6, 0x8a, 0xcd, 0xd0,
    0x5, 0x84, 0xe6, 0x44, 0x0, 0xb4, 0x90, 0x3,
    0xce, 0xea, 0xff, 0x80, 0x34, 0x30, 0xee, 0x0,
    0x62, 0x78, 0x23, 0x0, 0xd0, 0x4c, 0x1, 0xc6,
    0xb2, 0x1, 0xef, 0x44, 0x0, 0x70,

    /* U+0430 "а" */
    0x5, 0xcf, 0xeb, 0x20, 0xa, 0x37, 0x7, 0xc0,
    0xa, 0x84, 0x4a, 0x22, 0x1, 0x5f, 0x7f, 0x81,
    0x83, 0xb, 0x3f, 0xc0, 0x23, 0x59, 0x1, 0x0,
    0x4, 0x48, 0x3, 0x20, 0x15, 0x5f, 0x67, 0x0,
    0x0,

    /* U+0431 "б" */
    0x0, 0xff, 0x14, 0xef, 0x79, 0x1, 0xe8, 0x76,
    0x71, 0x7, 0x44, 0x99, 0x8, 0x11, 0x3f, 0x7f,
    0x50, 0x4, 0x1e, 0x35, 0x6c, 0xc0, 0x10, 0xa5,
    0x7, 0x22, 0x8, 0x1, 0x23, 0x18, 0x7, 0xc2,
    0x24, 0x0, 0x91, 0x82, 0x61, 0x4a, 0xe, 0x41,
    0xdd, 0x7a, 0xb6, 0x60,

    /* U+0432 "в" */
    0xbf, 0xfb, 0x54, 0x0, 0xff, 0xcb, 0x40, 0x18,
    0x7c, 0x40, 0xf, 0xdf, 0x14, 0x0, 0x6f, 0xd8,
    0xb1, 0x1, 0x11, 0x38, 0x38, 0x6, 0x60, 0x50,
    0x7f, 0xf5, 0xc9, 0x80,

    /* U+0433 "г" */
    0xbf, 0xfd, 0x40, 0xff, 0xf5, 0x0, 0x7f, 0xf6,
    0x0,

    /* U+0434 "д" */
    0x0, 0x1f, 0xff, 0x0, 0x77, 0xfa, 0x80, 0x33,
    0x80, 0x7e, 0x10, 0xf, 0xc4, 0x40, 0xf, 0xb1,
    0x0, 0x3c, 0x88, 0xd0, 0xe, 0x4b, 0xb, 0xff,
    0x50, 0x78, 0x27, 0xff, 0x70, 0x7, 0xe1, 0x10,

    /* U+0435 "е" */
    0x0, 0x3e, 0xfe, 0xb0, 0x2, 0x2a, 0x76, 0x20,
    0xa0, 0xf2, 0x84, 0xb3, 0xc6, 0x17, 0xff, 0x43,
    0x0, 0x37, 0xff, 0x69, 0x82, 0x80, 0x79, 0xe1,
    0x88, 0x8c, 0xc0, 0x89, 0xbd, 0xcd, 0x20,

    /* U+0436 "ж" */
    0xa, 0xc0, 0x2, 0xf8, 0x0, 0xfd, 0x0, 0x14,
    0x14, 0x1, 0x8b, 0x65, 0x0, 0x2d, 0x79, 0x0,
    0xf, 0xcb, 0x0, 0x61, 0x76, 0xe0, 0xd2, 0x30,
    0xe, 0x45, 0xb5, 0x7, 0x89, 0x0, 0xea, 0x94,
    0x80, 0xb7, 0x18, 0x0, 0xa0, 0x98, 0xc, 0x2,
    0xf7, 0x30, 0x37, 0xe0, 0xf, 0x1b, 0xf8, 0x0,

    /* U+0437 "з" */
    0x9, 0xef, 0xe7, 0x0, 0x6e, 0xd7, 0x8, 0x8,
    0x64, 0xe2, 0x1, 0x47, 0xeb, 0x20, 0x2, 0x76,
    0x98, 0xc0, 0x2, 0x4a, 0x94, 0xc, 0x42, 0xaa,
    0xf0, 0xad, 0xe8, 0x83, 0x0,

    /* U+0438 "и" */
    0xb8, 0x0, 0xf, 0xe8, 0x6, 0xb0, 0xe, 0x35,
    0x70, 0xd, 0xf1, 0xc0, 0x13, 0xb, 0x80, 0x43,
    0x10, 0x0, 0xcc, 0xaa, 0x0, 0xe9, 0x0, 0xc0,

    /* U+0439 "й" */
    0x7, 0x80, 0x69, 0x0, 0x31, 0xf5, 0x40, 0x0,
    0x6f, 0xb0, 0x42, 0xe0, 0x0, 0x3f, 0xa0, 0x1a,
    0xc0, 0x38, 0xd5, 0xc0, 0x37, 0xc7, 0x0, 0x4c,
    0x2e, 0x1, 0xc, 0x40, 0x3, 0x32, 0xa8, 0x3,
    0xa4, 0x3, 0x0,

    /* U+043A "к" */
    0xb8, 0x0, 0x37, 0x98, 0x4, 0xb3, 0x86, 0x0,
    0x5a, 0xb3, 0x0, 0x25, 0xa, 0x80, 0x47, 0x25,
    0x60, 0x13, 0x33, 0x95, 0x0, 0x2, 0x5, 0x34,
    0x20, 0x19, 0x8a, 0xc0,

    /* U+043B "л" */
    0x0, 0x37, 0xfe, 0xc0, 0x8, 0x7f, 0xd0, 0x1,
    0x8c, 0x3, 0xc2, 0x20, 0xf, 0x73, 0x80, 0x79,
    0x4c, 0x3, 0xc, 0x1d, 0x0, 0x66, 0x4b, 0x20,
    0xc,

    /* U+043C "м" */
    0xbf, 0x40, 0xa, 0xfd, 0x0, 0x7c, 0x0, 0x4a,
    0x1, 0x3a, 0x90, 0x53, 0x0, 0x42, 0xd4, 0xd,
    0x40, 0x1a, 0x99, 0x8a, 0x40, 0x18, 0x96, 0x7c,
    0x3, 0xd1, 0x4, 0x0, 0xf1, 0xb8, 0x6,

    /* U+043D "н" */
    0xb8, 0x0, 0x9b, 0x80, 0x3f, 0xf8, 0x6f, 0xdd,
    0x48, 0x1, 0xbf, 0xe8, 0x0, 0x8, 0xf0, 0x7,
    0xff, 0xc,

    /* U+043E "о" */
    0x0, 0x47, 0x7e, 0x20, 0x2, 0x1a, 0xb5, 0x6c,
    0x81, 0xe1, 0xa, 0x4a, 0xc8, 0x10, 0x2, 0x42,
    0x0, 0xfc, 0x40, 0x80, 0x12, 0x18, 0x3c, 0x21,
    0x49, 0x50, 0x43, 0x56, 0xad, 0x90,

    /* U+043F "п" */
    0xbf, 0xfe, 0xe0, 0x7f, 0xfa, 0x40, 0x3f, 0xfb,
    0xe0,

    /* U+0440 "р" */
    0xb9, 0xae, 0xe4, 0x0, 0x4d, 0xfd, 0x8c, 0xe0,
    0x3, 0x50, 0x28, 0x90, 0x2, 0x80, 0x4a, 0x20,
    0x1e, 0x70, 0x9, 0x0, 0x23, 0x10, 0x1, 0x41,
    0x2c, 0x48, 0x1, 0xc7, 0x6d, 0xdc, 0x1, 0x4f,
    0xf4, 0x0, 0x7f, 0xf1, 0x80,

    /* U+0441 "с" */
    0x0, 0x3e, 0xff, 0x40, 0x44, 0x2f, 0x75, 0xc0,
    0xf2, 0xc4, 0x6c, 0x60, 0x80, 0x1f, 0xf1, 0x82,
    0x0, 0x73, 0xcb, 0x11, 0xb0, 0x44, 0x2f, 0x75,
    0xc0,

    /* U+0442 "т" */
    0x9f, 0xff, 0x64, 0xff, 0x9d, 0x3f, 0xd8, 0x1,
    0xff, 0xe4,

    /* U+0443 "у" */
    0x6e, 0x0, 0xd5, 0x46, 0x15, 0x0, 0xa, 0xf0,
    0x37, 0x0, 0x1c, 0x50, 0x29, 0x4, 0x29, 0x80,
    0x6, 0x66, 0x33, 0x50, 0x5, 0x55, 0x21, 0x0,
    0x4c, 0x4d, 0xc0, 0x1c, 0xa2, 0xa0, 0x1c, 0x2e,
    0x1, 0x85, 0x52, 0xc0, 0x37, 0xd4, 0x10, 0x4,

    /* U+0444 "ф" */
    0x0, 0xea, 0xa0, 0x7, 0xff, 0x18, 0x6f, 0xec,
    0x1, 0x7f, 0x60, 0x15, 0xbe, 0xf2, 0xab, 0xb5,
    0xa4, 0x0, 0xb0, 0x4a, 0xb8, 0xa5, 0x80, 0x81,
    0x40, 0x3c, 0xc0, 0x40, 0x1f, 0xfc, 0x2, 0x5,
    0x0, 0xf3, 0x1, 0x2, 0xc1, 0x2a, 0xe2, 0x96,
    0x0, 0x5b, 0xef, 0x2a, 0xbb, 0x5a, 0x0, 0x3,
    0x7f, 0x60, 0xb, 0xfb, 0x10, 0xf, 0xfe, 0x68,

    /* U+0445 "х" */
    0x1e, 0x70, 0x1, 0x7a, 0x8d, 0x41, 0x87, 0xb2,
    0x82, 0x37, 0x48, 0x48, 0x5, 0x20, 0xdc, 0x1,
    0x88, 0x80, 0xc0, 0x1b, 0x96, 0x28, 0x40, 0x10,
    0x56, 0xe9, 0xa0, 0x6f, 0x42, 0x14, 0x4e,

    /* U+0446 "ц" */
    0xb8, 0x0, 0x9b, 0x80, 0x3f, 0xfc, 0xcf, 0xff,
    0x48, 0xf5, 0xff, 0xf6, 0x80, 0x7c, 0x66,

    /* U+0447 "ч" */
    0xf4, 0x0, 0x27, 0x80, 0x78, 0x44, 0x1, 0x8b,
    0xc0, 0x37, 0xa7, 0xf5, 0x81, 0xf7, 0x3e, 0x80,
    0x21, 0x18, 0x3, 0xe0,

    /* U+0448 "ш" */
    0xb8, 0x0, 0x1f, 0x80, 0x57, 0x0, 0x1f, 0xfe,
    0xf7, 0x0, 0xf9, 0xff, 0xd6, 0x1f, 0xf2, 0x0,

    /* U+0449 "щ" */
    0xb8, 0x0, 0x1f, 0x80, 0x57, 0x0, 0x1f, 0xff,
    0x57, 0x0, 0xfc, 0xff, 0xeb, 0xf, 0xf9, 0x1e,
    0x2f, 0xff, 0xfa, 0x0, 0x3f, 0xf8, 0x20,

    /* U+044A "ъ" */
    0x9f, 0xf8, 0x80, 0x3a, 0x7f, 0x80, 0x3f, 0xf9,
    0x39, 0xdb, 0x44, 0x1, 0xd5, 0xfc, 0x3c, 0x1,
    0xcc, 0x27, 0xc6, 0x1, 0xc2, 0x3, 0xc4, 0x1,
    0xd9, 0xfc, 0x1e, 0x0,

    /* U+044B "ы" */
    0xb8, 0x0, 0xe7, 0xd0, 0xf, 0xfe, 0x3b, 0xf7,
    0x31, 0x40, 0x33, 0x7e, 0x5d, 0x10, 0x4, 0x22,
    0x27, 0x7, 0x0, 0xf3, 0x3, 0x0, 0x4f, 0xfe,
    0xb9, 0x30, 0x0,

    /* U+044C "ь" */
    0xb8, 0x0, 0xff, 0xe4, 0x3f, 0x73, 0x14, 0x0,
    0xdf, 0x97, 0x44, 0x2, 0x22, 0x70, 0x70, 0xc,
    0xc0, 0xc0, 0xff, 0xeb, 0x93,

    /* U+044D "э" */
    0x2c, 0xff, 0x59, 0x80, 0x27, 0x74, 0x78, 0x44,
    0x52, 0x24, 0x1d, 0x82, 0xf7, 0x46, 0xa0, 0xbf,
    0xf2, 0x80, 0x42, 0x33, 0xa9, 0x31, 0x1d, 0x14,
    0x5, 0x6e, 0x36, 0x8,

    /* U+044E "ю" */
    0xb9, 0x0, 0x36, 0xfe, 0xb0, 0x7, 0x34, 0xde,
    0xdc, 0xa8, 0x6, 0xb6, 0x61, 0x33, 0x24, 0x0,
    0xde, 0x58, 0x1, 0x79, 0x80, 0x17, 0x44, 0x3,
    0xf1, 0x92, 0xe0, 0x5, 0xe6, 0x1, 0xbd, 0x98,
    0x4c, 0xc9, 0x0, 0xc9, 0x37, 0xb7, 0x2a, 0x0,

    /* U+044F "я" */
    0x0, 0x4f, 0x7f, 0xc6, 0xe, 0xed, 0xff, 0x0,
    0x5a, 0xe6, 0x1, 0xc4, 0x82, 0x1, 0xd2, 0xdd,
    0xd0, 0x4, 0x3e, 0x1b, 0x80, 0x10, 0xd5, 0xc,
    0x80, 0x2d, 0x65, 0x0, 0xc0,

    /* U+0450 "ѐ" */
    0x0, 0x39, 0x0, 0x78, 0xbc, 0x3, 0xcb, 0x54,
    0x0, 0xf3, 0xd0, 0x7, 0x3e, 0xfe, 0xb0, 0x2,
    0x2a, 0x76, 0x20, 0xa0, 0xf2, 0x84, 0xb3, 0xc6,
    0x17, 0xff, 0x43, 0x0, 0x37, 0xff, 0x69, 0x82,
    0x80, 0x79, 0xe1, 0x88, 0x8c, 0xc0, 0x89, 0xbd,
    0xcd, 0x20,

    /* U+0451 "ё" */
    0x0, 0x84, 0x4, 0x3, 0x47, 0x86, 0x48, 0x5,
    0x54, 0xe, 0xb0, 0x8, 0x90, 0xc, 0x80, 0x27,
    0xdf, 0xd6, 0x0, 0x45, 0x4e, 0xc4, 0x14, 0x1e,
    0x50, 0x96, 0x78, 0xc2, 0xff, 0xe8, 0x60, 0x6,
    0xff, 0xed, 0x30, 0x50, 0xf, 0x3c, 0x31, 0x11,
    0x98, 0x11, 0x37, 0xb9, 0xa4,

    /* U+0452 "ђ" */
    0x6, 0xa0, 0xf, 0xb, 0x0, 0x7f, 0xf0, 0x6a,
    0xf, 0xfe, 0x70, 0xa8, 0x3f, 0xf9, 0xc0, 0x3f,
    0xf8, 0xb, 0xbd, 0x42, 0x0, 0x3e, 0xe5, 0x3d,
    0x80, 0x56, 0x69, 0x48, 0x0, 0x30, 0x8, 0x84,
    0x3, 0xda, 0x60, 0xf8, 0x1, 0x34, 0x80, 0x62,
    0xc7, 0x50, 0xd, 0x35, 0x20,

    /* U+0453 "ѓ" */
    0x0, 0xcc, 0x80, 0x13, 0x52, 0x0, 0xe, 0xf4,
    0x2, 0x3d, 0x10, 0xbf, 0xfd, 0x40, 0xff, 0xf5,
    0x0, 0x7f, 0xf6, 0x0,

    /* U+0454 "є" */
    0x0, 0x3e, 0xff, 0x40, 0x44, 0xc6, 0xeb, 0x81,
    0xed, 0x48, 0xd8, 0xc2, 0xfb, 0xa0, 0x10, 0xaf,
    0xf8, 0x8, 0xc, 0x46, 0x0, 0x44, 0x18, 0x8d,
    0xc1, 0xe2, 0xf7, 0x5e,

    /* U+0455 "ѕ" */
    0x4, 0xcf, 0xec, 0x10, 0xbb, 0x76, 0x48, 0x10,
    0x28, 0x92, 0x89, 0x2e, 0xd3, 0x8, 0x2, 0xb3,
    0x6b, 0x8c, 0x0, 0x6f, 0x87, 0x64, 0xe6, 0x28,
    0x5c, 0x19, 0xbd, 0x32, 0x60,

    /* U+0456 "і" */
    0xb9, 0xdc, 0x65, 0xb9, 0x0, 0xff, 0xe1, 0x0,

    /* U+0457 "ї" */
    0x1, 0x0, 0x8, 0xb9, 0x5b, 0x86, 0xd1, 0xec,
    0x10, 0x44, 0x80, 0xb, 0x90, 0xf, 0xfe, 0xc0,

    /* U+0458 "ј" */
    0x0, 0x5c, 0x80, 0x37, 0x0, 0xc, 0xa0, 0xb,
    0x90, 0xf, 0xfe, 0x98, 0x81, 0x2e, 0xa6, 0xa2,
    0x80,

    /* U+0459 "љ" */
    0x0, 0x37, 0xfe, 0x90, 0xf, 0x87, 0xfc, 0xa0,
    0x1f, 0x8c, 0x3, 0xfc, 0x22, 0x0, 0x9b, 0xb6,
    0x0, 0x2e, 0x70, 0x9, 0x7e, 0x5a, 0x0, 0xa,
    0x60, 0x11, 0x8a, 0x3a, 0xc, 0x1d, 0x0, 0x71,
    0x22, 0xb2, 0x59, 0x0, 0x4d, 0xf8, 0xf0,

    /* U+045A "њ" */
    0xb8, 0x0, 0xae, 0x0, 0x3f, 0xf9, 0xef, 0xdd,
    0x23, 0xf6, 0xc0, 0x1, 0xbf, 0xe3, 0x6f, 0x96,
    0x70, 0x11, 0xce, 0x22, 0x44, 0x60, 0x7, 0xe3,
    0x43, 0x0, 0xf3, 0xfe, 0xbc, 0x0,

    /* U+045B "ћ" */
    0x6, 0xa0, 0xf, 0xb, 0x0, 0x7f, 0xf0, 0x6a,
    0xf, 0xfe, 0x70, 0xa8, 0x3f, 0xf9, 0xc0, 0x3f,
    0xf8, 0xb, 0xbd, 0x42, 0x0, 0x3e, 0xe5, 0x3c,
    0x0, 0x56, 0x69, 0x68, 0x0, 0x30, 0x8, 0xcc,
    0x1, 0xf0, 0x80,

    /* U+045C "ќ" */
    0x0, 0xce, 0x40, 0x1a, 0x34, 0x80, 0x25, 0x4a,
    0x0, 0xcb, 0x80, 0x15, 0xc0, 0x1, 0xbc, 0xc0,
    0x25, 0x9c, 0x30, 0x2, 0xd5, 0x98, 0x1, 0x28,
    0x54, 0x2, 0x39, 0x2b, 0x0, 0x99, 0x9c, 0xa8,
    0x0, 0x10, 0x29, 0xa1, 0x0, 0xcc, 0x56,

    /* U+045D "ѝ" */
    0x7, 0x20, 0xe, 0x2f, 0x0, 0xe5, 0xba, 0x0,
    0xe6, 0xa0, 0xa, 0xe0, 0x0, 0x3f, 0xa0, 0x1a,
    0xc0, 0x38, 0xd5, 0xc0, 0x37, 0xc7, 0x0, 0x4c,
    0x2e, 0x1, 0xc, 0x40, 0x3, 0x32, 0xa8, 0x3,
    0xa4, 0x3, 0x0,

    /* U+045E "ў" */
    0x0, 0x69, 0x6, 0x10, 0x5, 0x3f, 0xc8, 0x40,
    0x12, 0x6f, 0x40, 0x1, 0xb8, 0x3, 0x55, 0x18,
    0x54, 0x0, 0x2b, 0xc0, 0xdc, 0x0, 0x71, 0x40,
    0xa4, 0x10, 0xa6, 0x0, 0x19, 0x98, 0xcd, 0x40,
    0x15, 0x54, 0x84, 0x1, 0x31, 0x37, 0x0, 0x72,
    0x8a, 0x80, 0x70, 0xb8, 0x6, 0x15, 0x4b, 0x0,
    0xdf, 0x50, 0x40, 0x10,

    /* U+045F "џ" */
    0xb8, 0x0, 0x9b, 0x80, 0x3f, 0xfb, 0xef, 0xff,
    0x48, 0x5f, 0xf8, 0x7b, 0xf8, 0x3, 0xe0,

    /* U+0460 "Ѡ" */
    0x0, 0x66, 0x0, 0x3a, 0xf4, 0x2, 0x53, 0xf0,
    0xe, 0x92, 0x60, 0x7, 0x21, 0x80, 0x71, 0x2d,
    0x0, 0x13, 0x40, 0x21, 0x0, 0xbc, 0xc4, 0x80,
    0x80, 0x5, 0xc6, 0x0, 0x60, 0x21, 0x0, 0xff,
    0x9c, 0x40, 0x80, 0xc, 0xc, 0x0, 0x60, 0x62,
    0x1b, 0x10, 0xf1, 0x90, 0x4, 0x81, 0x3, 0x17,
    0x7a, 0x51, 0xff, 0x8d, 0x80, 0x10, 0xc0, 0x34,
    0x94, 0x40, 0xb2, 0x0,

    /* U+0461 "ѡ" */
    0x3, 0xf2, 0x0, 0xcf, 0xc0, 0xa, 0x22, 0x0,
    0x66, 0x14, 0x7, 0x50, 0xe, 0x12, 0xd0, 0x1e,
    0x0, 0x52, 0x80, 0x18, 0x80, 0x39, 0x88, 0x3,
    0x87, 0x80, 0x7, 0xa0, 0x6, 0x20, 0x76, 0x37,
    0x44, 0x1b, 0x16, 0x84, 0x2e, 0x54, 0xc6, 0xc4,
    0x10,

    /* U+0462 "Ѣ" */
    0x0, 0x27, 0x88, 0x7, 0x67, 0xd8, 0x77, 0xc8,
    0x5, 0xba, 0x90, 0xcd, 0x80, 0x8, 0x48, 0x80,
    0x44, 0x10, 0xf, 0xbb, 0xfd, 0xae, 0x1, 0xd7,
    0xb9, 0x71, 0x0, 0xc, 0xa4, 0x6c, 0xc5, 0x0,
    0xff, 0xe1, 0x11, 0x4c, 0xc5, 0x0, 0xd9, 0xba,
    0xb7, 0x80,

    /* U+0463 "ѣ" */
    0x0, 0x4d, 0x80, 0x7f, 0xf2, 0xf3, 0xd9, 0x3f,
    0xd2, 0x0, 0xcf, 0x64, 0xff, 0x48, 0x7, 0xff,
    0x9, 0x3b, 0x98, 0xc0, 0x19, 0x3f, 0x26, 0x4a,
    0x1, 0x84, 0x94, 0xb4, 0x3, 0xc8, 0x5a, 0x1,
    0x27, 0xfa, 0x9d, 0x40,

    /* U+0464 "Ѥ" */
    0x9d, 0x0, 0x97, 0x3f, 0xdb, 0x24, 0x1, 0xa6,
    0xeb, 0xbf, 0xc2, 0x80, 0x12, 0x35, 0x30, 0x81,
    0x43, 0x0, 0x5a, 0x48, 0x1, 0xf1, 0x7b, 0x17,
    0xfe, 0x70, 0x8, 0xb0, 0xcd, 0x99, 0x98, 0x3,
    0x1a, 0x89, 0x9e, 0x10, 0xe, 0xd2, 0x50, 0xf,
    0xe4, 0x6b, 0x50, 0x1, 0x43, 0x0, 0x69, 0xb9,
    0xff, 0x85, 0x0,

    /* U+0465 "ѥ" */
    0xb9, 0x0, 0x46, 0xfe, 0xb0, 0x5, 0x89, 0x3d,
    0xc2, 0x0, 0x19, 0xb9, 0x4, 0xd0, 0x1b, 0x3,
    0x7f, 0xc2, 0x0, 0x6a, 0xf, 0xf8, 0x40, 0x27,
    0x4, 0x0, 0xf1, 0x35, 0x21, 0x22, 0x80, 0x52,
    0xd5, 0xb2, 0x60,

    /* U+0466 "Ѧ" */
    0x0, 0xed, 0xf3, 0x0, 0xfe, 0x62, 0x24, 0x0,
    0x7f, 0x43, 0xf2, 0x20, 0x3, 0xe7, 0x8, 0x35,
    0x80, 0xf, 0xc, 0xc0, 0x2, 0xd, 0x0, 0x3a,
    0x46, 0x7f, 0xda, 0x12, 0x1, 0x85, 0xe3, 0x18,
    0xb2, 0xc9, 0x40, 0x28, 0x27, 0x31, 0x3, 0x46,
    0x80, 0x1, 0x35, 0x80, 0x7a, 0x9, 0x82, 0x9,
    0x80, 0x3c, 0x2d, 0x0,

    /* U+0467 "ѧ" */
    0x0, 0xcf, 0xec, 0x1, 0xf0, 0xc3, 0x40, 0x80,
    0x7a, 0x12, 0x56, 0x40, 0x38, 0x9a, 0x42, 0x5c,
    0x80, 0x34, 0x86, 0x7e, 0x4, 0x0, 0x48, 0xbd,
    0x81, 0x9c, 0xa6, 0x0, 0x89, 0x10, 0x8, 0x5f,
    0xc1, 0x89, 0xc0, 0x3a, 0x9, 0x40,

    /* U+0468 "Ѩ" */
    0xac, 0x0, 0xe3, 0xfd, 0x0, 0xff, 0xe0, 0x41,
    0x11, 0x80, 0x3f, 0xc8, 0x8e, 0x78, 0x0, 0xff,
    0x4a, 0x9c, 0x83, 0x80, 0x63, 0xff, 0xc5, 0x0,
    0x31, 0x20, 0x18, 0xf3, 0x21, 0xd, 0xff, 0x48,
    0xc0, 0x6, 0x33, 0x28, 0xe6, 0x9, 0x72, 0x1c,
    0x40, 0x3a, 0xd8, 0xcc, 0x4, 0x6e, 0x30, 0x1,
    0x98, 0xa0, 0x3, 0xd0, 0xc2, 0x1, 0x43, 0x8,
    0x7, 0x98, 0x6c,

    /* U+0469 "ѩ" */
    0xb9, 0x0, 0xcb, 0xee, 0x1, 0xfe, 0x83, 0x81,
    0x0, 0xfc, 0xa1, 0x87, 0x0, 0x1f, 0xa7, 0x83,
    0x98, 0x80, 0x26, 0xdd, 0x71, 0xef, 0xe0, 0x48,
    0x4, 0xdb, 0x81, 0xde, 0x19, 0xea, 0x80, 0x1a,
    0xd8, 0x40, 0x34, 0xc8, 0x2, 0x44, 0x48, 0x7,
    0x39, 0xb0,

    /* U+046A "Ѫ" */
    0x9, 0xff, 0xfa, 0xc0, 0x10, 0x2b, 0x99, 0x30,
    0x48, 0x0, 0x61, 0x44, 0xc9, 0x9c, 0x80, 0x26,
    0x28, 0x8, 0x18, 0x0, 0xe9, 0x56, 0x65, 0x80,
    0x71, 0x78, 0x48, 0x71, 0x0, 0x45, 0xa3, 0x61,
    0x43, 0xa4, 0x0, 0x92, 0xa7, 0x6, 0xa2, 0x90,
    0x2, 0x50, 0x7, 0x5a, 0x9, 0x1, 0x0, 0x71,
    0x1, 0x0,

    /* U+046B "ѫ" */
    0x1e, 0xff, 0xe9, 0x19, 0xb, 0xc6, 0x8, 0x7,
    0x2d, 0x27, 0x81, 0x0, 0x43, 0x58, 0x38, 0x0,
    0x78, 0x14, 0x58, 0x1, 0xd, 0x3, 0x32, 0x20,
    0x68, 0x20, 0x63, 0xb2, 0x7, 0x0, 0x94, 0x80,

    /* U+046C "Ѭ" */
    0xac, 0x3, 0xff, 0xfc, 0x20, 0x11, 0xa8, 0xe6,
    0x54, 0x10, 0x20, 0x1a, 0xc1, 0xc, 0xde, 0x4e,
    0x1, 0xc3, 0x10, 0x13, 0x59, 0x0, 0x8f, 0xfe,
    0x90, 0x8f, 0x54, 0x0, 0x8f, 0x31, 0x64, 0xc,
    0x6a, 0xe0, 0x18, 0xcd, 0x1, 0x84, 0xd5, 0x10,
    0x0, 0xcc, 0x7c, 0x60, 0x5, 0x87, 0x20, 0xb,
    0x4c, 0xc0, 0x19, 0x81, 0x0, 0x26, 0x60, 0x7,
    0x8, 0xb8,

    /* U+046D "ѭ" */
    0xb9, 0x1f, 0xff, 0x48, 0x0, 0x58, 0x33, 0xc,
    0x10, 0x1, 0x58, 0x29, 0xa3, 0x8, 0x4, 0x4b,
    0x6a, 0x56, 0x0, 0x6e, 0xe2, 0x95, 0x99, 0x0,
    0x1b, 0xe0, 0xc, 0x43, 0x40, 0x21, 0x88, 0x50,
    0xe1, 0xb8, 0x0, 0x85, 0x40, 0x24, 0xc0,

    /* U+046E "Ѯ" */
    0x0, 0x39, 0x3, 0xa8, 0x4, 0x96, 0x7c, 0xa0,
    0x11, 0xaf, 0xd8, 0x5, 0x1e, 0x66, 0xd8, 0x0,
    0x5f, 0x7f, 0xad, 0xd4, 0xc, 0x40, 0x8, 0x3a,
    0x1, 0xcc, 0x36, 0x0, 0x2f, 0xf4, 0xd1, 0x80,
    0xb, 0x71, 0xe9, 0x0, 0x22, 0x38, 0x4f, 0x0,
    0xff, 0x11, 0x4c, 0x9a, 0x19, 0xbb, 0x5c, 0xb1,
    0x1f, 0x7f, 0xb5, 0x80, 0xc1, 0x44, 0x40, 0x10,
    0xd5, 0x3b, 0x9f, 0xe0, 0x2, 0xf7, 0xfd, 0xc0,

    /* U+046F "ѯ" */
    0x0, 0xfc, 0x54, 0xd, 0x20, 0x2, 0x3, 0xd9,
    0x0, 0x30, 0xe0, 0x20, 0x5, 0xf7, 0x96, 0x60,
    0xc8, 0x85, 0x17, 0x0, 0x47, 0xec, 0xa0, 0x2,
    0x76, 0xa1, 0x0, 0x2, 0x4a, 0xad, 0x0, 0xc4,
    0x9e, 0x3d, 0xfe, 0xc6, 0x62, 0x2f, 0xfb, 0xa0,
    0x19, 0xc0, 0x2, 0x0, 0x3b, 0xcd, 0xfd, 0x0,
    0x3e, 0x6f, 0x68, 0x0,

    /* U+0470 "Ѱ" */
    0xa8, 0x0, 0x2f, 0x88, 0x1, 0x32, 0xf1, 0x80,
    0x3c, 0x37, 0x16, 0xe2, 0x80, 0x1c, 0xc6, 0x80,
    0x29, 0xa0, 0x1d, 0x54, 0x0, 0xb9, 0x80, 0x31,
    0x93, 0x80, 0x4a, 0xa, 0x1, 0x5a, 0x8, 0x6,
    0x5f, 0x0, 0x9b, 0x40, 0x3b, 0x96, 0x83, 0x85,
    0x80, 0x39, 0x32, 0x2, 0xf4, 0x3, 0xe3, 0x20,
    0x52, 0x0, 0xc0,

    /* U+0471 "ѱ" */
    0x0, 0xc3, 0xe4, 0x1, 0xff, 0xd1, 0x7d, 0x0,
    0xf9, 0x37, 0x18, 0x8c, 0x3, 0xd5, 0x18, 0x27,
    0x60, 0x1c, 0xc6, 0xa0, 0xa, 0x60, 0xe, 0xaa,
    0x0, 0x4e, 0x28, 0x1, 0x11, 0xa8, 0x4, 0x2b,
    0xa0, 0x15, 0x19, 0x0, 0x6f, 0x64, 0x4, 0x6a,
    0x0, 0xe5, 0x1a, 0x9, 0x17, 0x0, 0xf7, 0x70,
    0x37, 0xc4, 0x3, 0xff, 0x9e,

    /* U+0472 "Ѳ" */
    0x0, 0xc, 0xf7, 0xf4, 0x88, 0x4, 0x3e, 0x97,
    0xb6, 0xbe, 0x20, 0xb, 0x3d, 0x52, 0x5c, 0x3a,
    0x0, 0x2d, 0x0, 0x75, 0xa0, 0x10, 0x47, 0xff,
    0x48, 0x18, 0x2, 0x77, 0x7a, 0x40, 0x4, 0x2,
    0x45, 0xc2, 0x6, 0x9, 0x20, 0x1d, 0x28, 0x0,
    0x90, 0xc4, 0x24, 0xc0, 0xa0, 0x1, 0x7a, 0xd6,
    0xd2, 0xf8, 0x80,

    /* U+0473 "ѳ" */
    0x0, 0x47, 0x7e, 0x20, 0x2, 0x16, 0xb5, 0x2c,
    0x81, 0xe5, 0xa, 0xe, 0xc8, 0x2f, 0xfe, 0x32,
    0x0, 0x5e, 0xec, 0xa0, 0x40, 0x45, 0x9c, 0xc1,
    0xe1, 0x4a, 0x4a, 0x82, 0x1a, 0xf5, 0x6c, 0x80,

    /* U+0474 "Ѵ" */
    0xbb, 0x0, 0x7a, 0x7e, 0xfd, 0x8, 0x3, 0x33,
    0x23, 0xd0, 0x68, 0x3, 0x5b, 0x3a, 0x3, 0x30,
    0x2, 0x42, 0xb0, 0xa, 0x85, 0x0, 0x1c, 0x64,
    0x1, 0x11, 0xf0, 0xa, 0xc8, 0x7, 0x4a, 0x8b,
    0xa, 0x80, 0x72, 0x83, 0xd3, 0x80, 0x7c, 0xd0,
    0x56, 0x1, 0xf5, 0x9, 0x90, 0x6,

    /* U+0475 "ѵ" */
    0x7d, 0x0, 0xc7, 0xdc, 0x62, 0x30, 0xb, 0x5b,
    0x84, 0xec, 0x0, 0xc1, 0x0, 0xa, 0x60, 0x5,
    0x38, 0x4, 0xe2, 0x82, 0x74, 0x1, 0xa, 0xeb,
    0x11, 0x80, 0x6f, 0x6a, 0xa0, 0x7, 0x28, 0x93,
    0x0, 0x40,

    /* U+0476 "Ѷ" */
    0x0, 0x3d, 0x9f, 0x8, 0x7, 0x9c, 0x9a, 0xe0,
    0x3, 0xe9, 0x55, 0x48, 0x6, 0xbb, 0x0, 0x7a,
    0x7e, 0xfd, 0x8, 0x3, 0x33, 0x23, 0xd0, 0x68,
    0x3, 0x5b, 0x3a, 0x3, 0x30, 0x2, 0x42, 0xb0,
    0xa, 0x85, 0x0, 0x1c, 0x64, 0x1, 0x11, 0xf0,
    0xa, 0xc8, 0x7, 0x4a, 0x8b, 0xa, 0x80, 0x72,
    0x83, 0xd3, 0x80, 0x7c, 0xd0, 0x56, 0x1, 0xf5,
    0x9, 0x90, 0x6,

    /* U+0477 "ѷ" */
    0x0, 0x41, 0xab, 0x0, 0x76, 0x7a, 0x40, 0x80,
    0x64, 0x65, 0x99, 0x0, 0x75, 0x23, 0xc0, 0x1,
    0xf4, 0x3, 0x1f, 0x71, 0x88, 0xc0, 0x2d, 0x6e,
    0x13, 0xb0, 0x3, 0x4, 0x0, 0x29, 0x80, 0x14,
    0xe0, 0x13, 0x8a, 0x9, 0xd0, 0x4, 0x2b, 0xac,
    0x46, 0x1, 0xbd, 0xaa, 0x80, 0x1c, 0xa2, 0x4c,
    0x1, 0x0,

    /* U+0478 "Ѹ" */
    0x0, 0x3f, 0x72, 0x0, 0x3f, 0x9a, 0x6b, 0x55,
    0xc0, 0x3f, 0x54, 0xa1, 0xdc, 0xbe, 0x80, 0x7,
    0xd0, 0x4c, 0x80, 0xa, 0x26, 0x48, 0xc, 0x28,
    0x60, 0x20, 0x1, 0x0, 0x2f, 0x5, 0x30, 0x7,
    0xf7, 0x2a, 0x8a, 0x40, 0xc0, 0x40, 0x2, 0xc,
    0x83, 0x48, 0x20, 0x26, 0x40, 0x5, 0x12, 0x6,
    0xe, 0x0, 0xaa, 0x50, 0xee, 0x40, 0x1c, 0x2a,
    0x1, 0x34, 0xd6, 0x2b, 0x80, 0x29, 0xc0, 0x39,
    0xfb, 0xe0, 0x0, 0x47, 0x60, 0x1f, 0xe1, 0x83,
    0x20, 0xf, 0xe4, 0xe7, 0xe0, 0xc,

    /* U+0479 "ѹ" */
    0x0, 0x5f, 0x61, 0x55, 0x0, 0x9, 0xe2, 0x12,
    0x3d, 0x5f, 0xca, 0x21, 0xca, 0x20, 0xd2, 0xc,
    0x4e, 0x2c, 0x2b, 0xc0, 0x40, 0x40, 0x1, 0x56,
    0xa6, 0x14, 0x0, 0x8c, 0x3, 0x49, 0x43, 0x0,
    0x8, 0x18, 0x4, 0x4a, 0x28, 0x12, 0x1, 0x34,
    0x14, 0x11, 0x80, 0xa0, 0x80, 0x50, 0xfa, 0xbe,
    0x0, 0x5e, 0x0, 0xc3, 0x7f, 0x84, 0xc, 0x2a,
    0x1, 0xfc, 0x56, 0xc0, 0x1f, 0xd1, 0xad, 0x0,
    0x18,

    /* U+047A "Ѻ" */
    0x0, 0x1d, 0xf7, 0xfe, 0xc6, 0x0, 0x8f, 0x7,
    0x3c, 0x67, 0xaa, 0x64, 0x0, 0xf3, 0xa2, 0xe,
    0x61, 0x68, 0x62, 0x13, 0xa0, 0xf, 0x9c, 0x14,
    0x80, 0x80, 0x3f, 0xf, 0x90, 0x10, 0x7, 0xe1,
    0xf1, 0x2a, 0x0, 0xf9, 0x81, 0x43, 0x8e, 0x88,
    0x4, 0x5, 0xa5, 0x88, 0xf, 0x7, 0x3f, 0xbf,
    0xaa, 0x64, 0x1, 0x1d, 0xf7, 0x95, 0x7e, 0x30,
    0x0,

    /* U+047B "ѻ" */
    0x0, 0x4f, 0x7f, 0xda, 0xa0, 0x8, 0x4c, 0xd6,
    0xf8, 0xa2, 0x7, 0x82, 0x24, 0x82, 0xa5, 0x90,
    0x38, 0x7, 0x1a, 0x80, 0x7f, 0x88, 0x1c, 0x3,
    0x8d, 0x41, 0xe0, 0x89, 0x20, 0xa9, 0x61, 0x9,
    0x9a, 0xdf, 0x14, 0x40,

    /* U+047C "Ѽ" */
    0x0, 0xf2, 0x57, 0x69, 0x80, 0x7f, 0x96, 0x3f,
    0xb9, 0xe0, 0x1f, 0xe5, 0xc2, 0xf1, 0xc0, 0xf,
    0xfe, 0x3, 0x19, 0x80, 0x3f, 0x4d, 0x80, 0x4e,
    0x82, 0x0, 0x4d, 0x30, 0x1, 0xb7, 0x80, 0x4d,
    0x0, 0x12, 0x34, 0x0, 0x28, 0x90, 0x3, 0xfb,
    0xd0, 0x41, 0x14, 0x3, 0xfc, 0x80, 0x80, 0x58,
    0x1, 0xff, 0x1e, 0x90, 0x30, 0x7, 0xfc, 0xc4,
    0x0, 0x10, 0xc, 0x22, 0x0, 0xe1, 0x2, 0x9,
    0x0, 0x1e, 0x77, 0x3e, 0x0, 0x4, 0x84, 0xa,
    0xae, 0xe6, 0xc, 0x53, 0x3f, 0xf6, 0x85, 0x5,
    0xa8, 0x9c, 0xeb, 0xac, 0xea, 0x89, 0x51, 0x0,

    /* U+047D "ѽ" */
    0x0, 0xcb, 0x9f, 0xa6, 0x1, 0xf1, 0xb, 0x4,
    0x40, 0x3, 0xe2, 0x4b, 0x35, 0xb0, 0xc, 0x5a,
    0x40, 0x7, 0xb0, 0xa, 0xdc, 0x28, 0x8, 0x0,
    0xce, 0x1, 0x64, 0x82, 0x20, 0x3, 0xf2, 0x89,
    0x13, 0xc0, 0x3f, 0x10, 0x30, 0x6, 0x5d, 0xf9,
    0x0, 0xe4, 0xa2, 0x78, 0xee, 0x6, 0x13, 0x82,
    0xdb, 0xee, 0xc6, 0x33, 0x59, 0x54, 0x10,

    /* U+047E "Ѿ" */
    0x0, 0x93, 0x2f, 0x6f, 0x14, 0x3, 0xc9, 0x37,
    0x17, 0xa, 0x1, 0xf2, 0x82, 0x82, 0x0, 0x7b,
    0x30, 0x1, 0xd7, 0xa0, 0x12, 0x9f, 0x80, 0x74,
    0x93, 0x0, 0x39, 0xc, 0x3, 0x89, 0x68, 0x0,
    0x9a, 0x1, 0x8, 0x5, 0xe6, 0x24, 0x4, 0x0,
    0x2e, 0x30, 0x3, 0x1, 0x8, 0x7, 0xfc, 0xe2,
    0x4, 0x0, 0x60, 0x60, 0x3, 0x3, 0x10, 0xd8,
    0x87, 0x8c, 0x80, 0x24, 0x8, 0x18, 0xbb, 0xd2,
    0x8f, 0xfc, 0x6c, 0x0, 0x86, 0x1, 0xa4, 0xa2,
    0x5, 0x90,

    /* U+047F "ѿ" */
    0x0, 0xba, 0xfb, 0x31, 0x60, 0x1d, 0xb7, 0x98,
    0xd9, 0x0, 0x8f, 0xc4, 0x8, 0x5, 0x78, 0x1,
    0x44, 0x40, 0xc, 0xc2, 0x80, 0xea, 0x1, 0xc2,
    0x5a, 0x3, 0xc0, 0xa, 0x50, 0x3, 0x10, 0x7,
    0x31, 0x0, 0x70, 0xf0, 0x0, 0xf4, 0x0, 0xc4,
    0xe, 0xc6, 0xe8, 0x83, 0x62, 0xd0, 0x85, 0xca,
    0x98, 0xd8, 0x82, 0x0,

    /* U+0480 "Ҁ" */
    0x0, 0xc, 0x6f, 0xf5, 0xa0, 0x0, 0x71, 0xaf,
    0x37, 0x28, 0x1, 0x67, 0xec, 0x66, 0x7f, 0x0,
    0x2c, 0x88, 0x6, 0x10, 0x20, 0x20, 0xf, 0x84,
    0x4, 0x3, 0xe3, 0x2, 0x0, 0xfc, 0x96, 0x1,
    0xfa, 0x8f, 0x58, 0xc8, 0x80, 0x10, 0xfa, 0x46,
    0x6e, 0x94, 0x2, 0x19, 0xef, 0xf0, 0x7, 0xff,
    0x2c,

    /* U+0481 "ҁ" */
    0x0, 0x36, 0xff, 0x40, 0x3c, 0xde, 0xeb, 0x82,
    0x20, 0xc4, 0x6c, 0x60, 0xa0, 0x1f, 0xf1, 0x82,
    0x0, 0x73, 0xc2, 0x88, 0x5, 0x13, 0x7d, 0xea,
    0x0, 0x7e, 0xf0, 0xf, 0xfe, 0x20,

    /* U+0482 "҂" */
    0x0, 0xc6, 0x20, 0x16, 0xc7, 0x58, 0x5, 0x4e,
    0x5a, 0x2, 0xcc, 0x2, 0x86, 0x49, 0xe1, 0xcb,
    0x65, 0x90, 0x1b, 0x40, 0x6, 0x94, 0x88, 0x5,
    0x1c, 0xd6, 0x0,

    /* U+0483 "҃" */
    0x0, 0xed, 0x71, 0xef, 0xf8, 0x80, 0x7, 0x3f,
    0xf3, 0x80,

    /* U+0484 "҄" */
    0x3, 0x9e, 0xe2, 0x81, 0xff, 0xbb, 0xe0, 0xf,
    0x18, 0x7, 0x40,

    /* U+0485 "҅" */
    0xf, 0x90, 0x28, 0xb, 0x60,

    /* U+0486 "҆" */
    0xf, 0x90, 0xa1, 0xe, 0xa0,

    /* U+0487 "҇" */
    0x2, 0xbe, 0xe4, 0x90, 0x7, 0x16, 0xe7, 0x78,
    0xe5, 0xa8, 0x80, 0x2d, 0x9c, 0x6, 0x3b, 0x7f,
    0x38, 0x0,

    /* U+0488 "҈" */
    0x0, 0xfe, 0xae, 0xd3, 0x0, 0xff, 0xe2, 0x20,
    0x77, 0x20, 0x3, 0xfe, 0x4d, 0xe8, 0x4, 0xa0,
    0x3b, 0x3, 0xde, 0x90, 0xf, 0x4f, 0xf2, 0x10,
    0x7, 0xa3, 0xb8, 0x68, 0x1, 0xda, 0x41, 0x84,
    0x1, 0xeb, 0x30, 0xa4, 0x0, 0xff, 0xf0, 0xc7,
    0x6a, 0x0, 0x7f, 0xf0, 0x2f, 0xb0, 0x49, 0x3b,
    0xe0, 0x3, 0xfe, 0x63, 0xe9, 0x82, 0xc0, 0x2c,
    0x0, 0xff, 0x9a, 0x1, 0x64, 0x3, 0xff, 0xc2,
    0x9b, 0xd0, 0x1, 0xf1, 0xef, 0x50, 0x7, 0xa7,
    0xf8, 0xc8, 0x3, 0xd1, 0xdc, 0x4, 0x0, 0xed,
    0x20, 0xb2, 0xa, 0xed, 0x30, 0xb3, 0xa, 0x40,
    0xf, 0xf2, 0x7, 0x72, 0x0, 0x3f, 0x0,

    /* U+0489 "҉" */
    0x0, 0xff, 0x30, 0x7, 0xff, 0x15, 0x68, 0x3,
    0xfe, 0x13, 0x0, 0xd0, 0x80, 0x1f, 0xf2, 0xf0,
    0x6, 0x2f, 0x0, 0xc2, 0x60, 0x1c, 0x87, 0x0,
    0x17, 0xb8, 0x0, 0xb3, 0xac, 0x3, 0xd2, 0x60,
    0x1f, 0x38, 0xec, 0x0, 0x79, 0xec, 0x3, 0xe5,
    0xd2, 0x0, 0xff, 0xe5, 0x23, 0x99, 0x0, 0x7f,
    0xc2, 0x20, 0x2, 0xee, 0x68, 0x7, 0xfd, 0x3d,
    0x64, 0x35, 0xb4, 0x1, 0xff, 0x55, 0xe, 0x0,
    0x4, 0xa0, 0x1f, 0xf1, 0x2c, 0x50, 0x7, 0xff,
    0x2c, 0x94, 0x3, 0xe1, 0x60, 0xf, 0x97, 0x20,
    0x3, 0xe6, 0x93, 0x0, 0xe5, 0x89, 0xc0, 0x9,
    0xcc, 0x0, 0xe9, 0x60, 0x1c, 0xba, 0xe2, 0x1,
    0x42, 0x80, 0x52, 0x60, 0x1f, 0xf1, 0x83, 0x80,
    0x45, 0x60, 0x1f, 0xf2, 0x30, 0x80, 0x7e,

    /* U+048A "Ҋ" */
    0x0, 0x69, 0x5, 0x98, 0x7, 0x4f, 0xf1, 0x98,
    0x3, 0x93, 0x7a, 0x0, 0x35, 0x58, 0x4, 0x3f,
    0xe1, 0x0, 0xf4, 0x0, 0x7e, 0x26, 0x70, 0xf,
    0xa0, 0xec, 0x3, 0xc6, 0xbe, 0x1, 0xf4, 0x29,
    0x80, 0x79, 0x11, 0x0, 0x1f, 0x43, 0x10, 0x7,
    0x90, 0xe0, 0x3, 0x10, 0x80, 0x1c, 0x40, 0x36,
    0x35, 0x7c, 0x0, 0x47, 0x62, 0xa0, 0x1f, 0x4e,
    0x90, 0x7, 0xa6, 0xcc, 0x0,

    /* U+048B "ҋ" */
    0x7, 0x80, 0x69, 0x0, 0xce, 0x7d, 0x56, 0x1,
    0xd7, 0xd8, 0x40, 0x15, 0xc8, 0x0, 0x7f, 0x80,
    0x3d, 0x0, 0x1f, 0x1b, 0x38, 0x7, 0xbd, 0xf8,
    0x3, 0x94, 0xa0, 0x3, 0xd1, 0x60, 0x1e, 0x61,
    0x50, 0x8, 0x40, 0x2f, 0x0, 0x87, 0x8a, 0xfc,
    0xc0, 0xd, 0x26, 0x40, 0x1e, 0xbe, 0x0, 0xf3,
    0x51, 0x0,

    /* U+048C "Ҍ" */
    0xa, 0xc0, 0xf, 0x62, 0x9f, 0x0, 0x76, 0xa9,
    0xe0, 0x7, 0x8, 0x0, 0x80, 0x3e, 0x3f, 0xf7,
    0x62, 0x0, 0x47, 0xbb, 0x2d, 0x98, 0x4, 0x44,
    0x39, 0x1b, 0x0, 0xff, 0xe0, 0x11, 0xe, 0x46,
    0xc0, 0x7, 0xba, 0xc5, 0xa3,

    /* U+048D "ҍ" */
    0xb, 0x90, 0xf, 0xfe, 0xd, 0xa3, 0x50, 0x6,
    0xb4, 0x6a, 0x0, 0xff, 0xe1, 0x37, 0xf6, 0x28,
    0x4, 0xbb, 0x95, 0x43, 0x0, 0x19, 0x11, 0x85,
    0x40, 0x21, 0x12, 0x89, 0x0, 0x1b, 0xb9, 0x12,
    0x80,

    /* U+048E "Ҏ" */
    0xaf, 0xfb, 0x60, 0x2, 0x3d, 0xd5, 0xbc, 0x0,
    0x44, 0x6e, 0xca, 0x1, 0x9b, 0xc8, 0xc0, 0x33,
    0xa2, 0x14, 0x0, 0x7f, 0xe5, 0x34, 0x40, 0x1e,
    0xeb, 0xf3, 0x50, 0x0, 0x44, 0x0, 0x10, 0x7,
    0xff, 0x14,

    /* U+048F "ҏ" */
    0xb9, 0xae, 0xe4, 0x0, 0x4d, 0xfd, 0x8a, 0xe0,
    0x3, 0x50, 0x2b, 0x90, 0x2, 0x80, 0x4a, 0x20,
    0x1e, 0x70, 0x9, 0x0, 0xaf, 0x4, 0x0, 0x50,
    0xe, 0xe9, 0x0, 0x38, 0xe9, 0x8, 0x6, 0x9f,
    0xec, 0xc0, 0x7, 0x8a, 0xc0, 0x3f, 0x80,

    /* U+0490 "Ґ" */
    0x0, 0xe3, 0x50, 0xe, 0x4e, 0x0, 0xfa, 0xbf,
    0xf4, 0x0, 0xf, 0x33, 0x48, 0x0, 0xcf, 0x10,
    0x7, 0xff, 0x94,

    /* U+0491 "ґ" */
    0x0, 0xcb, 0x40, 0x1e, 0xbf, 0xfa, 0x80, 0xf,
    0xff, 0x50, 0x7, 0xff, 0x60,

    /* U+0492 "Ғ" */
    0x0, 0x5f, 0xff, 0x50, 0x4, 0x99, 0x9a, 0xc0,
    0x21, 0x33, 0xc2, 0x1, 0xfd, 0x1e, 0x8b, 0xff,
    0x30, 0x4e, 0x9a, 0x6e, 0xce, 0x2, 0x4e, 0x24,
    0x50, 0x80, 0x7f, 0xf4, 0x0,

    /* U+0493 "ғ" */
    0x0, 0x6f, 0xfe, 0x90, 0xa, 0x3b, 0xa9, 0x0,
    0xc2, 0x30, 0x4f, 0x94, 0x7f, 0x90, 0x23, 0x9,
    0xf3, 0x8, 0x2, 0x61, 0xe6, 0x60, 0xf, 0xfe,
    0x30,

    /* U+0494 "Ҕ" */
    0xaf, 0xfe, 0xb0, 0x1, 0xe6, 0x69, 0x0, 0x8c,
    0xf1, 0x0, 0x7f, 0x8f, 0xfe, 0xd4, 0x0, 0x1e,
    0x64, 0xd6, 0x20, 0x3, 0x3a, 0x81, 0x40, 0x38,
    0x40, 0x80, 0x3f, 0xf8, 0x95, 0x80, 0x10, 0x81,
    0x0, 0x63, 0xb0, 0x50, 0x8, 0x71, 0xec, 0x40,

    /* U+0495 "ҕ" */
    0xbf, 0xfd, 0x40, 0x6, 0xcc, 0xa0, 0x0, 0x26,
    0x71, 0x0, 0x7f, 0x3f, 0x73, 0x14, 0x0, 0xdf,
    0xeb, 0xb0, 0x0, 0x46, 0x41, 0x0, 0xf8, 0x6e,
    0x0, 0x30, 0x80, 0x43, 0x62, 0x1, 0x4f, 0x35,
    0x80,

    /* U+0496 "Җ" */
    0x2e, 0xa0, 0x8, 0xbc, 0xc0, 0x29, 0xe2, 0x26,
    0x24, 0x80, 0x7d, 0xd, 0xa4, 0x5, 0xad, 0x0,
    0x1c, 0xcf, 0x66, 0x1, 0x1d, 0xbb, 0x0, 0x4b,
    0x34, 0x80, 0x1c, 0xc1, 0x34, 0x17, 0x40, 0xe0,
    0x1e, 0x94, 0x97, 0x7, 0x86, 0xe0, 0xe, 0x64,
    0xa6, 0x80, 0x77, 0x41, 0x38, 0x4, 0x33, 0x21,
    0x5, 0xb, 0x1, 0xa8, 0x20, 0x5, 0x23, 0x0,
    0x7c, 0x8b, 0x20, 0xc9, 0x40, 0x1f, 0xd6, 0xbe,
    0xde, 0x20, 0x11, 0x79, 0x80, 0x43, 0x60, 0x1f,
    0xfd, 0x17, 0x90,

    /* U+0497 "җ" */
    0xa, 0xc0, 0x2, 0xf8, 0x0, 0xfd, 0x0, 0x14,
    0x14, 0x1, 0x8b, 0x65, 0x0, 0x2d, 0x78, 0x0,
    0xf, 0xb3, 0x0, 0x30, 0xbb, 0xb8, 0x34, 0xac,
    0x3, 0x91, 0x69, 0x1, 0xdd, 0xc0, 0x1d, 0x32,
    0x59, 0xb, 0x80, 0x80, 0xa, 0x5, 0x80, 0xc0,
    0x2e, 0x72, 0x3, 0x7e, 0x0, 0xf1, 0xbe, 0xa1,
    0xf9, 0x0, 0x17, 0xc0, 0x28, 0x0, 0xff, 0xe1,
    0x80,

    /* U+0498 "Ҙ" */
    0x9, 0xdf, 0xf6, 0x30, 0x6, 0x8c, 0xc5, 0x4c,
    0x0, 0x25, 0x4c, 0xcc, 0xc4, 0x0, 0xf1, 0xbd,
    0x80, 0x49, 0xfe, 0xc7, 0x70, 0x4, 0x9b, 0x92,
    0xee, 0x0, 0xc4, 0x6d, 0x10, 0x0, 0xf8, 0x40,
    0x3, 0x6a, 0x66, 0x78, 0x70, 0x12, 0x9c, 0xc5,
    0xd4, 0x0, 0x27, 0x38, 0xf1, 0x40, 0x38, 0x44,
    0x40, 0x1d, 0x1c, 0x24, 0x1, 0x0,

    /* U+0499 "ҙ" */
    0x9, 0xef, 0xe7, 0x0, 0x6e, 0xd7, 0x8, 0x8,
    0x64, 0xe2, 0x1, 0x47, 0xeb, 0x20, 0x2, 0x76,
    0x98, 0xc0, 0x2, 0x4a, 0x94, 0xc, 0x42, 0xaa,
    0xf0, 0xad, 0xe8, 0x83, 0x6, 0x7a, 0x7b, 0x80,
    0x62, 0x40, 0x9, 0x35, 0x10, 0x0,

    /* U+049A "Қ" */
    0xac, 0x0, 0xd9, 0xa2, 0x1, 0xd8, 0x38, 0x20,
    0x1a, 0xcb, 0xc4, 0x3, 0x5a, 0xe1, 0x0, 0x6b,
    0x43, 0x20, 0xc, 0x6b, 0x87, 0x0, 0x18, 0x70,
    0xe9, 0xcc, 0x2, 0x22, 0x2, 0x37, 0x0, 0x7d,
    0x21, 0x0, 0x1f, 0x73, 0xfd, 0x60, 0x6, 0x3a,
    0x0, 0xff, 0xe2, 0xbc, 0x80,

    /* U+049B "қ" */
    0xb8, 0x0, 0x37, 0x98, 0x6, 0x59, 0xc3, 0x0,
    0x92, 0xac, 0xc0, 0x23, 0xb1, 0x40, 0xc, 0x92,
    0x52, 0x1, 0x99, 0x9c, 0xc8, 0x1, 0x8, 0x14,
    0x50, 0x80, 0x73, 0x97, 0x1d, 0xc0, 0x5, 0x80,
    0x1f, 0xe0,

    /* U+049C "Ҝ" */
    0xac, 0x0, 0x87, 0x34, 0x40, 0x28, 0x1c, 0xc,
    0x10, 0x0, 0xa6, 0xe, 0x8, 0x4, 0x66, 0x1c,
    0x0, 0xc3, 0xe0, 0x42, 0x1, 0x88, 0x14, 0xec,
    0x3, 0x17, 0x87, 0x2a, 0x80, 0x21, 0x30, 0x37,
    0xb1, 0x0, 0x86, 0x82, 0xe, 0xc0, 0x3e, 0xe5,
    0x50,

    /* U+049D "ҝ" */
    0xb8, 0x0, 0x37, 0x10, 0x1, 0x99, 0x1a, 0x40,
    0xa, 0x8d, 0x30, 0x2, 0x98, 0x90, 0x4, 0x46,
    0xb4, 0x1, 0x3b, 0xad, 0x54, 0x1, 0x58, 0xc5,
    0x88, 0x6, 0x65, 0xb0,

    /* U+049E "Ҟ" */
    0xa, 0xc0, 0x8, 0x73, 0x47, 0x14, 0xf8, 0x7,
    0x3, 0x47, 0x14, 0xf8, 0x71, 0xf0, 0x3, 0x8b,
    0xda, 0x80, 0x38, 0x70, 0xd0, 0x80, 0x38, 0x97,
    0x53, 0x80, 0x38, 0xac, 0x24, 0xd8, 0x3, 0x8,
    0x0, 0xa2, 0x44, 0x3, 0xe7, 0x3a, 0x0, 0xfd,
    0xc8, 0xa0,

    /* U+049F "ҟ" */
    0x9, 0x60, 0xe, 0x86, 0x9e, 0xd0, 0xa, 0x11,
    0xfb, 0x40, 0x3f, 0x37, 0x98, 0x6, 0x59, 0xc3,
    0x0, 0x96, 0xac, 0xc0, 0x24, 0xa1, 0x50, 0xc,
    0x72, 0x56, 0x1, 0x99, 0x9c, 0xa8, 0x1, 0x8,
    0x14, 0xd0, 0x80, 0x73, 0x15, 0x80,

    /* U+04A0 "Ҡ" */
    0xaf, 0xfb, 0x40, 0x35, 0xf1, 0x5e, 0x61, 0x40,
    0x35, 0xae, 0x10, 0x99, 0xc0, 0x15, 0xae, 0x10,
    0x7, 0xd6, 0xb8, 0x40, 0x1f, 0x5a, 0x19, 0x0,
    0x7c, 0x4b, 0x81, 0x20, 0x1f, 0xe, 0x1f, 0x32,
    0x0, 0x78, 0xc8, 0xd, 0xe8, 0x40, 0x3f, 0xa0,
    0xac, 0x3, 0xfd, 0xca, 0xa0,

    /* U+04A1 "ҡ" */
    0xbf, 0xf8, 0x80, 0x17, 0x81, 0x7d, 0xa0, 0x15,
    0x3e, 0x0, 0x4, 0xc0, 0x14, 0xfa, 0x1, 0xe9,
    0x57, 0x10, 0xf, 0x2d, 0xaa, 0x0, 0x7b, 0x52,
    0x28, 0x40, 0x38, 0x41, 0xca, 0xc0, 0x3f, 0x72,
    0xa0,

    /* U+04A2 "Ң" */
    0xac, 0x0, 0xc7, 0xe4, 0x1, 0xff, 0xd4, 0x3f,
    0xfd, 0x80, 0x18, 0xf3, 0x34, 0x80, 0x71, 0x9e,
    0x50, 0xf, 0xfe, 0x9e, 0xc5, 0x60, 0x6, 0x3f,
    0x20, 0xf, 0xfe, 0x3c, 0x58,

    /* U+04A3 "ң" */
    0xb9, 0x0, 0x97, 0xc0, 0x3f, 0xf9, 0x2d, 0xff,
    0x50, 0x6, 0x6f, 0xfa, 0x80, 0x3f, 0xfa, 0x1e,
    0x77, 0x20, 0x12, 0xf0, 0x7, 0xfc,

    /* U+04A4 "Ҥ" */
    0xac, 0x0, 0xc7, 0xff, 0xe2, 0x0, 0xfd, 0x59,
    0x98, 0x80, 0x3f, 0x39, 0x9e, 0x0, 0xff, 0xe2,
    0x1f, 0xfe, 0xc0, 0xf, 0xc7, 0x99, 0xa4, 0x3,
    0xf8, 0xcf, 0x28, 0x7, 0xff, 0x94,

    /* U+04A5 "ҥ" */
    0xb9, 0x0, 0x97, 0xff, 0x84, 0x3, 0xec, 0xcc,
    0x20, 0x1f, 0x19, 0xe0, 0x3, 0x7f, 0xd4, 0x1,
    0xf3, 0x7f, 0xd4, 0x1, 0xff, 0xde,

    /* U+04A6 "Ҧ" */
    0xaf, 0xff, 0x88, 0x3, 0xc7, 0x99, 0xa4, 0x3,
    0xf8, 0xcf, 0x28, 0x7, 0xff, 0x47, 0x7f, 0xdd,
    0x0, 0x1f, 0xd5, 0x98, 0x87, 0x60, 0xf, 0xce,
    0x66, 0x64, 0xd0, 0xf, 0xfe, 0x1, 0x38, 0x7,
    0xff, 0x42, 0xb0, 0x3, 0x1f, 0x90, 0x4, 0x4e,
    0x1, 0xfe, 0x26, 0x4c, 0x0, 0xff, 0x44, 0x1d,
    0xc0,

    /* U+04A7 "ҧ" */
    0xbf, 0xff, 0x0, 0x79, 0xbb, 0xa9, 0x0, 0xfc,
    0x23, 0x18, 0x7, 0xff, 0x37, 0xfe, 0xb0, 0xf,
    0xdf, 0xed, 0x55, 0x0, 0x7f, 0x11, 0x40, 0x1f,
    0xfc, 0xb, 0x90, 0x9, 0x7c, 0x3, 0xff, 0x82,
    0x26, 0x70, 0x7, 0xc7, 0xd8, 0xc8,

    /* U+04A8 "Ҩ" */
    0x0, 0x89, 0xcc, 0x3, 0xf9, 0xf6, 0xc1, 0x33,
    0xa4, 0x3, 0x2c, 0x4e, 0xd, 0xa5, 0x3c, 0x80,
    0x50, 0x8c, 0x14, 0x30, 0x92, 0xc0, 0x1, 0x2d,
    0x0, 0x19, 0x0, 0xc, 0xc, 0x8, 0x8, 0x0,
    0x20, 0x13, 0x80, 0x80, 0x80, 0x80, 0x8, 0x80,
    0x6, 0x2, 0x2, 0xc, 0x0, 0x58, 0x98, 0x7a,
    0x0, 0x4e, 0xc2, 0x6, 0xbe, 0x8b, 0x0, 0x14,
    0x1f, 0xa9, 0x71, 0xda, 0x9, 0x88, 0x3, 0x1a,
    0x36, 0x91, 0xdb, 0x74, 0x60,

    /* U+04A9 "ҩ" */
    0x0, 0x2e, 0xcb, 0xec, 0x80, 0x4f, 0x57, 0x51,
    0x2e, 0xc0, 0x8, 0x83, 0x29, 0x22, 0x30, 0x8,
    0x14, 0x4, 0x3, 0x84, 0x2, 0x22, 0x3, 0x90,
    0x18, 0x28, 0x20, 0x59, 0x58, 0x2, 0x20, 0xc6,
    0xc8, 0x82, 0x20, 0x3c, 0xde, 0xbb, 0x2f, 0x28,

    /* U+04AA "Ҫ" */
    0x0, 0xc, 0x6f, 0xf5, 0xa0, 0x0, 0x7d, 0xaf,
    0x37, 0x28, 0x1, 0x61, 0xec, 0x66, 0x7f, 0x0,
    0x2c, 0x88, 0x6, 0x10, 0x20, 0x20, 0xf, 0xfe,
    0x29, 0x1, 0x0, 0x7e, 0x59, 0x10, 0xc, 0x20,
    0xb, 0xf, 0x63, 0x33, 0xf8, 0x0, 0x7d, 0xef,
    0x37, 0x28, 0x2, 0x19, 0xda, 0x6b, 0x40, 0xf,
    0x3a, 0x80, 0x7d, 0xb9, 0x40, 0x10,

    /* U+04AB "ҫ" */
    0x0, 0x3e, 0xff, 0x40, 0x44, 0x2f, 0x75, 0xc0,
    0xf2, 0xc4, 0x6c, 0x60, 0x80, 0x1f, 0xf1, 0x82,
    0x0, 0x73, 0xcb, 0x11, 0xb0, 0x44, 0x2f, 0x75,
    0xc0, 0x7, 0xd9, 0x94, 0x0, 0x62, 0xc0, 0xd,
    0xb5, 0xa0,

    /* U+04AC "Ҭ" */
    0xf, 0xff, 0xd2, 0x19, 0x93, 0x86, 0x65, 0x0,
    0x67, 0x70, 0x19, 0xc2, 0x1, 0xff, 0xf6, 0xf5,
    0x0, 0xf3, 0x78, 0x7, 0xff, 0x22, 0x5c, 0x0,

    /* U+04AD "ҭ" */
    0x9f, 0xff, 0x64, 0x66, 0x14, 0xf3, 0x1c, 0x26,
    0x62, 0x73, 0x31, 0x0, 0x7f, 0xf6, 0x13, 0xc0,
    0x3a, 0x2c, 0x3, 0xfe,

    /* U+04AE "Ү" */
    0xa, 0xc0, 0xc, 0x9e, 0x61, 0x64, 0xe0, 0x15,
    0x39, 0x80, 0xd4, 0x18, 0x49, 0xc0, 0x4, 0x8d,
    0xca, 0xdc, 0x1, 0xd2, 0x75, 0x6, 0x1, 0xe9,
    0x7, 0x0, 0xf8, 0x40, 0x3f, 0xfa, 0xe0,

    /* U+04AF "ү" */
    0x6e, 0x0, 0xd5, 0x46, 0x15, 0x0, 0xa, 0xf0,
    0x37, 0x0, 0x1c, 0x50, 0x29, 0x4, 0x29, 0x80,
    0x6, 0x66, 0x33, 0x50, 0x5, 0x55, 0x21, 0x0,
    0x4c, 0x4d, 0xc0, 0x1c, 0xa0, 0xa0, 0x1d, 0xa4,
    0x1, 0xff, 0xc7,

    /* U+04B0 "Ұ" */
    0xa, 0xc0, 0xc, 0x9e, 0x61, 0x43, 0x0, 0x1,
    0xa8, 0x30, 0x7, 0x3a, 0x5, 0x2b, 0x80, 0x47,
    0x15, 0xb, 0x40, 0x1c, 0xea, 0xf4, 0x20, 0x1e,
    0xd0, 0x40, 0xe, 0x3f, 0x90, 0xfc, 0x0, 0xc7,
    0xae, 0x1b, 0xc0, 0x1c, 0x5c, 0x4, 0x40, 0xf,
    0xfe, 0x0,

    /* U+04B1 "ұ" */
    0x6e, 0x0, 0xd5, 0x6c, 0x28, 0x1, 0x2f, 0x2,
    0xf0, 0x1, 0x45, 0x43, 0x94, 0x1, 0xce, 0x0,
    0x41, 0x51, 0x4a, 0x0, 0x9b, 0x98, 0x8c, 0x2,
    0xa4, 0xa5, 0x0, 0xc4, 0x65, 0x40, 0x1c, 0x84,
    0x40, 0x9, 0x7d, 0xcb, 0xe8, 0x0, 0x98, 0xc5,
    0x96, 0x0,

    /* U+04B2 "Ҳ" */
    0xc, 0xb0, 0xd, 0xb2, 0x0, 0xe4, 0x50, 0x4,
    0x1c, 0x80, 0xa, 0x2c, 0x4d, 0xe8, 0x3, 0x39,
    0x57, 0x32, 0x0, 0x77, 0x20, 0x48, 0x7, 0x94,
    0x8, 0x40, 0x38, 0xa2, 0x92, 0x80, 0x3b, 0xd5,
    0x54, 0x8c, 0x1, 0x41, 0xd8, 0xd, 0x48, 0x81,
    0xbd, 0x8, 0x1, 0x55, 0xc4, 0x7e, 0x80, 0x1a,
    0x40, 0x3f, 0xf8, 0xe5, 0x26,

    /* U+04B3 "ҳ" */
    0x1e, 0x70, 0x1, 0x7a, 0x8d, 0x41, 0x87, 0xaa,
    0x81, 0x1b, 0xa4, 0x28, 0x2, 0x90, 0x6e, 0x0,
    0xc4, 0x40, 0x60, 0xd, 0xcb, 0x16, 0x20, 0x8,
    0x2b, 0x75, 0xa0, 0x37, 0xa1, 0xa, 0x5d, 0x3f,
    0x40, 0x0, 0xc8, 0x7, 0xf0,

    /* U+04B4 "Ҵ" */
    0xf, 0xff, 0xd2, 0x1e, 0xa0, 0xc, 0xc9, 0xc3,
    0x32, 0x80, 0xe, 0x33, 0xb8, 0xc, 0xe1, 0x0,
    0xff, 0xff, 0x80, 0x71, 0x9f, 0x1, 0x10, 0x3,
    0xd9, 0x9c, 0x11, 0x20, 0x19, 0xbf, 0xfe, 0x50,
    0xf, 0xfe, 0x7c, 0x48,

    /* U+04B5 "ҵ" */
    0xff, 0xf9, 0xa6, 0xc3, 0x73, 0x3, 0x19, 0x87,
    0x0, 0x88, 0xcc, 0x4, 0x66, 0x10, 0xf, 0xfe,
    0xe8, 0x8c, 0x1, 0xf5, 0x77, 0x4c, 0x9e, 0x1,
    0x77, 0xff, 0x50, 0x7, 0xf8, 0x44,

    /* U+04B6 "Ҷ" */
    0xc9, 0x0, 0x8b, 0xcc, 0x3, 0xfc, 0xe6, 0x1,
    0xf1, 0xa9, 0x80, 0x7a, 0x4f, 0x3f, 0xda, 0x1,
    0xe, 0x76, 0x62, 0x80, 0x38, 0x4c, 0xce, 0x1,
    0xff, 0xd0, 0xc9, 0x0, 0xe2, 0xf3, 0x0, 0xff,
    0xe2, 0xce, 0x80,

    /* U+04B7 "ҷ" */
    0xf4, 0x0, 0x27, 0x80, 0x7f, 0x8b, 0x40, 0x3d,
    0x2f, 0xfe, 0xb0, 0x9, 0x3b, 0x9b, 0x40, 0x1c,
    0x24, 0x20, 0x1f, 0xfc, 0x5f, 0x40, 0xc, 0x9e,
    0x1, 0xfe,

    /* U+04B8 "Ҹ" */
    0xc9, 0x0, 0x8b, 0xcc, 0x2, 0x43, 0x0, 0x9c,
    0xc3, 0x54, 0x2, 0x35, 0x30, 0xe, 0x93, 0xc6,
    0x9d, 0x0, 0xe, 0x72, 0xc5, 0x0, 0x61, 0x31,
    0x70, 0xe, 0x96, 0x0, 0xff, 0xe3, 0x80,

    /* U+04B9 "ҹ" */
    0xf4, 0x0, 0x27, 0x80, 0x78, 0xb6, 0x20, 0x0,
    0x97, 0x7a, 0xc1, 0x39, 0x99, 0x40, 0x17, 0xf8,
    0x40, 0x26, 0x60, 0x7, 0xe0,

    /* U+04BA "Һ" */
    0xc9, 0x0, 0xff, 0xe9, 0xb7, 0xfd, 0x84, 0x0,
    0x5c, 0xc5, 0x87, 0x80, 0xc, 0xe4, 0x82, 0x10,
    0xe, 0x60, 0x20, 0xf, 0xfe, 0x20,

    /* U+04BB "һ" */
    0x97, 0x0, 0xe2, 0xf0, 0xf, 0xfe, 0x14, 0x77,
    0x20, 0x0, 0xc1, 0x96, 0xea, 0x5, 0x4, 0xa9,
    0x80, 0x80, 0x11, 0x18, 0x7, 0x84, 0x3, 0xff,
    0x92,

    /* U+04BC "Ҽ" */
    0x0, 0xc3, 0x1b, 0xfd, 0x46, 0x1, 0xec, 0x6b,
    0xca, 0x1c, 0x30, 0xd5, 0x8, 0x2f, 0x63, 0x4b,
    0x4e, 0x7, 0xe1, 0x66, 0x8, 0x6, 0xf2, 0x25,
    0xbf, 0xb, 0x7f, 0xf5, 0x83, 0x8e, 0x70, 0x3e,
    0xef, 0xc8, 0x0, 0x12, 0x2f, 0xe1, 0x0, 0x95,
    0x44, 0x1, 0xc2, 0x1, 0xa0, 0xf5, 0xd0, 0x96,
    0xe0, 0x3, 0xb2, 0x2a, 0xf6, 0x4e, 0x0,

    /* U+04BD "ҽ" */
    0x0, 0x8a, 0xbb, 0x96, 0x40, 0xe2, 0x2c, 0x3c,
    0xc1, 0x78, 0x5b, 0xb1, 0xc9, 0x12, 0x4d, 0x3e,
    0xe0, 0xbf, 0xf0, 0x99, 0xb5, 0xcf, 0xff, 0x9c,
    0x1, 0xa6, 0x20, 0x1f, 0x29, 0xea, 0x11, 0xc9,
    0x0, 0x5a, 0xb5, 0xbc, 0x6,

    /* U+04BE "Ҿ" */
    0x0, 0xc3, 0x1b, 0xfd, 0x46, 0x1, 0xec, 0x6b,
    0xca, 0x1c, 0x30, 0xd5, 0x8, 0x2f, 0x63, 0x4b,
    0x4e, 0x7, 0xe1, 0x66, 0x8, 0x6, 0xf2, 0x25,
    0xbf, 0xb, 0x7f, 0xf5, 0x83, 0x8e, 0x70, 0x3e,
    0xef, 0xc8, 0x0, 0x12, 0x2f, 0xe1, 0x0, 0x95,
    0x44, 0x1, 0xc2, 0x1, 0xa0, 0xf1, 0xcc, 0x96,
    0xe0, 0x3, 0xb2, 0x6f, 0x36, 0xe, 0x0, 0x3c,
    0xf8, 0x53, 0xb0, 0x20, 0x1f, 0xfc, 0xf0,

    /* U+04BF "ҿ" */
    0x0, 0x8a, 0xbb, 0x96, 0x40, 0xe2, 0x2c, 0x3c,
    0xc1, 0x78, 0x5b, 0xb1, 0xc9, 0x12, 0x4d, 0x3e,
    0xe0, 0xbf, 0xf0, 0x99, 0xb5, 0xcf, 0xff, 0x9c,
    0x1, 0xa6, 0x20, 0x1f, 0x29, 0xe9, 0x89, 0xc1,
    0x0, 0x5a, 0xb9, 0xda, 0x46, 0x1, 0xc, 0xc9,
    0x3a, 0x84, 0x3, 0xfc,

    /* U+04C0 "Ӏ" */
    0xac, 0x0, 0xff, 0xe3, 0x0,

    /* U+04C1 "Ӂ" */
    0x0, 0xe3, 0x40, 0x25, 0x0, 0xff, 0x17, 0xf7,
    0xb0, 0x7, 0xf8, 0x6f, 0xb4, 0xc0, 0x3f, 0xf9,
    0x5, 0xd4, 0x1, 0x17, 0x98, 0x5, 0x3c, 0x44,
    0xc4, 0x90, 0xf, 0xa1, 0xb4, 0x80, 0xb5, 0xe0,
    0x3, 0x9d, 0xd8, 0x60, 0x11, 0xeb, 0xb8, 0x2,
    0x68, 0xb3, 0x0, 0xe1, 0x8, 0xb0, 0xa9, 0x7,
    0x0, 0xf7, 0x2d, 0xb0, 0x34, 0xb7, 0x0, 0x73,
    0x95, 0xa4, 0x84, 0x34, 0x9c, 0x0, 0x45, 0x16,
    0x20, 0x80, 0x80, 0xa, 0x73, 0x0, 0x4a, 0x28,
    0x7, 0xc8, 0xde, 0xc, 0x94, 0x1, 0xfd, 0x4,
    0xe0,

    /* U+04C2 "ӂ" */
    0x0, 0xd4, 0xc1, 0x2c, 0x1, 0xfa, 0x2b, 0x89,
    0x80, 0x3f, 0x16, 0x75, 0x80, 0x7a, 0xb0, 0x0,
    0xbe, 0x0, 0x3f, 0x40, 0x5, 0x5, 0x0, 0x62,
    0xd9, 0x40, 0xb, 0x5e, 0x40, 0x3, 0xf2, 0xc0,
    0x18, 0x5d, 0xb8, 0x34, 0x8c, 0x3, 0x91, 0x6d,
    0x41, 0xe2, 0x40, 0x3a, 0xa5, 0x20, 0x2d, 0xc6,
    0x0, 0x28, 0x26, 0x3, 0x0, 0xbd, 0xcc, 0xd,
    0xf8, 0x3, 0xc6, 0xfe, 0x0,

    /* U+04C3 "Ӄ" */
    0xac, 0x0, 0x93, 0xe0, 0x3, 0x96, 0xe2, 0x0,
    0x19, 0xea, 0x8e, 0x1, 0xa2, 0x16, 0xa0, 0x18,
    0xdc, 0x2f, 0x50, 0x2, 0x3c, 0xc9, 0xac, 0x40,
    0x23, 0x3a, 0x81, 0x40, 0x3c, 0x20, 0x40, 0x1f,
    0xfc, 0x7a, 0xc0, 0x8, 0x40, 0x80, 0x38, 0xec,
    0x14, 0x3, 0xe, 0x3d, 0x88, 0x0,

    /* U+04C4 "ӄ" */
    0xb9, 0x0, 0x1f, 0xb8, 0x4, 0x5a, 0xee, 0x0,
    0xe, 0x3c, 0x0, 0xf, 0x12, 0x40, 0x25, 0x24,
    0xd6, 0x0, 0x37, 0x7d, 0x48, 0x4, 0x22, 0x50,
    0x10, 0xf, 0xae, 0x40, 0x3f, 0xa, 0x88, 0x80,
    0x11, 0xd3, 0x60,

    /* U+04C5 "Ӆ" */
    0x0, 0xbb, 0xff, 0x88, 0x3, 0x9f, 0x31, 0x20,
    0x1e, 0x1f, 0x33, 0x28, 0x7, 0xc2, 0x1, 0xfe,
    0x20, 0xf, 0xc4, 0xe, 0x1, 0xf9, 0x0, 0xc0,
    0x3f, 0x6a, 0x0, 0x7e, 0x84, 0xe0, 0xe, 0x61,
    0x96, 0x95, 0x0, 0xeb, 0x98, 0xe6, 0x0, 0xc7,
    0x83, 0x42, 0x1, 0xf7, 0x51, 0x0, 0x7d, 0x16,
    0x80,

    /* U+04C6 "ӆ" */
    0x0, 0x37, 0xfe, 0xc0, 0xe, 0x1e, 0xe3, 0x80,
    0x78, 0xc4, 0x5e, 0x1, 0xc2, 0x20, 0xf, 0xda,
    0xc0, 0x1f, 0x93, 0xc0, 0x3e, 0x81, 0x40, 0xc,
    0x21, 0x4d, 0x62, 0x1, 0x1f, 0x5, 0xf2, 0x0,
    0x4f, 0x8, 0x2, 0x1, 0xc3, 0x34, 0x1, 0xf4,
    0xc0, 0x80,

    /* U+04C7 "Ӈ" */
    0xac, 0x0, 0xc7, 0xe4, 0x1, 0xff, 0xd0, 0x3f,
    0xfd, 0x80, 0x11, 0xe6, 0x69, 0x0, 0xc6, 0x79,
    0x40, 0x3f, 0xfa, 0x35, 0x80, 0x19, 0x80, 0x80,
    0x39, 0x24, 0xc0, 0x39, 0x6d, 0xf8, 0x0,

    /* U+04C8 "ӈ" */
    0xb9, 0x0, 0x97, 0xc0, 0x3f, 0xf8, 0x6d, 0xff,
    0x50, 0x1, 0xbf, 0xea, 0x0, 0xff, 0xe5, 0x5c,
    0x80, 0x61, 0x0, 0x84, 0x5e, 0xa0, 0x15, 0x73,
    0xc0,

    /* U+04C9 "Ӊ" */
    0xac, 0x0, 0xc7, 0xe4, 0x1, 0xff, 0xd4, 0x3f,
    0xfd, 0x80, 0x18, 0xf3, 0x34, 0x80, 0x71, 0x9e,
    0x50, 0xf, 0xfe, 0x4b, 0x8, 0x7, 0xeb, 0x9a,
    0xc0, 0xc, 0x78, 0x34, 0x1, 0xf7, 0x51, 0x0,
    0x7a, 0x29, 0x0,

    /* U+04CA "ӊ" */
    0xb9, 0x0, 0x97, 0xc0, 0x3f, 0xf9, 0x2d, 0xff,
    0x50, 0x6, 0x6f, 0xfa, 0x80, 0x3f, 0xf8, 0xe6,
    0x1, 0xfb, 0xe, 0xe4, 0x2, 0x5a, 0x23, 0x0,
    0xf4, 0x70, 0x7, 0x99, 0x4c, 0x0,

    /* U+04CB "Ӌ" */
    0xc9, 0x0, 0x8b, 0xcc, 0x3, 0xf3, 0x98, 0x7,
    0x8d, 0x4c, 0x3, 0xa4, 0xf3, 0xfd, 0xa0, 0x1,
    0xce, 0xcc, 0x50, 0x6, 0x13, 0x33, 0x80, 0x7f,
    0xf2, 0xa3, 0x40, 0x3e, 0x2f, 0x30, 0xf, 0xfe,
    0x5, 0xc0, 0x0,

    /* U+04CC "ӌ" */
    0xf4, 0x0, 0x27, 0x80, 0x78, 0xb4, 0x3, 0x4b,
    0xff, 0xac, 0x13, 0xb9, 0xb4, 0x1, 0x9, 0x8,
    0x7, 0xfa, 0x2c, 0x3, 0x8f, 0xc0, 0x3c,

    /* U+04CD "Ӎ" */
    0xaf, 0xa0, 0xd, 0x1f, 0x60, 0x10, 0xa8, 0x6,
    0x61, 0x0, 0xca, 0x6c, 0x0, 0x43, 0x40, 0xe,
    0xaa, 0x0, 0x3e, 0x80, 0x3c, 0xc6, 0x42, 0x8c,
    0x1, 0xf2, 0xd3, 0x20, 0x80, 0x7d, 0xcd, 0x5c,
    0x1, 0xf9, 0xc, 0xca, 0x1, 0xfd, 0xbc, 0x1,
    0x39, 0x0, 0x7f, 0x8f, 0x46, 0xac, 0x3, 0xd4,
    0xaa, 0x10, 0xf, 0xc8, 0xd4, 0x1, 0xf8, 0x63,
    0x40, 0x0,

    /* U+04CE "ӎ" */
    0xbf, 0x40, 0xa, 0xfd, 0x0, 0x3, 0xe0, 0x2,
    0x50, 0xc, 0xea, 0x41, 0x4c, 0x1, 0x85, 0xa8,
    0x1a, 0x40, 0x3a, 0x99, 0x8a, 0x20, 0x1c, 0x4b,
    0x3e, 0x1, 0xf4, 0x41, 0x0, 0x2, 0x1, 0x8d,
    0xc0, 0x2a, 0x8b, 0x80, 0xe, 0xe1, 0xb0, 0xf,
    0xa5, 0x8c, 0x3, 0xc2, 0x90, 0x0,

    /* U+04CF "ӏ" */
    0x97, 0x2e, 0x0, 0xff, 0xe3, 0x0,

    /* U+04D0 "Ӑ" */
    0x0, 0xa, 0x80, 0x18, 0x3, 0x86, 0x4, 0xac,
    0x3, 0xd7, 0xfe, 0x90, 0xf, 0x37, 0x6a, 0x0,
    0x78, 0xff, 0x0, 0x3e, 0xa6, 0x32, 0x0, 0xf3,
    0x5b, 0x50, 0x7, 0x29, 0x13, 0x58, 0x3, 0xa6,
    0x81, 0x1, 0x40, 0x22, 0x36, 0x0, 0x37, 0x0,
    0x54, 0x1d, 0xfe, 0x74, 0x10, 0x3, 0x46, 0xee,
    0x36, 0x4, 0x16, 0x22, 0xd7, 0x21, 0xe8, 0x20,
    0x19, 0x45, 0x0,

    /* U+04D1 "ӑ" */
    0x0, 0x70, 0x8b, 0x44, 0x2, 0x8f, 0xf5, 0x8,
    0x4, 0xdd, 0xc7, 0x0, 0x97, 0x3f, 0xac, 0x80,
    0x28, 0xdc, 0x1f, 0x0, 0x2a, 0x11, 0x28, 0x88,
    0x5, 0x7d, 0xfe, 0x6, 0xc, 0x2c, 0xff, 0x0,
    0x8d, 0x64, 0x4, 0x0, 0x11, 0x20, 0xc, 0x80,
    0x55, 0x7d, 0x9c, 0x0,

    /* U+04D2 "Ӓ" */
    0x0, 0x84, 0x4, 0x40, 0x1c, 0x9c, 0x51, 0x80,
    0x1c, 0xb6, 0x57, 0xc0, 0x1c, 0x28, 0x4, 0x60,
    0x1e, 0x3f, 0xc0, 0xf, 0xa9, 0x8c, 0x80, 0x3c,
    0xd6, 0xd4, 0x1, 0xca, 0x44, 0xd6, 0x0, 0xe9,
    0xa0, 0x40, 0x50, 0x8, 0x8d, 0x80, 0xd, 0xc0,
    0x15, 0x7, 0x7f, 0x9d, 0x4, 0x0, 0xd1, 0xbb,
    0x8d, 0x81, 0x5, 0x88, 0xb5, 0xc8, 0x7a, 0x8,
    0x6, 0x51, 0x40,

    /* U+04D3 "ӓ" */
    0x0, 0x8, 0x0, 0x40, 0x37, 0x32, 0x70, 0x80,
    0x56, 0x8b, 0x62, 0x1, 0x21, 0xa, 0x0, 0x4b,
    0x9f, 0xd6, 0x40, 0x14, 0x6e, 0xf, 0x80, 0x15,
    0x8, 0x94, 0x44, 0x2, 0xbe, 0xff, 0x3, 0x6,
    0x16, 0x7f, 0x80, 0x46, 0xb2, 0x2, 0x0, 0x8,
    0x90, 0x6, 0x40, 0x2a, 0xbe, 0xce, 0x0, 0x0,

    /* U+04D4 "Ӕ" */
    0x0, 0xdd, 0xff, 0xf4, 0x80, 0x4a, 0x36, 0x4b,
    0x99, 0xa0, 0x2, 0xe5, 0x40, 0x23, 0x3c, 0x20,
    0x2, 0x49, 0x0, 0xff, 0x5a, 0x18, 0x1, 0xff,
    0xf3, 0x0, 0xb7, 0x80, 0x4b, 0x99, 0x9c, 0x18,
    0x2f, 0xfc, 0x44, 0x33, 0xc2, 0x15, 0x1b, 0xb1,
    0x0, 0x79, 0x9, 0x88, 0xa0, 0x23, 0x3c, 0x5e,
    0xa2, 0x1, 0x97, 0x33, 0x70,

    /* U+04D5 "ӕ" */
    0x5, 0xcf, 0xf5, 0x92, 0xef, 0xeb, 0x80, 0x68,
    0xdd, 0xe, 0x5c, 0x6c, 0xd3, 0x80, 0x15, 0x8,
    0x94, 0x30, 0xa4, 0x91, 0x40, 0x2, 0xbe, 0xff,
    0x4, 0xff, 0xd4, 0x40, 0xc, 0x2f, 0xf8, 0x2b,
    0xff, 0x80, 0x45, 0x62, 0x6, 0x18, 0x1, 0xe1,
    0x15, 0x8a, 0x73, 0x31, 0xc8, 0x8b, 0x0, 0xa,
    0x4e, 0x98, 0x9b, 0xb6, 0xe4, 0xe8, 0x0,

    /* U+04D6 "Ӗ" */
    0x3, 0x40, 0x25, 0x0, 0x14, 0x77, 0xb0, 0x0,
    0x73, 0xb4, 0xc0, 0x3f, 0x57, 0xff, 0x68, 0x1e,
    0x66, 0xf0, 0x1, 0x9e, 0x20, 0xf, 0xc7, 0xff,
    0xa4, 0xf, 0x33, 0x40, 0x0, 0xcf, 0x8, 0x7,
    0xf1, 0x9e, 0x20, 0x3c, 0xcd, 0xa0,

    /* U+04D7 "ӗ" */
    0x0, 0x20, 0x80, 0xa8, 0x4, 0x50, 0x12, 0x40,
    0x13, 0x1f, 0x1b, 0x80, 0x6a, 0xeb, 0x0, 0xcf,
    0xbf, 0xac, 0x0, 0x8a, 0x9d, 0x88, 0x28, 0x3c,
    0xa1, 0x2c, 0xf1, 0x85, 0xff, 0xd0, 0xc0, 0xd,
    0xff, 0xda, 0x60, 0xa0, 0x1e, 0x78, 0x62, 0x23,
    0x30, 0x22, 0x6f, 0x73, 0x48,

    /* U+04D8 "Ә" */
    0x0, 0x36, 0x77, 0xec, 0x8, 0x4, 0xdb, 0x5b,
    0x90, 0x9e, 0x20, 0x6, 0xb6, 0x33, 0x2e, 0x2d,
    0x0, 0x7f, 0x72, 0x1, 0x7f, 0xfd, 0x40, 0x66,
    0x8, 0xdd, 0xe8, 0x0, 0x9, 0x71, 0x17, 0x70,
    0x18, 0x53, 0x10, 0x4, 0x4c, 0x80, 0x7, 0x3c,
    0x52, 0x5f, 0x1a, 0x0, 0xb1, 0xaf, 0x6d, 0x3c,
    0x40,

    /* U+04D9 "ә" */
    0x8, 0xdf, 0xf5, 0x98, 0x0, 0xa7, 0x70, 0x30,
    0x82, 0x90, 0x8e, 0xca, 0x0, 0x3c, 0xae, 0x7d,
    0xdc, 0xe0, 0x43, 0xbf, 0xf2, 0xb8, 0xa4, 0x11,
    0xb2, 0xc0, 0x51, 0x6e, 0xaf, 0x8,

    /* U+04DA "Ӛ" */
    0x0, 0xc2, 0x2, 0x1, 0xf4, 0xe0, 0x7c, 0x0,
    0x7a, 0xf8, 0x2a, 0x80, 0x1e, 0x23, 0x4, 0x20,
    0xe, 0x6c, 0xef, 0xd8, 0x10, 0x9, 0xb6, 0xb7,
    0x21, 0x3c, 0x40, 0xd, 0x6c, 0x66, 0x5c, 0x5a,
    0x0, 0xfe, 0xe4, 0x2, 0xff, 0xfa, 0x80, 0xcc,
    0x11, 0xbb, 0xd0, 0x0, 0x12, 0xe2, 0x2e, 0xe0,
    0x30, 0xa6, 0x20, 0x8, 0x99, 0x0, 0xe, 0x78,
    0xa4, 0xbe, 0x34, 0x1, 0x63, 0x5e, 0xda, 0x78,
    0x80,

    /* U+04DB "ӛ" */
    0x0, 0x8, 0x0, 0x40, 0x37, 0x3a, 0x70, 0x80,
    0x56, 0xaa, 0xb1, 0x0, 0x90, 0x85, 0x0, 0x28,
    0xdf, 0xf5, 0x98, 0x0, 0xa7, 0x70, 0x30, 0x82,
    0x90, 0x8e, 0xca, 0x0, 0x3c, 0xae, 0x7d, 0xdc,
    0xe0, 0x43, 0xbf, 0xf2, 0xb8, 0xa4, 0x11, 0xb2,
    0xc0, 0x51, 0x6e, 0xaf, 0x8,

    /* U+04DC "Ӝ" */
    0x0, 0xf0, 0x80, 0x88, 0x3, 0xfc, 0xfe, 0x1b,
    0x0, 0x1f, 0xe5, 0xa0, 0xfb, 0x0, 0xff, 0x12,
    0x1, 0x90, 0x7, 0x17, 0x50, 0x4, 0x5e, 0x60,
    0x14, 0xf1, 0x13, 0x12, 0x40, 0x3e, 0x86, 0xd2,
    0x2, 0xd7, 0x80, 0xe, 0x77, 0x61, 0x80, 0x47,
    0xae, 0xe0, 0x9, 0xa2, 0xcc, 0x3, 0x84, 0x22,
    0xc2, 0xa4, 0x1c, 0x3, 0xdc, 0xb6, 0xc0, 0xd2,
    0xdc, 0x1, 0xce, 0x56, 0x92, 0x10, 0xd2, 0x70,
    0x1, 0x14, 0x58, 0x82, 0x2, 0x0, 0x29, 0xcc,
    0x1, 0x28, 0xa0, 0x1f, 0x23, 0x78, 0x32, 0x50,
    0x7, 0xf4, 0x13, 0x80,

    /* U+04DD "ӝ" */
    0x0, 0xc2, 0x20, 0x10, 0xf, 0xea, 0xa0, 0x72,
    0x80, 0x7e, 0x88, 0x5, 0xa0, 0x7, 0xe3, 0x30,
    0x20, 0x80, 0x75, 0x60, 0x1, 0x7c, 0x0, 0x7e,
    0x80, 0xa, 0xa, 0x0, 0xc5, 0xb2, 0x80, 0x16,
    0xbc, 0x80, 0x7, 0xe5, 0x80, 0x30, 0xbb, 0x70,
    0x69, 0x18, 0x7, 0x22, 0xda, 0x83, 0xc4, 0x80,
    0x75, 0x4a, 0x40, 0x5b, 0x8c, 0x0, 0x50, 0x4c,
    0x6, 0x1, 0x7b, 0x98, 0x1b, 0xf0, 0x7, 0x8d,
    0xfc, 0x0,

    /* U+04DE "Ӟ" */
    0x0, 0x8, 0x80, 0x40, 0x3a, 0x34, 0x39, 0xc0,
    0x35, 0xf8, 0x5a, 0x80, 0x62, 0x30, 0x42, 0x0,
    0xa7, 0x7f, 0xd8, 0xc0, 0x1a, 0x33, 0x15, 0x30,
    0x0, 0x95, 0x33, 0x33, 0x10, 0x3, 0xc6, 0xf6,
    0x1, 0x27, 0xfb, 0x1d, 0xc0, 0x12, 0x6e, 0x4b,
    0xb8, 0x3, 0x11, 0xb4, 0x40, 0x3, 0xe1, 0x0,
    0xd, 0xa9, 0x99, 0xe1, 0xc0, 0x4a, 0x77, 0x2e,
    0xa0, 0x0,

    /* U+04DF "ӟ" */
    0x0, 0x8, 0x0, 0x40, 0x5, 0xc8, 0xfe, 0x0,
    0x2b, 0x55, 0x50, 0x4, 0x82, 0x48, 0x0, 0x9e,
    0xfe, 0x70, 0x6, 0xed, 0x70, 0x80, 0x86, 0x4e,
    0x20, 0x14, 0x7e, 0xb2, 0x0, 0x27, 0x69, 0x8c,
    0x0, 0x24, 0xa9, 0x40, 0xc4, 0x2a, 0xaf, 0xa,
    0xde, 0x88, 0x30,

    /* U+04E0 "Ӡ" */
    0xef, 0xff, 0xe, 0x66, 0xb1, 0x51, 0x23, 0x3a,
    0x16, 0x80, 0x35, 0xbd, 0x80, 0x64, 0x4a, 0xcc,
    0x2, 0x4d, 0xc2, 0xc3, 0x0, 0x88, 0xe4, 0xe8,
    0x3, 0xe3, 0x87, 0x43, 0x4a, 0x3e, 0xe5, 0xd6,
    0x50, 0xda, 0x0,

    /* U+04E1 "ӡ" */
    0x4f, 0xfe, 0xb0, 0x4f, 0xfb, 0x47, 0x0, 0x3b,
    0x89, 0xc0, 0x34, 0x16, 0x80, 0x64, 0x7a, 0x10,
    0xd, 0xc1, 0x52, 0x20, 0x15, 0xed, 0xae, 0x80,
    0x42, 0x4b, 0xc6, 0x80, 0x1f, 0x91, 0xd0, 0xd7,
    0xc9, 0x1f, 0x2b, 0x21, 0x30, 0x0,

    /* U+04E2 "Ӣ" */
    0x0, 0x67, 0x74, 0x60, 0x1b, 0x7f, 0xe3, 0x0,
    0xc2, 0x38, 0x2, 0xab, 0x0, 0x87, 0xfc, 0x20,
    0x1d, 0x0, 0x1f, 0x13, 0x38, 0x7, 0xa0, 0xec,
    0x3, 0x8d, 0x7c, 0x3, 0xd0, 0xa6, 0x1, 0xc8,
    0x88, 0x0, 0xf4, 0x31, 0x0, 0x72, 0x1c, 0x0,
    0x7c, 0xe2, 0x1, 0xc0,

    /* U+04E3 "ӣ" */
    0x8, 0xff, 0xa0, 0x1, 0x1f, 0xf4, 0x5, 0xc0,
    0x0, 0x7f, 0x40, 0x35, 0x80, 0x71, 0xab, 0x80,
    0x6f, 0x8e, 0x0, 0x98, 0x5c, 0x2, 0x18, 0x80,
    0x6, 0x65, 0x50, 0x7, 0x48, 0x6,

    /* U+04E4 "Ӥ" */
    0x0, 0x8, 0x0, 0x40, 0x3b, 0x20, 0xf8, 0xc0,
    0x34, 0xd1, 0xd9, 0x80, 0x64, 0x20, 0x40, 0xa,
    0xac, 0x2, 0x1f, 0xf0, 0x80, 0x74, 0x0, 0x7c,
    0x4c, 0xe0, 0x1e, 0x83, 0xb0, 0xe, 0x35, 0xf0,
    0xf, 0x42, 0x98, 0x7, 0x22, 0x20, 0x3, 0xd0,
    0xc4, 0x1, 0xc8, 0x70, 0x1, 0xf3, 0x88, 0x7,
    0x0,

    /* U+04E5 "ӥ" */
    0x0, 0x8, 0x8, 0x5, 0x18, 0x19, 0x0, 0xa,
    0x90, 0x9a, 0x0, 0x12, 0x2, 0x10, 0x5c, 0x0,
    0x7, 0xf4, 0x3, 0x58, 0x7, 0x1a, 0xb8, 0x6,
    0xf8, 0xe0, 0x9, 0x85, 0xc0, 0x21, 0x88, 0x0,
    0x66, 0x55, 0x0, 0x74, 0x80, 0x60,

    /* U+04E6 "Ӧ" */
    0x0, 0xc2, 0x2, 0x1, 0xf4, 0x78, 0x64, 0x0,
    0x7a, 0xa8, 0x13, 0x40, 0x1e, 0x24, 0x4, 0x20,
    0xe, 0x19, 0xef, 0xe9, 0x10, 0x8, 0x7d, 0x6b,
    0x69, 0x7c, 0x40, 0x16, 0x18, 0x84, 0x98, 0x14,
    0x0, 0x59, 0x0, 0xe9, 0x40, 0x20, 0x20, 0xe,
    0x30, 0x30, 0xf, 0xf8, 0x80, 0x80, 0x38, 0xc0,
    0xc1, 0x24, 0x3, 0xa5, 0x0, 0x12, 0x18, 0x84,
    0x98, 0x14, 0x0, 0x2f, 0x5a, 0xda, 0x5f, 0x10,

    /* U+04E7 "ӧ" */
    0x0, 0x8, 0x80, 0x40, 0x36, 0xd8, 0xf2, 0x80,
    0x5f, 0x23, 0x68, 0x1, 0x19, 0x81, 0x4, 0x2,
    0x8e, 0xfc, 0x40, 0x4, 0x35, 0x6a, 0xd9, 0x3,
    0xc2, 0x14, 0x95, 0x90, 0x20, 0x4, 0x84, 0x1,
    0xf8, 0x81, 0x0, 0x24, 0x30, 0x78, 0x42, 0x92,
    0xa0, 0x86, 0xad, 0x5b, 0x20,

    /* U+04E8 "Ө" */
    0x0, 0xc, 0xf7, 0xf4, 0x88, 0x4, 0x3e, 0x97,
    0xb6, 0xbe, 0x20, 0xb, 0x3d, 0x52, 0x5c, 0x3a,
    0x0, 0x2d, 0x0, 0x75, 0xa0, 0x10, 0x47, 0xff,
    0x48, 0x18, 0x2, 0x77, 0x7a, 0x40, 0x4, 0x2,
    0x45, 0xc2, 0x6, 0x9, 0x20, 0x1d, 0x28, 0x0,
    0x90, 0xc4, 0x24, 0xc0, 0xa0, 0x1, 0x7a, 0xd6,
    0xd2, 0xf8, 0x80,

    /* U+04E9 "ө" */
    0x0, 0x47, 0x7e, 0x20, 0x2, 0x16, 0xb5, 0x2c,
    0x81, 0xe5, 0xa, 0xe, 0xc8, 0x2f, 0xfe, 0x32,
    0x0, 0x5e, 0xec, 0xa0, 0x40, 0x45, 0x9c, 0xc1,
    0xe1, 0x4a, 0x4a, 0x82, 0x1a, 0xf5, 0x6c, 0x80,

    /* U+04EA "Ӫ" */
    0x0, 0xc2, 0x2, 0x1, 0xf4, 0x78, 0x64, 0x0,
    0x7a, 0xa8, 0x13, 0x40, 0x1e, 0x24, 0x4, 0x20,
    0xe, 0x19, 0xef, 0xe9, 0x10, 0x8, 0x7d, 0x2f,
    0x6d, 0x7c, 0x40, 0x16, 0x7a, 0xa4, 0xb8, 0x74,
    0x0, 0x5a, 0x0, 0xeb, 0x40, 0x20, 0x8f, 0xfe,
    0x90, 0x30, 0x4, 0xee, 0xf4, 0x80, 0x8, 0x4,
    0x8b, 0x84, 0xc, 0x12, 0x40, 0x3a, 0x50, 0x1,
    0x21, 0x88, 0x49, 0x81, 0x40, 0x2, 0xf5, 0xad,
    0xa5, 0xf1, 0x0,

    /* U+04EB "ӫ" */
    0x0, 0x8, 0x80, 0x40, 0x36, 0xd8, 0xf2, 0x80,
    0x5f, 0x23, 0x68, 0x1, 0x19, 0x81, 0x4, 0x2,
    0x8e, 0xfc, 0x40, 0x4, 0x2d, 0x6a, 0x59, 0x3,
    0xca, 0x14, 0x1d, 0x90, 0x5f, 0xfc, 0x64, 0x0,
    0xbd, 0xd9, 0x40, 0x80, 0x8b, 0x39, 0x83, 0xc2,
    0x94, 0x95, 0x4, 0x35, 0xea, 0xd9, 0x0,

    /* U+04EC "Ӭ" */
    0x0, 0x8, 0x0, 0x40, 0x3b, 0x24, 0xb8, 0xc0,
    0x37, 0x59, 0x59, 0x0, 0x63, 0x20, 0x41, 0x0,
    0x97, 0x3b, 0xf5, 0xc0, 0x7, 0x32, 0xdc, 0xb9,
    0xb0, 0x3c, 0x53, 0x33, 0x7a, 0xb8, 0x7, 0x85,
    0xec, 0x1, 0xdf, 0xf9, 0x8c, 0x1, 0x9b, 0xb9,
    0x40, 0x22, 0x2e, 0x63, 0x10, 0xe, 0x43, 0xb2,
    0xe6, 0x33, 0x3d, 0xa3, 0x9d, 0xd6, 0xe5, 0x45,
    0x80,

    /* U+04ED "ӭ" */
    0x1, 0x10, 0x8, 0x5, 0x56, 0x3c, 0xa0, 0x8,
    0x91, 0xb4, 0x0, 0x19, 0x81, 0x4, 0xb, 0x3f,
    0xd6, 0x60, 0x9, 0xdd, 0x1e, 0x11, 0x14, 0x89,
    0x7, 0x60, 0xbd, 0xd1, 0xa8, 0x2f, 0xfc, 0xa0,
    0x10, 0x8c, 0xea, 0x4c, 0x47, 0x45, 0x1, 0x5b,
    0x8d, 0x82,

    /* U+04EE "Ӯ" */
    0x0, 0x5f, 0x74, 0x80, 0x1a, 0xbf, 0xe4, 0x0,
    0xc2, 0x38, 0x2, 0x8e, 0x0, 0xcd, 0xe3, 0x42,
    0xa0, 0x15, 0xa8, 0x92, 0xc8, 0x1, 0xa, 0x40,
    0x12, 0x66, 0xf, 0x33, 0x0, 0xc, 0xd2, 0x49,
    0x20, 0x1a, 0x56, 0x45, 0x40, 0x32, 0x8a, 0x48,
    0x7, 0x9c, 0x18, 0x3, 0x12, 0x3b, 0x8, 0x6,
    0x8b, 0x58, 0x0, 0xc0,

    /* U+04EF "ӯ" */
    0x0, 0x77, 0xfc, 0x60, 0x17, 0x7f, 0xc6, 0xd,
    0xc0, 0x1a, 0xa8, 0xc2, 0xa0, 0x1, 0x5e, 0x6,
    0xe0, 0x3, 0x8a, 0x5, 0x20, 0x85, 0x30, 0x0,
    0xcc, 0xc6, 0x6a, 0x0, 0xaa, 0xa4, 0x20, 0x9,
    0x89, 0xb8, 0x3, 0x94, 0x54, 0x3, 0x85, 0xc0,
    0x30, 0xaa, 0x58, 0x6, 0xfa, 0x82, 0x0, 0x80,

    /* U+04F0 "Ӱ" */
    0x0, 0x8, 0x80, 0x40, 0x3b, 0x6c, 0x79, 0x40,
    0x37, 0xc8, 0xda, 0x0, 0x63, 0x30, 0x20, 0x80,
    0x23, 0x80, 0x33, 0x78, 0xd0, 0xa8, 0x5, 0x6a,
    0x24, 0xb2, 0x0, 0x42, 0x90, 0x4, 0x99, 0x83,
    0xcc, 0xc0, 0x3, 0x34, 0x92, 0x48, 0x6, 0x95,
    0x91, 0x50, 0xc, 0xa2, 0x92, 0x1, 0xe7, 0x6,
    0x0, 0xc4, 0x8e, 0xc2, 0x1, 0xa2, 0xd6, 0x0,
    0x30,

    /* U+04F1 "ӱ" */
    0x0, 0x8, 0x0, 0x40, 0x37, 0xc1, 0xf1, 0x0,
    0x55, 0x42, 0xb2, 0x0, 0x90, 0x85, 0x0, 0xd,
    0xc0, 0x1a, 0xa8, 0xc2, 0xa0, 0x1, 0x5e, 0x6,
    0xe0, 0x3, 0x8a, 0x5, 0x20, 0x85, 0x30, 0x0,
    0xcc, 0xc6, 0x6a, 0x0, 0xaa, 0xa4, 0x20, 0x9,
    0x89, 0xb8, 0x3, 0x94, 0x54, 0x3, 0x85, 0xc0,
    0x30, 0xaa, 0x58, 0x6, 0xfa, 0x82, 0x0, 0x80,

    /* U+04F2 "Ӳ" */
    0x0, 0xaa, 0x1b, 0x0, 0x32, 0x1c, 0xee, 0x80,
    0x32, 0x48, 0xd8, 0x80, 0x23, 0x80, 0x33, 0x78,
    0xd0, 0xa8, 0x5, 0x6a, 0x24, 0xb2, 0x0, 0x42,
    0x90, 0x4, 0x99, 0x83, 0xcc, 0xc0, 0x3, 0x34,
    0x92, 0x48, 0x6, 0x95, 0x91, 0x50, 0xc, 0xa2,
    0x92, 0x1, 0xe7, 0x6, 0x0, 0xc4, 0x8e, 0xc2,
    0x1, 0xa2, 0xd6, 0x0, 0x30,

    /* U+04F3 "ӳ" */
    0x0, 0x95, 0x47, 0x0, 0x1a, 0xde, 0x34, 0x2,
    0x76, 0x60, 0x28, 0x4, 0xf0, 0x96, 0x0, 0x6e,
    0x0, 0xd5, 0x46, 0x15, 0x0, 0xa, 0xf0, 0x37,
    0x0, 0x1c, 0x50, 0x29, 0x4, 0x29, 0x80, 0x6,
    0x66, 0x33, 0x50, 0x5, 0x55, 0x21, 0x0, 0x4c,
    0x4d, 0xc0, 0x1c, 0xa2, 0xa0, 0x1c, 0x2e, 0x1,
    0x85, 0x52, 0xc0, 0x37, 0xd4, 0x10, 0x4,

    /* U+04F4 "Ӵ" */
    0x0, 0x8, 0x0, 0x40, 0x22, 0xe4, 0x7f, 0x0,
    0x8a, 0xd5, 0x54, 0x1, 0x90, 0x49, 0x0, 0x19,
    0x20, 0x11, 0x79, 0x80, 0x7f, 0xf1, 0x1c, 0xc0,
    0x3d, 0x8a, 0x60, 0x1c, 0xe9, 0x9f, 0xed, 0x0,
    0xaf, 0xb3, 0x14, 0x1, 0x84, 0xcc, 0xe0, 0x1f,
    0xfc, 0x60,

    /* U+04F5 "ӵ" */
    0x1, 0x0, 0x8, 0x3, 0xe0, 0xf8, 0x82, 0xa8,
    0x56, 0x40, 0x84, 0x28, 0x1e, 0x80, 0x4, 0xf0,
    0xf, 0x8, 0x80, 0x31, 0x78, 0x6, 0xf4, 0xfe,
    0xb0, 0x3e, 0xe7, 0xd0, 0x4, 0x23, 0x0, 0x7c,

    /* U+04F6 "Ӷ" */
    0xaf, 0xfe, 0xb0, 0x3c, 0xcd, 0x20, 0x3, 0x3c,
    0x40, 0x1f, 0xfd, 0xf3, 0xf2, 0x0, 0xaa, 0xc0,
    0x3f, 0xf8, 0x2b, 0x24, 0x1, 0x0,

    /* U+04F7 "ӷ" */
    0xbf, 0xfd, 0x40, 0xd9, 0x94, 0x0, 0x99, 0xc4,
    0x1, 0xff, 0xcd, 0x7c, 0x0, 0xae, 0x0, 0x3f,
    0xc0,

    /* U+04F8 "Ӹ" */
    0x0, 0xc2, 0x2, 0x1, 0xe8, 0xc0, 0xc8, 0x0,
    0xea, 0x90, 0x9a, 0x0, 0xe2, 0x40, 0x42, 0x0,
    0x56, 0x0, 0x79, 0xbc, 0x3, 0xff, 0xa6, 0x7f,
    0xee, 0xc4, 0x0, 0xc7, 0xbb, 0x2d, 0x98, 0x6,
    0x22, 0x1c, 0x8d, 0x80, 0x7f, 0xf0, 0x88, 0x87,
    0x23, 0x60, 0x11, 0xee, 0xb1, 0x68, 0xc0, 0x0,

    /* U+04F9 "ӹ" */
    0x0, 0x8, 0x80, 0x40, 0x3a, 0xac, 0x39, 0x40,
    0x34, 0x48, 0x5a, 0x0, 0x63, 0x30, 0x20, 0x80,
    0x2e, 0x0, 0x39, 0xf4, 0x3, 0xff, 0x8e, 0xfd,
    0xcc, 0x50, 0xc, 0xdf, 0x97, 0x44, 0x1, 0x8,
    0x89, 0xc1, 0xc0, 0x3c, 0xc0, 0xc0, 0x13, 0xff,
    0xae, 0x4c, 0x0,

    /* U+04FA "Ӻ" */
    0x0, 0x5f, 0xff, 0x50, 0x4, 0x99, 0x9a, 0xc0,
    0x21, 0x33, 0xc2, 0x1, 0xfd, 0x1e, 0x8b, 0xff,
    0x30, 0x4e, 0x9a, 0x6e, 0xce, 0x2, 0x4e, 0x24,
    0x50, 0x80, 0x7f, 0xf2, 0x97, 0xb8, 0x20, 0x1a,
    0xff, 0x4, 0x3, 0x84, 0x4a, 0x22, 0x0, 0xdd,
    0xc9, 0xb0, 0x8,

    /* U+04FB "ӻ" */
    0x0, 0x6f, 0xfe, 0x90, 0xa, 0x3b, 0xa9, 0x0,
    0xc2, 0x30, 0x4f, 0x94, 0x7f, 0x90, 0x23, 0x9,
    0xf3, 0x8, 0x2, 0x61, 0xe6, 0x60, 0xf, 0xfe,
    0xc, 0x76, 0x80, 0x6d, 0xfb, 0x30, 0xc, 0x22,
    0xf5, 0x0, 0x8b, 0xb8, 0xf0, 0x0,

    /* U+04FC "Ӽ" */
    0xc, 0xb0, 0xd, 0xb2, 0x0, 0xe4, 0x60, 0x4,
    0x84, 0x80, 0xa, 0x64, 0x28, 0xdc, 0x1, 0x99,
    0x36, 0x9c, 0xc0, 0x3a, 0x4c, 0xd0, 0x1, 0xea,
    0x2, 0x20, 0x7, 0x1b, 0xda, 0x70, 0x7, 0x73,
    0x25, 0x13, 0x80, 0x50, 0x12, 0x3, 0x70, 0x40,
    0x6f, 0x20, 0x12, 0xab, 0x80, 0xfd, 0x0, 0x36,
    0x90, 0x7, 0x85, 0x29, 0x0, 0x3c, 0xf4, 0xf6,
    0x0,

    /* U+04FD "ӽ" */
    0x1e, 0x70, 0x1, 0x7a, 0x8d, 0x41, 0x87, 0xb2,
    0x82, 0x37, 0x48, 0x48, 0x5, 0x20, 0xdc, 0x1,
    0x88, 0x80, 0xc0, 0x1b, 0x96, 0x68, 0x40, 0x10,
    0x56, 0xc9, 0xa0, 0x6f, 0x42, 0x14, 0x4c, 0x7e,
    0x80, 0x1, 0x5e, 0x0, 0xc2, 0x4b, 0xa0, 0x10,
    0xf6, 0xa2, 0x80,

    /* U+04FE "Ӿ" */
    0xc, 0xb0, 0xd, 0xb2, 0x0, 0xd5, 0x70, 0x5,
    0x4, 0x80, 0x6, 0xe0, 0xd5, 0x5e, 0x1, 0x95,
    0xba, 0xa4, 0x80, 0x2d, 0xe7, 0x20, 0x8e, 0x70,
    0x6, 0x7a, 0x90, 0x5f, 0xb8, 0x0, 0x55, 0x39,
    0xa0, 0x40, 0x35, 0x39, 0xc9, 0xc0, 0x5, 0x27,
    0x0, 0xa, 0x73, 0x4, 0x6e, 0x0, 0x91, 0x78,
    0x0,

    /* U+04FF "ӿ" */
    0x1e, 0x80, 0x1, 0xfa, 0xe, 0xba, 0xf, 0x3a,
    0x1, 0xc5, 0x50, 0x60, 0x1, 0xb2, 0x28, 0x7c,
    0x41, 0x96, 0x2, 0xde, 0x40, 0x30, 0xf6, 0xc6,
    0x0, 0x90, 0x85, 0x57, 0x2, 0x37, 0x0, 0x2c,
    0x9c,

    /* U+0500 "Ԁ" */
    0x0, 0xf1, 0x79, 0x80, 0x7f, 0xf4, 0x63, 0x7f,
    0xda, 0x1, 0x4b, 0xde, 0x6d, 0x80, 0x4e, 0xe6,
    0x32, 0x60, 0xf, 0xfe, 0x2, 0x3a, 0x91, 0x18,
    0x2, 0xa7, 0x8d, 0xd5, 0x80, 0x0,

    /* U+0501 "ԁ" */
    0x0, 0xe5, 0xe0, 0xf, 0xfe, 0x19, 0xdf, 0x7d,
    0x0, 0x34, 0xb3, 0x64, 0xc, 0x6c, 0x88, 0x60,
    0x61, 0x42, 0x20, 0xa, 0xd3, 0xb9, 0x40,

    /* U+0502 "Ԃ" */
    0x0, 0xf1, 0x79, 0x80, 0x7f, 0xf4, 0x2a, 0xc0,
    0x3f, 0xf8, 0x71, 0xbf, 0xed, 0x0, 0xfa, 0x9a,
    0xf3, 0x6c, 0x3, 0xe5, 0x66, 0x19, 0x30, 0x7,
    0xc2, 0x20, 0x9, 0x1, 0xc0, 0xc, 0x40, 0xcc,
    0x51, 0x4a, 0x38, 0x25, 0x3d, 0x8, 0x8b, 0xa3,
    0xb8, 0xfb, 0x70, 0x80,

    /* U+0503 "ԃ" */
    0x0, 0xe5, 0xe0, 0xf, 0xfe, 0x7c, 0x90, 0x1d,
    0xf7, 0xd0, 0x6, 0x66, 0x6, 0x16, 0x6c, 0x80,
    0x78, 0xc2, 0xc8, 0x80, 0x20, 0x1, 0x6, 0x30,
    0xb2, 0x4b, 0x8, 0x28, 0x12, 0xb, 0x4d, 0x8e,
    0xb5, 0xd5, 0xd0,

    /* U+0504 "Ԅ" */
    0x6c, 0xff, 0x62, 0x80, 0x78, 0xa3, 0x30, 0x94,
    0x80, 0x1c, 0x88, 0x33, 0x40, 0x98, 0x0, 0x7d,
    0x0, 0x32, 0x8a, 0x0, 0x78, 0xbf, 0xd5, 0x43,
    0x0, 0xf1, 0x6e, 0x3d, 0x20, 0x7, 0xc4, 0x70,
    0x9e, 0x1, 0xfe, 0x35, 0x0, 0x10, 0x30, 0x7,
    0x58, 0xb9, 0xf9, 0x10, 0x3, 0x8e, 0x6b, 0x3,
    0xc0,

    /* U+0505 "ԅ" */
    0x9e, 0xfe, 0x70, 0xe, 0xdd, 0xae, 0x10, 0x3,
    0x21, 0x93, 0x8b, 0x80, 0xa, 0x2, 0x3f, 0x64,
    0xc0, 0xc, 0xe1, 0x3b, 0x50, 0x80, 0x1c, 0x24,
    0xaa, 0xe0, 0x1, 0x8, 0x6, 0xf5, 0x51, 0xda,
    0x0, 0x65, 0x8b, 0xc7, 0xb0,

    /* U+0506 "Ԇ" */
    0x6c, 0xff, 0x62, 0x80, 0x47, 0x39, 0x84, 0xa4,
    0x0, 0x2a, 0x8c, 0xd0, 0x26, 0x1, 0xe5, 0x14,
    0x0, 0x8b, 0xfd, 0x54, 0x30, 0x8, 0xb7, 0x1e,
    0x90, 0x3, 0x11, 0xc2, 0x78, 0x7, 0xc4, 0xe0,
    0x1f, 0x84, 0x80, 0x3e, 0x2d, 0x20, 0xe, 0x9c,
    0x0, 0xff, 0xe4, 0x0,

    /* U+0507 "ԇ" */
    0x9e, 0xfe, 0x70, 0x6, 0xed, 0x70, 0x80, 0x86,
    0x4e, 0x2e, 0x0, 0x8f, 0xd9, 0x30, 0x4, 0xed,
    0x42, 0x0, 0x4, 0x95, 0x5a, 0x1, 0xe3, 0x0,
    0xf2, 0xf0, 0x6, 0xaa, 0x0, 0x7f, 0xf0, 0xc0,

    /* U+0508 "Ԉ" */
    0x0, 0xbb, 0xff, 0x88, 0x3, 0xf3, 0xe6, 0x24,
    0x3, 0xf8, 0x7c, 0xcc, 0xa0, 0x1b, 0x28, 0x3,
    0x8, 0x7, 0xfc, 0x20, 0x40, 0x1f, 0xf1, 0x3,
    0x80, 0x7f, 0xca, 0x6, 0x1, 0xf8, 0xc0, 0x14,
    0xa0, 0x10, 0x83, 0x0, 0x4, 0x47, 0x67, 0x20,
    0x11, 0x12, 0xe, 0xa, 0xe8, 0x30, 0xc0, 0x37,
    0x6, 0x2c, 0x98,

    /* U+0509 "ԉ" */
    0x0, 0x37, 0xfe, 0xc0, 0xf, 0xc3, 0xdc, 0x70,
    0xf, 0xe3, 0x11, 0x78, 0x4, 0x32, 0x20, 0xe,
    0x60, 0xf, 0x1b, 0x18, 0x0, 0x88, 0x1, 0xf8,
    0xc0, 0x9, 0x80, 0x10, 0x80, 0x4, 0x4, 0xa8,
    0x14, 0x0, 0x84, 0xc5, 0x6, 0x10, 0x38, 0x1,
    0x1d, 0x5e, 0x87, 0x0,

    /* U+050A "Ԋ" */
    0xac, 0x0, 0xc7, 0xe4, 0x1, 0xff, 0xd2, 0x1f,
    0x50, 0xf, 0xfe, 0x19, 0xff, 0xec, 0x0, 0xfc,
    0x79, 0x9a, 0x40, 0x3f, 0x8c, 0xf2, 0x80, 0x78,
    0x40, 0x3c, 0x20, 0x20, 0x2, 0x7, 0x0, 0xf1,
    0xc, 0x19, 0x40, 0x98, 0x7, 0xd4, 0xf9, 0xaf,
    0x40,

    /* U+050B "ԋ" */
    0xb9, 0x0, 0x97, 0xc0, 0x3f, 0xf9, 0xf6, 0x60,
    0xdf, 0xf5, 0x0, 0x64, 0x70, 0x6f, 0xfa, 0x80,
    0x3f, 0xe1, 0x0, 0x84, 0x18, 0x3, 0x94, 0x20,
    0xac, 0x48, 0x3, 0x86, 0xd3, 0x5b, 0x40,

    /* U+050C "Ԍ" */
    0x0, 0xc, 0x6f, 0xf6, 0x30, 0x0, 0x7d, 0xaf,
    0x36, 0xa8, 0xe1, 0x61, 0xec, 0x66, 0x6c, 0x60,
    0x59, 0x10, 0xc, 0x46, 0x40, 0x40, 0x1d, 0x32,
    0x0, 0xff, 0x10, 0x10, 0x7, 0x84, 0x16, 0x44,
    0x3, 0x39, 0x85, 0x87, 0xb1, 0x93, 0x1e, 0x0,
    0xfb, 0x5e, 0x6d, 0xba, 0x80,

    /* U+050D "ԍ" */
    0x0, 0x3e, 0xff, 0x48, 0x83, 0xc5, 0xee, 0x85,
    0x42, 0x25, 0x88, 0xe1, 0x8, 0x10, 0x2, 0x63,
    0x0, 0xf5, 0x21, 0x2, 0x0, 0x42, 0x20, 0x89,
    0x62, 0x62, 0x40, 0x78, 0xbd, 0xb9, 0x20,

    /* U+050E "Ԏ" */
    0xf, 0xff, 0xd2, 0x0, 0xcc, 0x9c, 0x33, 0x28,
    0x0, 0x19, 0xdc, 0x6, 0x77, 0x38, 0x7, 0xff,
    0x90, 0xc0, 0x40, 0x22, 0x0, 0xc8, 0x16, 0x74,
    0x8, 0x1, 0x86, 0xdf, 0x1e, 0xc4,

    /* U+050F "ԏ" */
    0xff, 0xf9, 0x83, 0x73, 0x3, 0x19, 0x87, 0x2,
    0x33, 0x1, 0x19, 0x91, 0x80, 0x3e, 0xcd, 0x0,
    0xfc, 0x20, 0x1f, 0x11, 0x80, 0x49, 0x6, 0xa9,
    0x80, 0x15, 0xbe, 0xdb, 0xa8,

    /* U+0510 "Ԑ" */
    0x6, 0xdf, 0xec, 0x55, 0x4d, 0x66, 0xd0, 0xe1,
    0xb9, 0x99, 0x93, 0xd, 0x0, 0x32, 0xcd, 0xff,
    0x84, 0x12, 0x63, 0x34, 0x42, 0x19, 0xcc, 0x80,
    0x2, 0x60, 0x1d, 0x4b, 0x8, 0x6b, 0xf, 0x49,
    0x59, 0x0,

    /* U+0511 "ԑ" */
    0x2, 0xbf, 0xf6, 0xa0, 0x70, 0x66, 0xcb, 0x0,
    0x8, 0xc9, 0x8, 0x39, 0x3f, 0xc2, 0x0, 0x86,
    0xcd, 0x10, 0x2, 0xc1, 0x90, 0x4, 0x50, 0x42,
    0x68, 0x1e, 0x39, 0xdc, 0x20,

    /* U+0512 "Ԓ" */
    0x0, 0xbb, 0xff, 0x88, 0x3, 0x3e, 0x62, 0x40,
    0x38, 0x7c, 0xcc, 0xa0, 0x1e, 0x10, 0xf, 0xfe,
    0x28, 0x81, 0x0, 0x7c, 0xa0, 0xc0, 0x1f, 0x60,
    0x90, 0x7, 0x95, 0xd8, 0x3, 0xcd, 0x4f, 0x0,
    0x1e, 0x6f, 0x80, 0xc, 0xc0, 0x40, 0x1e, 0x49,
    0x30, 0xf, 0x2d, 0xbf, 0x0,

    /* U+0513 "ԓ" */
    0x0, 0x37, 0xfe, 0xc0, 0x8, 0x7f, 0xd0, 0x1,
    0x8c, 0x3, 0xc2, 0x20, 0xf, 0x73, 0x80, 0x79,
    0x4c, 0x3, 0xc, 0x1d, 0x0, 0x66, 0x4b, 0x20,
    0xc, 0xf8, 0x80, 0x19, 0xc0, 0x38, 0xac, 0x80,
    0x3b, 0x42, 0x0,

    /* U+0514 "Ԕ" */
    0x0, 0xbb, 0xff, 0x9c, 0x2, 0x2f, 0x60, 0xc,
    0xf9, 0x94, 0xc1, 0x80, 0x39, 0x18, 0x2, 0x1f,
    0x33, 0x99, 0x78, 0x1c, 0xa8, 0x3, 0x84, 0x3,
    0x59, 0xd4, 0x58, 0x80, 0x7f, 0x86, 0xd5, 0x60,
    0xc, 0x20, 0x40, 0x1d, 0xc0, 0xe0, 0x1c, 0xa0,
    0xc0, 0x19, 0x93, 0x42, 0x40, 0x36, 0x89, 0x0,
    0x45, 0x32, 0x2e, 0x64, 0x1, 0x76, 0x80, 0xd,
    0xc8, 0xc0, 0x6f, 0x20, 0xf7, 0x4c, 0x1, 0x39,
    0x50, 0x5, 0x1, 0x20,

    /* U+0515 "ԕ" */
    0x0, 0x37, 0xff, 0x10, 0x2, 0x38, 0x40, 0x21,
    0xff, 0x9b, 0xc0, 0xde, 0x84, 0x2, 0x30, 0xa,
    0x42, 0x75, 0xd0, 0x2, 0x11, 0x0, 0x6e, 0x63,
    0x80, 0xd, 0xce, 0x1, 0x90, 0xc, 0x40, 0x32,
    0x98, 0x4, 0x71, 0x65, 0x40, 0x1, 0x83, 0xa0,
    0xb, 0x99, 0x39, 0x18, 0x19, 0x2c, 0x80, 0x12,
    0x12, 0x5, 0x52, 0x40,

    /* U+0516 "Ԗ" */
    0xaf, 0xfb, 0x60, 0x2, 0xe8, 0x0, 0x1e, 0xea,
    0xde, 0x2, 0x4e, 0x0, 0x22, 0x23, 0x31, 0x51,
    0xb8, 0x3, 0xe1, 0x2a, 0x73, 0x0, 0xf1, 0xb0,
    0x1c, 0x0, 0x63, 0xff, 0x62, 0xb1, 0x88, 0x6,
    0x3d, 0xd7, 0x5c, 0x9d, 0x80, 0x71, 0x10, 0x40,
    0x1e, 0xaa, 0x0, 0xfe, 0x28, 0xb1, 0x0, 0xfe,
    0x75, 0xa0,

    /* U+0517 "ԗ" */
    0xb9, 0xae, 0xe4, 0x0, 0x17, 0xc8, 0x1b, 0xfb,
    0x1a, 0x6, 0xe4, 0x80, 0xd4, 0xa, 0x5b, 0x55,
    0x80, 0xa, 0x1, 0x20, 0x95, 0x0, 0x7f, 0x9,
    0x0, 0x4a, 0x1, 0x28, 0xb7, 0x0, 0x46, 0xa0,
    0x50, 0xd2, 0x12, 0x0, 0x6f, 0xec, 0x68, 0xe,
    0x64, 0x1, 0xae, 0xe4, 0x0, 0xf, 0xd0, 0x3,
    0xff, 0x94,

    /* U+0518 "Ԙ" */
    0x0, 0x3e, 0xff, 0xff, 0x30, 0x34, 0x2e, 0x64,
    0x11, 0x99, 0x9c, 0x30, 0xa0, 0xce, 0x2, 0x33,
    0xc2, 0x4, 0x44, 0x0, 0xff, 0xa1, 0x6f, 0xfe,
    0xa, 0xff, 0xc6, 0x0, 0xa7, 0x1d, 0xc0, 0x8d,
    0xdc, 0x60, 0x1, 0x78, 0x23, 0x2, 0x2e, 0x0,
    0xac, 0x98, 0x3, 0xfc, 0x6b, 0x20, 0x18, 0x8c,
    0xf0, 0x87, 0xa2, 0x0, 0x34, 0x66, 0x69,

    /* U+0519 "ԙ" */
    0x1, 0xae, 0xeb, 0xff, 0x6c, 0x0, 0x50, 0xdd,
    0xd0, 0xe, 0x7e, 0x24, 0x0, 0xc, 0x3, 0xa4,
    0xc0, 0x61, 0x80, 0x10, 0x3f, 0xdc, 0x8, 0xff,
    0xac, 0x40, 0x5, 0xe1, 0x5e, 0x15, 0xff, 0xc0,
    0x14, 0xb2, 0xa, 0x78, 0x7, 0xca, 0xa8, 0x0,
    0x4a, 0xc1, 0x11, 0x64, 0x1, 0x10, 0x10, 0x1,
    0x61, 0xee, 0xa7, 0xc0,

    /* U+051A "Ԛ" */
    0x0, 0xc, 0xf7, 0xf4, 0x88, 0x4, 0x3e, 0xb5,
    0xb4, 0xbe, 0x20, 0xb, 0xc, 0x42, 0x4c, 0xa,
    0x0, 0x2c, 0x80, 0x74, 0xa0, 0x10, 0x10, 0x7,
    0x18, 0x18, 0x7, 0xf8, 0x48, 0x8, 0x3, 0x8c,
    0x8, 0x12, 0x40, 0x3a, 0x54, 0x1, 0x41, 0x88,
    0x49, 0x81, 0x60, 0x1, 0xf5, 0xad, 0xb0, 0xf1,
    0x0, 0x86, 0x7b, 0xe4, 0xd0, 0x3, 0xf3, 0x51,
    0x0, 0x0,

    /* U+051B "ԛ" */
    0x0, 0x4f, 0xf4, 0x54, 0x84, 0x3d, 0xe1, 0x28,
    0x1, 0xed, 0xa, 0x84, 0x8, 0x1c, 0x2, 0x50,
    0xf, 0xe2, 0x7, 0x0, 0x94, 0x0, 0xd6, 0x85,
    0x42, 0x0, 0x97, 0xbc, 0x25, 0x0, 0xa7, 0xfa,
    0x0, 0x3f, 0xf8, 0xc0,

    /* U+051C "Ԝ" */
    0x6f, 0x0, 0xdf, 0xa0, 0x11, 0x7a, 0x20, 0xc,
    0x0, 0x62, 0x42, 0x0, 0x40, 0x42, 0x14, 0x0,
    0x22, 0xd, 0x0, 0x18, 0x80, 0x4, 0xc0, 0x6,
    0x61, 0x30, 0x0, 0x98, 0x0, 0xc4, 0x0, 0x22,
    0x31, 0x0, 0x85, 0x0, 0x8, 0x8, 0x81, 0x24,
    0x21, 0x40, 0x30, 0x1, 0xe, 0x61, 0x0, 0x6,
    0x98, 0x80, 0x19, 0xd1, 0x18, 0x0, 0x4c, 0x4c,
    0x0, 0xd8, 0x66, 0x40, 0x6, 0x30, 0xa0, 0x6,
    0x40, 0x12, 0x0, 0x20, 0x0, 0xc0, 0x0,

    /* U+051D "ԝ" */
    0x4f, 0x0, 0x17, 0xc8, 0x2, 0x2d, 0x0, 0xc1,
    0x5, 0x0, 0x9, 0x80, 0x68, 0x19, 0x24, 0x20,
    0x68, 0x9, 0x80, 0x88, 0x34, 0x40, 0x18, 0x62,
    0x10, 0x9a, 0x66, 0x10, 0x0, 0x81, 0x8, 0x18,
    0x88, 0xc0, 0x8, 0xd7, 0x1, 0x8, 0xd0, 0x2,
    0x40, 0x40, 0x1, 0x81, 0x80,

    /* U+051E "Ԟ" */
    0xac, 0x4, 0x20, 0xcd, 0x10, 0x9, 0x27, 0xb,
    0xc4, 0x3, 0x8e, 0xc8, 0x3, 0x52, 0xdf, 0x88,
    0x5, 0x4a, 0x49, 0x42, 0x0, 0x34, 0xb2, 0x80,
    0xc, 0x38, 0x94, 0xe6, 0x1, 0x11, 0x1, 0x1b,
    0x80, 0x3e, 0x90, 0x90, 0xf, 0xb9, 0x94,

    /* U+051F "ԟ" */
    0xb8, 0x7, 0x77, 0x18, 0x6, 0x8a, 0x30, 0x2,
    0xc4, 0x98, 0x1, 0x28, 0x5d, 0xc0, 0x3, 0xa5,
    0xb0, 0x9, 0x96, 0x55, 0x40, 0x1, 0x2, 0x9b,
    0x10, 0xc, 0xcb, 0x60,

    /* U+0520 "Ԡ" */
    0x0, 0xbb, 0xff, 0x88, 0x3, 0xf9, 0xf3, 0x12,
    0x1, 0xfe, 0x1f, 0x33, 0x28, 0x7, 0xfc, 0x20,
    0x1f, 0xfc, 0x7d, 0xff, 0x74, 0x0, 0x42, 0x4,
    0x1, 0xaf, 0x31, 0xe, 0xc0, 0x5, 0x6, 0x0,
    0xcc, 0x66, 0x64, 0xc0, 0x6, 0x89, 0x0, 0x7e,
    0x26, 0x18, 0x68, 0x0, 0xff, 0x9d, 0x29, 0x80,
    0x3f, 0xe6, 0xc5, 0x0, 0xc7, 0xe4, 0x1, 0x13,
    0x80, 0x7f, 0xc4, 0xc9, 0xa0, 0x1f, 0xf4, 0x41,
    0xd8,

    /* U+0521 "ԡ" */
    0x0, 0x37, 0xfe, 0xc0, 0xf, 0xc3, 0xfe, 0x80,
    0xf, 0xe3, 0x0, 0xff, 0x84, 0x40, 0x1f, 0xf7,
    0xb8, 0x4, 0x7d, 0xcd, 0x80, 0x8, 0xcc, 0x1,
    0x1f, 0xfa, 0x5c, 0x81, 0x52, 0x80, 0x30, 0x89,
    0x1, 0x9e, 0x6c, 0x80, 0x3e, 0x11, 0x3e, 0x20,
    0x4, 0xf8, 0x1, 0x8, 0x80, 0x3f, 0x85, 0x1,
    0x80, 0x3f, 0x2f, 0x53, 0x90,

    /* U+0522 "Ԣ" */
    0xac, 0x0, 0xc7, 0xe4, 0x1, 0xff, 0xe4, 0x3f,
    0xfd, 0x81, 0xbf, 0xee, 0x80, 0x1, 0xe6, 0x69,
    0xa, 0xcc, 0x43, 0xb0, 0x0, 0xcf, 0x28, 0x39,
    0x99, 0x93, 0x40, 0x3f, 0xf8, 0x4, 0xe0, 0x1f,
    0xfd, 0xa, 0xc0, 0xc, 0x7e, 0x40, 0x11, 0x38,
    0x7, 0xf8, 0x99, 0x30, 0x3, 0xfd, 0x10, 0x77,
    0x0,

    /* U+0523 "ԣ" */
    0xb8, 0x0, 0x9b, 0x80, 0x3f, 0xfa, 0x42, 0x45,
    0x8, 0x7, 0xcd, 0xbb, 0x40, 0xf7, 0x36, 0x40,
    0xd, 0xdd, 0x48, 0xff, 0xb9, 0x90, 0x4, 0x70,
    0x0, 0x44, 0x64, 0x40, 0xf, 0xfe, 0x5, 0xc0,
    0x4, 0xdc, 0x1, 0xff, 0xc1, 0x13, 0x22, 0x0,
    0x7c, 0x9d, 0x8c, 0x80,

    /* U+0524 "Ԥ" */
    0xaf, 0xff, 0x88, 0x0, 0x79, 0x9a, 0x40, 0x38,
    0xcf, 0x28, 0x7, 0xff, 0xef, 0x62, 0xb0, 0x3,
    0x1f, 0x90, 0x7, 0xff, 0x1e, 0x2c,

    /* U+0525 "ԥ" */
    0xbf, 0xfe, 0xe0, 0x9, 0xff, 0xe9, 0x0, 0xff,
    0xf5, 0xf, 0x95, 0xc0, 0x4, 0xda, 0x1, 0xff,
    0x0
};


/*---------------------
 *  GLYPH DESCRIPTION
 *--------------------*/

static const lv_font_fmt_txt_glyph_dsc_t glyph_dsc[] = {
    {.bitmap_index = 0, .adv_w = 0, .box_w = 0, .box_h = 0, .ofs_x = 0, .ofs_y = 0} /* id = 0 reserved */,
    {.bitmap_index = 0, .adv_w = 71, .box_w = 0, .box_h = 0, .ofs_x = 0, .ofs_y = 0},
    {.bitmap_index = 0, .adv_w = 90, .box_w = 2, .box_h = 10, .ofs_x = 2, .ofs_y = 0},
    {.bitmap_index = 9, .adv_w = 103, .box_w = 5, .box_h = 4, .ofs_x = 1, .ofs_y = 6},
    {.bitmap_index = 17, .adv_w = 188, .box_w = 10, .box_h = 10, .ofs_x = 1, .ofs_y = 0},
    {.bitmap_index = 67, .adv_w = 143, .box_w = 7, .box_h = 13, .ofs_x = 1, .ofs_y = -2},
    {.bitmap_index = 107, .adv_w = 213, .box_w = 13, .box_h = 10, .ofs_x = 0, .ofs_y = 0},
    {.bitmap_index = 168, .adv_w = 175, .box_w = 11, .box_h = 10, .ofs_x = 0, .ofs_y = 0},
    {.bitmap_index = 219, .adv_w = 62, .box_w = 2, .box_h = 4, .ofs_x = 1, .ofs_y = 6},
    {.bitmap_index = 223, .adv_w = 87, .box_w = 4, .box_h = 13, .ofs_x = 1, .ofs_y = -2},
    {.bitmap_index = 250, .adv_w = 87, .box_w = 4, .box_h = 13, .ofs_x = 1, .ofs_y = -2},
    {.bitmap_index = 277, .adv_w = 112, .box_w = 7, .box_h = 7, .ofs_x = 0, .ofs_y = 3},
    {.bitmap_index = 301, .adv_w = 188, .box_w = 10, .box_h = 9, .ofs_x = 1, .ofs_y = 0},
    {.bitmap_index = 326, .adv_w = 71, .box_w = 3, .box_h = 4, .ofs_x = 1, .ofs_y = -2},
    {.bitmap_index = 332, .adv_w = 81, .box_w = 5, .box_h = 2, .ofs_x = 0, .ofs_y = 3},
    {.bitmap_index = 337, .adv_w = 71, .box_w = 2, .box_h = 2, .ofs_x = 1, .ofs_y = 0},
    {.bitmap_index = 339, .adv_w = 75, .box_w = 5, .box_h = 12, .ofs_x = 0, .ofs_y = -2},
    {.bitmap_index = 369, .adv_w = 143, .box_w = 8, .box_h = 10, .ofs_x = 0, .ofs_y = 0},
    {.bitmap_index = 406, .adv_w = 143, .box_w = 7, .box_h = 10, .ofs_x = 1, .ofs_y = 0},
    {.bitmap_index = 424, .adv_w = 143, .box_w = 7, .box_h = 10, .ofs_x = 1, .ofs_y = 0},
    {.bitmap_index = 458, .adv_w = 143, .box_w = 7, .box_h = 10, .ofs_x = 1, .ofs_y = 0},
    {.bitmap_index = 492, .adv_w = 143, .box_w = 9, .box_h = 10, .ofs_x = 0, .ofs_y = 0},
    {.bitmap_index = 526, .adv_w = 143, .box_w = 7, .box_h = 10, .ofs_x = 1, .ofs_y = 0},
    {.bitmap_index = 558, .adv_w = 143, .box_w = 9, .box_h = 10, .ofs_x = 0, .ofs_y = 0},
    {.bitmap_index = 604, .adv_w = 143, .box_w = 7, .box_h = 10, .ofs_x = 1, .ofs_y = 0},
    {.bitmap_index = 633, .adv_w = 143, .box_w = 8, .box_h = 10, .ofs_x = 0, .ofs_y = 0},
    {.bitmap_index = 672, .adv_w = 143, .box_w = 8, .box_h = 10, .ofs_x = 0, .ofs_y = 0},
    {.bitmap_index = 712, .adv_w = 75, .box_w = 3, .box_h = 7, .ofs_x = 1, .ofs_y = 0},
    {.bitmap_index = 721, .adv_w = 75, .box_w = 3, .box_h = 9, .ofs_x = 1, .ofs_y = -2},
    {.bitmap_index = 733, .adv_w = 188, .box_w = 10, .box_h = 9, .ofs_x = 1, .ofs_y = 0},
    {.bitmap_index = 771, .adv_w = 188, .box_w = 10, .box_h = 5, .ofs_x = 1, .ofs_y = 2},
    {.bitmap_index = 786, .adv_w = 188, .box_w = 10, .box_h = 9, .ofs_x = 1, .ofs_y = 0},
    {.bitmap_index = 824, .adv_w = 119, .box_w = 6, .box_h = 10, .ofs_x = 1, .ofs_y = 0},
    {.bitmap_index = 853, .adv_w = 224, .box_w = 14, .box_h = 13, .ofs_x = 0, .ofs_y = -2},
    {.bitmap_index = 936, .adv_w = 153, .box_w = 10, .box_h = 10, .ofs_x = 0, .ofs_y = 0},
    {.bitmap_index = 979, .adv_w = 154, .box_w = 8, .box_h = 10, .ofs_x = 1, .ofs_y = 0},
    {.bitmap_index = 1016, .adv_w = 156, .box_w = 10, .box_h = 10, .ofs_x = 0, .ofs_y = 0},
    {.bitmap_index = 1059, .adv_w = 172, .box_w = 9, .box_h = 10, .ofs_x = 1, .ofs_y = 0},
    {.bitmap_index = 1094, .adv_w = 142, .box_w = 7, .box_h = 10, .ofs_x = 1, .ofs_y = 0},
    {.bitmap_index = 1120, .adv_w = 129, .box_w = 7, .box_h = 10, .ofs_x = 1, .ofs_y = 0},
    {.bitmap_index = 1142, .adv_w = 174, .box_w = 10, .box_h = 10, .ofs_x = 0, .ofs_y = 0},
    {.bitmap_index = 1188, .adv_w = 168, .box_w = 9, .box_h = 10, .ofs_x = 1, .ofs_y = 0},
    {.bitmap_index = 1208, .adv_w = 66, .box_w = 2, .box_h = 10, .ofs_x = 1, .ofs_y = 0},
    {.bitmap_index = 1213, .adv_w = 66, .box_w = 4, .box_h = 13, .ofs_x = -1, .ofs_y = -3},
    {.bitmap_index = 1225, .adv_w = 147, .box_w = 9, .box_h = 10, .ofs_x = 1, .ofs_y = 0},
    {.bitmap_index = 1263, .adv_w = 125, .box_w = 7, .box_h = 10, .ofs_x = 1, .ofs_y = 0},
    {.bitmap_index = 1272, .adv_w = 193, .box_w = 10, .box_h = 10, .ofs_x = 1, .ofs_y = 0},
    {.bitmap_index = 1312, .adv_w = 168, .box_w = 9, .box_h = 10, .ofs_x = 1, .ofs_y = 0},
    {.bitmap_index = 1345, .adv_w = 176, .box_w = 11, .box_h = 10, .ofs_x = 0, .ofs_y = 0},
    {.bitmap_index = 1394, .adv_w = 135, .box_w = 7, .box_h = 10, .ofs_x = 1, .ofs_y = 0},
    {.bitmap_index = 1423, .adv_w = 176, .box_w = 11, .box_h = 12, .ofs_x = 0, .ofs_y = -2},
    {.bitmap_index = 1481, .adv_w = 156, .box_w = 9, .box_h = 10, .ofs_x = 1, .ofs_y = 0},
    {.bitmap_index = 1518, .adv_w = 142, .box_w = 9, .box_h = 10, .ofs_x = 0, .ofs_y = 0},
    {.bitmap_index = 1559, .adv_w = 137, .box_w = 10, .box_h = 10, .ofs_x = -1, .ofs_y = 0},
    {.bitmap_index = 1574, .adv_w = 164, .box_w = 9, .box_h = 10, .ofs_x = 1, .ofs_y = 0},
    {.bitmap_index = 1598, .adv_w = 153, .box_w = 10, .box_h = 10, .ofs_x = 0, .ofs_y = 0},
    {.bitmap_index = 1643, .adv_w = 221, .box_w = 14, .box_h = 10, .ofs_x = 0, .ofs_y = 0},
    {.bitmap_index = 1714, .adv_w = 153, .box_w = 10, .box_h = 10, .ofs_x = 0, .ofs_y = 0},
    {.bitmap_index = 1759, .adv_w = 137, .box_w = 10, .box_h = 10, .ofs_x = -1, .ofs_y = 0},
    {.bitmap_index = 1790, .adv_w = 153, .box_w = 9, .box_h = 10, .ofs_x = 0, .ofs_y = 0},
    {.bitmap_index = 1826, .adv_w = 87, .box_w = 4, .box_h = 13, .ofs_x = 1, .ofs_y = -2},
    {.bitmap_index = 1835, .adv_w = 75, .box_w = 5, .box_h = 12, .ofs_x = 0, .ofs_y = -2},
    {.bitmap_index = 1863, .adv_w = 87, .box_w = 4, .box_h = 13, .ofs_x = 1, .ofs_y = -2},
    {.bitmap_index = 1872, .adv_w = 188, .box_w = 10, .box_h = 4, .ofs_x = 1, .ofs_y = 7},
    {.bitmap_index = 1891, .adv_w = 112, .box_w = 9, .box_h = 1, .ofs_x = -1, .ofs_y = -3},
    {.bitmap_index = 1894, .adv_w = 112, .box_w = 4, .box_h = 3, .ofs_x = 1, .ofs_y = 9},
    {.bitmap_index = 1901, .adv_w = 137, .box_w = 8, .box_h = 8, .ofs_x = 0, .ofs_y = 0},
    {.bitmap_index = 1934, .adv_w = 142, .box_w = 8, .box_h = 11, .ofs_x = 1, .ofs_y = 0},
    {.bitmap_index = 1968, .adv_w = 123, .box_w = 7, .box_h = 8, .ofs_x = 0, .ofs_y = 0},
    {.bitmap_index = 1993, .adv_w = 142, .box_w = 8, .box_h = 11, .ofs_x = 0, .ofs_y = 0},
    {.bitmap_index = 2028, .adv_w = 138, .box_w = 8, .box_h = 8, .ofs_x = 0, .ofs_y = 0},
    {.bitmap_index = 2059, .adv_w = 79, .box_w = 6, .box_h = 11, .ofs_x = 0, .ofs_y = 0},
    {.bitmap_index = 2077, .adv_w = 142, .box_w = 8, .box_h = 11, .ofs_x = 0, .ofs_y = -3},
    {.bitmap_index = 2119, .adv_w = 142, .box_w = 7, .box_h = 11, .ofs_x = 1, .ofs_y = 0},
    {.bitmap_index = 2142, .adv_w = 62, .box_w = 2, .box_h = 11, .ofs_x = 1, .ofs_y = 0},
    {.bitmap_index = 2150, .adv_w = 62, .box_w = 4, .box_h = 14, .ofs_x = -1, .ofs_y = -3},
    {.bitmap_index = 2167, .adv_w = 130, .box_w = 8, .box_h = 11, .ofs_x = 1, .ofs_y = 0},
    {.bitmap_index = 2197, .adv_w = 62, .box_w = 2, .box_h = 11, .ofs_x = 1, .ofs_y = 0},
    {.bitmap_index = 2202, .adv_w = 218, .box_w = 12, .box_h = 8, .ofs_x = 1, .ofs_y = 0},
    {.bitmap_index = 2230, .adv_w = 142, .box_w = 7, .box_h = 8, .ofs_x = 1, .ofs_y = 0},
    {.bitmap_index = 2250, .adv_w = 137, .box_w = 8, .box_h = 8, .ofs_x = 0, .ofs_y = 0},
    {.bitmap_index = 2280, .adv_w = 142, .box_w = 8, .box_h = 11, .ofs_x = 1, .ofs_y = -3},
    {.bitmap_index = 2317, .adv_w = 142, .box_w = 8, .box_h = 11, .ofs_x = 0, .ofs_y = -3},
    {.bitmap_index = 2353, .adv_w = 92, .box_w = 5, .box_h = 9, .ofs_x = 1, .ofs_y = 0},
    {.bitmap_index = 2368, .adv_w = 117, .box_w = 7, .box_h = 8, .ofs_x = 0, .ofs_y = 0},
    {.bitmap_index = 2397, .adv_w = 88, .box_w = 6, .box_h = 10, .ofs_x = 0, .ofs_y = 0},
    {.bitmap_index = 2418, .adv_w = 142, .box_w = 7, .box_h = 8, .ofs_x = 1, .ofs_y = 0},
    {.bitmap_index = 2437, .adv_w = 133, .box_w = 8, .box_h = 8, .ofs_x = 0, .ofs_y = 0},
    {.bitmap_index = 2468, .adv_w = 183, .box_w = 11, .box_h = 8, .ofs_x = 0, .ofs_y = 0},
    {.bitmap_index = 2513, .adv_w = 133, .box_w = 8, .box_h = 8, .ofs_x = 0, .ofs_y = 0},
    {.bitmap_index = 2544, .adv_w = 133, .box_w = 8, .box_h = 11, .ofs_x = 0, .ofs_y = -3},
    {.bitmap_index = 2584, .adv_w = 118, .box_w = 7, .box_h = 8, .ofs_x = 0, .ofs_y = 0},
    {.bitmap_index = 2609, .adv_w = 143, .box_w = 7, .box_h = 13, .ofs_x = 1, .ofs_y = -2},
    {.bitmap_index = 2646, .adv_w = 75, .box_w = 2, .box_h = 15, .ofs_x = 1, .ofs_y = -4},
    {.bitmap_index = 2652, .adv_w = 143, .box_w = 7, .box_h = 13, .ofs_x = 1, .ofs_y = -2},
    {.bitmap_index = 2688, .adv_w = 188, .box_w = 10, .box_h = 4, .ofs_x = 1, .ofs_y = 3},
    {.bitmap_index = 2705, .adv_w = 142, .box_w = 7, .box_h = 13, .ofs_x = 1, .ofs_y = 0},
    {.bitmap_index = 2740, .adv_w = 142, .box_w = 7, .box_h = 14, .ofs_x = 1, .ofs_y = 0},
    {.bitmap_index = 2780, .adv_w = 176, .box_w = 11, .box_h = 13, .ofs_x = -1, .ofs_y = -3},
    {.bitmap_index = 2826, .adv_w = 137, .box_w = 7, .box_h = 13, .ofs_x = 1, .ofs_y = 0},
    {.bitmap_index = 2846, .adv_w = 156, .box_w = 10, .box_h = 10, .ofs_x = 0, .ofs_y = 0},
    {.bitmap_index = 2892, .adv_w = 142, .box_w = 9, .box_h = 10, .ofs_x = 0, .ofs_y = 0},
    {.bitmap_index = 2933, .adv_w = 66, .box_w = 2, .box_h = 10, .ofs_x = 1, .ofs_y = 0},
    {.bitmap_index = 2938, .adv_w = 66, .box_w = 5, .box_h = 14, .ofs_x = 0, .ofs_y = 0},
    {.bitmap_index = 2953, .adv_w = 66, .box_w = 4, .box_h = 13, .ofs_x = -1, .ofs_y = -3},
    {.bitmap_index = 2965, .adv_w = 245, .box_w = 15, .box_h = 10, .ofs_x = 0, .ofs_y = 0},
    {.bitmap_index = 3018, .adv_w = 234, .box_w = 13, .box_h = 10, .ofs_x = 1, .ofs_y = 0},
    {.bitmap_index = 3054, .adv_w = 176, .box_w = 11, .box_h = 10, .ofs_x = -1, .ofs_y = 0},
    {.bitmap_index = 3089, .adv_w = 159, .box_w = 9, .box_h = 13, .ofs_x = 1, .ofs_y = 0},
    {.bitmap_index = 3136, .adv_w = 168, .box_w = 9, .box_h = 13, .ofs_x = 1, .ofs_y = 0},
    {.bitmap_index = 3179, .adv_w = 137, .box_w = 9, .box_h = 14, .ofs_x = 0, .ofs_y = 0},
    {.bitmap_index = 3234, .adv_w = 168, .box_w = 9, .box_h = 12, .ofs_x = 1, .ofs_y = -2},
    {.bitmap_index = 3254, .adv_w = 153, .box_w = 10, .box_h = 10, .ofs_x = 0, .ofs_y = 0},
    {.bitmap_index = 3297, .adv_w = 154, .box_w = 8, .box_h = 10, .ofs_x = 1, .ofs_y = 0},
    {.bitmap_index = 3329, .adv_w = 154, .box_w = 8, .box_h = 10, .ofs_x = 1, .ofs_y = 0},
    {.bitmap_index = 3366, .adv_w = 137, .box_w = 7, .box_h = 10, .ofs_x = 1, .ofs_y = 0},
    {.bitmap_index = 3378, .adv_w = 175, .box_w = 11, .box_h = 13, .ofs_x = 0, .ofs_y = -3},
    {.bitmap_index = 3427, .adv_w = 142, .box_w = 7, .box_h = 10, .ofs_x = 1, .ofs_y = 0},
    {.bitmap_index = 3453, .adv_w = 241, .box_w = 15, .box_h = 10, .ofs_x = 0, .ofs_y = 0},
    {.bitmap_index = 3517, .adv_w = 144, .box_w = 9, .box_h = 10, .ofs_x = 0, .ofs_y = 0},
    {.bitmap_index = 3559, .adv_w = 168, .box_w = 9, .box_h = 10, .ofs_x = 1, .ofs_y = 0},
    {.bitmap_index = 3592, .adv_w = 168, .box_w = 9, .box_h = 14, .ofs_x = 1, .ofs_y = 0},
    {.bitmap_index = 3638, .adv_w = 159, .box_w = 9, .box_h = 10, .ofs_x = 1, .ofs_y = 0},
    {.bitmap_index = 3675, .adv_w = 168, .box_w = 10, .box_h = 10, .ofs_x = 0, .ofs_y = 0},
    {.bitmap_index = 3709, .adv_w = 193, .box_w = 10, .box_h = 10, .ofs_x = 1, .ofs_y = 0},
    {.bitmap_index = 3749, .adv_w = 168, .box_w = 9, .box_h = 10, .ofs_x = 1, .ofs_y = 0},
    {.bitmap_index = 3769, .adv_w = 176, .box_w = 11, .box_h = 10, .ofs_x = 0, .ofs_y = 0},
    {.bitmap_index = 3818, .adv_w = 168, .box_w = 9, .box_h = 10, .ofs_x = 1, .ofs_y = 0},
    {.bitmap_index = 3830, .adv_w = 135, .box_w = 7, .box_h = 10, .ofs_x = 1, .ofs_y = 0},
    {.bitmap_index = 3859, .adv_w = 156, .box_w = 10, .box_h = 10, .ofs_x = 0, .ofs_y = 0},
    {.bitmap_index = 3902, .adv_w = 137, .box_w = 10, .box_h = 10, .ofs_x = -1, .ofs_y = 0},
    {.bitmap_index = 3917, .adv_w = 137, .box_w = 9, .box_h = 10, .ofs_x = 0, .ofs_y = 0},
    {.bitmap_index = 3958, .adv_w = 193, .box_w = 12, .box_h = 10, .ofs_x = 0, .ofs_y = 0},
    {.bitmap_index = 4011, .adv_w = 153, .box_w = 10, .box_h = 10, .ofs_x = 0, .ofs_y = 0},
    {.bitmap_index = 4056, .adv_w = 174, .box_w = 10, .box_h = 13, .ofs_x = 1, .ofs_y = -3},
    {.bitmap_index = 4078, .adv_w = 154, .box_w = 8, .box_h = 10, .ofs_x = 1, .ofs_y = 0},
    {.bitmap_index = 4105, .adv_w = 240, .box_w = 13, .box_h = 10, .ofs_x = 1, .ofs_y = 0},
    {.bitmap_index = 4129, .adv_w = 245, .box_w = 14, .box_h = 13, .ofs_x = 1, .ofs_y = -3},
    {.bitmap_index = 4161, .adv_w = 186, .box_w = 11, .box_h = 10, .ofs_x = 0, .ofs_y = 0},
    {.bitmap_index = 4198, .adv_w = 198, .box_w = 10, .box_h = 10, .ofs_x = 1, .ofs_y = 0},
    {.bitmap_index = 4230, .adv_w = 154, .box_w = 8, .box_h = 10, .ofs_x = 1, .ofs_y = 0},
    {.bitmap_index = 4256, .adv_w = 156, .box_w = 9, .box_h = 10, .ofs_x = 0, .ofs_y = 0},
    {.bitmap_index = 4297, .adv_w = 242, .box_w = 14, .box_h = 10, .ofs_x = 1, .ofs_y = 0},
    {.bitmap_index = 4355, .adv_w = 156, .box_w = 9, .box_h = 10, .ofs_x = 0, .ofs_y = 0},
    {.bitmap_index = 4393, .adv_w = 137, .box_w = 8, .box_h = 8, .ofs_x = 0, .ofs_y = 0},
    {.bitmap_index = 4426, .adv_w = 138, .box_w = 8, .box_h = 12, .ofs_x = 0, .ofs_y = 0},
    {.bitmap_index = 4470, .adv_w = 132, .box_w = 7, .box_h = 8, .ofs_x = 1, .ofs_y = 0},
    {.bitmap_index = 4498, .adv_w = 118, .box_w = 6, .box_h = 8, .ofs_x = 1, .ofs_y = 0},
    {.bitmap_index = 4507, .adv_w = 155, .box_w = 9, .box_h = 10, .ofs_x = 0, .ofs_y = -2},
    {.bitmap_index = 4539, .adv_w = 138, .box_w = 8, .box_h = 8, .ofs_x = 0, .ofs_y = 0},
    {.bitmap_index = 4570, .adv_w = 202, .box_w = 13, .box_h = 8, .ofs_x = 0, .ofs_y = 0},
    {.bitmap_index = 4618, .adv_w = 119, .box_w = 7, .box_h = 8, .ofs_x = 0, .ofs_y = 0},
    {.bitmap_index = 4647, .adv_w = 146, .box_w = 7, .box_h = 8, .ofs_x = 1, .ofs_y = 0},
    {.bitmap_index = 4671, .adv_w = 146, .box_w = 7, .box_h = 11, .ofs_x = 1, .ofs_y = 0},
    {.bitmap_index = 4706, .adv_w = 135, .box_w = 7, .box_h = 8, .ofs_x = 1, .ofs_y = 0},
    {.bitmap_index = 4734, .adv_w = 143, .box_w = 8, .box_h = 8, .ofs_x = 0, .ofs_y = 0},
    {.bitmap_index = 4759, .adv_w = 169, .box_w = 9, .box_h = 8, .ofs_x = 1, .ofs_y = 0},
    {.bitmap_index = 4790, .adv_w = 146, .box_w = 7, .box_h = 8, .ofs_x = 1, .ofs_y = 0},
    {.bitmap_index = 4808, .adv_w = 137, .box_w = 8, .box_h = 8, .ofs_x = 0, .ofs_y = 0},
    {.bitmap_index = 4838, .adv_w = 146, .box_w = 7, .box_h = 8, .ofs_x = 1, .ofs_y = 0},
    {.bitmap_index = 4847, .adv_w = 142, .box_w = 8, .box_h = 11, .ofs_x = 1, .ofs_y = -3},
    {.bitmap_index = 4884, .adv_w = 123, .box_w = 7, .box_h = 8, .ofs_x = 0, .ofs_y = 0},
    {.bitmap_index = 4909, .adv_w = 130, .box_w = 8, .box_h = 8, .ofs_x = 0, .ofs_y = 0},
    {.bitmap_index = 4919, .adv_w = 133, .box_w = 8, .box_h = 11, .ofs_x = 0, .ofs_y = -3},
    {.bitmap_index = 4959, .adv_w = 192, .box_w = 12, .box_h = 13, .ofs_x = 0, .ofs_y = -3},
    {.bitmap_index = 5015, .adv_w = 133, .box_w = 8, .box_h = 8, .ofs_x = 0, .ofs_y = 0},
    {.bitmap_index = 5046, .adv_w = 152, .box_w = 8, .box_h = 10, .ofs_x = 1, .ofs_y = -2},
    {.bitmap_index = 5061, .adv_w = 132, .box_w = 6, .box_h = 8, .ofs_x = 1, .ofs_y = 0},
    {.bitmap_index = 5081, .adv_w = 205, .box_w = 11, .box_h = 8, .ofs_x = 1, .ofs_y = 0},
    {.bitmap_index = 5097, .adv_w = 211, .box_w = 12, .box_h = 10, .ofs_x = 1, .ofs_y = -2},
    {.bitmap_index = 5120, .adv_w = 158, .box_w = 10, .box_h = 8, .ofs_x = 0, .ofs_y = 0},
    {.bitmap_index = 5148, .adv_w = 177, .box_w = 9, .box_h = 8, .ofs_x = 1, .ofs_y = 0},
    {.bitmap_index = 5175, .adv_w = 132, .box_w = 7, .box_h = 8, .ofs_x = 1, .ofs_y = 0},
    {.bitmap_index = 5196, .adv_w = 123, .box_w = 7, .box_h = 8, .ofs_x = 0, .ofs_y = 0},
    {.bitmap_index = 5224, .adv_w = 189, .box_w = 11, .box_h = 8, .ofs_x = 1, .ofs_y = 0},
    {.bitmap_index = 5264, .adv_w = 135, .box_w = 8, .box_h = 8, .ofs_x = 0, .ofs_y = 0},
    {.bitmap_index = 5293, .adv_w = 138, .box_w = 8, .box_h = 12, .ofs_x = 0, .ofs_y = 0},
    {.bitmap_index = 5335, .adv_w = 138, .box_w = 8, .box_h = 12, .ofs_x = 0, .ofs_y = 0},
    {.bitmap_index = 5380, .adv_w = 140, .box_w = 8, .box_h = 14, .ofs_x = 0, .ofs_y = -3},
    {.bitmap_index = 5425, .adv_w = 118, .box_w = 6, .box_h = 12, .ofs_x = 1, .ofs_y = 0},
    {.bitmap_index = 5445, .adv_w = 123, .box_w = 7, .box_h = 8, .ofs_x = 0, .ofs_y = 0},
    {.bitmap_index = 5473, .adv_w = 117, .box_w = 7, .box_h = 8, .ofs_x = 0, .ofs_y = 0},
    {.bitmap_index = 5502, .adv_w = 62, .box_w = 2, .box_h = 11, .ofs_x = 1, .ofs_y = 0},
    {.bitmap_index = 5510, .adv_w = 62, .box_w = 5, .box_h = 12, .ofs_x = -1, .ofs_y = 0},
    {.bitmap_index = 5526, .adv_w = 62, .box_w = 4, .box_h = 14, .ofs_x = -1, .ofs_y = -3},
    {.bitmap_index = 5543, .adv_w = 202, .box_w = 12, .box_h = 8, .ofs_x = 0, .ofs_y = 0},
    {.bitmap_index = 5582, .adv_w = 201, .box_w = 11, .box_h = 8, .ofs_x = 1, .ofs_y = 0},
    {.bitmap_index = 5612, .adv_w = 146, .box_w = 8, .box_h = 11, .ofs_x = 0, .ofs_y = 0},
    {.bitmap_index = 5647, .adv_w = 135, .box_w = 7, .box_h = 12, .ofs_x = 1, .ofs_y = 0},
    {.bitmap_index = 5686, .adv_w = 146, .box_w = 7, .box_h = 12, .ofs_x = 1, .ofs_y = 0},
    {.bitmap_index = 5721, .adv_w = 133, .box_w = 8, .box_h = 14, .ofs_x = 0, .ofs_y = -3},
    {.bitmap_index = 5773, .adv_w = 146, .box_w = 7, .box_h = 10, .ofs_x = 1, .ofs_y = -2},
    {.bitmap_index = 5788, .adv_w = 209, .box_w = 13, .box_h = 10, .ofs_x = 0, .ofs_y = 0},
    {.bitmap_index = 5848, .adv_w = 188, .box_w = 11, .box_h = 8, .ofs_x = 0, .ofs_y = 0},
    {.bitmap_index = 5889, .adv_w = 173, .box_w = 10, .box_h = 10, .ofs_x = 0, .ofs_y = 0},
    {.bitmap_index = 5931, .adv_w = 151, .box_w = 9, .box_h = 11, .ofs_x = 0, .ofs_y = 0},
    {.bitmap_index = 5967, .adv_w = 211, .box_w = 12, .box_h = 10, .ofs_x = 1, .ofs_y = 0},
    {.bitmap_index = 6018, .adv_w = 168, .box_w = 9, .box_h = 8, .ofs_x = 1, .ofs_y = 0},
    {.bitmap_index = 6053, .adv_w = 197, .box_w = 13, .box_h = 10, .ofs_x = 0, .ofs_y = 0},
    {.bitmap_index = 6105, .adv_w = 175, .box_w = 11, .box_h = 8, .ofs_x = 0, .ofs_y = 0},
    {.bitmap_index = 6143, .adv_w = 260, .box_w = 15, .box_h = 10, .ofs_x = 1, .ofs_y = 0},
    {.bitmap_index = 6202, .adv_w = 224, .box_w = 13, .box_h = 8, .ofs_x = 1, .ofs_y = 0},
    {.bitmap_index = 6244, .adv_w = 176, .box_w = 11, .box_h = 10, .ofs_x = 0, .ofs_y = 0},
    {.bitmap_index = 6294, .adv_w = 137, .box_w = 8, .box_h = 8, .ofs_x = 0, .ofs_y = 0},
    {.bitmap_index = 6326, .adv_w = 230, .box_w = 13, .box_h = 10, .ofs_x = 1, .ofs_y = 0},
    {.bitmap_index = 6384, .adv_w = 185, .box_w = 10, .box_h = 8, .ofs_x = 1, .ofs_y = 0},
    {.bitmap_index = 6423, .adv_w = 143, .box_w = 8, .box_h = 17, .ofs_x = 0, .ofs_y = -4},
    {.bitmap_index = 6487, .adv_w = 121, .box_w = 7, .box_h = 15, .ofs_x = 0, .ofs_y = -4},
    {.bitmap_index = 6539, .adv_w = 192, .box_w = 12, .box_h = 10, .ofs_x = 0, .ofs_y = 0},
    {.bitmap_index = 6590, .adv_w = 196, .box_w = 12, .box_h = 14, .ofs_x = 0, .ofs_y = -3},
    {.bitmap_index = 6643, .adv_w = 176, .box_w = 11, .box_h = 10, .ofs_x = 0, .ofs_y = 0},
    {.bitmap_index = 6694, .adv_w = 137, .box_w = 8, .box_h = 8, .ofs_x = 0, .ofs_y = 0},
    {.bitmap_index = 6726, .adv_w = 175, .box_w = 11, .box_h = 10, .ofs_x = 0, .ofs_y = 0},
    {.bitmap_index = 6772, .adv_w = 149, .box_w = 9, .box_h = 8, .ofs_x = 0, .ofs_y = 0},
    {.bitmap_index = 6806, .adv_w = 175, .box_w = 11, .box_h = 13, .ofs_x = 0, .ofs_y = 0},
    {.bitmap_index = 6865, .adv_w = 149, .box_w = 9, .box_h = 12, .ofs_x = 0, .ofs_y = 0},
    {.bitmap_index = 6915, .adv_w = 222, .box_w = 14, .box_h = 13, .ofs_x = 0, .ofs_y = -3},
    {.bitmap_index = 6993, .adv_w = 203, .box_w = 13, .box_h = 11, .ofs_x = 0, .ofs_y = -3},
    {.bitmap_index = 7058, .adv_w = 214, .box_w = 13, .box_h = 10, .ofs_x = 0, .ofs_y = 0},
    {.bitmap_index = 7115, .adv_w = 170, .box_w = 10, .box_h = 8, .ofs_x = 0, .ofs_y = 0},
    {.bitmap_index = 7151, .adv_w = 264, .box_w = 16, .box_h = 14, .ofs_x = 0, .ofs_y = 0},
    {.bitmap_index = 7239, .adv_w = 230, .box_w = 13, .box_h = 10, .ofs_x = 1, .ofs_y = 0},
    {.bitmap_index = 7294, .adv_w = 209, .box_w = 13, .box_h = 13, .ofs_x = 0, .ofs_y = 0},
    {.bitmap_index = 7368, .adv_w = 188, .box_w = 11, .box_h = 10, .ofs_x = 0, .ofs_y = 0},
    {.bitmap_index = 7420, .adv_w = 156, .box_w = 10, .box_h = 13, .ofs_x = 0, .ofs_y = -3},
    {.bitmap_index = 7469, .adv_w = 123, .box_w = 7, .box_h = 11, .ofs_x = 0, .ofs_y = -3},
    {.bitmap_index = 7499, .adv_w = 113, .box_w = 7, .box_h = 8, .ofs_x = 0, .ofs_y = -1},
    {.bitmap_index = 7526, .adv_w = 0, .box_w = 7, .box_h = 3, .ofs_x = -8, .ofs_y = 9},
    {.bitmap_index = 7536, .adv_w = 0, .box_w = 7, .box_h = 3, .ofs_x = -6, .ofs_y = 8},
    {.bitmap_index = 7547, .adv_w = 0, .box_w = 3, .box_h = 3, .ofs_x = -5, .ofs_y = 8},
    {.bitmap_index = 7552, .adv_w = 0, .box_w = 3, .box_h = 3, .ofs_x = -5, .ofs_y = 8},
    {.bitmap_index = 7557, .adv_w = 0, .box_w = 12, .box_h = 3, .ofs_x = -11, .ofs_y = 9},
    {.bitmap_index = 7575, .adv_w = 94, .box_w = 21, .box_h = 16, .ofs_x = -15, .ofs_y = -3},
    {.bitmap_index = 7670, .adv_w = 94, .box_w = 19, .box_h = 19, .ofs_x = -14, .ofs_y = -4},
    {.bitmap_index = 7781, .adv_w = 173, .box_w = 10, .box_h = 16, .ofs_x = 1, .ofs_y = -3},
    {.bitmap_index = 7842, .adv_w = 152, .box_w = 9, .box_h = 14, .ofs_x = 1, .ofs_y = -3},
    {.bitmap_index = 7892, .adv_w = 154, .box_w = 9, .box_h = 10, .ofs_x = 0, .ofs_y = 0},
    {.bitmap_index = 7929, .adv_w = 132, .box_w = 8, .box_h = 10, .ofs_x = 0, .ofs_y = 0},
    {.bitmap_index = 7962, .adv_w = 135, .box_w = 8, .box_h = 10, .ofs_x = 1, .ofs_y = 0},
    {.bitmap_index = 7996, .adv_w = 142, .box_w = 8, .box_h = 11, .ofs_x = 1, .ofs_y = -3},
    {.bitmap_index = 8035, .adv_w = 137, .box_w = 7, .box_h = 13, .ofs_x = 1, .ofs_y = 0},
    {.bitmap_index = 8054, .adv_w = 118, .box_w = 6, .box_h = 10, .ofs_x = 1, .ofs_y = 0},
    {.bitmap_index = 8067, .adv_w = 151, .box_w = 9, .box_h = 10, .ofs_x = 0, .ofs_y = 0},
    {.bitmap_index = 8096, .adv_w = 132, .box_w = 8, .box_h = 8, .ofs_x = 0, .ofs_y = 0},
    {.bitmap_index = 8121, .adv_w = 140, .box_w = 8, .box_h = 13, .ofs_x = 1, .ofs_y = -3},
    {.bitmap_index = 8161, .adv_w = 119, .box_w = 7, .box_h = 11, .ofs_x = 1, .ofs_y = -3},
    {.bitmap_index = 8194, .adv_w = 241, .box_w = 15, .box_h = 13, .ofs_x = 0, .ofs_y = -3},
    {.bitmap_index = 8269, .adv_w = 202, .box_w = 13, .box_h = 10, .ofs_x = 0, .ofs_y = -2},
    {.bitmap_index = 8326, .adv_w = 144, .box_w = 9, .box_h = 13, .ofs_x = 0, .ofs_y = -3},
    {.bitmap_index = 8380, .adv_w = 119, .box_w = 7, .box_h = 11, .ofs_x = 0, .ofs_y = -3},
    {.bitmap_index = 8418, .adv_w = 159, .box_w = 9, .box_h = 13, .ofs_x = 1, .ofs_y = -3},
    {.bitmap_index = 8463, .adv_w = 135, .box_w = 8, .box_h = 10, .ofs_x = 1, .ofs_y = -2},
    {.bitmap_index = 8497, .adv_w = 159, .box_w = 9, .box_h = 10, .ofs_x = 1, .ofs_y = 0},
    {.bitmap_index = 8538, .adv_w = 135, .box_w = 7, .box_h = 8, .ofs_x = 1, .ofs_y = 0},
    {.bitmap_index = 8566, .adv_w = 159, .box_w = 10, .box_h = 10, .ofs_x = 0, .ofs_y = 0},
    {.bitmap_index = 8608, .adv_w = 135, .box_w = 8, .box_h = 11, .ofs_x = 0, .ofs_y = 0},
    {.bitmap_index = 8646, .adv_w = 192, .box_w = 12, .box_h = 10, .ofs_x = 0, .ofs_y = 0},
    {.bitmap_index = 8691, .adv_w = 186, .box_w = 10, .box_h = 8, .ofs_x = 0, .ofs_y = 0},
    {.bitmap_index = 8724, .adv_w = 168, .box_w = 10, .box_h = 13, .ofs_x = 1, .ofs_y = -3},
    {.bitmap_index = 8753, .adv_w = 148, .box_w = 9, .box_h = 10, .ofs_x = 1, .ofs_y = -2},
    {.bitmap_index = 8775, .adv_w = 227, .box_w = 14, .box_h = 10, .ofs_x = 1, .ofs_y = 0},
    {.bitmap_index = 8805, .adv_w = 196, .box_w = 12, .box_h = 8, .ofs_x = 1, .ofs_y = 0},
    {.bitmap_index = 8827, .adv_w = 242, .box_w = 14, .box_h = 13, .ofs_x = 1, .ofs_y = -3},
    {.bitmap_index = 8876, .adv_w = 205, .box_w = 12, .box_h = 11, .ofs_x = 1, .ofs_y = -3},
    {.bitmap_index = 8914, .adv_w = 197, .box_w = 13, .box_h = 11, .ofs_x = 0, .ofs_y = 0},
    {.bitmap_index = 8983, .adv_w = 155, .box_w = 10, .box_h = 8, .ofs_x = 0, .ofs_y = 0},
    {.bitmap_index = 9023, .adv_w = 156, .box_w = 10, .box_h = 13, .ofs_x = 0, .ofs_y = -3},
    {.bitmap_index = 9077, .adv_w = 123, .box_w = 7, .box_h = 11, .ofs_x = 0, .ofs_y = -3},
    {.bitmap_index = 9111, .adv_w = 137, .box_w = 10, .box_h = 13, .ofs_x = -1, .ofs_y = -3},
    {.bitmap_index = 9135, .adv_w = 130, .box_w = 8, .box_h = 10, .ofs_x = 0, .ofs_y = -2},
    {.bitmap_index = 9155, .adv_w = 137, .box_w = 10, .box_h = 10, .ofs_x = -1, .ofs_y = 0},
    {.bitmap_index = 9186, .adv_w = 133, .box_w = 8, .box_h = 11, .ofs_x = 0, .ofs_y = -3},
    {.bitmap_index = 9221, .adv_w = 137, .box_w = 10, .box_h = 10, .ofs_x = -1, .ofs_y = 0},
    {.bitmap_index = 9263, .adv_w = 133, .box_w = 8, .box_h = 11, .ofs_x = 0, .ofs_y = -3},
    {.bitmap_index = 9305, .adv_w = 153, .box_w = 10, .box_h = 13, .ofs_x = 0, .ofs_y = -3},
    {.bitmap_index = 9358, .adv_w = 133, .box_w = 8, .box_h = 10, .ofs_x = 0, .ofs_y = -2},
    {.bitmap_index = 9395, .adv_w = 209, .box_w = 14, .box_h = 13, .ofs_x = -1, .ofs_y = -3},
    {.bitmap_index = 9431, .adv_w = 181, .box_w = 11, .box_h = 10, .ofs_x = 0, .ofs_y = -2},
    {.bitmap_index = 9461, .adv_w = 154, .box_w = 9, .box_h = 13, .ofs_x = 1, .ofs_y = -3},
    {.bitmap_index = 9496, .adv_w = 132, .box_w = 8, .box_h = 10, .ofs_x = 1, .ofs_y = -2},
    {.bitmap_index = 9522, .adv_w = 154, .box_w = 8, .box_h = 10, .ofs_x = 1, .ofs_y = 0},
    {.bitmap_index = 9553, .adv_w = 132, .box_w = 6, .box_h = 8, .ofs_x = 1, .ofs_y = 0},
    {.bitmap_index = 9574, .adv_w = 154, .box_w = 8, .box_h = 10, .ofs_x = 1, .ofs_y = 0},
    {.bitmap_index = 9596, .adv_w = 142, .box_w = 7, .box_h = 11, .ofs_x = 1, .ofs_y = 0},
    {.bitmap_index = 9621, .adv_w = 211, .box_w = 13, .box_h = 10, .ofs_x = 0, .ofs_y = 0},
    {.bitmap_index = 9676, .adv_w = 163, .box_w = 10, .box_h = 8, .ofs_x = 0, .ofs_y = 0},
    {.bitmap_index = 9713, .adv_w = 211, .box_w = 13, .box_h = 13, .ofs_x = 0, .ofs_y = -3},
    {.bitmap_index = 9776, .adv_w = 163, .box_w = 10, .box_h = 10, .ofs_x = 0, .ofs_y = -2},
    {.bitmap_index = 9820, .adv_w = 66, .box_w = 2, .box_h = 10, .ofs_x = 1, .ofs_y = 0},
    {.bitmap_index = 9825, .adv_w = 241, .box_w = 15, .box_h = 14, .ofs_x = 0, .ofs_y = 0},
    {.bitmap_index = 9906, .adv_w = 202, .box_w = 13, .box_h = 11, .ofs_x = 0, .ofs_y = 0},
    {.bitmap_index = 9967, .adv_w = 147, .box_w = 9, .box_h = 13, .ofs_x = 1, .ofs_y = -3},
    {.bitmap_index = 10013, .adv_w = 135, .box_w = 7, .box_h = 11, .ofs_x = 1, .ofs_y = -3},
    {.bitmap_index = 10048, .adv_w = 174, .box_w = 11, .box_h = 13, .ofs_x = 0, .ofs_y = -3},
    {.bitmap_index = 10097, .adv_w = 150, .box_w = 10, .box_h = 11, .ofs_x = 0, .ofs_y = -3},
    {.bitmap_index = 10139, .adv_w = 168, .box_w = 9, .box_h = 13, .ofs_x = 1, .ofs_y = -3},
    {.bitmap_index = 10170, .adv_w = 148, .box_w = 7, .box_h = 11, .ofs_x = 1, .ofs_y = -3},
    {.bitmap_index = 10195, .adv_w = 174, .box_w = 10, .box_h = 13, .ofs_x = 1, .ofs_y = -3},
    {.bitmap_index = 10230, .adv_w = 152, .box_w = 9, .box_h = 11, .ofs_x = 1, .ofs_y = -3},
    {.bitmap_index = 10260, .adv_w = 154, .box_w = 8, .box_h = 13, .ofs_x = 1, .ofs_y = -3},
    {.bitmap_index = 10295, .adv_w = 132, .box_w = 6, .box_h = 10, .ofs_x = 1, .ofs_y = -2},
    {.bitmap_index = 10318, .adv_w = 199, .box_w = 12, .box_h = 13, .ofs_x = 1, .ofs_y = -3},
    {.bitmap_index = 10376, .adv_w = 173, .box_w = 10, .box_h = 11, .ofs_x = 1, .ofs_y = -3},
    {.bitmap_index = 10422, .adv_w = 62, .box_w = 2, .box_h = 11, .ofs_x = 1, .ofs_y = 0},
    {.bitmap_index = 10428, .adv_w = 153, .box_w = 10, .box_h = 14, .ofs_x = 0, .ofs_y = 0},
    {.bitmap_index = 10487, .adv_w = 137, .box_w = 8, .box_h = 11, .ofs_x = 0, .ofs_y = 0},
    {.bitmap_index = 10531, .adv_w = 153, .box_w = 10, .box_h = 14, .ofs_x = 0, .ofs_y = 0},
    {.bitmap_index = 10590, .adv_w = 137, .box_w = 8, .box_h = 12, .ofs_x = 0, .ofs_y = 0},
    {.bitmap_index = 10638, .adv_w = 218, .box_w = 13, .box_h = 10, .ofs_x = 0, .ofs_y = 0},
    {.bitmap_index = 10691, .adv_w = 220, .box_w = 14, .box_h = 8, .ofs_x = 0, .ofs_y = 0},
    {.bitmap_index = 10746, .adv_w = 142, .box_w = 7, .box_h = 14, .ofs_x = 1, .ofs_y = 0},
    {.bitmap_index = 10784, .adv_w = 138, .box_w = 8, .box_h = 12, .ofs_x = 0, .ofs_y = 0},
    {.bitmap_index = 10829, .adv_w = 176, .box_w = 11, .box_h = 10, .ofs_x = 0, .ofs_y = 0},
    {.bitmap_index = 10878, .adv_w = 138, .box_w = 8, .box_h = 8, .ofs_x = 0, .ofs_y = 0},
    {.bitmap_index = 10908, .adv_w = 176, .box_w = 11, .box_h = 14, .ofs_x = 0, .ofs_y = 0},
    {.bitmap_index = 10973, .adv_w = 138, .box_w = 8, .box_h = 12, .ofs_x = 0, .ofs_y = 0},
    {.bitmap_index = 11018, .adv_w = 241, .box_w = 15, .box_h = 14, .ofs_x = 0, .ofs_y = 0},
    {.bitmap_index = 11102, .adv_w = 202, .box_w = 13, .box_h = 12, .ofs_x = 0, .ofs_y = 0},
    {.bitmap_index = 11168, .adv_w = 144, .box_w = 9, .box_h = 14, .ofs_x = 0, .ofs_y = 0},
    {.bitmap_index = 11226, .adv_w = 119, .box_w = 7, .box_h = 12, .ofs_x = 0, .ofs_y = 0},
    {.bitmap_index = 11269, .adv_w = 149, .box_w = 8, .box_h = 10, .ofs_x = 1, .ofs_y = 0},
    {.bitmap_index = 11304, .adv_w = 129, .box_w = 8, .box_h = 11, .ofs_x = 0, .ofs_y = -3},
    {.bitmap_index = 11342, .adv_w = 168, .box_w = 9, .box_h = 13, .ofs_x = 1, .ofs_y = 0},
    {.bitmap_index = 11386, .adv_w = 146, .box_w = 7, .box_h = 10, .ofs_x = 1, .ofs_y = 0},
    {.bitmap_index = 11416, .adv_w = 168, .box_w = 9, .box_h = 14, .ofs_x = 1, .ofs_y = 0},
    {.bitmap_index = 11465, .adv_w = 146, .box_w = 7, .box_h = 12, .ofs_x = 1, .ofs_y = 0},
    {.bitmap_index = 11503, .adv_w = 176, .box_w = 11, .box_h = 14, .ofs_x = 0, .ofs_y = 0},
    {.bitmap_index = 11567, .adv_w = 137, .box_w = 8, .box_h = 12, .ofs_x = 0, .ofs_y = 0},
    {.bitmap_index = 11612, .adv_w = 176, .box_w = 11, .box_h = 10, .ofs_x = 0, .ofs_y = 0},
    {.bitmap_index = 11663, .adv_w = 137, .box_w = 8, .box_h = 8, .ofs_x = 0, .ofs_y = 0},
    {.bitmap_index = 11695, .adv_w = 176, .box_w = 11, .box_h = 14, .ofs_x = 0, .ofs_y = 0},
    {.bitmap_index = 11762, .adv_w = 137, .box_w = 8, .box_h = 12, .ofs_x = 0, .ofs_y = 0},
    {.bitmap_index = 11809, .adv_w = 156, .box_w = 9, .box_h = 14, .ofs_x = 0, .ofs_y = 0},
    {.bitmap_index = 11866, .adv_w = 123, .box_w = 7, .box_h = 12, .ofs_x = 0, .ofs_y = 0},
    {.bitmap_index = 11908, .adv_w = 137, .box_w = 9, .box_h = 13, .ofs_x = 0, .ofs_y = 0},
    {.bitmap_index = 11960, .adv_w = 133, .box_w = 8, .box_h = 13, .ofs_x = 0, .ofs_y = -3},
    {.bitmap_index = 12008, .adv_w = 137, .box_w = 9, .box_h = 14, .ofs_x = 0, .ofs_y = 0},
    {.bitmap_index = 12065, .adv_w = 133, .box_w = 8, .box_h = 15, .ofs_x = 0, .ofs_y = -3},
    {.bitmap_index = 12121, .adv_w = 137, .box_w = 9, .box_h = 13, .ofs_x = 0, .ofs_y = 0},
    {.bitmap_index = 12174, .adv_w = 133, .box_w = 8, .box_h = 15, .ofs_x = 0, .ofs_y = -3},
    {.bitmap_index = 12229, .adv_w = 154, .box_w = 8, .box_h = 14, .ofs_x = 1, .ofs_y = 0},
    {.bitmap_index = 12271, .adv_w = 132, .box_w = 6, .box_h = 12, .ofs_x = 1, .ofs_y = 0},
    {.bitmap_index = 12303, .adv_w = 137, .box_w = 7, .box_h = 13, .ofs_x = 1, .ofs_y = -3},
    {.bitmap_index = 12325, .adv_w = 118, .box_w = 6, .box_h = 10, .ofs_x = 1, .ofs_y = -2},
    {.bitmap_index = 12342, .adv_w = 198, .box_w = 10, .box_h = 14, .ofs_x = 1, .ofs_y = 0},
    {.bitmap_index = 12390, .adv_w = 177, .box_w = 9, .box_h = 12, .ofs_x = 1, .ofs_y = 0},
    {.bitmap_index = 12433, .adv_w = 151, .box_w = 9, .box_h = 13, .ofs_x = 0, .ofs_y = -3},
    {.bitmap_index = 12476, .adv_w = 132, .box_w = 8, .box_h = 11, .ofs_x = 0, .ofs_y = -3},
    {.bitmap_index = 12514, .adv_w = 153, .box_w = 10, .box_h = 13, .ofs_x = 0, .ofs_y = -3},
    {.bitmap_index = 12571, .adv_w = 133, .box_w = 8, .box_h = 11, .ofs_x = 0, .ofs_y = -3},
    {.bitmap_index = 12614, .adv_w = 153, .box_w = 10, .box_h = 10, .ofs_x = 0, .ofs_y = 0},
    {.bitmap_index = 12663, .adv_w = 133, .box_w = 8, .box_h = 8, .ofs_x = 0, .ofs_y = 0},
    {.bitmap_index = 12696, .adv_w = 154, .box_w = 9, .box_h = 10, .ofs_x = 0, .ofs_y = 0},
    {.bitmap_index = 12726, .adv_w = 132, .box_w = 7, .box_h = 8, .ofs_x = 0, .ofs_y = 0},
    {.bitmap_index = 12749, .adv_w = 225, .box_w = 13, .box_h = 10, .ofs_x = 0, .ofs_y = 0},
    {.bitmap_index = 12793, .adv_w = 201, .box_w = 12, .box_h = 8, .ofs_x = 0, .ofs_y = 0},
    {.bitmap_index = 12828, .adv_w = 218, .box_w = 12, .box_h = 10, .ofs_x = 1, .ofs_y = 0},
    {.bitmap_index = 12877, .adv_w = 195, .box_w = 10, .box_h = 8, .ofs_x = 1, .ofs_y = 0},
    {.bitmap_index = 12914, .adv_w = 152, .box_w = 9, .box_h = 13, .ofs_x = 1, .ofs_y = -3},
    {.bitmap_index = 12958, .adv_w = 132, .box_w = 7, .box_h = 11, .ofs_x = 1, .ofs_y = -3},
    {.bitmap_index = 12990, .adv_w = 240, .box_w = 14, .box_h = 10, .ofs_x = 0, .ofs_y = 0},
    {.bitmap_index = 13041, .adv_w = 214, .box_w = 13, .box_h = 8, .ofs_x = 0, .ofs_y = 0},
    {.bitmap_index = 13085, .adv_w = 249, .box_w = 14, .box_h = 10, .ofs_x = 1, .ofs_y = 0},
    {.bitmap_index = 13126, .adv_w = 217, .box_w = 12, .box_h = 8, .ofs_x = 1, .ofs_y = 0},
    {.bitmap_index = 13157, .adv_w = 174, .box_w = 10, .box_h = 10, .ofs_x = 0, .ofs_y = 0},
    {.bitmap_index = 13202, .adv_w = 148, .box_w = 8, .box_h = 8, .ofs_x = 0, .ofs_y = 0},
    {.bitmap_index = 13233, .adv_w = 173, .box_w = 11, .box_h = 10, .ofs_x = -1, .ofs_y = 0},
    {.bitmap_index = 13263, .adv_w = 159, .box_w = 9, .box_h = 8, .ofs_x = 0, .ofs_y = 0},
    {.bitmap_index = 13292, .adv_w = 138, .box_w = 7, .box_h = 10, .ofs_x = 1, .ofs_y = 0},
    {.bitmap_index = 13326, .adv_w = 121, .box_w = 7, .box_h = 8, .ofs_x = 0, .ofs_y = 0},
    {.bitmap_index = 13355, .adv_w = 168, .box_w = 10, .box_h = 13, .ofs_x = 0, .ofs_y = -3},
    {.bitmap_index = 13400, .adv_w = 143, .box_w = 8, .box_h = 11, .ofs_x = 0, .ofs_y = -3},
    {.bitmap_index = 13435, .adv_w = 262, .box_w = 16, .box_h = 10, .ofs_x = 0, .ofs_y = 0},
    {.bitmap_index = 13503, .adv_w = 223, .box_w = 14, .box_h = 8, .ofs_x = 0, .ofs_y = 0},
    {.bitmap_index = 13555, .adv_w = 200, .box_w = 12, .box_h = 10, .ofs_x = 1, .ofs_y = 0},
    {.bitmap_index = 13605, .adv_w = 194, .box_w = 11, .box_h = 11, .ofs_x = 1, .ofs_y = -3},
    {.bitmap_index = 13655, .adv_w = 231, .box_w = 14, .box_h = 10, .ofs_x = 0, .ofs_y = 0},
    {.bitmap_index = 13710, .adv_w = 221, .box_w = 14, .box_h = 8, .ofs_x = 0, .ofs_y = 0},
    {.bitmap_index = 13762, .adv_w = 176, .box_w = 11, .box_h = 12, .ofs_x = 0, .ofs_y = -2},
    {.bitmap_index = 13820, .adv_w = 142, .box_w = 8, .box_h = 11, .ofs_x = 0, .ofs_y = -3},
    {.bitmap_index = 13856, .adv_w = 221, .box_w = 14, .box_h = 10, .ofs_x = 0, .ofs_y = 0},
    {.bitmap_index = 13927, .adv_w = 183, .box_w = 11, .box_h = 8, .ofs_x = 0, .ofs_y = 0},
    {.bitmap_index = 13972, .adv_w = 159, .box_w = 9, .box_h = 10, .ofs_x = 1, .ofs_y = 0},
    {.bitmap_index = 14011, .adv_w = 135, .box_w = 7, .box_h = 8, .ofs_x = 1, .ofs_y = 0},
    {.bitmap_index = 14039, .adv_w = 242, .box_w = 15, .box_h = 13, .ofs_x = 0, .ofs_y = -3},
    {.bitmap_index = 14104, .adv_w = 203, .box_w = 13, .box_h = 11, .ofs_x = 0, .ofs_y = -3},
    {.bitmap_index = 14157, .adv_w = 242, .box_w = 14, .box_h = 13, .ofs_x = 1, .ofs_y = -3},
    {.bitmap_index = 14206, .adv_w = 204, .box_w = 12, .box_h = 11, .ofs_x = 1, .ofs_y = -3},
    {.bitmap_index = 14250, .adv_w = 178, .box_w = 10, .box_h = 13, .ofs_x = 1, .ofs_y = -3},
    {.bitmap_index = 14272, .adv_w = 153, .box_w = 9, .box_h = 10, .ofs_x = 1, .ofs_y = -2}
};

/*---------------------
 *  CHARACTER MAPPING
 *--------------------*/



/*Collect the unicode lists and glyph_id offsets*/
static const lv_font_fmt_txt_cmap_t cmaps[] =
{
    {
        .range_start = 32, .range_length = 95, .glyph_id_start = 1,
        .unicode_list = NULL, .glyph_id_ofs_list = NULL, .list_length = 0, .type = LV_FONT_FMT_TXT_CMAP_FORMAT0_TINY
    },
    {
        .range_start = 1024, .range_length = 38, .glyph_id_start = 96,
        .unicode_list = NULL, .glyph_id_ofs_list = NULL, .list_length = 0, .type = LV_FONT_FMT_TXT_CMAP_FORMAT0_TINY
    },
    {
        .range_start = 1062, .range_length = 256, .glyph_id_start = 134,
        .unicode_list = NULL, .glyph_id_ofs_list = NULL, .list_length = 0, .type = LV_FONT_FMT_TXT_CMAP_FORMAT0_TINY
    }
};



/*--------------------
 *  ALL CUSTOM DATA
 *--------------------*/

#if LVGL_VERSION_MAJOR == 8
/*Store all the custom data of the font*/
static  lv_font_fmt_txt_glyph_cache_t cache;
#endif

#if LVGL_VERSION_MAJOR >= 8
static const lv_font_fmt_txt_dsc_t font_dsc = {
#else
static lv_font_fmt_txt_dsc_t font_dsc = {
#endif
    .glyph_bitmap = glyph_bitmap,
    .glyph_dsc = glyph_dsc,
    .cmaps = cmaps,
    .kern_dsc = NULL,
    .kern_scale = 0,
    .cmap_num = 3,
    .bpp = 4,
    .kern_classes = 0,
    .bitmap_format = 1,
#if LVGL_VERSION_MAJOR == 8
    .cache = &cache
#endif
};



/*-----------------
 *  PUBLIC FONT
 *----------------*/

/*Initialize a public general font descriptor*/
#if LVGL_VERSION_MAJOR >= 8
const lv_font_t ui_font_cyrillic_14 = {
#else
lv_font_t ui_font_cyrillic_14 = {
#endif
    .get_glyph_dsc = lv_font_get_glyph_dsc_fmt_txt,    /*Function pointer to get glyph's data*/
    .get_glyph_bitmap = lv_font_get_bitmap_fmt_txt,    /*Function pointer to get glyph's bitmap*/
    .line_height = 19,          /*The maximum line height required by the font*/
    .base_line = 4,             /*Baseline measured from the bottom of the line*/
#if !(LVGL_VERSION_MAJOR == 6 && LVGL_VERSION_MINOR == 0)
    .subpx = LV_FONT_SUBPX_NONE,
#endif
#if LV_VERSION_CHECK(7, 4, 0) || LVGL_VERSION_MAJOR >= 8
    .underline_position = 0,
    .underline_thickness = 1,
#endif
    .dsc = &font_dsc,          /*The custom font data. Will be accessed by `get_glyph_bitmap/dsc` */
#if LV_VERSION_CHECK(8, 2, 0) || LVGL_VERSION_MAJOR >= 9
    .fallback = NULL,
#endif
    .user_data = NULL,
};



#endif /*#if UI_FONT_CYRILLIC_14*/
