/*******************************************************************************
 * Size: 18 px
 * Bpp: 4
 * Opts: --no-compress --font /usr/share/fonts/truetype/dejavu/DejaVuSans.ttf --size 18 --bpp 4 --format lvgl -r 0x20-0x7F,0xA0-0x17F,0x0300-0x030F,0x2010-0x2027,0x2116,0x0400-0x052F -o /home/jmper/codex/jradio/components/ui/ui_font_cyrillic_18.c
 ******************************************************************************/

#ifdef LV_LVGL_H_INCLUDE_SIMPLE
#include "lvgl.h"
#else
#include "lvgl.h"
#endif

#ifndef UI_FONT_CYRILLIC_18
#define UI_FONT_CYRILLIC_18 1
#endif

#if UI_FONT_CYRILLIC_18

/*-----------------
 *    BITMAPS
 *----------------*/

/*Store the image of the glyphs*/
static LV_ATTRIBUTE_LARGE_CONST const uint8_t glyph_bitmap[] = {
    /* U+0020 " " */

    /* U+0021 "!" */
    0x4f, 0x84, 0xf8, 0x4f, 0x84, 0xf8, 0x4f, 0x84,
    0xf7, 0x3f, 0x72, 0xf6, 0x1d, 0x40, 0x0, 0x3,
    0x14, 0xf8, 0x4f, 0x80,

    /* U+0022 "\"" */
    0x4f, 0x30, 0xf8, 0x4f, 0x30, 0xf8, 0x4f, 0x30,
    0xf8, 0x4f, 0x30, 0xf8, 0x3d, 0x20, 0xc7,

    /* U+0023 "#" */
    0x0, 0x0, 0xa, 0xc0, 0xa, 0xb0, 0x0, 0x0,
    0x0, 0xe8, 0x0, 0xe8, 0x0, 0x0, 0x0, 0x1f,
    0x40, 0x2f, 0x40, 0x0, 0x1, 0x16, 0xf2, 0x16,
    0xf2, 0x10, 0x9, 0xff, 0xff, 0xff, 0xff, 0xff,
    0xb0, 0x24, 0x4e, 0xa4, 0x4e, 0xa4, 0x42, 0x0,
    0x1, 0xf4, 0x2, 0xf4, 0x0, 0x0, 0x11, 0x6f,
    0x11, 0x6f, 0x11, 0x0, 0x9f, 0xff, 0xff, 0xff,
    0xff, 0xfb, 0x2, 0x44, 0xf9, 0x44, 0xf9, 0x44,
    0x20, 0x0, 0x2f, 0x40, 0x2f, 0x30, 0x0, 0x0,
    0x6, 0xf0, 0x6, 0xf0, 0x0, 0x0, 0x0, 0xac,
    0x0, 0xac, 0x0, 0x0, 0x0,

    /* U+0024 "$" */
    0x0, 0x0, 0xc1, 0x0, 0x0, 0x0, 0xc, 0x10,
    0x0, 0x0, 0x0, 0xc1, 0x0, 0x0, 0x3b, 0xef,
    0xfe, 0xb1, 0x1f, 0xd5, 0xd4, 0x6b, 0x26, 0xf3,
    0xc, 0x10, 0x0, 0x6f, 0x40, 0xc1, 0x0, 0x1,
    0xef, 0x9e, 0x40, 0x0, 0x1, 0x9d, 0xff, 0xe8,
    0x0, 0x0, 0xc, 0x5a, 0xf8, 0x0, 0x0, 0xc1,
    0xc, 0xd1, 0x0, 0xc, 0x10, 0xdd, 0x8c, 0x74,
    0xd6, 0xbf, 0x72, 0x8d, 0xef, 0xfc, 0x60, 0x0,
    0x0, 0xd1, 0x0, 0x0, 0x0, 0xc, 0x10, 0x0,
    0x0, 0x0, 0x60, 0x0, 0x0,

    /* U+0025 "%" */
    0x9, 0xee, 0xa1, 0x0, 0x0, 0x5f, 0x10, 0x0,
    0x9e, 0x33, 0xea, 0x0, 0x1, 0xe6, 0x0, 0x0,
    0xe7, 0x0, 0x6f, 0x0, 0xa, 0xc0, 0x0, 0x0,
    0xe7, 0x0, 0x6f, 0x0, 0x4f, 0x20, 0x0, 0x0,
    0xad, 0x11, 0xcb, 0x0, 0xd8, 0x0, 0x0, 0x0,
    0x1b, 0xff, 0xc2, 0x8, 0xd0, 0x0, 0x0, 0x0,
    0x0, 0x1, 0x0, 0x2f, 0x40, 0x7d, 0xd8, 0x0,
    0x0, 0x0, 0x0, 0xca, 0x6, 0xf5, 0x4e, 0x80,
    0x0, 0x0, 0x6, 0xe1, 0xc, 0x90, 0x7, 0xf0,
    0x0, 0x0, 0x1f, 0x50, 0xe, 0x70, 0x5, 0xf1,
    0x0, 0x0, 0xab, 0x0, 0xd, 0x90, 0x7, 0xf0,
    0x0, 0x4, 0xf2, 0x0, 0x7, 0xf4, 0x3e, 0x90,
    0x0, 0xe, 0x70, 0x0, 0x0, 0x8e, 0xe9, 0x0,

    /* U+0026 "&" */
    0x0, 0x2a, 0xef, 0xd9, 0x0, 0x0, 0x0, 0xd,
    0xf8, 0x69, 0xe2, 0x0, 0x0, 0x4, 0xf7, 0x0,
    0x0, 0x0, 0x0, 0x0, 0x4f, 0x70, 0x0, 0x0,
    0x0, 0x0, 0x0, 0xde, 0x20, 0x0, 0x0, 0x0,
    0x0, 0x2d, 0xfe, 0x20, 0x0, 0x0, 0x0, 0x1e,
    0xb1, 0xde, 0x20, 0x0, 0xdc, 0x8, 0xf1, 0x1,
    0xde, 0x30, 0xf, 0x80, 0xcd, 0x0, 0x1, 0xde,
    0x37, 0xf2, 0xc, 0xf0, 0x0, 0x1, 0xdf, 0xe9,
    0x0, 0x8f, 0x90, 0x0, 0x4, 0xff, 0x40, 0x0,
    0xcf, 0xc7, 0x7a, 0xfd, 0xee, 0x20, 0x0, 0x7d,
    0xff, 0xc6, 0x3, 0xfe, 0x20,

    /* U+0027 "'" */
    0x4f, 0x34, 0xf3, 0x4f, 0x34, 0xf3, 0x3d, 0x20,

    /* U+0028 "(" */
    0x0, 0x2f, 0x50, 0xa, 0xc0, 0x2, 0xf5, 0x0,
    0x9f, 0x0, 0xe, 0xb0, 0x2, 0xf8, 0x0, 0x5f,
    0x50, 0x6, 0xf4, 0x0, 0x6f, 0x40, 0x5, 0xf5,
    0x0, 0x2f, 0x80, 0x0, 0xeb, 0x0, 0x9, 0xf0,
    0x0, 0x2f, 0x50, 0x0, 0xac, 0x0, 0x2, 0xf5,

    /* U+0029 ")" */
    0x4f, 0x20, 0x0, 0xcb, 0x0, 0x5, 0xf2, 0x0,
    0xf, 0x90, 0x0, 0xbe, 0x0, 0x7, 0xf2, 0x0,
    0x5f, 0x50, 0x4, 0xf6, 0x0, 0x4f, 0x60, 0x5,
    0xf5, 0x0, 0x7f, 0x20, 0xb, 0xe0, 0x0, 0xf9,
    0x0, 0x5f, 0x20, 0xc, 0xb0, 0x4, 0xf2, 0x0,

    /* U+002A "*" */
    0x0, 0x0, 0xf0, 0x0, 0x0, 0x30, 0xf, 0x0,
    0x30, 0x3d, 0x91, 0xf1, 0x9d, 0x30, 0x7, 0xdf,
    0xd7, 0x0, 0x0, 0x4c, 0xfc, 0x40, 0x2, 0xcc,
    0x2f, 0x2c, 0xc2, 0x15, 0x0, 0xf0, 0x5, 0x10,
    0x0, 0xf, 0x0, 0x0, 0x0, 0x0, 0x20, 0x0,
    0x0,

    /* U+002B "+" */
    0x0, 0x0, 0x0, 0x30, 0x0, 0x0, 0x0, 0x0,
    0x0, 0x3f, 0x40, 0x0, 0x0, 0x0, 0x0, 0x3,
    0xf4, 0x0, 0x0, 0x0, 0x0, 0x0, 0x3f, 0x40,
    0x0, 0x0, 0x0, 0x0, 0x3, 0xf4, 0x0, 0x0,
    0x0, 0x22, 0x22, 0x5f, 0x62, 0x22, 0x20, 0x1f,
    0xff, 0xff, 0xff, 0xff, 0xff, 0x20, 0x55, 0x55,
    0x7f, 0x85, 0x55, 0x50, 0x0, 0x0, 0x3, 0xf4,
    0x0, 0x0, 0x0, 0x0, 0x0, 0x3f, 0x40, 0x0,
    0x0, 0x0, 0x0, 0x3, 0xf4, 0x0, 0x0, 0x0,
    0x0, 0x0, 0x3f, 0x40, 0x0, 0x0,

    /* U+002C "," */
    0x4, 0x40, 0xef, 0xf, 0xc3, 0xf4, 0x7c, 0x0,

    /* U+002D "-" */
    0x2, 0x22, 0x21, 0x2f, 0xff, 0xf9, 0x5, 0x55,
    0x53,

    /* U+002E "." */
    0x3, 0x21, 0xfc, 0x1f, 0xc0,

    /* U+002F "/" */
    0x0, 0x0, 0x9e, 0x0, 0x0, 0xe, 0x90, 0x0,
    0x3, 0xf4, 0x0, 0x0, 0x8f, 0x0, 0x0, 0xd,
    0xa0, 0x0, 0x2, 0xf5, 0x0, 0x0, 0x7f, 0x0,
    0x0, 0xc, 0xb0, 0x0, 0x1, 0xf6, 0x0, 0x0,
    0x6f, 0x10, 0x0, 0xb, 0xc0, 0x0, 0x1, 0xf7,
    0x0, 0x0, 0x5f, 0x20, 0x0, 0xa, 0xd0, 0x0,
    0x0, 0x74, 0x0, 0x0, 0x0,

    /* U+0030 "0" */
    0x0, 0x6d, 0xfe, 0x91, 0x0, 0x7, 0xfc, 0x68,
    0xfd, 0x0, 0x1f, 0xc0, 0x0, 0x5f, 0x80, 0x7f,
    0x50, 0x0, 0xe, 0xe0, 0xaf, 0x10, 0x0, 0xa,
    0xf1, 0xcf, 0x0, 0x0, 0x8, 0xf3, 0xcf, 0x0,
    0x0, 0x8, 0xf3, 0xcf, 0x0, 0x0, 0x8, 0xf3,
    0xaf, 0x10, 0x0, 0xa, 0xf1, 0x7f, 0x50, 0x0,
    0xe, 0xe0, 0x1f, 0xc0, 0x0, 0x5f, 0x80, 0x7,
    0xfc, 0x68, 0xfd, 0x10, 0x0, 0x6d, 0xfe, 0x91,
    0x0,

    /* U+0031 "1" */
    0x7, 0xae, 0xfe, 0x0, 0x0, 0xfe, 0xbf, 0xe0,
    0x0, 0x2, 0x0, 0xde, 0x0, 0x0, 0x0, 0xd,
    0xe0, 0x0, 0x0, 0x0, 0xde, 0x0, 0x0, 0x0,
    0xd, 0xe0, 0x0, 0x0, 0x0, 0xde, 0x0, 0x0,
    0x0, 0xd, 0xe0, 0x0, 0x0, 0x0, 0xde, 0x0,
    0x0, 0x0, 0xd, 0xe0, 0x0, 0x0, 0x0, 0xde,
    0x0, 0x0, 0x57, 0x7e, 0xf7, 0x76, 0xc, 0xff,
    0xff, 0xff, 0xc0,

    /* U+0032 "2" */
    0x27, 0xce, 0xfc, 0x70, 0x9, 0xfc, 0x88, 0xcf,
    0xc0, 0x41, 0x0, 0x0, 0xaf, 0x60, 0x0, 0x0,
    0x4, 0xf8, 0x0, 0x0, 0x0, 0x5f, 0x70, 0x0,
    0x0, 0xd, 0xf1, 0x0, 0x0, 0xa, 0xf6, 0x0,
    0x0, 0x9, 0xf7, 0x0, 0x0, 0x9, 0xf7, 0x0,
    0x0, 0xa, 0xf7, 0x0, 0x0, 0xa, 0xf7, 0x0,
    0x0, 0x8, 0xfd, 0x77, 0x77, 0x75, 0xbf, 0xff,
    0xff, 0xff, 0xa0,

    /* U+0033 "3" */
    0x19, 0xde, 0xfd, 0x92, 0x0, 0x3d, 0xa8, 0x8a,
    0xff, 0x20, 0x0, 0x0, 0x0, 0x5f, 0x90, 0x0,
    0x0, 0x0, 0x2f, 0xa0, 0x0, 0x2, 0x24, 0xcf,
    0x50, 0x0, 0x5f, 0xff, 0xe7, 0x0, 0x0, 0x15,
    0x58, 0xd7, 0x0, 0x0, 0x0, 0x0, 0x3f, 0x80,
    0x0, 0x0, 0x0, 0xd, 0xe0, 0x0, 0x0, 0x0,
    0xd, 0xf0, 0x20, 0x0, 0x0, 0x5f, 0xc0, 0xae,
    0xa8, 0x8c, 0xff, 0x30, 0x4a, 0xdf, 0xfd, 0x92,
    0x0,

    /* U+0034 "4" */
    0x0, 0x0, 0x1, 0xef, 0x90, 0x0, 0x0, 0x0,
    0x9f, 0xf9, 0x0, 0x0, 0x0, 0x3f, 0x7f, 0x90,
    0x0, 0x0, 0xd, 0xa3, 0xf9, 0x0, 0x0, 0x8,
    0xe1, 0x3f, 0x90, 0x0, 0x2, 0xf6, 0x3, 0xf9,
    0x0, 0x0, 0xcc, 0x0, 0x3f, 0x90, 0x0, 0x6f,
    0x20, 0x3, 0xf9, 0x0, 0xf, 0xa2, 0x22, 0x5f,
    0x92, 0x2, 0xff, 0xff, 0xff, 0xff, 0xf7, 0x5,
    0x55, 0x55, 0x7f, 0xb5, 0x20, 0x0, 0x0, 0x3,
    0xf9, 0x0, 0x0, 0x0, 0x0, 0x3f, 0x90, 0x0,

    /* U+0035 "5" */
    0x1f, 0xff, 0xff, 0xfe, 0x1, 0xfc, 0x77, 0x77,
    0x70, 0x1f, 0x90, 0x0, 0x0, 0x1, 0xf9, 0x11,
    0x0, 0x0, 0x1f, 0xff, 0xff, 0xa1, 0x0, 0xc8,
    0x57, 0xbf, 0xd1, 0x0, 0x0, 0x0, 0x9f, 0x80,
    0x0, 0x0, 0x0, 0xfc, 0x0, 0x0, 0x0, 0xe,
    0xd0, 0x0, 0x0, 0x1, 0xfc, 0x20, 0x0, 0x0,
    0xaf, 0x79, 0xea, 0x89, 0xdf, 0xc0, 0x4b, 0xef,
    0xfc, 0x70, 0x0,

    /* U+0036 "6" */
    0x0, 0x18, 0xdf, 0xeb, 0x40, 0x1, 0xdf, 0xb8,
    0x8b, 0x60, 0xc, 0xe3, 0x0, 0x0, 0x0, 0x3f,
    0x70, 0x0, 0x0, 0x0, 0x8f, 0x4b, 0xff, 0xd6,
    0x0, 0xaf, 0xec, 0x56, 0xdf, 0x70, 0xbf, 0xd0,
    0x0, 0xe, 0xf0, 0xbf, 0x70, 0x0, 0x9, 0xf3,
    0x9f, 0x60, 0x0, 0x8, 0xf4, 0x5f, 0x70, 0x0,
    0x9, 0xf3, 0x1f, 0xe0, 0x0, 0x1f, 0xe0, 0x6,
    0xfd, 0x78, 0xef, 0x50, 0x0, 0x4c, 0xff, 0xb4,
    0x0,

    /* U+0037 "7" */
    0x8f, 0xff, 0xff, 0xff, 0xe3, 0x77, 0x77, 0x7a,
    0xfa, 0x0, 0x0, 0x0, 0x9f, 0x30, 0x0, 0x0,
    0xf, 0xd0, 0x0, 0x0, 0x6, 0xf7, 0x0, 0x0,
    0x0, 0xcf, 0x10, 0x0, 0x0, 0x2f, 0xa0, 0x0,
    0x0, 0x9, 0xf4, 0x0, 0x0, 0x0, 0xee, 0x0,
    0x0, 0x0, 0x5f, 0x80, 0x0, 0x0, 0xb, 0xf2,
    0x0, 0x0, 0x2, 0xfb, 0x0, 0x0, 0x0, 0x8f,
    0x50, 0x0, 0x0,

    /* U+0038 "8" */
    0x1, 0x8d, 0xfe, 0xb5, 0x0, 0xd, 0xf9, 0x67,
    0xdf, 0x70, 0x5f, 0x70, 0x0, 0x1f, 0xd0, 0x6f,
    0x60, 0x0, 0xe, 0xd0, 0x2f, 0xe5, 0x23, 0xaf,
    0x50, 0x5, 0xef, 0xff, 0xe3, 0x0, 0x4, 0xb8,
    0x56, 0xdf, 0x40, 0x3f, 0x60, 0x0, 0xe, 0xe0,
    0xaf, 0x10, 0x0, 0x9, 0xf2, 0xcf, 0x10, 0x0,
    0xa, 0xf2, 0x9f, 0x70, 0x0, 0x1e, 0xf0, 0x2f,
    0xfa, 0x68, 0xef, 0x60, 0x1, 0x9d, 0xff, 0xc5,
    0x0,

    /* U+0039 "9" */
    0x1, 0x9e, 0xfe, 0x80, 0x0, 0x1e, 0xf9, 0x69,
    0xfc, 0x0, 0x8f, 0x60, 0x0, 0x6f, 0x60, 0xcf,
    0x0, 0x0, 0xf, 0xc0, 0xdf, 0x0, 0x0, 0xf,
    0xf0, 0xaf, 0x30, 0x0, 0x3f, 0xf2, 0x3f, 0xd5,
    0x24, 0xdf, 0xf2, 0x5, 0xef, 0xff, 0xaa, 0xf1,
    0x0, 0x3, 0x41, 0xd, 0xf0, 0x0, 0x0, 0x0,
    0x2f, 0xa0, 0x0, 0x0, 0x0, 0xcf, 0x30, 0xe,
    0xa8, 0x9e, 0xf6, 0x0, 0x9, 0xdf, 0xeb, 0x40,
    0x0,

    /* U+003A ":" */
    0x33, 0xef, 0xef, 0x0, 0x0, 0x0, 0x0, 0x33,
    0xef, 0xef,

    /* U+003B ";" */
    0x3, 0x30, 0xef, 0xe, 0xf0, 0x0, 0x0, 0x0,
    0x0, 0x0, 0x0, 0x44, 0xe, 0xf0, 0xfc, 0x3f,
    0x47, 0xc0,

    /* U+003C "<" */
    0x0, 0x0, 0x0, 0x0, 0x0, 0x2, 0x0, 0x0,
    0x0, 0x0, 0x1, 0x6c, 0xf2, 0x0, 0x0, 0x0,
    0x5b, 0xff, 0xc7, 0x0, 0x0, 0x49, 0xff, 0xd8,
    0x20, 0x0, 0x8, 0xef, 0xe9, 0x30, 0x0, 0x0,
    0x1, 0xff, 0xb1, 0x0, 0x0, 0x0, 0x0, 0x5,
    0xbf, 0xfc, 0x61, 0x0, 0x0, 0x0, 0x0, 0x16,
    0xcf, 0xfb, 0x50, 0x0, 0x0, 0x0, 0x0, 0x28,
    0xdf, 0xfa, 0x10, 0x0, 0x0, 0x0, 0x0, 0x39,
    0xe2, 0x0, 0x0, 0x0, 0x0, 0x0, 0x0, 0x0,

    /* U+003D "=" */
    0x2, 0x22, 0x22, 0x22, 0x22, 0x22, 0x1, 0xff,
    0xff, 0xff, 0xff, 0xff, 0xf2, 0x5, 0x55, 0x55,
    0x55, 0x55, 0x55, 0x0, 0x0, 0x0, 0x0, 0x0,
    0x0, 0x0, 0x2, 0x22, 0x22, 0x22, 0x22, 0x22,
    0x1, 0xff, 0xff, 0xff, 0xff, 0xff, 0xf2, 0x5,
    0x55, 0x55, 0x55, 0x55, 0x55, 0x0,

    /* U+003E ">" */
    0x2, 0x0, 0x0, 0x0, 0x0, 0x0, 0x1, 0xfc,
    0x71, 0x0, 0x0, 0x0, 0x0, 0x6, 0xcf, 0xfb,
    0x50, 0x0, 0x0, 0x0, 0x0, 0x27, 0xdf, 0xfa,
    0x40, 0x0, 0x0, 0x0, 0x0, 0x28, 0xef, 0xe9,
    0x0, 0x0, 0x0, 0x0, 0x1, 0xaf, 0xf2, 0x0,
    0x0, 0x0, 0x6b, 0xff, 0xb5, 0x0, 0x0, 0x5a,
    0xff, 0xd7, 0x10, 0x0, 0x9, 0xff, 0xe8, 0x20,
    0x0, 0x0, 0x1, 0xf9, 0x40, 0x0, 0x0, 0x0,
    0x0, 0x0, 0x0, 0x0, 0x0, 0x0, 0x0, 0x0,

    /* U+003F "?" */
    0x29, 0xdf, 0xe9, 0x10, 0xbe, 0x87, 0xaf, 0xc0,
    0x40, 0x0, 0xa, 0xf3, 0x0, 0x0, 0x9, 0xf3,
    0x0, 0x0, 0x3f, 0xc0, 0x0, 0x3, 0xfd, 0x10,
    0x0, 0x1f, 0xd1, 0x0, 0x0, 0x6f, 0x40, 0x0,
    0x0, 0x8f, 0x20, 0x0, 0x0, 0x48, 0x10, 0x0,
    0x0, 0x13, 0x0, 0x0, 0x0, 0x9f, 0x30, 0x0,
    0x0, 0x9f, 0x30, 0x0,

    /* U+0040 "@" */
    0x0, 0x0, 0x0, 0x0, 0x0, 0x0, 0x0, 0x0,
    0x0, 0x0, 0x28, 0xdf, 0xfe, 0xb5, 0x0, 0x0,
    0x0, 0x9, 0xfb, 0x74, 0x35, 0x9e, 0xd2, 0x0,
    0x0, 0xbe, 0x40, 0x0, 0x0, 0x1, 0xae, 0x30,
    0x9, 0xe1, 0x0, 0x0, 0x0, 0x0, 0x9, 0xd0,
    0x2f, 0x40, 0x4, 0xdf, 0xe8, 0x8c, 0x0, 0xe5,
    0x7d, 0x0, 0x1f, 0xc4, 0x4b, 0xfc, 0x0, 0xaa,
    0xb8, 0x0, 0x8e, 0x0, 0x0, 0xec, 0x0, 0x8b,
    0xc7, 0x0, 0xab, 0x0, 0x0, 0xac, 0x0, 0xaa,
    0xb8, 0x0, 0x8d, 0x0, 0x0, 0xdc, 0x1, 0xf5,
    0x8b, 0x0, 0x3f, 0x91, 0x18, 0xfc, 0x4d, 0xb0,
    0x3f, 0x20, 0x6, 0xff, 0xfb, 0x9f, 0xe8, 0x0,
    0xb, 0xc0, 0x0, 0x2, 0x10, 0x12, 0x0, 0x0,
    0x1, 0xeb, 0x10, 0x0, 0x0, 0x1, 0x40, 0x0,
    0x0, 0x2c, 0xe8, 0x31, 0x13, 0x8e, 0xd0, 0x0,
    0x0, 0x0, 0x6c, 0xff, 0xff, 0xd6, 0x0, 0x0,
    0x0, 0x0, 0x0, 0x2, 0x21, 0x0, 0x0, 0x0,

    /* U+0041 "A" */
    0x0, 0x0, 0x1f, 0xf5, 0x0, 0x0, 0x0, 0x0,
    0x6, 0xfd, 0xb0, 0x0, 0x0, 0x0, 0x0, 0xcb,
    0x6f, 0x20, 0x0, 0x0, 0x0, 0x3f, 0x51, 0xf8,
    0x0, 0x0, 0x0, 0x9, 0xf0, 0xb, 0xe0, 0x0,
    0x0, 0x0, 0xea, 0x0, 0x5f, 0x40, 0x0, 0x0,
    0x5f, 0x40, 0x0, 0xea, 0x0, 0x0, 0xb, 0xe2,
    0x22, 0x2a, 0xf1, 0x0, 0x2, 0xff, 0xff, 0xff,
    0xff, 0x60, 0x0, 0x8f, 0x65, 0x55, 0x55, 0xdd,
    0x0, 0xe, 0xd0, 0x0, 0x0, 0x7, 0xf3, 0x4,
    0xf7, 0x0, 0x0, 0x0, 0x2f, 0x90, 0xaf, 0x20,
    0x0, 0x0, 0x0, 0xdf, 0x0,

    /* U+0042 "B" */
    0x3f, 0xff, 0xff, 0xda, 0x20, 0x3, 0xfb, 0x77,
    0x7a, 0xff, 0x20, 0x3f, 0x80, 0x0, 0x7, 0xf7,
    0x3, 0xf8, 0x0, 0x0, 0x5f, 0x70, 0x3f, 0x91,
    0x12, 0x4d, 0xe1, 0x3, 0xff, 0xff, 0xff, 0xd2,
    0x0, 0x3f, 0xa4, 0x45, 0x7e, 0xe2, 0x3, 0xf8,
    0x0, 0x0, 0x2f, 0xb0, 0x3f, 0x80, 0x0, 0x0,
    0xdf, 0x3, 0xf8, 0x0, 0x0, 0xe, 0xf0, 0x3f,
    0x80, 0x0, 0x3, 0xfd, 0x3, 0xfc, 0x77, 0x79,
    0xff, 0x40, 0x3f, 0xff, 0xff, 0xeb, 0x30, 0x0,

    /* U+0043 "C" */
    0x0, 0x6, 0xce, 0xfe, 0xb5, 0x0, 0x2d, 0xfc,
    0x87, 0x8c, 0xf8, 0xd, 0xf6, 0x0, 0x0, 0x3,
    0x76, 0xf9, 0x0, 0x0, 0x0, 0x0, 0xbf, 0x20,
    0x0, 0x0, 0x0, 0xe, 0xf0, 0x0, 0x0, 0x0,
    0x0, 0xfe, 0x0, 0x0, 0x0, 0x0, 0xe, 0xf0,
    0x0, 0x0, 0x0, 0x0, 0xbf, 0x20, 0x0, 0x0,
    0x0, 0x6, 0xf9, 0x0, 0x0, 0x0, 0x0, 0xd,
    0xf6, 0x0, 0x0, 0x4, 0x70, 0x2d, 0xfc, 0x87,
    0x8c, 0xf8, 0x0, 0x6, 0xce, 0xfe, 0xb5, 0x0,

    /* U+0044 "D" */
    0x3f, 0xff, 0xfe, 0xda, 0x40, 0x0, 0x3f, 0xb7,
    0x77, 0xae, 0xfc, 0x10, 0x3f, 0x80, 0x0, 0x0,
    0x9f, 0xc0, 0x3f, 0x80, 0x0, 0x0, 0xb, 0xf4,
    0x3f, 0x80, 0x0, 0x0, 0x5, 0xf9, 0x3f, 0x80,
    0x0, 0x0, 0x2, 0xfb, 0x3f, 0x80, 0x0, 0x0,
    0x1, 0xfc, 0x3f, 0x80, 0x0, 0x0, 0x2, 0xfb,
    0x3f, 0x80, 0x0, 0x0, 0x5, 0xf9, 0x3f, 0x80,
    0x0, 0x0, 0xc, 0xf4, 0x3f, 0x80, 0x0, 0x0,
    0x9f, 0xc0, 0x3f, 0xc7, 0x77, 0xae, 0xfc, 0x10,
    0x3f, 0xff, 0xff, 0xda, 0x40, 0x0,

    /* U+0045 "E" */
    0x3f, 0xff, 0xff, 0xff, 0xf1, 0x3f, 0xc7, 0x77,
    0x77, 0x70, 0x3f, 0x80, 0x0, 0x0, 0x0, 0x3f,
    0x80, 0x0, 0x0, 0x0, 0x3f, 0x92, 0x22, 0x22,
    0x10, 0x3f, 0xff, 0xff, 0xff, 0xc0, 0x3f, 0xb5,
    0x55, 0x55, 0x40, 0x3f, 0x80, 0x0, 0x0, 0x0,
    0x3f, 0x80, 0x0, 0x0, 0x0, 0x3f, 0x80, 0x0,
    0x0, 0x0, 0x3f, 0x80, 0x0, 0x0, 0x0, 0x3f,
    0xc7, 0x77, 0x77, 0x71, 0x3f, 0xff, 0xff, 0xff,
    0xf3,

    /* U+0046 "F" */
    0x3f, 0xff, 0xff, 0xff, 0x53, 0xfc, 0x77, 0x77,
    0x72, 0x3f, 0x80, 0x0, 0x0, 0x3, 0xf8, 0x0,
    0x0, 0x0, 0x3f, 0x92, 0x22, 0x21, 0x3, 0xff,
    0xff, 0xff, 0xc0, 0x3f, 0xb5, 0x55, 0x53, 0x3,
    0xf8, 0x0, 0x0, 0x0, 0x3f, 0x80, 0x0, 0x0,
    0x3, 0xf8, 0x0, 0x0, 0x0, 0x3f, 0x80, 0x0,
    0x0, 0x3, 0xf8, 0x0, 0x0, 0x0, 0x3f, 0x80,
    0x0, 0x0, 0x0,

    /* U+0047 "G" */
    0x0, 0x6, 0xbe, 0xfe, 0xc8, 0x10, 0x2, 0xdf,
    0xd8, 0x78, 0xaf, 0xf1, 0xd, 0xf6, 0x0, 0x0,
    0x0, 0x81, 0x6f, 0x90, 0x0, 0x0, 0x0, 0x0,
    0xbf, 0x20, 0x0, 0x0, 0x0, 0x0, 0xef, 0x0,
    0x0, 0x2, 0x22, 0x20, 0xfe, 0x0, 0x0, 0x3f,
    0xff, 0xf7, 0xef, 0x0, 0x0, 0x5, 0x58, 0xf7,
    0xbf, 0x20, 0x0, 0x0, 0x4, 0xf7, 0x6f, 0x80,
    0x0, 0x0, 0x4, 0xf7, 0xd, 0xf6, 0x0, 0x0,
    0x4, 0xf7, 0x2, 0xdf, 0xd8, 0x78, 0xaf, 0xf5,
    0x0, 0x6, 0xbe, 0xff, 0xc8, 0x20,

    /* U+0048 "H" */
    0x3f, 0x80, 0x0, 0x0, 0xf, 0xc3, 0xf8, 0x0,
    0x0, 0x0, 0xfc, 0x3f, 0x80, 0x0, 0x0, 0xf,
    0xc3, 0xf8, 0x0, 0x0, 0x0, 0xfc, 0x3f, 0x92,
    0x22, 0x22, 0x2f, 0xc3, 0xff, 0xff, 0xff, 0xff,
    0xfc, 0x3f, 0xb5, 0x55, 0x55, 0x5f, 0xc3, 0xf8,
    0x0, 0x0, 0x0, 0xfc, 0x3f, 0x80, 0x0, 0x0,
    0xf, 0xc3, 0xf8, 0x0, 0x0, 0x0, 0xfc, 0x3f,
    0x80, 0x0, 0x0, 0xf, 0xc3, 0xf8, 0x0, 0x0,
    0x0, 0xfc, 0x3f, 0x80, 0x0, 0x0, 0xf, 0xc0,

    /* U+0049 "I" */
    0x3f, 0x83, 0xf8, 0x3f, 0x83, 0xf8, 0x3f, 0x83,
    0xf8, 0x3f, 0x83, 0xf8, 0x3f, 0x83, 0xf8, 0x3f,
    0x83, 0xf8, 0x3f, 0x80,

    /* U+004A "J" */
    0x0, 0x3f, 0x80, 0x3, 0xf8, 0x0, 0x3f, 0x80,
    0x3, 0xf8, 0x0, 0x3f, 0x80, 0x3, 0xf8, 0x0,
    0x3f, 0x80, 0x3, 0xf8, 0x0, 0x3f, 0x80, 0x3,
    0xf8, 0x0, 0x3f, 0x80, 0x3, 0xf8, 0x0, 0x3f,
    0x80, 0x4, 0xf7, 0x0, 0x9f, 0x47, 0xaf, 0xd0,
    0xee, 0xa2, 0x0,

    /* U+004B "K" */
    0x3f, 0x80, 0x0, 0x3, 0xef, 0x30, 0x3f, 0x80,
    0x0, 0x3f, 0xe3, 0x0, 0x3f, 0x80, 0x4, 0xfe,
    0x20, 0x0, 0x3f, 0x80, 0x5f, 0xd1, 0x0, 0x0,
    0x3f, 0x86, 0xfc, 0x10, 0x0, 0x0, 0x3f, 0xdf,
    0xc0, 0x0, 0x0, 0x0, 0x3f, 0xff, 0xa0, 0x0,
    0x0, 0x0, 0x3f, 0x9a, 0xfa, 0x0, 0x0, 0x0,
    0x3f, 0x80, 0xaf, 0xa0, 0x0, 0x0, 0x3f, 0x80,
    0xa, 0xfa, 0x0, 0x0, 0x3f, 0x80, 0x0, 0xaf,
    0xa0, 0x0, 0x3f, 0x80, 0x0, 0xa, 0xfa, 0x0,
    0x3f, 0x80, 0x0, 0x0, 0xaf, 0xa0,

    /* U+004C "L" */
    0x3f, 0x80, 0x0, 0x0, 0x3, 0xf8, 0x0, 0x0,
    0x0, 0x3f, 0x80, 0x0, 0x0, 0x3, 0xf8, 0x0,
    0x0, 0x0, 0x3f, 0x80, 0x0, 0x0, 0x3, 0xf8,
    0x0, 0x0, 0x0, 0x3f, 0x80, 0x0, 0x0, 0x3,
    0xf8, 0x0, 0x0, 0x0, 0x3f, 0x80, 0x0, 0x0,
    0x3, 0xf8, 0x0, 0x0, 0x0, 0x3f, 0x80, 0x0,
    0x0, 0x3, 0xfc, 0x77, 0x77, 0x77, 0x3f, 0xff,
    0xff, 0xff, 0xf0,

    /* U+004D "M" */
    0x3f, 0xf9, 0x0, 0x0, 0x1, 0xff, 0xc3, 0xff,
    0xf0, 0x0, 0x0, 0x7f, 0xfc, 0x3f, 0xaf, 0x50,
    0x0, 0xd, 0xbf, 0xc3, 0xf7, 0xcb, 0x0, 0x3,
    0xf5, 0xfc, 0x3f, 0x76, 0xf1, 0x0, 0x9e, 0xf,
    0xc3, 0xf7, 0xf, 0x70, 0xe, 0x80, 0xfc, 0x3f,
    0x70, 0xad, 0x5, 0xf2, 0xf, 0xc3, 0xf7, 0x4,
    0xf4, 0xbc, 0x0, 0xfc, 0x3f, 0x70, 0xe, 0xbf,
    0x60, 0xf, 0xc3, 0xf7, 0x0, 0x8f, 0xf1, 0x0,
    0xfc, 0x3f, 0x70, 0x1, 0x86, 0x0, 0xf, 0xc3,
    0xf7, 0x0, 0x0, 0x0, 0x0, 0xfc, 0x3f, 0x70,
    0x0, 0x0, 0x0, 0xf, 0xc0,

    /* U+004E "N" */
    0x3f, 0xf6, 0x0, 0x0, 0xf, 0xb3, 0xff, 0xe0,
    0x0, 0x0, 0xfb, 0x3f, 0xcf, 0x70, 0x0, 0xf,
    0xb3, 0xf7, 0xcf, 0x10, 0x0, 0xfb, 0x3f, 0x73,
    0xf8, 0x0, 0xf, 0xb3, 0xf7, 0xb, 0xf1, 0x0,
    0xfb, 0x3f, 0x70, 0x2f, 0xa0, 0xf, 0xb3, 0xf7,
    0x0, 0xaf, 0x20, 0xfb, 0x3f, 0x70, 0x2, 0xfb,
    0xf, 0xb3, 0xf7, 0x0, 0x9, 0xf4, 0xfb, 0x3f,
    0x70, 0x0, 0x1f, 0xcf, 0xb3, 0xf7, 0x0, 0x0,
    0x7f, 0xfb, 0x3f, 0x70, 0x0, 0x0, 0xef, 0xb0,

    /* U+004F "O" */
    0x0, 0x7, 0xcf, 0xfd, 0x81, 0x0, 0x0, 0x2d,
    0xfb, 0x77, 0xaf, 0xe3, 0x0, 0xd, 0xf5, 0x0,
    0x0, 0x3f, 0xe1, 0x6, 0xf9, 0x0, 0x0, 0x0,
    0x6f, 0x90, 0xbf, 0x20, 0x0, 0x0, 0x0, 0xfe,
    0xe, 0xf0, 0x0, 0x0, 0x0, 0xc, 0xf1, 0xfe,
    0x0, 0x0, 0x0, 0x0, 0xbf, 0x2e, 0xf0, 0x0,
    0x0, 0x0, 0xc, 0xf1, 0xbf, 0x20, 0x0, 0x0,
    0x0, 0xfe, 0x6, 0xf9, 0x0, 0x0, 0x0, 0x6f,
    0x90, 0xd, 0xf5, 0x0, 0x0, 0x3f, 0xe1, 0x0,
    0x2d, 0xfb, 0x77, 0xaf, 0xe3, 0x0, 0x0, 0x7,
    0xcf, 0xfd, 0x81, 0x0, 0x0,

    /* U+0050 "P" */
    0x3f, 0xff, 0xff, 0xc6, 0x0, 0x3f, 0xb7, 0x78,
    0xef, 0x90, 0x3f, 0x80, 0x0, 0x1e, 0xf1, 0x3f,
    0x80, 0x0, 0xa, 0xf3, 0x3f, 0x80, 0x0, 0xd,
    0xf2, 0x3f, 0x92, 0x23, 0xaf, 0xc0, 0x3f, 0xff,
    0xff, 0xfc, 0x10, 0x3f, 0xb5, 0x44, 0x10, 0x0,
    0x3f, 0x80, 0x0, 0x0, 0x0, 0x3f, 0x80, 0x0,
    0x0, 0x0, 0x3f, 0x80, 0x0, 0x0, 0x0, 0x3f,
    0x80, 0x0, 0x0, 0x0, 0x3f, 0x80, 0x0, 0x0,
    0x0,

    /* U+0051 "Q" */
    0x0, 0x7, 0xcf, 0xfd, 0x81, 0x0, 0x0, 0x2d,
    0xfb, 0x77, 0xaf, 0xe3, 0x0, 0xd, 0xf5, 0x0,
    0x0, 0x3f, 0xe1, 0x6, 0xf9, 0x0, 0x0, 0x0,
    0x6f, 0x90, 0xbf, 0x20, 0x0, 0x0, 0x0, 0xfe,
    0xe, 0xf0, 0x0, 0x0, 0x0, 0xc, 0xf1, 0xfe,
    0x0, 0x0, 0x0, 0x0, 0xbf, 0x2e, 0xf0, 0x0,
    0x0, 0x0, 0xc, 0xf0, 0xbf, 0x20, 0x0, 0x0,
    0x0, 0xfe, 0x6, 0xf8, 0x0, 0x0, 0x0, 0x6f,
    0x80, 0xd, 0xf5, 0x0, 0x0, 0x3e, 0xe1, 0x0,
    0x2d, 0xfb, 0x77, 0xaf, 0xe3, 0x0, 0x0, 0x7,
    0xcf, 0xff, 0xd1, 0x0, 0x0, 0x0, 0x0, 0x0,
    0xaf, 0x70, 0x0, 0x0, 0x0, 0x0, 0x0, 0xbf,
    0x70, 0x0,

    /* U+0052 "R" */
    0x3f, 0xff, 0xff, 0xc7, 0x0, 0x3, 0xfb, 0x77,
    0x8d, 0xf9, 0x0, 0x3f, 0x80, 0x0, 0xe, 0xf1,
    0x3, 0xf8, 0x0, 0x0, 0xaf, 0x30, 0x3f, 0x80,
    0x0, 0xc, 0xf2, 0x3, 0xf9, 0x22, 0x39, 0xfc,
    0x0, 0x3f, 0xff, 0xff, 0xfa, 0x10, 0x3, 0xfb,
    0x55, 0x7e, 0xc0, 0x0, 0x3f, 0x80, 0x0, 0x3f,
    0xa0, 0x3, 0xf8, 0x0, 0x0, 0xaf, 0x30, 0x3f,
    0x80, 0x0, 0x2, 0xfb, 0x3, 0xf8, 0x0, 0x0,
    0xa, 0xf3, 0x3f, 0x80, 0x0, 0x0, 0x2f, 0xb0,

    /* U+0053 "S" */
    0x1, 0x9d, 0xfe, 0xd9, 0x40, 0x2f, 0xfa, 0x77,
    0xae, 0xa0, 0xaf, 0x50, 0x0, 0x0, 0x20, 0xcf,
    0x0, 0x0, 0x0, 0x0, 0xaf, 0x50, 0x0, 0x0,
    0x0, 0x2f, 0xfd, 0x96, 0x20, 0x0, 0x2, 0x9d,
    0xff, 0xfc, 0x20, 0x0, 0x0, 0x14, 0xaf, 0xd0,
    0x0, 0x0, 0x0, 0xa, 0xf4, 0x0, 0x0, 0x0,
    0x7, 0xf6, 0x40, 0x0, 0x0, 0xc, 0xf3, 0xcf,
    0xa7, 0x78, 0xdf, 0xa0, 0x38, 0xce, 0xfe, 0xc6,
    0x0,

    /* U+0054 "T" */
    0xf, 0xff, 0xff, 0xff, 0xff, 0xff, 0x0, 0x77,
    0x77, 0xaf, 0xa7, 0x77, 0x70, 0x0, 0x0, 0x6,
    0xf6, 0x0, 0x0, 0x0, 0x0, 0x0, 0x6f, 0x60,
    0x0, 0x0, 0x0, 0x0, 0x6, 0xf6, 0x0, 0x0,
    0x0, 0x0, 0x0, 0x6f, 0x60, 0x0, 0x0, 0x0,
    0x0, 0x6, 0xf6, 0x0, 0x0, 0x0, 0x0, 0x0,
    0x6f, 0x60, 0x0, 0x0, 0x0, 0x0, 0x6, 0xf6,
    0x0, 0x0, 0x0, 0x0, 0x0, 0x6f, 0x60, 0x0,
    0x0, 0x0, 0x0, 0x6, 0xf6, 0x0, 0x0, 0x0,
    0x0, 0x0, 0x6f, 0x60, 0x0, 0x0, 0x0, 0x0,
    0x6, 0xf6, 0x0, 0x0, 0x0,

    /* U+0055 "U" */
    0x7f, 0x50, 0x0, 0x0, 0x2f, 0x97, 0xf5, 0x0,
    0x0, 0x2, 0xf9, 0x7f, 0x50, 0x0, 0x0, 0x2f,
    0x97, 0xf5, 0x0, 0x0, 0x2, 0xf9, 0x7f, 0x50,
    0x0, 0x0, 0x2f, 0x97, 0xf5, 0x0, 0x0, 0x2,
    0xf9, 0x7f, 0x50, 0x0, 0x0, 0x2f, 0x97, 0xf5,
    0x0, 0x0, 0x2, 0xf9, 0x6f, 0x60, 0x0, 0x0,
    0x3f, 0x94, 0xf8, 0x0, 0x0, 0x6, 0xf7, 0xe,
    0xe1, 0x0, 0x0, 0xcf, 0x20, 0x5f, 0xf9, 0x78,
    0xef, 0x80, 0x0, 0x3a, 0xef, 0xeb, 0x50, 0x0,

    /* U+0056 "V" */
    0xaf, 0x30, 0x0, 0x0, 0x0, 0xdf, 0x4, 0xf9,
    0x0, 0x0, 0x0, 0x4f, 0x90, 0xe, 0xe0, 0x0,
    0x0, 0xa, 0xf3, 0x0, 0x8f, 0x50, 0x0, 0x0,
    0xfd, 0x0, 0x2, 0xfb, 0x0, 0x0, 0x6f, 0x60,
    0x0, 0xb, 0xf1, 0x0, 0xc, 0xf1, 0x0, 0x0,
    0x5f, 0x70, 0x2, 0xfa, 0x0, 0x0, 0x0, 0xed,
    0x0, 0x8f, 0x40, 0x0, 0x0, 0x9, 0xf3, 0xe,
    0xe0, 0x0, 0x0, 0x0, 0x3f, 0x94, 0xf8, 0x0,
    0x0, 0x0, 0x0, 0xcf, 0xbf, 0x20, 0x0, 0x0,
    0x0, 0x6, 0xff, 0xb0, 0x0, 0x0, 0x0, 0x0,
    0x1f, 0xf5, 0x0, 0x0, 0x0,

    /* U+0057 "W" */
    0x4f, 0x80, 0x0, 0x3, 0xff, 0x0, 0x0, 0xb,
    0xf1, 0xf, 0xc0, 0x0, 0x7, 0xff, 0x40, 0x0,
    0xf, 0xd0, 0xc, 0xf0, 0x0, 0xb, 0xbe, 0x80,
    0x0, 0x3f, 0x90, 0x8, 0xf4, 0x0, 0xf, 0x7a,
    0xc0, 0x0, 0x7f, 0x50, 0x4, 0xf8, 0x0, 0x3f,
    0x36, 0xf0, 0x0, 0xbf, 0x10, 0x0, 0xfc, 0x0,
    0x7f, 0x2, 0xf4, 0x0, 0xfc, 0x0, 0x0, 0xcf,
    0x0, 0xbb, 0x0, 0xe8, 0x3, 0xf8, 0x0, 0x0,
    0x8f, 0x40, 0xf7, 0x0, 0xac, 0x7, 0xf4, 0x0,
    0x0, 0x4f, 0x83, 0xf3, 0x0, 0x6f, 0xb, 0xf0,
    0x0, 0x0, 0xf, 0xc7, 0xf0, 0x0, 0x2f, 0x4f,
    0xc0, 0x0, 0x0, 0xb, 0xfc, 0xb0, 0x0, 0xe,
    0xcf, 0x80, 0x0, 0x0, 0x7, 0xff, 0x70, 0x0,
    0xa, 0xff, 0x40, 0x0, 0x0, 0x3, 0xff, 0x30,
    0x0, 0x7, 0xff, 0x0, 0x0,

    /* U+0058 "X" */
    0x8, 0xf6, 0x0, 0x0, 0xc, 0xf2, 0x0, 0xdf,
    0x10, 0x0, 0x7f, 0x70, 0x0, 0x3f, 0xb0, 0x2,
    0xfc, 0x0, 0x0, 0x8, 0xf6, 0xc, 0xf2, 0x0,
    0x0, 0x0, 0xcf, 0x9f, 0x70, 0x0, 0x0, 0x0,
    0x2f, 0xfc, 0x0, 0x0, 0x0, 0x0, 0x2f, 0xf7,
    0x0, 0x0, 0x0, 0x0, 0xbf, 0xdf, 0x20, 0x0,
    0x0, 0x6, 0xf7, 0x2f, 0xc0, 0x0, 0x0, 0x2f,
    0xc0, 0x7, 0xf6, 0x0, 0x0, 0xcf, 0x20, 0x0,
    0xcf, 0x20, 0x7, 0xf7, 0x0, 0x0, 0x2f, 0xc0,
    0x2f, 0xc0, 0x0, 0x0, 0x7, 0xf6,

    /* U+0059 "Y" */
    0xb, 0xf3, 0x0, 0x0, 0x3, 0xfb, 0x0, 0x1e,
    0xd0, 0x0, 0x0, 0xde, 0x10, 0x0, 0x5f, 0x90,
    0x0, 0x9f, 0x50, 0x0, 0x0, 0xaf, 0x40, 0x3f,
    0xa0, 0x0, 0x0, 0x1, 0xee, 0x1d, 0xe1, 0x0,
    0x0, 0x0, 0x4, 0xfe, 0xf4, 0x0, 0x0, 0x0,
    0x0, 0x9, 0xf9, 0x0, 0x0, 0x0, 0x0, 0x0,
    0x6f, 0x60, 0x0, 0x0, 0x0, 0x0, 0x6, 0xf6,
    0x0, 0x0, 0x0, 0x0, 0x0, 0x6f, 0x60, 0x0,
    0x0, 0x0, 0x0, 0x6, 0xf6, 0x0, 0x0, 0x0,
    0x0, 0x0, 0x6f, 0x60, 0x0, 0x0, 0x0, 0x0,
    0x6, 0xf6, 0x0, 0x0, 0x0,

    /* U+005A "Z" */
    0xf, 0xff, 0xff, 0xff, 0xff, 0xf5, 0x7, 0x77,
    0x77, 0x77, 0x8f, 0xf2, 0x0, 0x0, 0x0, 0x0,
    0xbf, 0x60, 0x0, 0x0, 0x0, 0x8, 0xf9, 0x0,
    0x0, 0x0, 0x0, 0x5f, 0xb0, 0x0, 0x0, 0x0,
    0x3, 0xfd, 0x10, 0x0, 0x0, 0x0, 0x1e, 0xf2,
    0x0, 0x0, 0x0, 0x0, 0xcf, 0x40, 0x0, 0x0,
    0x0, 0x9, 0xf7, 0x0, 0x0, 0x0, 0x0, 0x6f,
    0xa0, 0x0, 0x0, 0x0, 0x4, 0xfd, 0x0, 0x0,
    0x0, 0x0, 0x1e, 0xf9, 0x77, 0x77, 0x77, 0x73,
    0x3f, 0xff, 0xff, 0xff, 0xff, 0xf8,

    /* U+005B "[" */
    0x7f, 0xff, 0x47, 0xf5, 0x31, 0x7f, 0x20, 0x7,
    0xf2, 0x0, 0x7f, 0x20, 0x7, 0xf2, 0x0, 0x7f,
    0x20, 0x7, 0xf2, 0x0, 0x7f, 0x20, 0x7, 0xf2,
    0x0, 0x7f, 0x20, 0x7, 0xf2, 0x0, 0x7f, 0x20,
    0x7, 0xf2, 0x0, 0x7f, 0x30, 0x7, 0xff, 0xf4,
    0x13, 0x33, 0x0,

    /* U+005C "\\" */
    0xda, 0x0, 0x0, 0x8, 0xf0, 0x0, 0x0, 0x3f,
    0x40, 0x0, 0x0, 0xe9, 0x0, 0x0, 0x9, 0xe0,
    0x0, 0x0, 0x4f, 0x30, 0x0, 0x0, 0xe8, 0x0,
    0x0, 0xa, 0xd0, 0x0, 0x0, 0x5f, 0x20, 0x0,
    0x0, 0xf7, 0x0, 0x0, 0xa, 0xc0, 0x0, 0x0,
    0x5f, 0x10, 0x0, 0x1, 0xf6, 0x0, 0x0, 0xb,
    0xb0, 0x0, 0x0, 0x47, 0x0,

    /* U+005D "]" */
    0x4f, 0xff, 0x70, 0x35, 0xf7, 0x0, 0x2f, 0x70,
    0x2, 0xf7, 0x0, 0x2f, 0x70, 0x2, 0xf7, 0x0,
    0x2f, 0x70, 0x2, 0xf7, 0x0, 0x2f, 0x70, 0x2,
    0xf7, 0x0, 0x2f, 0x70, 0x2, 0xf7, 0x0, 0x2f,
    0x70, 0x2, 0xf7, 0x0, 0x2f, 0x74, 0xff, 0xf7,
    0x3, 0x33, 0x10,

    /* U+005E "^" */
    0x0, 0x0, 0xc, 0xfd, 0x10, 0x0, 0x0, 0x0,
    0xb, 0xfa, 0xfc, 0x0, 0x0, 0x0, 0xa, 0xf6,
    0x5, 0xfc, 0x0, 0x0, 0xa, 0xf5, 0x0, 0x4,
    0xfb, 0x0, 0x9, 0xf4, 0x0, 0x0, 0x3, 0xea,
    0x0,

    /* U+005F "_" */
    0x0, 0x0, 0x0, 0x0, 0x0, 0x2, 0xff, 0xff,
    0xff, 0xff, 0xf2, 0x3, 0x33, 0x33, 0x33, 0x33,
    0x0,

    /* U+0060 "`" */
    0x28, 0x30, 0x0, 0xad, 0x0, 0x0, 0xda, 0x0,
    0x2, 0xe5,

    /* U+0061 "a" */
    0x18, 0xce, 0xfd, 0x70, 0x3, 0xe9, 0x66, 0xbf,
    0x90, 0x0, 0x0, 0x0, 0x9f, 0x10, 0x0, 0x0,
    0x4, 0xf5, 0x6, 0xcf, 0xff, 0xff, 0x67, 0xfa,
    0x53, 0x36, 0xf6, 0xdd, 0x0, 0x0, 0x6f, 0x6d,
    0xd0, 0x0, 0xd, 0xf6, 0x8f, 0xb6, 0x7d, 0xcf,
    0x60, 0x8e, 0xfd, 0x73, 0xf6,

    /* U+0062 "b" */
    0x5f, 0x40, 0x0, 0x0, 0x0, 0x5f, 0x40, 0x0,
    0x0, 0x0, 0x5f, 0x40, 0x0, 0x0, 0x0, 0x5f,
    0x40, 0x0, 0x0, 0x0, 0x5f, 0x48, 0xef, 0xd5,
    0x0, 0x5f, 0xdd, 0x77, 0xdf, 0x50, 0x5f, 0xe1,
    0x0, 0xd, 0xe0, 0x5f, 0x70, 0x0, 0x7, 0xf4,
    0x5f, 0x50, 0x0, 0x4, 0xf6, 0x5f, 0x50, 0x0,
    0x4, 0xf6, 0x5f, 0x70, 0x0, 0x7, 0xf4, 0x5f,
    0xe0, 0x0, 0xd, 0xe0, 0x5f, 0xdd, 0x77, 0xdf,
    0x50, 0x5f, 0x48, 0xef, 0xd5, 0x0,

    /* U+0063 "c" */
    0x0, 0x7d, 0xff, 0xc6, 0xc, 0xfb, 0x76, 0x9b,
    0x7f, 0x80, 0x0, 0x0, 0xde, 0x0, 0x0, 0x0,
    0xfc, 0x0, 0x0, 0x0, 0xfc, 0x0, 0x0, 0x0,
    0xde, 0x0, 0x0, 0x0, 0x7f, 0x80, 0x0, 0x0,
    0xc, 0xfb, 0x76, 0x9b, 0x0, 0x7d, 0xfe, 0xc6,

    /* U+0064 "d" */
    0x0, 0x0, 0x0, 0xd, 0xc0, 0x0, 0x0, 0x0,
    0xdc, 0x0, 0x0, 0x0, 0xd, 0xc0, 0x0, 0x0,
    0x0, 0xdc, 0x1, 0xaf, 0xfb, 0x2d, 0xc1, 0xdf,
    0x96, 0xae, 0xec, 0x8f, 0x50, 0x0, 0x8f, 0xcd,
    0xd0, 0x0, 0x0, 0xfc, 0xfb, 0x0, 0x0, 0xe,
    0xcf, 0xb0, 0x0, 0x0, 0xec, 0xdd, 0x0, 0x0,
    0xf, 0xc8, 0xf5, 0x0, 0x8, 0xfc, 0x1e, 0xf8,
    0x6a, 0xee, 0xc0, 0x1a, 0xff, 0xb2, 0xdc,

    /* U+0065 "e" */
    0x0, 0x7d, 0xff, 0xb3, 0x0, 0xb, 0xfa, 0x67,
    0xdf, 0x30, 0x7f, 0x50, 0x0, 0x1e, 0xb0, 0xcd,
    0x0, 0x0, 0x9, 0xf0, 0xff, 0xff, 0xff, 0xff,
    0xf1, 0xfd, 0x33, 0x33, 0x33, 0x30, 0xdf, 0x0,
    0x0, 0x0, 0x0, 0x7f, 0x80, 0x0, 0x0, 0x10,
    0xb, 0xfc, 0x76, 0x8c, 0xb0, 0x0, 0x6c, 0xff,
    0xda, 0x40,

    /* U+0066 "f" */
    0x0, 0x1a, 0xef, 0xb0, 0xa, 0xf7, 0x53, 0x0,
    0xfa, 0x0, 0x0, 0xf, 0x90, 0x0, 0x9f, 0xff,
    0xff, 0x42, 0x4f, 0xb4, 0x41, 0x0, 0xf9, 0x0,
    0x0, 0xf, 0x90, 0x0, 0x0, 0xf9, 0x0, 0x0,
    0xf, 0x90, 0x0, 0x0, 0xf9, 0x0, 0x0, 0xf,
    0x90, 0x0, 0x0, 0xf9, 0x0, 0x0, 0xf, 0x90,
    0x0,

    /* U+0067 "g" */
    0x2, 0xaf, 0xfb, 0x2d, 0xc1, 0xef, 0x86, 0xae,
    0xec, 0x8f, 0x50, 0x0, 0x8f, 0xcd, 0xd0, 0x0,
    0x0, 0xfc, 0xfb, 0x0, 0x0, 0xe, 0xcf, 0xb0,
    0x0, 0x0, 0xec, 0xdd, 0x0, 0x0, 0xf, 0xc8,
    0xf5, 0x0, 0x7, 0xfc, 0x1e, 0xf8, 0x69, 0xee,
    0xc0, 0x2a, 0xff, 0xb2, 0xec, 0x0, 0x0, 0x0,
    0xf, 0xa0, 0x0, 0x0, 0x7, 0xf5, 0xc, 0x96,
    0x6a, 0xfc, 0x0, 0x7d, 0xff, 0xd8, 0x0,

    /* U+0068 "h" */
    0x5f, 0x40, 0x0, 0x0, 0x5, 0xf4, 0x0, 0x0,
    0x0, 0x5f, 0x40, 0x0, 0x0, 0x5, 0xf4, 0x0,
    0x0, 0x0, 0x5f, 0x47, 0xdf, 0xd5, 0x5, 0xfc,
    0xd7, 0x7d, 0xf3, 0x5f, 0xd0, 0x0, 0x1f, 0xa5,
    0xf6, 0x0, 0x0, 0xcc, 0x5f, 0x40, 0x0, 0xb,
    0xd5, 0xf4, 0x0, 0x0, 0xbe, 0x5f, 0x40, 0x0,
    0xb, 0xe5, 0xf4, 0x0, 0x0, 0xbe, 0x5f, 0x40,
    0x0, 0xb, 0xe5, 0xf4, 0x0, 0x0, 0xbe,

    /* U+0069 "i" */
    0x4f, 0x54, 0xf5, 0x0, 0x0, 0x0, 0x4f, 0x54,
    0xf5, 0x4f, 0x54, 0xf5, 0x4f, 0x54, 0xf5, 0x4f,
    0x54, 0xf5, 0x4f, 0x54, 0xf5,

    /* U+006A "j" */
    0x0, 0x4f, 0x50, 0x4, 0xf5, 0x0, 0x0, 0x0,
    0x0, 0x0, 0x0, 0x4f, 0x50, 0x4, 0xf5, 0x0,
    0x4f, 0x50, 0x4, 0xf5, 0x0, 0x4f, 0x50, 0x4,
    0xf5, 0x0, 0x4f, 0x50, 0x4, 0xf5, 0x0, 0x4f,
    0x50, 0x4, 0xf5, 0x0, 0x5f, 0x40, 0x6, 0xf3,
    0x16, 0xde, 0x5, 0xfc, 0x30,

    /* U+006B "k" */
    0x5f, 0x40, 0x0, 0x0, 0x0, 0x5f, 0x40, 0x0,
    0x0, 0x0, 0x5f, 0x40, 0x0, 0x0, 0x0, 0x5f,
    0x40, 0x0, 0x0, 0x0, 0x5f, 0x40, 0x0, 0x7f,
    0x90, 0x5f, 0x40, 0x9, 0xf7, 0x0, 0x5f, 0x40,
    0xaf, 0x60, 0x0, 0x5f, 0x5c, 0xf4, 0x0, 0x0,
    0x5f, 0xff, 0x30, 0x0, 0x0, 0x5f, 0x9f, 0xb0,
    0x0, 0x0, 0x5f, 0x45, 0xfc, 0x0, 0x0, 0x5f,
    0x40, 0x5f, 0xc0, 0x0, 0x5f, 0x40, 0x4, 0xfc,
    0x0, 0x5f, 0x40, 0x0, 0x4f, 0xc1,

    /* U+006C "l" */
    0x4f, 0x54, 0xf5, 0x4f, 0x54, 0xf5, 0x4f, 0x54,
    0xf5, 0x4f, 0x54, 0xf5, 0x4f, 0x54, 0xf5, 0x4f,
    0x54, 0xf5, 0x4f, 0x54, 0xf5,

    /* U+006D "m" */
    0x5f, 0x47, 0xdf, 0xc3, 0x3, 0xcf, 0xe7, 0x5,
    0xfc, 0xd7, 0x8e, 0xf5, 0xe8, 0x7c, 0xf5, 0x5f,
    0xd0, 0x0, 0x5f, 0xf3, 0x0, 0xe, 0xc5, 0xf6,
    0x0, 0x1, 0xfc, 0x0, 0x0, 0xbe, 0x5f, 0x40,
    0x0, 0xf, 0xa0, 0x0, 0xa, 0xf5, 0xf4, 0x0,
    0x0, 0xfa, 0x0, 0x0, 0xaf, 0x5f, 0x40, 0x0,
    0xf, 0xa0, 0x0, 0xa, 0xf5, 0xf4, 0x0, 0x0,
    0xfa, 0x0, 0x0, 0xaf, 0x5f, 0x40, 0x0, 0xf,
    0xa0, 0x0, 0xa, 0xf5, 0xf4, 0x0, 0x0, 0xfa,
    0x0, 0x0, 0xaf,

    /* U+006E "n" */
    0x5f, 0x48, 0xef, 0xd5, 0x5, 0xfd, 0xa4, 0x3b,
    0xf3, 0x5f, 0xb0, 0x0, 0xf, 0xa5, 0xf6, 0x0,
    0x0, 0xcc, 0x5f, 0x40, 0x0, 0xb, 0xd5, 0xf4,
    0x0, 0x0, 0xbe, 0x5f, 0x40, 0x0, 0xb, 0xe5,
    0xf4, 0x0, 0x0, 0xbe, 0x5f, 0x40, 0x0, 0xb,
    0xe5, 0xf4, 0x0, 0x0, 0xbe,

    /* U+006F "o" */
    0x1, 0x9e, 0xfe, 0x91, 0x0, 0xd, 0xf9, 0x69,
    0xfd, 0x10, 0x8f, 0x60, 0x0, 0x6f, 0x80, 0xde,
    0x0, 0x0, 0xe, 0xd0, 0xfc, 0x0, 0x0, 0xc,
    0xf0, 0xfc, 0x0, 0x0, 0xc, 0xf0, 0xde, 0x0,
    0x0, 0xe, 0xd0, 0x8f, 0x60, 0x0, 0x6f, 0x80,
    0xd, 0xf9, 0x69, 0xfd, 0x10, 0x1, 0x9e, 0xfe,
    0x91, 0x0,

    /* U+0070 "p" */
    0x5f, 0x58, 0xef, 0xd5, 0x0, 0x5f, 0xea, 0x22,
    0xaf, 0x50, 0x5f, 0xd0, 0x0, 0xc, 0xe0, 0x5f,
    0x70, 0x0, 0x6, 0xf4, 0x5f, 0x40, 0x0, 0x4,
    0xf6, 0x5f, 0x50, 0x0, 0x4, 0xf6, 0x5f, 0x80,
    0x0, 0x7, 0xf4, 0x5f, 0xe1, 0x0, 0xe, 0xe0,
    0x5f, 0xcd, 0x77, 0xdf, 0x50, 0x5f, 0x48, 0xef,
    0xd5, 0x0, 0x5f, 0x40, 0x0, 0x0, 0x0, 0x5f,
    0x40, 0x0, 0x0, 0x0, 0x5f, 0x40, 0x0, 0x0,
    0x0, 0x5f, 0x40, 0x0, 0x0, 0x0,

    /* U+0071 "q" */
    0x1, 0xaf, 0xfb, 0x2d, 0xc1, 0xdf, 0x96, 0xae,
    0xec, 0x8f, 0x50, 0x0, 0x8f, 0xcd, 0xd0, 0x0,
    0x0, 0xfc, 0xfb, 0x0, 0x0, 0xe, 0xcf, 0xb0,
    0x0, 0x0, 0xec, 0xdd, 0x0, 0x0, 0xf, 0xc8,
    0xf5, 0x0, 0x8, 0xfc, 0x1e, 0xf8, 0x6a, 0xee,
    0xc0, 0x1a, 0xff, 0xb2, 0xdc, 0x0, 0x0, 0x0,
    0xd, 0xc0, 0x0, 0x0, 0x0, 0xdc, 0x0, 0x0,
    0x0, 0xd, 0xc0, 0x0, 0x0, 0x0, 0xdc,

    /* U+0072 "r" */
    0x0, 0x0, 0x0, 0x5, 0xf4, 0x8e, 0xf6, 0x5f,
    0xeb, 0x43, 0x25, 0xfc, 0x0, 0x0, 0x5f, 0x60,
    0x0, 0x5, 0xf4, 0x0, 0x0, 0x5f, 0x40, 0x0,
    0x5, 0xf4, 0x0, 0x0, 0x5f, 0x40, 0x0, 0x5,
    0xf4, 0x0, 0x0, 0x5f, 0x40, 0x0, 0x0,

    /* U+0073 "s" */
    0x0, 0x7d, 0xff, 0xd9, 0x0, 0x9f, 0x96, 0x68,
    0xd0, 0xe, 0xb0, 0x0, 0x0, 0x0, 0xde, 0x20,
    0x0, 0x0, 0x4, 0xef, 0xd9, 0x50, 0x0, 0x1,
    0x59, 0xdf, 0xc0, 0x0, 0x0, 0x0, 0x7f, 0x60,
    0x10, 0x0, 0x4, 0xf7, 0xf, 0xa7, 0x57, 0xef,
    0x20, 0x8c, 0xef, 0xea, 0x20,

    /* U+0074 "t" */
    0x2, 0x82, 0x0, 0x0, 0x5f, 0x40, 0x0, 0x5,
    0xf4, 0x0, 0x8, 0xff, 0xff, 0xfa, 0x27, 0xf7,
    0x44, 0x20, 0x5f, 0x40, 0x0, 0x5, 0xf4, 0x0,
    0x0, 0x5f, 0x40, 0x0, 0x5, 0xf4, 0x0, 0x0,
    0x5f, 0x40, 0x0, 0x4, 0xf5, 0x0, 0x0, 0x1f,
    0xd6, 0x53, 0x0, 0x5d, 0xff, 0xa0,

    /* U+0075 "u" */
    0x7f, 0x20, 0x0, 0xd, 0xc7, 0xf2, 0x0, 0x0,
    0xdc, 0x7f, 0x20, 0x0, 0xd, 0xc7, 0xf2, 0x0,
    0x0, 0xdc, 0x7f, 0x20, 0x0, 0xd, 0xc7, 0xf2,
    0x0, 0x0, 0xdc, 0x6f, 0x30, 0x0, 0xf, 0xc3,
    0xf7, 0x0, 0x7, 0xfc, 0xd, 0xf9, 0x7a, 0xde,
    0xc0, 0x2b, 0xff, 0xa1, 0xdc,

    /* U+0076 "v" */
    0x4f, 0x60, 0x0, 0x0, 0xce, 0x0, 0xec, 0x0,
    0x0, 0x2f, 0x80, 0x8, 0xf2, 0x0, 0x8, 0xf2,
    0x0, 0x2f, 0x80, 0x0, 0xdd, 0x0, 0x0, 0xce,
    0x0, 0x3f, 0x70, 0x0, 0x6, 0xf4, 0x9, 0xf1,
    0x0, 0x0, 0x1f, 0xa0, 0xfb, 0x0, 0x0, 0x0,
    0xbf, 0x6f, 0x50, 0x0, 0x0, 0x5, 0xff, 0xf0,
    0x0, 0x0, 0x0, 0xe, 0xf9, 0x0, 0x0,

    /* U+0077 "w" */
    0x1f, 0x80, 0x0, 0xbf, 0x70, 0x0, 0xcd, 0xd,
    0xc0, 0x0, 0xff, 0xb0, 0x0, 0xf9, 0x9, 0xf0,
    0x3, 0xfa, 0xf0, 0x4, 0xf5, 0x5, 0xf4, 0x8,
    0xe3, 0xf3, 0x8, 0xf1, 0x1, 0xf8, 0xc, 0xa0,
    0xe7, 0xd, 0xc0, 0x0, 0xdc, 0xf, 0x60, 0xab,
    0x1f, 0x80, 0x0, 0x9f, 0x5f, 0x20, 0x6f, 0x5f,
    0x40, 0x0, 0x5f, 0xde, 0x0, 0x2f, 0xdf, 0x0,
    0x0, 0x1f, 0xf9, 0x0, 0xe, 0xfc, 0x0, 0x0,
    0xc, 0xf5, 0x0, 0xa, 0xf8, 0x0,

    /* U+0078 "x" */
    0xc, 0xf2, 0x0, 0x6, 0xf8, 0x0, 0x1e, 0xd0,
    0x2, 0xfc, 0x0, 0x0, 0x5f, 0x90, 0xde, 0x10,
    0x0, 0x0, 0x9f, 0xcf, 0x40, 0x0, 0x0, 0x0,
    0xdf, 0x90, 0x0, 0x0, 0x0, 0x3f, 0xfc, 0x0,
    0x0, 0x0, 0xd, 0xe7, 0xf8, 0x0, 0x0, 0xa,
    0xf4, 0xa, 0xf3, 0x0, 0x6, 0xf8, 0x0, 0x1e,
    0xe1, 0x2, 0xfc, 0x0, 0x0, 0x3f, 0xb0,

    /* U+0079 "y" */
    0x4f, 0x70, 0x0, 0x0, 0xce, 0x0, 0xdd, 0x0,
    0x0, 0x2f, 0x80, 0x7, 0xf3, 0x0, 0x8, 0xf2,
    0x0, 0x1f, 0x90, 0x0, 0xeb, 0x0, 0x0, 0xaf,
    0x0, 0x5f, 0x50, 0x0, 0x4, 0xf5, 0xb, 0xe0,
    0x0, 0x0, 0xe, 0xc1, 0xf9, 0x0, 0x0, 0x0,
    0x7f, 0xaf, 0x30, 0x0, 0x0, 0x1, 0xff, 0xc0,
    0x0, 0x0, 0x0, 0xb, 0xf6, 0x0, 0x0, 0x0,
    0x0, 0xaf, 0x0, 0x0, 0x0, 0x0, 0x1f, 0x90,
    0x0, 0x0, 0x3, 0x5c, 0xf2, 0x0, 0x0, 0x0,
    0x9f, 0xd5, 0x0, 0x0, 0x0,

    /* U+007A "z" */
    0xf, 0xff, 0xff, 0xff, 0xa0, 0x44, 0x44, 0x49,
    0xf8, 0x0, 0x0, 0x3, 0xfc, 0x0, 0x0, 0x1,
    0xee, 0x10, 0x0, 0x0, 0xcf, 0x20, 0x0, 0x0,
    0xaf, 0x40, 0x0, 0x0, 0x8f, 0x70, 0x0, 0x0,
    0x5f, 0x90, 0x0, 0x0, 0x2f, 0xe4, 0x44, 0x44,
    0x33, 0xff, 0xff, 0xff, 0xfa,

    /* U+007B "{" */
    0x0, 0x2, 0xbe, 0xf3, 0x0, 0xc, 0xf6, 0x40,
    0x0, 0xf, 0xb0, 0x0, 0x0, 0xf, 0x90, 0x0,
    0x0, 0xf, 0x90, 0x0, 0x0, 0xf, 0x90, 0x0,
    0x0, 0x2f, 0x80, 0x0, 0x1, 0xaf, 0x40, 0x0,
    0xcf, 0xf7, 0x0, 0x0, 0x24, 0xcf, 0x30, 0x0,
    0x0, 0x2f, 0x80, 0x0, 0x0, 0xf, 0x90, 0x0,
    0x0, 0xf, 0x90, 0x0, 0x0, 0xf, 0xa0, 0x0,
    0x0, 0xe, 0xe2, 0x0, 0x0, 0x5, 0xff, 0xf3,
    0x0, 0x0, 0x2, 0x30,

    /* U+007C "|" */
    0xbc, 0xbc, 0xbc, 0xbc, 0xbc, 0xbc, 0xbc, 0xbc,
    0xbc, 0xbc, 0xbc, 0xbc, 0xbc, 0xbc, 0xbc, 0xbc,
    0xbc, 0xbc,

    /* U+007D "}" */
    0xbf, 0xd6, 0x0, 0x0, 0x24, 0xbf, 0x20, 0x0,
    0x0, 0x3f, 0x60, 0x0, 0x0, 0x2f, 0x70, 0x0,
    0x0, 0x2f, 0x70, 0x0, 0x0, 0x2f, 0x70, 0x0,
    0x0, 0x1f, 0x90, 0x0, 0x0, 0xd, 0xe4, 0x0,
    0x0, 0x2, 0xdf, 0xf3, 0x0, 0xc, 0xf6, 0x30,
    0x0, 0x1f, 0x90, 0x0, 0x0, 0x2f, 0x70, 0x0,
    0x0, 0x2f, 0x70, 0x0, 0x0, 0x3f, 0x60, 0x0,
    0x1, 0x8f, 0x40, 0x0, 0xcf, 0xfb, 0x0, 0x0,
    0x23, 0x10, 0x0, 0x0,

    /* U+007E "~" */
    0x0, 0x0, 0x10, 0x0, 0x0, 0x0, 0x0, 0x4c,
    0xff, 0xfa, 0x62, 0x26, 0xd2, 0x1f, 0xa5, 0x59,
    0xdf, 0xff, 0xf8, 0x0, 0x20, 0x0, 0x0, 0x14,
    0x30, 0x0,

    /* U+00A0 " " */

    /* U+00A1 "¡" */
    0x4f, 0x84, 0xf8, 0x3, 0x10, 0x0, 0x1d, 0x42,
    0xf6, 0x3f, 0x74, 0xf7, 0x4f, 0x84, 0xf8, 0x4f,
    0x84, 0xf8, 0x4f, 0x80,

    /* U+00A2 "¢" */
    0x0, 0x0, 0x9, 0x0, 0x0, 0x0, 0x0, 0xd0,
    0x0, 0x0, 0x0, 0xd, 0x0, 0x0, 0x3, 0xae,
    0xfe, 0xb2, 0x4, 0xfe, 0x8e, 0x7b, 0x40, 0xee,
    0x10, 0xd0, 0x0, 0x4f, 0x70, 0xd, 0x0, 0x7,
    0xf4, 0x0, 0xd0, 0x0, 0x7f, 0x40, 0xd, 0x0,
    0x5, 0xf6, 0x0, 0xd0, 0x0, 0x1f, 0xd0, 0xd,
    0x0, 0x0, 0x8f, 0xb4, 0xd2, 0x73, 0x0, 0x7f,
    0xff, 0xff, 0x30, 0x0, 0x4, 0xe3, 0x0, 0x0,
    0x0, 0xd, 0x0, 0x0, 0x0, 0x0, 0xb0, 0x0,

    /* U+00A3 "£" */
    0x0, 0x4, 0xcf, 0xfc, 0x60, 0x3, 0xfe, 0x86,
    0x99, 0x0, 0x9f, 0x30, 0x0, 0x0, 0xc, 0xf0,
    0x0, 0x0, 0x0, 0xcf, 0x0, 0x0, 0x0, 0xc,
    0xf0, 0x0, 0x0, 0x8f, 0xff, 0xff, 0xf6, 0x1,
    0x3d, 0xf3, 0x33, 0x10, 0x0, 0xcf, 0x0, 0x0,
    0x0, 0xc, 0xf0, 0x0, 0x0, 0x0, 0xcf, 0x0,
    0x0, 0x6, 0x7e, 0xf7, 0x77, 0x76, 0xdf, 0xff,
    0xff, 0xff, 0xd0,

    /* U+00A4 "¤" */
    0x0, 0x0, 0x0, 0x0, 0x1, 0x0, 0xc9, 0x0,
    0x0, 0x2, 0xe5, 0x6, 0xfa, 0xdf, 0xf9, 0xec,
    0x10, 0x8, 0xfa, 0x57, 0xef, 0x10, 0x0, 0xcb,
    0x0, 0x3, 0xf4, 0x0, 0xf, 0x60, 0x0, 0xf,
    0x70, 0x0, 0xd9, 0x0, 0x2, 0xf4, 0x0, 0x8,
    0xf7, 0x24, 0xdf, 0x0, 0x4, 0xfd, 0xff, 0xfc,
    0xfa, 0x0, 0xeb, 0x0, 0x32, 0x4, 0xf6, 0x2,
    0x0, 0x0, 0x0, 0x2, 0x0,

    /* U+00A5 "¥" */
    0x1e, 0xa0, 0x0, 0x0, 0x3f, 0x70, 0x7f, 0x30,
    0x0, 0xc, 0xd0, 0x0, 0xec, 0x0, 0x5, 0xf5,
    0x0, 0x5, 0xf5, 0x0, 0xdc, 0x0, 0x0, 0xc,
    0xd0, 0x6f, 0x30, 0x0, 0xcf, 0xff, 0x7e, 0xff,
    0xf3, 0x1, 0x22, 0xbf, 0xf3, 0x22, 0x0, 0x0,
    0x3, 0xfa, 0x0, 0x0, 0xc, 0xff, 0xff, 0xff,
    0xff, 0x30, 0x12, 0x24, 0xfa, 0x22, 0x20, 0x0,
    0x0, 0x2f, 0x90, 0x0, 0x0, 0x0, 0x2, 0xf9,
    0x0, 0x0, 0x0, 0x0, 0x2f, 0x90, 0x0, 0x0,

    /* U+00A6 "¦" */
    0x77, 0xbc, 0xbc, 0xbc, 0xbc, 0xbc, 0xbc, 0x0,
    0x0, 0x77, 0xbc, 0xbc, 0xbc, 0xbc, 0xbc, 0xbc,

    /* U+00A7 "§" */
    0x0, 0x6d, 0xfe, 0xb2, 0x0, 0x4f, 0xa4, 0x5a,
    0x30, 0x8, 0xf0, 0x0, 0x0, 0x0, 0x5f, 0x80,
    0x0, 0x0, 0x0, 0xdf, 0xc2, 0x0, 0x0, 0xae,
    0x7e, 0xf8, 0x0, 0x1f, 0x50, 0x8, 0xfa, 0x1,
    0xf7, 0x0, 0x8, 0xf1, 0xb, 0xf6, 0x0, 0x5f,
    0x10, 0x9, 0xfc, 0x4d, 0xa0, 0x0, 0x3, 0xdf,
    0xd0, 0x0, 0x0, 0x0, 0xaf, 0x50, 0x0, 0x0,
    0x1, 0xf8, 0x0, 0x45, 0x11, 0x8f, 0x50, 0x6,
    0xff, 0xff, 0x80, 0x0, 0x0, 0x22, 0x0, 0x0,

    /* U+00A8 "¨" */
    0x1c, 0x80, 0x8c, 0x11, 0xfa, 0xa, 0xf1,

    /* U+00A9 "©" */
    0x0, 0x0, 0x6c, 0xee, 0xc6, 0x0, 0x0, 0x0,
    0x2d, 0x82, 0x0, 0x28, 0xd2, 0x0, 0x2, 0xd3,
    0x29, 0xde, 0xc5, 0x3d, 0x20, 0xc, 0x42, 0xec,
    0x42, 0x45, 0x4, 0xb0, 0x2c, 0x9, 0xe0, 0x0,
    0x0, 0x0, 0xc2, 0x67, 0xd, 0xa0, 0x0, 0x0,
    0x0, 0x76, 0x76, 0xd, 0x90, 0x0, 0x0, 0x0,
    0x67, 0x67, 0xa, 0xd0, 0x0, 0x0, 0x0, 0x76,
    0x2c, 0x3, 0xf9, 0x10, 0x13, 0x0, 0xc2, 0xc,
    0x40, 0x4c, 0xff, 0xf7, 0x4, 0xb0, 0x2, 0xd3,
    0x0, 0x1, 0x0, 0x3d, 0x20, 0x0, 0x2d, 0x82,
    0x0, 0x28, 0xd2, 0x0, 0x0, 0x0, 0x6c, 0xee,
    0xc6, 0x0, 0x0,

    /* U+00AA "ª" */
    0x4c, 0xfe, 0xb2, 0x4, 0x51, 0x2b, 0xc0, 0x0,
    0x0, 0x2f, 0x11, 0x9d, 0xef, 0xf3, 0xbc, 0x42,
    0x3f, 0x4e, 0x50, 0x4, 0xf4, 0xcb, 0x23, 0xdf,
    0x43, 0xcf, 0xd5, 0xf4, 0x12, 0x22, 0x22, 0xc,
    0xff, 0xff, 0xf4,

    /* U+00AB "«" */
    0x0, 0x0, 0x0, 0x0, 0x0, 0x0, 0x57, 0x0,
    0x85, 0x0, 0x7f, 0x50, 0x9f, 0x30, 0x9f, 0x50,
    0xbe, 0x30, 0x8f, 0x30, 0xbe, 0x20, 0x3, 0xea,
    0x6, 0xf8, 0x0, 0x2, 0xec, 0x14, 0xf9, 0x0,
    0x1, 0xd8, 0x3, 0xe5, 0x0, 0x0, 0x40, 0x2,
    0x30,

    /* U+00AC "¬" */
    0x2, 0x22, 0x22, 0x22, 0x22, 0x22, 0x1, 0xff,
    0xff, 0xff, 0xff, 0xff, 0xf2, 0x5, 0x55, 0x55,
    0x55, 0x55, 0x8f, 0x20, 0x0, 0x0, 0x0, 0x0,
    0x4, 0xf2, 0x0, 0x0, 0x0, 0x0, 0x0, 0x4f,
    0x20, 0x0, 0x0, 0x0, 0x0, 0x3, 0xd2,

    /* U+00AD "­" */
    0x2, 0x22, 0x21, 0x2f, 0xff, 0xf9, 0x5, 0x55,
    0x53,

    /* U+00AE "®" */
    0x0, 0x0, 0x6c, 0xee, 0xc6, 0x0, 0x0, 0x0,
    0x2d, 0x82, 0x0, 0x28, 0xd2, 0x0, 0x2, 0xd3,
    0x0, 0x0, 0x0, 0x3d, 0x20, 0xc, 0x40, 0xae,
    0xed, 0xb2, 0x4, 0xb0, 0x2c, 0x0, 0xbb, 0x0,
    0xbc, 0x0, 0xc2, 0x67, 0x0, 0xbb, 0x0, 0xac,
    0x0, 0x76, 0x76, 0x0, 0xbf, 0xef, 0xb2, 0x0,
    0x67, 0x67, 0x0, 0xbb, 0xa, 0xd0, 0x0, 0x76,
    0x2c, 0x0, 0xbb, 0x0, 0xe9, 0x0, 0xc2, 0xc,
    0x40, 0xbb, 0x0, 0x4f, 0x34, 0xb0, 0x2, 0xd3,
    0x0, 0x0, 0x0, 0x3d, 0x20, 0x0, 0x2d, 0x82,
    0x0, 0x28, 0xd2, 0x0, 0x0, 0x0, 0x6c, 0xee,
    0xc6, 0x0, 0x0,

    /* U+00AF "¯" */
    0x1, 0x11, 0x11, 0x2, 0xff, 0xff, 0xf2, 0x3,
    0x33, 0x33, 0x0,

    /* U+00B0 "°" */
    0x3, 0xce, 0xb2, 0x0, 0xe8, 0x38, 0xe0, 0x3e,
    0x0, 0xe, 0x31, 0xf4, 0x4, 0xf1, 0x5, 0xef,
    0xe5, 0x0, 0x0, 0x10, 0x0,

    /* U+00B1 "±" */
    0x0, 0x0, 0x0, 0x31, 0x0, 0x0, 0x0, 0x0,
    0x0, 0x3f, 0x40, 0x0, 0x0, 0x0, 0x0, 0x3,
    0xf4, 0x0, 0x0, 0x0, 0x22, 0x22, 0x5f, 0x62,
    0x22, 0x20, 0x1f, 0xff, 0xff, 0xff, 0xff, 0xff,
    0x20, 0x55, 0x55, 0x7f, 0x85, 0x55, 0x50, 0x0,
    0x0, 0x3, 0xf4, 0x0, 0x0, 0x0, 0x0, 0x0,
    0x3f, 0x40, 0x0, 0x0, 0x0, 0x0, 0x3, 0xf4,
    0x0, 0x0, 0x0, 0x0, 0x0, 0x0, 0x0, 0x0,
    0x0, 0x7, 0x77, 0x77, 0x77, 0x77, 0x77, 0x11,
    0xff, 0xff, 0xff, 0xff, 0xff, 0xf2,

    /* U+00B2 "²" */
    0x1a, 0xef, 0xb2, 0x1, 0x61, 0x1b, 0xd0, 0x0,
    0x0, 0x6f, 0x0, 0x0, 0xd, 0x80, 0x0, 0xa,
    0xc0, 0x0, 0xa, 0xd1, 0x0, 0xa, 0xc1, 0x0,
    0x2, 0xff, 0xff, 0xf1,

    /* U+00B3 "³" */
    0xa, 0xef, 0xd4, 0x0, 0x30, 0x8, 0xf0, 0x0,
    0x0, 0x7f, 0x0, 0xb, 0xff, 0x40, 0x0, 0x0,
    0x8d, 0x0, 0x0, 0x1, 0xf3, 0x14, 0x1, 0x8f,
    0x11, 0xcf, 0xfc, 0x40,

    /* U+00B4 "´" */
    0x0, 0x38, 0x20, 0x1e, 0xa0, 0xa, 0xc0, 0x6,
    0xe1, 0x0,

    /* U+00B5 "µ" */
    0x7f, 0x20, 0x0, 0xd, 0xc0, 0x7, 0xf2, 0x0,
    0x0, 0xdc, 0x0, 0x7f, 0x20, 0x0, 0xd, 0xc0,
    0x7, 0xf2, 0x0, 0x0, 0xdc, 0x0, 0x7f, 0x20,
    0x0, 0xd, 0xc0, 0x7, 0xf2, 0x0, 0x0, 0xdc,
    0x0, 0x7f, 0x30, 0x0, 0xf, 0xc0, 0x7, 0xf7,
    0x0, 0x4, 0xfc, 0x0, 0x7f, 0xf9, 0x69, 0xfe,
    0xf8, 0x7, 0xf5, 0xcf, 0xe6, 0x5f, 0xd0, 0x7f,
    0x20, 0x0, 0x0, 0x0, 0x7, 0xf2, 0x0, 0x0,
    0x0, 0x0, 0x7f, 0x20, 0x0, 0x0, 0x0, 0x7,
    0xf2, 0x0, 0x0, 0x0, 0x0,

    /* U+00B6 "¶" */
    0x0, 0x8d, 0xff, 0xff, 0x80, 0xdf, 0xff, 0x91,
    0xc8, 0x6f, 0xff, 0xf9, 0xb, 0x89, 0xff, 0xff,
    0x90, 0xb8, 0x8f, 0xff, 0xf9, 0xb, 0x82, 0xff,
    0xff, 0x90, 0xb8, 0x3, 0xcf, 0xf9, 0xb, 0x80,
    0x0, 0x1b, 0x90, 0xb8, 0x0, 0x0, 0xa9, 0xb,
    0x80, 0x0, 0xa, 0x90, 0xb8, 0x0, 0x0, 0xa9,
    0xb, 0x80, 0x0, 0xa, 0x90, 0xb8, 0x0, 0x0,
    0xa9, 0xb, 0x80, 0x0, 0xa, 0x90, 0xb8, 0x0,
    0x0, 0x55, 0x6, 0x40,

    /* U+00B7 "·" */
    0x3, 0x21, 0xfc, 0x1f, 0xc0,

    /* U+00B8 "¸" */
    0x0, 0x42, 0x0, 0x4, 0xd0, 0x0, 0x2f, 0x26,
    0xff, 0xc0, 0x1, 0x10, 0x0,

    /* U+00B9 "¹" */
    0x8d, 0xf7, 0x0, 0x53, 0xd7, 0x0, 0x0, 0xd7,
    0x0, 0x0, 0xd7, 0x0, 0x0, 0xd7, 0x0, 0x0,
    0xd7, 0x0, 0x0, 0xd7, 0x0, 0xaf, 0xff, 0xf3,

    /* U+00BA "º" */
    0x0, 0x8e, 0xfc, 0x20, 0x7, 0xe4, 0x1a, 0xe0,
    0xe, 0x70, 0x0, 0xf6, 0x1f, 0x40, 0x0, 0xc8,
    0x1f, 0x40, 0x0, 0xc8, 0xe, 0x70, 0x0, 0xf6,
    0x7, 0xf5, 0x2a, 0xe0, 0x0, 0x8e, 0xfc, 0x30,
    0x1, 0x22, 0x22, 0x20, 0xc, 0xff, 0xff, 0xf4,

    /* U+00BB "»" */
    0x0, 0x0, 0x0, 0x0, 0x4, 0x80, 0x7, 0x50,
    0x0, 0x2f, 0xa0, 0x5f, 0x70, 0x0, 0x3e, 0xb0,
    0x5f, 0x90, 0x0, 0x1e, 0xb0, 0x3f, 0x80, 0x7,
    0xf6, 0xa, 0xf4, 0x9, 0xf4, 0xb, 0xe2, 0x4,
    0xe3, 0x7, 0xd1, 0x0, 0x32, 0x0, 0x41, 0x0,
    0x0,

    /* U+00BC "¼" */
    0x36, 0x83, 0x0, 0x0, 0x0, 0x8, 0x30, 0x0,
    0xaa, 0xe7, 0x0, 0x0, 0x0, 0x8d, 0x0, 0x0,
    0x0, 0xd7, 0x0, 0x0, 0x2, 0xf4, 0x0, 0x0,
    0x0, 0xd7, 0x0, 0x0, 0xb, 0xa0, 0x0, 0x0,
    0x0, 0xd7, 0x0, 0x0, 0x5f, 0x10, 0x0, 0x0,
    0x0, 0xd7, 0x0, 0x0, 0xe7, 0x0, 0x0, 0x0,
    0x0, 0xd7, 0x0, 0x8, 0xd0, 0x0, 0x8, 0x50,
    0x9f, 0xff, 0xf3, 0x2f, 0x40, 0x0, 0x9e, 0xb0,
    0x0, 0x0, 0x0, 0xca, 0x0, 0x5, 0xa9, 0xb0,
    0x0, 0x0, 0x5, 0xf1, 0x0, 0x2c, 0x9, 0xb0,
    0x0, 0x0, 0x1e, 0x60, 0x0, 0xc2, 0x9, 0xb0,
    0x0, 0x0, 0x9c, 0x0, 0x3, 0xff, 0xff, 0xfd,
    0x0, 0x3, 0xf3, 0x0, 0x0, 0x0, 0x9, 0xb0,
    0x0, 0xc, 0x90, 0x0, 0x0, 0x0, 0x6, 0x70,

    /* U+00BD "½" */
    0x9d, 0xf7, 0x0, 0x0, 0x0, 0x3f, 0x30, 0x0,
    0x43, 0xd7, 0x0, 0x0, 0x0, 0xd9, 0x0, 0x0,
    0x0, 0xd7, 0x0, 0x0, 0x7, 0xe0, 0x0, 0x0,
    0x0, 0xd7, 0x0, 0x0, 0x2f, 0x40, 0x0, 0x0,
    0x0, 0xd7, 0x0, 0x0, 0xba, 0x0, 0x0, 0x0,
    0x0, 0xd7, 0x0, 0x5, 0xf1, 0x0, 0x0, 0x0,
    0x9f, 0xff, 0xf3, 0x1e, 0x60, 0xdf, 0xfd, 0x50,
    0x0, 0x0, 0x0, 0x9c, 0x0, 0x0, 0x6, 0xf2,
    0x0, 0x0, 0x3, 0xf2, 0x0, 0x0, 0x4, 0xf1,
    0x0, 0x0, 0xd, 0x80, 0x0, 0x0, 0x2e, 0x60,
    0x0, 0x0, 0x8d, 0x0, 0x0, 0x3, 0xe6, 0x0,
    0x0, 0x2, 0xf4, 0x0, 0x0, 0x5e, 0x40, 0x0,
    0x0, 0xc, 0xa0, 0x0, 0x0, 0xff, 0xff, 0xf4,

    /* U+00BE "¾" */
    0xa, 0xee, 0xc4, 0x0, 0x0, 0x2, 0xf3, 0x0,
    0x0, 0x30, 0x7, 0xf0, 0x0, 0x0, 0xca, 0x0,
    0x0, 0x0, 0x0, 0x7f, 0x0, 0x0, 0x5f, 0x10,
    0x0, 0x0, 0xa, 0xff, 0x40, 0x0, 0xe, 0x70,
    0x0, 0x0, 0x0, 0x0, 0x7d, 0x0, 0x8, 0xd0,
    0x0, 0x0, 0x0, 0x0, 0x1, 0xf4, 0x2, 0xf4,
    0x0, 0x0, 0x0, 0x13, 0x0, 0x8f, 0x10, 0xbb,
    0x0, 0x1, 0xa7, 0x1, 0xce, 0xec, 0x40, 0x4f,
    0x20, 0x0, 0xae, 0xb0, 0x0, 0x0, 0x0, 0xd,
    0x80, 0x0, 0x69, 0x9b, 0x0, 0x0, 0x0, 0x7,
    0xe0, 0x0, 0x3c, 0x9, 0xb0, 0x0, 0x0, 0x1,
    0xf5, 0x0, 0xc, 0x20, 0x9b, 0x0, 0x0, 0x0,
    0xac, 0x0, 0x3, 0xff, 0xff, 0xfd, 0x0, 0x0,
    0x3f, 0x30, 0x0, 0x0, 0x0, 0x9b, 0x0, 0x0,
    0xc, 0x90, 0x0, 0x0, 0x0, 0x6, 0x70,

    /* U+00BF "¿" */
    0x0, 0xa, 0xf2, 0x0, 0x0, 0xa, 0xf2, 0x0,
    0x0, 0x2, 0x30, 0x0, 0x0, 0x3, 0x60, 0x0,
    0x0, 0x9, 0xf1, 0x0, 0x0, 0xa, 0xf0, 0x0,
    0x0, 0x1e, 0xd0, 0x0, 0x1, 0xdf, 0x40, 0x0,
    0xc, 0xf5, 0x0, 0x0, 0x7f, 0x70, 0x0, 0x0,
    0xbf, 0x10, 0x0, 0x0, 0x9f, 0x40, 0x0, 0x32,
    0x3f, 0xe8, 0x7b, 0xf4, 0x4, 0xcf, 0xec, 0x50,

    /* U+00C0 "À" */
    0x0, 0x0, 0x56, 0x0, 0x0, 0x0, 0x0, 0x0,
    0x1, 0xd8, 0x0, 0x0, 0x0, 0x0, 0x0, 0x1,
    0x71, 0x0, 0x0, 0x0, 0x0, 0x0, 0x0, 0x0,
    0x0, 0x0, 0x0, 0x0, 0x1f, 0xf5, 0x0, 0x0,
    0x0, 0x0, 0x6, 0xfd, 0xb0, 0x0, 0x0, 0x0,
    0x0, 0xcb, 0x6f, 0x20, 0x0, 0x0, 0x0, 0x3f,
    0x51, 0xf8, 0x0, 0x0, 0x0, 0x9, 0xf0, 0xb,
    0xe0, 0x0, 0x0, 0x0, 0xea, 0x0, 0x5f, 0x40,
    0x0, 0x0, 0x5f, 0x40, 0x0, 0xea, 0x0, 0x0,
    0xb, 0xe2, 0x22, 0x2a, 0xf1, 0x0, 0x2, 0xff,
    0xff, 0xff, 0xff, 0x60, 0x0, 0x8f, 0x65, 0x55,
    0x55, 0xdd, 0x0, 0xe, 0xd0, 0x0, 0x0, 0x7,
    0xf3, 0x4, 0xf7, 0x0, 0x0, 0x0, 0x2f, 0x90,
    0xaf, 0x20, 0x0, 0x0, 0x0, 0xdf, 0x0,

    /* U+00C1 "Á" */
    0x0, 0x0, 0x0, 0x47, 0x0, 0x0, 0x0, 0x0,
    0x0, 0x4f, 0x40, 0x0, 0x0, 0x0, 0x0, 0x6,
    0x40, 0x0, 0x0, 0x0, 0x0, 0x0, 0x0, 0x0,
    0x0, 0x0, 0x0, 0x0, 0x1f, 0xf5, 0x0, 0x0,
    0x0, 0x0, 0x6, 0xfd, 0xb0, 0x0, 0x0, 0x0,
    0x0, 0xcb, 0x6f, 0x20, 0x0, 0x0, 0x0, 0x3f,
    0x51, 0xf8, 0x0, 0x0, 0x0, 0x9, 0xf0, 0xb,
    0xe0, 0x0, 0x0, 0x0, 0xea, 0x0, 0x5f, 0x40,
    0x0, 0x0, 0x5f, 0x40, 0x0, 0xea, 0x0, 0x0,
    0xb, 0xe2, 0x22, 0x2a, 0xf1, 0x0, 0x2, 0xff,
    0xff, 0xff, 0xff, 0x60, 0x0, 0x8f, 0x65, 0x55,
    0x55, 0xdd, 0x0, 0xe, 0xd0, 0x0, 0x0, 0x7,
    0xf3, 0x4, 0xf7, 0x0, 0x0, 0x0, 0x2f, 0x90,
    0xaf, 0x20, 0x0, 0x0, 0x0, 0xdf, 0x0,

    /* U+00C2 "Â" */
    0x0, 0x0, 0x7, 0x71, 0x0, 0x0, 0x0, 0x0,
    0x9, 0xb7, 0xd1, 0x0, 0x0, 0x0, 0x2, 0x70,
    0x5, 0x40, 0x0, 0x0, 0x0, 0x0, 0x0, 0x0,
    0x0, 0x0, 0x0, 0x0, 0x1f, 0xf5, 0x0, 0x0,
    0x0, 0x0, 0x6, 0xfd, 0xb0, 0x0, 0x0, 0x0,
    0x0, 0xcb, 0x6f, 0x20, 0x0, 0x0, 0x0, 0x3f,
    0x51, 0xf8, 0x0, 0x0, 0x0, 0x9, 0xf0, 0xb,
    0xe0, 0x0, 0x0, 0x0, 0xea, 0x0, 0x5f, 0x40,
    0x0, 0x0, 0x5f, 0x40, 0x0, 0xea, 0x0, 0x0,
    0xb, 0xe2, 0x22, 0x2a, 0xf1, 0x0, 0x2, 0xff,
    0xff, 0xff, 0xff, 0x60, 0x0, 0x8f, 0x65, 0x55,
    0x55, 0xdd, 0x0, 0xe, 0xd0, 0x0, 0x0, 0x7,
    0xf3, 0x4, 0xf7, 0x0, 0x0, 0x0, 0x2f, 0x90,
    0xaf, 0x20, 0x0, 0x0, 0x0, 0xdf, 0x0,

    /* U+00C3 "Ã" */
    0x0, 0x2, 0xdc, 0x42, 0xe0, 0x0, 0x0, 0x0,
    0xa9, 0x5d, 0xf8, 0x0, 0x0, 0x0, 0x1, 0x0,
    0x0, 0x0, 0x0, 0x0, 0x0, 0x0, 0x0, 0x0,
    0x0, 0x0, 0x0, 0x0, 0x1f, 0xf5, 0x0, 0x0,
    0x0, 0x0, 0x6, 0xfd, 0xb0, 0x0, 0x0, 0x0,
    0x0, 0xcb, 0x6f, 0x20, 0x0, 0x0, 0x0, 0x3f,
    0x51, 0xf8, 0x0, 0x0, 0x0, 0x9, 0xf0, 0xb,
    0xe0, 0x0, 0x0, 0x0, 0xea, 0x0, 0x5f, 0x40,
    0x0, 0x0, 0x5f, 0x40, 0x0, 0xea, 0x0, 0x0,
    0xb, 0xe2, 0x22, 0x2a, 0xf1, 0x0, 0x2, 0xff,
    0xff, 0xff, 0xff, 0x60, 0x0, 0x8f, 0x65, 0x55,
    0x55, 0xdd, 0x0, 0xe, 0xd0, 0x0, 0x0, 0x7,
    0xf3, 0x4, 0xf7, 0x0, 0x0, 0x0, 0x2f, 0x90,
    0xaf, 0x20, 0x0, 0x0, 0x0, 0xdf, 0x0,

    /* U+00C4 "Ä" */
    0x0, 0x7, 0xf5, 0xf, 0xc0, 0x0, 0x0, 0x0,
    0x5c, 0x40, 0xc9, 0x0, 0x0, 0x0, 0x0, 0x0,
    0x0, 0x0, 0x0, 0x0, 0x0, 0x1, 0xff, 0x50,
    0x0, 0x0, 0x0, 0x0, 0x6f, 0xdb, 0x0, 0x0,
    0x0, 0x0, 0xc, 0xb6, 0xf2, 0x0, 0x0, 0x0,
    0x3, 0xf5, 0x1f, 0x80, 0x0, 0x0, 0x0, 0x9f,
    0x0, 0xbe, 0x0, 0x0, 0x0, 0xe, 0xa0, 0x5,
    0xf4, 0x0, 0x0, 0x5, 0xf4, 0x0, 0xe, 0xa0,
    0x0, 0x0, 0xbe, 0x22, 0x22, 0xaf, 0x10, 0x0,
    0x2f, 0xff, 0xff, 0xff, 0xf6, 0x0, 0x8, 0xf6,
    0x55, 0x55, 0x5d, 0xd0, 0x0, 0xed, 0x0, 0x0,
    0x0, 0x7f, 0x30, 0x4f, 0x70, 0x0, 0x0, 0x2,
    0xf9, 0xa, 0xf2, 0x0, 0x0, 0x0, 0xd, 0xf0,

    /* U+00C5 "Å" */
    0x0, 0x0, 0x3c, 0xd7, 0x0, 0x0, 0x0, 0x0,
    0xe, 0x63, 0xe4, 0x0, 0x0, 0x0, 0x3, 0xd0,
    0x8, 0x80, 0x0, 0x0, 0x0, 0x1e, 0x41, 0xd5,
    0x0, 0x0, 0x0, 0x0, 0x5f, 0xfb, 0x0, 0x0,
    0x0, 0x0, 0x8, 0xfd, 0xd0, 0x0, 0x0, 0x0,
    0x0, 0xeb, 0x6f, 0x30, 0x0, 0x0, 0x0, 0x4f,
    0x61, 0xf9, 0x0, 0x0, 0x0, 0xa, 0xf0, 0xb,
    0xe0, 0x0, 0x0, 0x1, 0xfa, 0x0, 0x5f, 0x50,
    0x0, 0x0, 0x6f, 0x40, 0x0, 0xeb, 0x0, 0x0,
    0xc, 0xe2, 0x22, 0x2a, 0xf1, 0x0, 0x2, 0xff,
    0xff, 0xff, 0xff, 0x70, 0x0, 0x8f, 0x65, 0x55,
    0x55, 0xdd, 0x0, 0xe, 0xd0, 0x0, 0x0, 0x7,
    0xf3, 0x4, 0xf7, 0x0, 0x0, 0x0, 0x2f, 0x90,
    0xaf, 0x20, 0x0, 0x0, 0x0, 0xdf, 0x0,

    /* U+00C6 "Æ" */
    0x0, 0x0, 0xa, 0xff, 0xff, 0xff, 0xff, 0xff,
    0x30, 0x0, 0x1, 0xfd, 0x8f, 0xd7, 0x77, 0x77,
    0x71, 0x0, 0x0, 0x7f, 0x51, 0xfb, 0x0, 0x0,
    0x0, 0x0, 0x0, 0xe, 0xd0, 0x1f, 0xb0, 0x0,
    0x0, 0x0, 0x0, 0x5, 0xf6, 0x1, 0xfb, 0x22,
    0x22, 0x22, 0x0, 0x0, 0xce, 0x0, 0x1f, 0xff,
    0xff, 0xff, 0xf0, 0x0, 0x2f, 0x80, 0x1, 0xfc,
    0x55, 0x55, 0x55, 0x0, 0x9, 0xf3, 0x22, 0x3f,
    0xb0, 0x0, 0x0, 0x0, 0x1, 0xff, 0xff, 0xff,
    0xfb, 0x0, 0x0, 0x0, 0x0, 0x7f, 0x65, 0x55,
    0x6f, 0xb0, 0x0, 0x0, 0x0, 0xd, 0xd0, 0x0,
    0x1, 0xfb, 0x0, 0x0, 0x0, 0x4, 0xf7, 0x0,
    0x0, 0x1f, 0xd7, 0x77, 0x77, 0x73, 0xbf, 0x10,
    0x0, 0x1, 0xff, 0xff, 0xff, 0xff, 0x60,

    /* U+00C7 "Ç" */
    0x0, 0x6, 0xce, 0xfe, 0xb5, 0x0, 0x2d, 0xfc,
    0x87, 0x8c, 0xf8, 0xd, 0xf6, 0x0, 0x0, 0x3,
    0x76, 0xf9, 0x0, 0x0, 0x0, 0x0, 0xbf, 0x20,
    0x0, 0x0, 0x0, 0xe, 0xf0, 0x0, 0x0, 0x0,
    0x0, 0xfe, 0x0, 0x0, 0x0, 0x0, 0xe, 0xf0,
    0x0, 0x0, 0x0, 0x0, 0xbf, 0x20, 0x0, 0x0,
    0x0, 0x6, 0xf9, 0x0, 0x0, 0x0, 0x0, 0xd,
    0xf6, 0x0, 0x0, 0x4, 0x70, 0x2d, 0xfc, 0x87,
    0x8c, 0xf8, 0x0, 0x6, 0xcf, 0xfe, 0xb5, 0x0,
    0x0, 0x0, 0xc, 0x50, 0x0, 0x0, 0x0, 0x0,
    0x7b, 0x0, 0x0, 0x0, 0x3, 0x1a, 0xc0, 0x0,
    0x0, 0x0, 0xbf, 0xe4, 0x0, 0x0,

    /* U+00C8 "È" */
    0x0, 0x7, 0x40, 0x0, 0x0, 0x0, 0x4, 0xf4,
    0x0, 0x0, 0x0, 0x0, 0x37, 0x0, 0x0, 0x0,
    0x0, 0x0, 0x0, 0x0, 0x3f, 0xff, 0xff, 0xff,
    0xf1, 0x3f, 0xc7, 0x77, 0x77, 0x70, 0x3f, 0x80,
    0x0, 0x0, 0x0, 0x3f, 0x80, 0x0, 0x0, 0x0,
    0x3f, 0x92, 0x22, 0x22, 0x10, 0x3f, 0xff, 0xff,
    0xff, 0xc0, 0x3f, 0xb5, 0x55, 0x55, 0x40, 0x3f,
    0x80, 0x0, 0x0, 0x0, 0x3f, 0x80, 0x0, 0x0,
    0x0, 0x3f, 0x80, 0x0, 0x0, 0x0, 0x3f, 0x80,
    0x0, 0x0, 0x0, 0x3f, 0xc7, 0x77, 0x77, 0x71,
    0x3f, 0xff, 0xff, 0xff, 0xf3,

    /* U+00C9 "É" */
    0x0, 0x0, 0x6, 0x60, 0x0, 0x0, 0x0, 0x7e,
    0x10, 0x0, 0x0, 0x1, 0x71, 0x0, 0x0, 0x0,
    0x0, 0x0, 0x0, 0x0, 0x3f, 0xff, 0xff, 0xff,
    0xf1, 0x3f, 0xc7, 0x77, 0x77, 0x70, 0x3f, 0x80,
    0x0, 0x0, 0x0, 0x3f, 0x80, 0x0, 0x0, 0x0,
    0x3f, 0x92, 0x22, 0x22, 0x10, 0x3f, 0xff, 0xff,
    0xff, 0xc0, 0x3f, 0xb5, 0x55, 0x55, 0x40, 0x3f,
    0x80, 0x0, 0x0, 0x0, 0x3f, 0x80, 0x0, 0x0,
    0x0, 0x3f, 0x80, 0x0, 0x0, 0x0, 0x3f, 0x80,
    0x0, 0x0, 0x0, 0x3f, 0xc7, 0x77, 0x77, 0x71,
    0x3f, 0xff, 0xff, 0xff, 0xf3,

    /* U+00CA "Ê" */
    0x0, 0x1, 0x77, 0x0, 0x0, 0x0, 0xc, 0x8b,
    0xa0, 0x0, 0x0, 0x45, 0x0, 0x72, 0x0, 0x0,
    0x0, 0x0, 0x0, 0x0, 0x3f, 0xff, 0xff, 0xff,
    0xf1, 0x3f, 0xc7, 0x77, 0x77, 0x70, 0x3f, 0x80,
    0x0, 0x0, 0x0, 0x3f, 0x80, 0x0, 0x0, 0x0,
    0x3f, 0x92, 0x22, 0x22, 0x10, 0x3f, 0xff, 0xff,
    0xff, 0xc0, 0x3f, 0xb5, 0x55, 0x55, 0x40, 0x3f,
    0x80, 0x0, 0x0, 0x0, 0x3f, 0x80, 0x0, 0x0,
    0x0, 0x3f, 0x80, 0x0, 0x0, 0x0, 0x3f, 0x80,
    0x0, 0x0, 0x0, 0x3f, 0xc7, 0x77, 0x77, 0x71,
    0x3f, 0xff, 0xff, 0xff, 0xf3,

    /* U+00CB "Ë" */
    0x0, 0xbf, 0x14, 0xf8, 0x0, 0x0, 0x8c, 0x3,
    0xc6, 0x0, 0x0, 0x0, 0x0, 0x0, 0x0, 0x3f,
    0xff, 0xff, 0xff, 0xf1, 0x3f, 0xc7, 0x77, 0x77,
    0x70, 0x3f, 0x80, 0x0, 0x0, 0x0, 0x3f, 0x80,
    0x0, 0x0, 0x0, 0x3f, 0x92, 0x22, 0x22, 0x10,
    0x3f, 0xff, 0xff, 0xff, 0xc0, 0x3f, 0xb5, 0x55,
    0x55, 0x40, 0x3f, 0x80, 0x0, 0x0, 0x0, 0x3f,
    0x80, 0x0, 0x0, 0x0, 0x3f, 0x80, 0x0, 0x0,
    0x0, 0x3f, 0x80, 0x0, 0x0, 0x0, 0x3f, 0xc7,
    0x77, 0x77, 0x71, 0x3f, 0xff, 0xff, 0xff, 0xf3,

    /* U+00CC "Ì" */
    0x17, 0x20, 0x7, 0xe1, 0x0, 0x55, 0x0, 0x0,
    0x3, 0xf8, 0x3, 0xf8, 0x3, 0xf8, 0x3, 0xf8,
    0x3, 0xf8, 0x3, 0xf8, 0x3, 0xf8, 0x3, 0xf8,
    0x3, 0xf8, 0x3, 0xf8, 0x3, 0xf8, 0x3, 0xf8,
    0x3, 0xf8,

    /* U+00CD "Í" */
    0x0, 0x74, 0xb, 0xb0, 0x27, 0x0, 0x0, 0x0,
    0x3f, 0x80, 0x3f, 0x80, 0x3f, 0x80, 0x3f, 0x80,
    0x3f, 0x80, 0x3f, 0x80, 0x3f, 0x80, 0x3f, 0x80,
    0x3f, 0x80, 0x3f, 0x80, 0x3f, 0x80, 0x3f, 0x80,
    0x3f, 0x80,

    /* U+00CE "Î" */
    0x0, 0x38, 0x50, 0x0, 0x2e, 0x6d, 0x60, 0x6,
    0x30, 0x17, 0x10, 0x0, 0x0, 0x0, 0x0, 0x3f,
    0x80, 0x0, 0x3, 0xf8, 0x0, 0x0, 0x3f, 0x80,
    0x0, 0x3, 0xf8, 0x0, 0x0, 0x3f, 0x80, 0x0,
    0x3, 0xf8, 0x0, 0x0, 0x3f, 0x80, 0x0, 0x3,
    0xf8, 0x0, 0x0, 0x3f, 0x80, 0x0, 0x3, 0xf8,
    0x0, 0x0, 0x3f, 0x80, 0x0, 0x3, 0xf8, 0x0,
    0x0, 0x3f, 0x80, 0x0,

    /* U+00CF "Ï" */
    0xfd, 0x8, 0xf4, 0xba, 0x6, 0xc3, 0x0, 0x0,
    0x0, 0x3, 0xf8, 0x0, 0x3, 0xf8, 0x0, 0x3,
    0xf8, 0x0, 0x3, 0xf8, 0x0, 0x3, 0xf8, 0x0,
    0x3, 0xf8, 0x0, 0x3, 0xf8, 0x0, 0x3, 0xf8,
    0x0, 0x3, 0xf8, 0x0, 0x3, 0xf8, 0x0, 0x3,
    0xf8, 0x0, 0x3, 0xf8, 0x0, 0x3, 0xf8, 0x0,

    /* U+00D0 "Ð" */
    0x2, 0xff, 0xff, 0xfd, 0xa5, 0x0, 0x0, 0x2f,
    0xc7, 0x77, 0x9e, 0xfc, 0x10, 0x2, 0xfa, 0x0,
    0x0, 0x7, 0xfd, 0x0, 0x2f, 0xa0, 0x0, 0x0,
    0xa, 0xf5, 0x2, 0xfa, 0x0, 0x0, 0x0, 0x3f,
    0xa0, 0x2f, 0xa0, 0x0, 0x0, 0x0, 0xfd, 0xef,
    0xff, 0xff, 0x90, 0x0, 0xf, 0xd3, 0x5f, 0xb3,
    0x32, 0x0, 0x0, 0xfd, 0x2, 0xfa, 0x0, 0x0,
    0x0, 0x4f, 0xa0, 0x2f, 0xa0, 0x0, 0x0, 0xa,
    0xf5, 0x2, 0xfa, 0x0, 0x0, 0x8, 0xfd, 0x0,
    0x2f, 0xc7, 0x77, 0x9e, 0xfc, 0x10, 0x2, 0xff,
    0xff, 0xfd, 0xa5, 0x0, 0x0,

    /* U+00D1 "Ñ" */
    0x0, 0x7, 0xe9, 0x18, 0x80, 0x0, 0x1, 0xf3,
    0x8f, 0xe2, 0x0, 0x0, 0x1, 0x0, 0x0, 0x0,
    0x0, 0x0, 0x0, 0x0, 0x0, 0x0, 0x3f, 0xf6,
    0x0, 0x0, 0xf, 0xb3, 0xff, 0xe0, 0x0, 0x0,
    0xfb, 0x3f, 0xcf, 0x70, 0x0, 0xf, 0xb3, 0xf7,
    0xcf, 0x10, 0x0, 0xfb, 0x3f, 0x73, 0xf8, 0x0,
    0xf, 0xb3, 0xf7, 0xb, 0xf1, 0x0, 0xfb, 0x3f,
    0x70, 0x2f, 0xa0, 0xf, 0xb3, 0xf7, 0x0, 0xaf,
    0x20, 0xfb, 0x3f, 0x70, 0x2, 0xfb, 0xf, 0xb3,
    0xf7, 0x0, 0x9, 0xf4, 0xfb, 0x3f, 0x70, 0x0,
    0x1f, 0xcf, 0xb3, 0xf7, 0x0, 0x0, 0x7f, 0xfb,
    0x3f, 0x70, 0x0, 0x0, 0xef, 0xb0,

    /* U+00D2 "Ò" */
    0x0, 0x0, 0xae, 0x0, 0x0, 0x0, 0x0, 0x0,
    0x0, 0xc9, 0x0, 0x0, 0x0, 0x0, 0x0, 0x1,
    0x71, 0x0, 0x0, 0x0, 0x0, 0x0, 0x0, 0x0,
    0x0, 0x0, 0x0, 0x7, 0xcf, 0xfd, 0x81, 0x0,
    0x0, 0x2d, 0xfb, 0x77, 0xaf, 0xe3, 0x0, 0xd,
    0xf5, 0x0, 0x0, 0x3f, 0xe1, 0x6, 0xf9, 0x0,
    0x0, 0x0, 0x6f, 0x90, 0xbf, 0x20, 0x0, 0x0,
    0x0, 0xfe, 0xe, 0xf0, 0x0, 0x0, 0x0, 0xc,
    0xf1, 0xfe, 0x0, 0x0, 0x0, 0x0, 0xbf, 0x2e,
    0xf0, 0x0, 0x0, 0x0, 0xc, 0xf1, 0xbf, 0x20,
    0x0, 0x0, 0x0, 0xfe, 0x6, 0xf9, 0x0, 0x0,
    0x0, 0x6f, 0x90, 0xd, 0xf5, 0x0, 0x0, 0x3f,
    0xe1, 0x0, 0x2d, 0xfb, 0x77, 0xaf, 0xe3, 0x0,
    0x0, 0x7, 0xcf, 0xfd, 0x81, 0x0, 0x0,

    /* U+00D3 "Ó" */
    0x0, 0x0, 0x0, 0xcc, 0x0, 0x0, 0x0, 0x0,
    0x0, 0x7e, 0x10, 0x0, 0x0, 0x0, 0x0, 0x7,
    0x30, 0x0, 0x0, 0x0, 0x0, 0x0, 0x0, 0x0,
    0x0, 0x0, 0x0, 0x7, 0xcf, 0xfd, 0x81, 0x0,
    0x0, 0x2d, 0xfb, 0x77, 0xaf, 0xe3, 0x0, 0xd,
    0xf5, 0x0, 0x0, 0x3f, 0xe1, 0x6, 0xf9, 0x0,
    0x0, 0x0, 0x6f, 0x90, 0xbf, 0x20, 0x0, 0x0,
    0x0, 0xfe, 0xe, 0xf0, 0x0, 0x0, 0x0, 0xc,
    0xf1, 0xfe, 0x0, 0x0, 0x0, 0x0, 0xbf, 0x2e,
    0xf0, 0x0, 0x0, 0x0, 0xc, 0xf1, 0xbf, 0x20,
    0x0, 0x0, 0x0, 0xfe, 0x6, 0xf9, 0x0, 0x0,
    0x0, 0x6f, 0x90, 0xd, 0xf5, 0x0, 0x0, 0x3f,
    0xe1, 0x0, 0x2d, 0xfb, 0x77, 0xaf, 0xe3, 0x0,
    0x0, 0x7, 0xcf, 0xfd, 0x81, 0x0, 0x0,

    /* U+00D4 "Ô" */
    0x0, 0x0, 0x2f, 0xf4, 0x0, 0x0, 0x0, 0x0,
    0xd, 0x85, 0xe1, 0x0, 0x0, 0x0, 0x3, 0x60,
    0x5, 0x40, 0x0, 0x0, 0x0, 0x0, 0x0, 0x0,
    0x0, 0x0, 0x0, 0x7, 0xcf, 0xfd, 0x81, 0x0,
    0x0, 0x2d, 0xfb, 0x77, 0xaf, 0xe3, 0x0, 0xd,
    0xf5, 0x0, 0x0, 0x3f, 0xe1, 0x6, 0xf9, 0x0,
    0x0, 0x0, 0x6f, 0x90, 0xbf, 0x20, 0x0, 0x0,
    0x0, 0xfe, 0xe, 0xf0, 0x0, 0x0, 0x0, 0xc,
    0xf1, 0xfe, 0x0, 0x0, 0x0, 0x0, 0xbf, 0x2e,
    0xf0, 0x0, 0x0, 0x0, 0xc, 0xf1, 0xbf, 0x20,
    0x0, 0x0, 0x0, 0xfe, 0x6, 0xf9, 0x0, 0x0,
    0x0, 0x6f, 0x90, 0xd, 0xf5, 0x0, 0x0, 0x3f,
    0xe1, 0x0, 0x2d, 0xfb, 0x77, 0xaf, 0xe3, 0x0,
    0x0, 0x7, 0xcf, 0xfd, 0x81, 0x0, 0x0,

    /* U+00D5 "Õ" */
    0x0, 0x3, 0xdc, 0x43, 0xd0, 0x0, 0x0, 0x0,
    0xb8, 0x5e, 0xf7, 0x0, 0x0, 0x0, 0x1, 0x0,
    0x0, 0x0, 0x0, 0x0, 0x0, 0x0, 0x0, 0x0,
    0x0, 0x0, 0x0, 0x7, 0xcf, 0xfd, 0x81, 0x0,
    0x0, 0x2d, 0xfb, 0x77, 0xaf, 0xe3, 0x0, 0xd,
    0xf5, 0x0, 0x0, 0x3f, 0xe1, 0x6, 0xf9, 0x0,
    0x0, 0x0, 0x6f, 0x90, 0xbf, 0x20, 0x0, 0x0,
    0x0, 0xfe, 0xe, 0xf0, 0x0, 0x0, 0x0, 0xc,
    0xf1, 0xfe, 0x0, 0x0, 0x0, 0x0, 0xbf, 0x2e,
    0xf0, 0x0, 0x0, 0x0, 0xc, 0xf1, 0xbf, 0x20,
    0x0, 0x0, 0x0, 0xfe, 0x6, 0xf9, 0x0, 0x0,
    0x0, 0x6f, 0x90, 0xd, 0xf5, 0x0, 0x0, 0x3f,
    0xe1, 0x0, 0x2d, 0xfb, 0x77, 0xaf, 0xe3, 0x0,
    0x0, 0x7, 0xcf, 0xfd, 0x81, 0x0, 0x0,

    /* U+00D6 "Ö" */
    0x0, 0x6, 0xc3, 0xc, 0x80, 0x0, 0x0, 0x0,
    0x8f, 0x41, 0xfb, 0x0, 0x0, 0x0, 0x0, 0x0,
    0x0, 0x0, 0x0, 0x0, 0x0, 0x0, 0x0, 0x0,
    0x0, 0x0, 0x0, 0x7, 0xcf, 0xfd, 0x81, 0x0,
    0x0, 0x2d, 0xfb, 0x77, 0xaf, 0xe3, 0x0, 0xd,
    0xf5, 0x0, 0x0, 0x3f, 0xe1, 0x6, 0xf9, 0x0,
    0x0, 0x0, 0x6f, 0x90, 0xbf, 0x20, 0x0, 0x0,
    0x0, 0xfe, 0xe, 0xf0, 0x0, 0x0, 0x0, 0xc,
    0xf1, 0xfe, 0x0, 0x0, 0x0, 0x0, 0xbf, 0x2e,
    0xf0, 0x0, 0x0, 0x0, 0xc, 0xf1, 0xbf, 0x20,
    0x0, 0x0, 0x0, 0xfe, 0x6, 0xf9, 0x0, 0x0,
    0x0, 0x6f, 0x90, 0xd, 0xf5, 0x0, 0x0, 0x3f,
    0xe1, 0x0, 0x2d, 0xfb, 0x77, 0xaf, 0xe3, 0x0,
    0x0, 0x7, 0xcf, 0xfd, 0x81, 0x0, 0x0,

    /* U+00D7 "×" */
    0x6, 0x0, 0x0, 0x0, 0x6, 0x4, 0xfa, 0x0,
    0x0, 0x9, 0xf5, 0x7, 0xfa, 0x0, 0x9, 0xf8,
    0x0, 0x6, 0xfa, 0x9, 0xf8, 0x0, 0x0, 0x6,
    0xfd, 0xf8, 0x0, 0x0, 0x0, 0xc, 0xfd, 0x0,
    0x0, 0x0, 0x9, 0xfb, 0xfa, 0x0, 0x0, 0x9,
    0xf7, 0x6, 0xfb, 0x0, 0x9, 0xf7, 0x0, 0x6,
    0xfb, 0x4, 0xf7, 0x0, 0x0, 0x6, 0xf5, 0x3,
    0x0, 0x0, 0x0, 0x3, 0x0,

    /* U+00D8 "Ø" */
    0x0, 0x0, 0x0, 0x0, 0x0, 0x0, 0x10, 0x0,
    0x0, 0x7c, 0xff, 0xd8, 0x15, 0xf1, 0x0, 0x2d,
    0xfb, 0x77, 0xbf, 0xef, 0x50, 0x0, 0xdf, 0x50,
    0x0, 0x6, 0xfe, 0x10, 0x6, 0xf9, 0x0, 0x0,
    0x1d, 0x8f, 0x80, 0xb, 0xf2, 0x0, 0x1, 0xd6,
    0xe, 0xe0, 0xe, 0xf0, 0x0, 0xc, 0x80, 0xc,
    0xf1, 0xf, 0xe0, 0x0, 0xaa, 0x0, 0xb, 0xf2,
    0xe, 0xf0, 0x9, 0xc0, 0x0, 0xc, 0xf1, 0xb,
    0xf2, 0x7e, 0x10, 0x0, 0xf, 0xe0, 0x6, 0xfc,
    0xf2, 0x0, 0x0, 0x6f, 0x90, 0x0, 0xdf, 0x90,
    0x0, 0x3, 0xfe, 0x10, 0x3, 0xfe, 0xfc, 0x77,
    0xaf, 0xf4, 0x0, 0xd, 0x80, 0x7c, 0xff, 0xd9,
    0x10, 0x0, 0x2, 0x0, 0x0, 0x0, 0x0, 0x0,
    0x0,

    /* U+00D9 "Ù" */
    0x0, 0x2, 0xf6, 0x0, 0x0, 0x0, 0x0, 0x5,
    0xf2, 0x0, 0x0, 0x0, 0x0, 0x5, 0x50, 0x0,
    0x0, 0x0, 0x0, 0x0, 0x0, 0x0, 0x7f, 0x50,
    0x0, 0x0, 0x2f, 0x97, 0xf5, 0x0, 0x0, 0x2,
    0xf9, 0x7f, 0x50, 0x0, 0x0, 0x2f, 0x97, 0xf5,
    0x0, 0x0, 0x2, 0xf9, 0x7f, 0x50, 0x0, 0x0,
    0x2f, 0x97, 0xf5, 0x0, 0x0, 0x2, 0xf9, 0x7f,
    0x50, 0x0, 0x0, 0x2f, 0x97, 0xf5, 0x0, 0x0,
    0x2, 0xf9, 0x6f, 0x60, 0x0, 0x0, 0x3f, 0x94,
    0xf8, 0x0, 0x0, 0x6, 0xf7, 0xe, 0xe1, 0x0,
    0x0, 0xcf, 0x20, 0x5f, 0xf9, 0x78, 0xef, 0x80,
    0x0, 0x3a, 0xef, 0xeb, 0x50, 0x0,

    /* U+00DA "Ú" */
    0x0, 0x0, 0x4, 0xf4, 0x0, 0x0, 0x0, 0x1,
    0xe8, 0x0, 0x0, 0x0, 0x0, 0x37, 0x0, 0x0,
    0x0, 0x0, 0x0, 0x0, 0x0, 0x0, 0x7f, 0x50,
    0x0, 0x0, 0x2f, 0x97, 0xf5, 0x0, 0x0, 0x2,
    0xf9, 0x7f, 0x50, 0x0, 0x0, 0x2f, 0x97, 0xf5,
    0x0, 0x0, 0x2, 0xf9, 0x7f, 0x50, 0x0, 0x0,
    0x2f, 0x97, 0xf5, 0x0, 0x0, 0x2, 0xf9, 0x7f,
    0x50, 0x0, 0x0, 0x2f, 0x97, 0xf5, 0x0, 0x0,
    0x2, 0xf9, 0x6f, 0x60, 0x0, 0x0, 0x3f, 0x94,
    0xf8, 0x0, 0x0, 0x6, 0xf7, 0xe, 0xe1, 0x0,
    0x0, 0xcf, 0x20, 0x5f, 0xf9, 0x78, 0xef, 0x80,
    0x0, 0x3a, 0xef, 0xeb, 0x50, 0x0,

    /* U+00DB "Û" */
    0x0, 0x0, 0x9f, 0xc0, 0x0, 0x0, 0x0, 0x5e,
    0x2c, 0x80, 0x0, 0x0, 0x7, 0x20, 0x17, 0x0,
    0x0, 0x0, 0x0, 0x0, 0x0, 0x0, 0x7f, 0x50,
    0x0, 0x0, 0x2f, 0x97, 0xf5, 0x0, 0x0, 0x2,
    0xf9, 0x7f, 0x50, 0x0, 0x0, 0x2f, 0x97, 0xf5,
    0x0, 0x0, 0x2, 0xf9, 0x7f, 0x50, 0x0, 0x0,
    0x2f, 0x97, 0xf5, 0x0, 0x0, 0x2, 0xf9, 0x7f,
    0x50, 0x0, 0x0, 0x2f, 0x97, 0xf5, 0x0, 0x0,
    0x2, 0xf9, 0x6f, 0x60, 0x0, 0x0, 0x3f, 0x94,
    0xf8, 0x0, 0x0, 0x6, 0xf7, 0xe, 0xe1, 0x0,
    0x0, 0xcf, 0x20, 0x5f, 0xf9, 0x78, 0xef, 0x80,
    0x0, 0x3a, 0xef, 0xeb, 0x50, 0x0,

    /* U+00DC "Ü" */
    0x0, 0xc, 0x90, 0x7c, 0x20, 0x0, 0x0, 0xfc,
    0x9, 0xf3, 0x0, 0x0, 0x0, 0x0, 0x0, 0x0,
    0x0, 0x0, 0x0, 0x0, 0x0, 0x0, 0x7f, 0x50,
    0x0, 0x0, 0x2f, 0x97, 0xf5, 0x0, 0x0, 0x2,
    0xf9, 0x7f, 0x50, 0x0, 0x0, 0x2f, 0x97, 0xf5,
    0x0, 0x0, 0x2, 0xf9, 0x7f, 0x50, 0x0, 0x0,
    0x2f, 0x97, 0xf5, 0x0, 0x0, 0x2, 0xf9, 0x7f,
    0x50, 0x0, 0x0, 0x2f, 0x97, 0xf5, 0x0, 0x0,
    0x2, 0xf9, 0x6f, 0x60, 0x0, 0x0, 0x3f, 0x94,
    0xf8, 0x0, 0x0, 0x6, 0xf7, 0xe, 0xe1, 0x0,
    0x0, 0xcf, 0x20, 0x5f, 0xf9, 0x78, 0xef, 0x80,
    0x0, 0x3a, 0xef, 0xeb, 0x50, 0x0,

    /* U+00DD "Ý" */
    0x0, 0x0, 0x0, 0x18, 0x20, 0x0, 0x0, 0x0,
    0x0, 0xd, 0x90, 0x0, 0x0, 0x0, 0x0, 0x4,
    0x60, 0x0, 0x0, 0x0, 0x0, 0x0, 0x0, 0x0,
    0x0, 0x0, 0xb, 0xf3, 0x0, 0x0, 0x3, 0xfb,
    0x0, 0x1e, 0xd0, 0x0, 0x0, 0xde, 0x10, 0x0,
    0x5f, 0x90, 0x0, 0x9f, 0x50, 0x0, 0x0, 0xaf,
    0x40, 0x3f, 0xa0, 0x0, 0x0, 0x1, 0xee, 0x1d,
    0xe1, 0x0, 0x0, 0x0, 0x4, 0xfe, 0xf4, 0x0,
    0x0, 0x0, 0x0, 0x9, 0xf9, 0x0, 0x0, 0x0,
    0x0, 0x0, 0x6f, 0x60, 0x0, 0x0, 0x0, 0x0,
    0x6, 0xf6, 0x0, 0x0, 0x0, 0x0, 0x0, 0x6f,
    0x60, 0x0, 0x0, 0x0, 0x0, 0x6, 0xf6, 0x0,
    0x0, 0x0, 0x0, 0x0, 0x6f, 0x60, 0x0, 0x0,
    0x0, 0x0, 0x6, 0xf6, 0x0, 0x0, 0x0,

    /* U+00DE "Þ" */
    0x3f, 0x80, 0x0, 0x0, 0x0, 0x3f, 0x92, 0x11,
    0x0, 0x0, 0x3f, 0xff, 0xff, 0xe7, 0x0, 0x3f,
    0xb5, 0x56, 0xdf, 0x80, 0x3f, 0x80, 0x0, 0x1f,
    0xf0, 0x3f, 0x80, 0x0, 0xb, 0xf3, 0x3f, 0x80,
    0x0, 0xb, 0xf3, 0x3f, 0x80, 0x0, 0xe, 0xf1,
    0x3f, 0x92, 0x23, 0xbf, 0xa0, 0x3f, 0xff, 0xff,
    0xfa, 0x0, 0x3f, 0xb5, 0x44, 0x10, 0x0, 0x3f,
    0x80, 0x0, 0x0, 0x0, 0x3f, 0x80, 0x0, 0x0,
    0x0,

    /* U+00DF "ß" */
    0x0, 0x7d, 0xfe, 0x91, 0x0, 0xb, 0xf9, 0x58,
    0xfb, 0x0, 0x2f, 0x90, 0x0, 0x6f, 0x20, 0x5f,
    0x50, 0x4, 0xbf, 0x50, 0x5f, 0x40, 0x6f, 0x82,
    0x0, 0x5f, 0x40, 0xdb, 0x0, 0x0, 0x5f, 0x40,
    0xed, 0x0, 0x0, 0x5f, 0x40, 0x9f, 0xb1, 0x0,
    0x5f, 0x40, 0x8, 0xfe, 0x40, 0x5f, 0x40, 0x0,
    0x3d, 0xf2, 0x5f, 0x40, 0x0, 0x4, 0xf7, 0x5f,
    0x40, 0x0, 0x4, 0xf6, 0x5f, 0x48, 0x86, 0x7e,
    0xe1, 0x5f, 0x49, 0xff, 0xea, 0x20,

    /* U+00E0 "à" */
    0x4, 0x71, 0x0, 0x0, 0x0, 0xc, 0xc0, 0x0,
    0x0, 0x0, 0x1c, 0x90, 0x0, 0x0, 0x0, 0x17,
    0x10, 0x0, 0x0, 0x0, 0x0, 0x0, 0x1, 0x8c,
    0xef, 0xd7, 0x0, 0x3e, 0x96, 0x6b, 0xf9, 0x0,
    0x0, 0x0, 0x9, 0xf1, 0x0, 0x0, 0x0, 0x4f,
    0x50, 0x6c, 0xff, 0xff, 0xf6, 0x7f, 0xa5, 0x33,
    0x6f, 0x6d, 0xd0, 0x0, 0x6, 0xf6, 0xdd, 0x0,
    0x0, 0xdf, 0x68, 0xfb, 0x67, 0xdc, 0xf6, 0x8,
    0xef, 0xd7, 0x3f, 0x60,

    /* U+00E1 "á" */
    0x0, 0x0, 0x6, 0x70, 0x0, 0x0, 0x6, 0xf4,
    0x0, 0x0, 0x3, 0xf4, 0x0, 0x0, 0x0, 0x64,
    0x0, 0x0, 0x0, 0x0, 0x0, 0x0, 0x1, 0x8c,
    0xef, 0xd7, 0x0, 0x3e, 0x96, 0x6b, 0xf9, 0x0,
    0x0, 0x0, 0x9, 0xf1, 0x0, 0x0, 0x0, 0x4f,
    0x50, 0x6c, 0xff, 0xff, 0xf6, 0x7f, 0xa5, 0x33,
    0x6f, 0x6d, 0xd0, 0x0, 0x6, 0xf6, 0xdd, 0x0,
    0x0, 0xdf, 0x68, 0xfb, 0x67, 0xdc, 0xf6, 0x8,
    0xef, 0xd7, 0x3f, 0x60,

    /* U+00E2 "â" */
    0x0, 0x4, 0x70, 0x0, 0x0, 0x2, 0xfd, 0x90,
    0x0, 0x0, 0xd7, 0x1e, 0x40, 0x0, 0x36, 0x0,
    0x36, 0x0, 0x0, 0x0, 0x0, 0x0, 0x1, 0x8c,
    0xef, 0xd7, 0x0, 0x3e, 0x96, 0x6b, 0xf9, 0x0,
    0x0, 0x0, 0x9, 0xf1, 0x0, 0x0, 0x0, 0x4f,
    0x50, 0x6c, 0xff, 0xff, 0xf6, 0x7f, 0xa5, 0x33,
    0x6f, 0x6d, 0xd0, 0x0, 0x6, 0xf6, 0xdd, 0x0,
    0x0, 0xdf, 0x68, 0xfb, 0x67, 0xdc, 0xf6, 0x8,
    0xef, 0xd7, 0x3f, 0x60,

    /* U+00E3 "ã" */
    0x2, 0xde, 0x61, 0xf0, 0x0, 0x9a, 0x4d, 0xfa,
    0x0, 0x1, 0x0, 0x1, 0x0, 0x0, 0x0, 0x0,
    0x0, 0x0, 0x18, 0xce, 0xfd, 0x70, 0x3, 0xe9,
    0x66, 0xbf, 0x90, 0x0, 0x0, 0x0, 0x9f, 0x10,
    0x0, 0x0, 0x4, 0xf5, 0x6, 0xcf, 0xff, 0xff,
    0x67, 0xfa, 0x53, 0x36, 0xf6, 0xdd, 0x0, 0x0,
    0x6f, 0x6d, 0xd0, 0x0, 0xd, 0xf6, 0x8f, 0xb6,
    0x7d, 0xcf, 0x60, 0x8e, 0xfd, 0x73, 0xf6,

    /* U+00E4 "ä" */
    0x6, 0xf6, 0xf, 0xd0, 0x0, 0x4c, 0x40, 0xba,
    0x0, 0x0, 0x0, 0x0, 0x0, 0x0, 0x0, 0x0,
    0x0, 0x0, 0x18, 0xce, 0xfd, 0x70, 0x3, 0xe9,
    0x66, 0xbf, 0x90, 0x0, 0x0, 0x0, 0x9f, 0x10,
    0x0, 0x0, 0x4, 0xf5, 0x6, 0xcf, 0xff, 0xff,
    0x67, 0xfa, 0x53, 0x36, 0xf6, 0xdd, 0x0, 0x0,
    0x6f, 0x6d, 0xd0, 0x0, 0xd, 0xf6, 0x8f, 0xb6,
    0x7d, 0xcf, 0x60, 0x8e, 0xfd, 0x73, 0xf6,

    /* U+00E5 "å" */
    0x0, 0x3c, 0xd7, 0x0, 0x0, 0xe, 0x73, 0xd5,
    0x0, 0x2, 0xe0, 0x7, 0x90, 0x0, 0xf, 0x30,
    0xc6, 0x0, 0x0, 0x5f, 0xfa, 0x0, 0x0, 0x0,
    0x1, 0x0, 0x0, 0x18, 0xce, 0xfd, 0x70, 0x3,
    0xe9, 0x66, 0xbf, 0x90, 0x0, 0x0, 0x0, 0x9f,
    0x10, 0x0, 0x0, 0x4, 0xf5, 0x6, 0xcf, 0xff,
    0xff, 0x67, 0xfa, 0x53, 0x36, 0xf6, 0xdd, 0x0,
    0x0, 0x6f, 0x6d, 0xd0, 0x0, 0xd, 0xf6, 0x8f,
    0xb6, 0x7d, 0xcf, 0x60, 0x8e, 0xfd, 0x73, 0xf6,

    /* U+00E6 "æ" */
    0x18, 0xce, 0xfd, 0x70, 0x2a, 0xef, 0xd8, 0x0,
    0x3e, 0x96, 0x6b, 0xfb, 0xee, 0x86, 0x9f, 0xc0,
    0x0, 0x0, 0x0, 0x9f, 0xd1, 0x0, 0x5, 0xf5,
    0x0, 0x0, 0x0, 0x4f, 0x70, 0x0, 0x0, 0xf9,
    0x6, 0xcf, 0xff, 0xff, 0xff, 0xff, 0xff, 0xfb,
    0x7f, 0xa5, 0x33, 0x6f, 0x83, 0x33, 0x33, 0x32,
    0xdd, 0x0, 0x0, 0x6f, 0x90, 0x0, 0x0, 0x0,
    0xdd, 0x0, 0x0, 0xdf, 0xf2, 0x0, 0x0, 0x1,
    0x8f, 0xb6, 0x7d, 0xd3, 0xef, 0x96, 0x69, 0xe5,
    0x7, 0xdf, 0xe9, 0x10, 0x19, 0xef, 0xec, 0x81,

    /* U+00E7 "ç" */
    0x0, 0x7d, 0xff, 0xc6, 0xc, 0xfb, 0x76, 0x9b,
    0x7f, 0x80, 0x0, 0x0, 0xde, 0x0, 0x0, 0x0,
    0xfc, 0x0, 0x0, 0x0, 0xfc, 0x0, 0x0, 0x0,
    0xde, 0x0, 0x0, 0x0, 0x7f, 0x80, 0x0, 0x0,
    0xc, 0xfb, 0x76, 0x9b, 0x0, 0x7d, 0xff, 0xc6,
    0x0, 0x0, 0x3e, 0x0, 0x0, 0x0, 0xd, 0x50,
    0x0, 0x12, 0x2e, 0x60, 0x0, 0x2e, 0xfb, 0x0,

    /* U+00E8 "è" */
    0x0, 0x75, 0x0, 0x0, 0x0, 0x0, 0x5f, 0x40,
    0x0, 0x0, 0x0, 0x6, 0xe2, 0x0, 0x0, 0x0,
    0x0, 0x55, 0x0, 0x0, 0x0, 0x0, 0x0, 0x0,
    0x0, 0x0, 0x7d, 0xff, 0xb3, 0x0, 0xb, 0xfa,
    0x67, 0xdf, 0x30, 0x7f, 0x50, 0x0, 0x1e, 0xb0,
    0xcd, 0x0, 0x0, 0x9, 0xf0, 0xff, 0xff, 0xff,
    0xff, 0xf1, 0xfd, 0x33, 0x33, 0x33, 0x30, 0xdf,
    0x0, 0x0, 0x0, 0x0, 0x7f, 0x80, 0x0, 0x0,
    0x10, 0xb, 0xfc, 0x76, 0x8c, 0xb0, 0x0, 0x6c,
    0xff, 0xda, 0x40,

    /* U+00E9 "é" */
    0x0, 0x0, 0x2, 0x83, 0x0, 0x0, 0x0, 0xd,
    0xb0, 0x0, 0x0, 0x0, 0xbb, 0x0, 0x0, 0x0,
    0x2, 0x70, 0x0, 0x0, 0x0, 0x0, 0x0, 0x0,
    0x0, 0x0, 0x7d, 0xff, 0xb3, 0x0, 0xb, 0xfa,
    0x67, 0xdf, 0x30, 0x7f, 0x50, 0x0, 0x1e, 0xb0,
    0xcd, 0x0, 0x0, 0x9, 0xf0, 0xff, 0xff, 0xff,
    0xff, 0xf1, 0xfd, 0x33, 0x33, 0x33, 0x30, 0xdf,
    0x0, 0x0, 0x0, 0x0, 0x7f, 0x80, 0x0, 0x0,
    0x10, 0xb, 0xfc, 0x76, 0x8c, 0xb0, 0x0, 0x6c,
    0xff, 0xda, 0x40,

    /* U+00EA "ê" */
    0x0, 0x0, 0x74, 0x0, 0x0, 0x0, 0xa, 0xdf,
    0x20, 0x0, 0x0, 0x5d, 0x18, 0xc0, 0x0, 0x0,
    0x72, 0x0, 0x72, 0x0, 0x0, 0x0, 0x0, 0x0,
    0x0, 0x0, 0x7d, 0xff, 0xb3, 0x0, 0xb, 0xfa,
    0x67, 0xdf, 0x30, 0x7f, 0x50, 0x0, 0x1e, 0xb0,
    0xcd, 0x0, 0x0, 0x9, 0xf0, 0xff, 0xff, 0xff,
    0xff, 0xf1, 0xfd, 0x33, 0x33, 0x33, 0x30, 0xdf,
    0x0, 0x0, 0x0, 0x0, 0x7f, 0x80, 0x0, 0x0,
    0x10, 0xb, 0xfc, 0x76, 0x8c, 0xb0, 0x0, 0x6c,
    0xff, 0xda, 0x40,

    /* U+00EB "ë" */
    0x0, 0xee, 0x7, 0xf5, 0x0, 0x0, 0xaa, 0x5,
    0xc4, 0x0, 0x0, 0x0, 0x0, 0x0, 0x0, 0x0,
    0x0, 0x0, 0x0, 0x0, 0x0, 0x7d, 0xff, 0xb3,
    0x0, 0xb, 0xfa, 0x67, 0xdf, 0x30, 0x7f, 0x50,
    0x0, 0x1e, 0xb0, 0xcd, 0x0, 0x0, 0x9, 0xf0,
    0xff, 0xff, 0xff, 0xff, 0xf1, 0xfd, 0x33, 0x33,
    0x33, 0x30, 0xdf, 0x0, 0x0, 0x0, 0x0, 0x7f,
    0x80, 0x0, 0x0, 0x10, 0xb, 0xfc, 0x76, 0x8c,
    0xb0, 0x0, 0x6c, 0xff, 0xda, 0x40,

    /* U+00EC "ì" */
    0x28, 0x30, 0x0, 0xae, 0x0, 0x0, 0xda, 0x0,
    0x2, 0xe5, 0x0, 0x0, 0x0, 0x4, 0xf5, 0x0,
    0x4f, 0x50, 0x4, 0xf5, 0x0, 0x4f, 0x50, 0x4,
    0xf5, 0x0, 0x4f, 0x50, 0x4, 0xf5, 0x0, 0x4f,
    0x50, 0x4, 0xf5, 0x0, 0x4f, 0x50,

    /* U+00ED "í" */
    0x0, 0x38, 0x20, 0x1e, 0xa0, 0xa, 0xc0, 0x6,
    0xe1, 0x0, 0x0, 0x0, 0x4, 0xf5, 0x0, 0x4f,
    0x50, 0x4, 0xf5, 0x0, 0x4f, 0x50, 0x4, 0xf5,
    0x0, 0x4f, 0x50, 0x4, 0xf5, 0x0, 0x4f, 0x50,
    0x4, 0xf5, 0x0, 0x4f, 0x50, 0x0,

    /* U+00EE "î" */
    0x0, 0x28, 0x20, 0x0, 0xc, 0xfc, 0x0, 0x6,
    0xe2, 0xe6, 0x1, 0xe4, 0x4, 0xe1, 0x0, 0x0,
    0x0, 0x0, 0x4, 0xf5, 0x0, 0x0, 0x4f, 0x50,
    0x0, 0x4, 0xf5, 0x0, 0x0, 0x4f, 0x50, 0x0,
    0x4, 0xf5, 0x0, 0x0, 0x4f, 0x50, 0x0, 0x4,
    0xf5, 0x0, 0x0, 0x4f, 0x50, 0x0, 0x4, 0xf5,
    0x0, 0x0, 0x4f, 0x50, 0x0,

    /* U+00EF "ï" */
    0x1f, 0xa0, 0xaf, 0x11, 0xc8, 0x8, 0xc1, 0x0,
    0x0, 0x0, 0x0, 0x0, 0x0, 0x0, 0x0, 0x4f,
    0x50, 0x0, 0x4, 0xf5, 0x0, 0x0, 0x4f, 0x50,
    0x0, 0x4, 0xf5, 0x0, 0x0, 0x4f, 0x50, 0x0,
    0x4, 0xf5, 0x0, 0x0, 0x4f, 0x50, 0x0, 0x4,
    0xf5, 0x0, 0x0, 0x4f, 0x50, 0x0, 0x4, 0xf5,
    0x0,

    /* U+00F0 "ð" */
    0x0, 0xcf, 0x30, 0x48, 0x0, 0x0, 0x1e, 0xee,
    0xa5, 0x0, 0xa, 0xea, 0xed, 0x10, 0x0, 0x4,
    0x0, 0x3f, 0xc0, 0x0, 0x0, 0x9e, 0xff, 0xf8,
    0x0, 0xc, 0xf9, 0x56, 0xcf, 0x20, 0x7f, 0x60,
    0x0, 0x3f, 0x90, 0xde, 0x0, 0x0, 0xd, 0xd0,
    0xfc, 0x0, 0x0, 0xb, 0xf0, 0xfc, 0x0, 0x0,
    0xc, 0xf0, 0xde, 0x0, 0x0, 0xe, 0xd0, 0x7f,
    0x60, 0x0, 0x6f, 0x80, 0xc, 0xf9, 0x69, 0xfc,
    0x0, 0x0, 0x8e, 0xfe, 0x80, 0x0,

    /* U+00F1 "ñ" */
    0x0, 0x7f, 0xc2, 0x7a, 0x0, 0xf, 0x48, 0xff,
    0x40, 0x0, 0x20, 0x0, 0x0, 0x0, 0x0, 0x0,
    0x0, 0x0, 0x5f, 0x48, 0xef, 0xd5, 0x5, 0xfd,
    0xa4, 0x3b, 0xf3, 0x5f, 0xb0, 0x0, 0xf, 0xa5,
    0xf6, 0x0, 0x0, 0xcc, 0x5f, 0x40, 0x0, 0xb,
    0xd5, 0xf4, 0x0, 0x0, 0xbe, 0x5f, 0x40, 0x0,
    0xb, 0xe5, 0xf4, 0x0, 0x0, 0xbe, 0x5f, 0x40,
    0x0, 0xb, 0xe5, 0xf4, 0x0, 0x0, 0xbe,

    /* U+00F2 "ò" */
    0x2, 0x83, 0x0, 0x0, 0x0, 0x0, 0x8e, 0x20,
    0x0, 0x0, 0x0, 0x9, 0xd0, 0x0, 0x0, 0x0,
    0x0, 0x64, 0x0, 0x0, 0x0, 0x0, 0x0, 0x0,
    0x0, 0x1, 0x9e, 0xfe, 0x91, 0x0, 0xd, 0xf9,
    0x69, 0xfd, 0x10, 0x8f, 0x60, 0x0, 0x6f, 0x80,
    0xde, 0x0, 0x0, 0xe, 0xd0, 0xfc, 0x0, 0x0,
    0xc, 0xf0, 0xfc, 0x0, 0x0, 0xc, 0xf0, 0xde,
    0x0, 0x0, 0xe, 0xd0, 0x8f, 0x60, 0x0, 0x6f,
    0x80, 0xd, 0xf9, 0x69, 0xfd, 0x10, 0x1, 0x9e,
    0xfe, 0x91, 0x0,

    /* U+00F3 "ó" */
    0x0, 0x0, 0x3, 0x81, 0x0, 0x0, 0x0, 0x2e,
    0x80, 0x0, 0x0, 0x1, 0xd9, 0x0, 0x0, 0x0,
    0x4, 0x60, 0x0, 0x0, 0x0, 0x0, 0x0, 0x0,
    0x0, 0x1, 0x9e, 0xfe, 0x91, 0x0, 0xd, 0xf9,
    0x69, 0xfd, 0x10, 0x8f, 0x60, 0x0, 0x6f, 0x80,
    0xde, 0x0, 0x0, 0xe, 0xd0, 0xfc, 0x0, 0x0,
    0xc, 0xf0, 0xfc, 0x0, 0x0, 0xc, 0xf0, 0xde,
    0x0, 0x0, 0xe, 0xd0, 0x8f, 0x60, 0x0, 0x6f,
    0x80, 0xd, 0xf9, 0x69, 0xfd, 0x10, 0x1, 0x9e,
    0xfe, 0x91, 0x0,

    /* U+00F4 "ô" */
    0x0, 0x2, 0x82, 0x0, 0x0, 0x0, 0xd, 0xdd,
    0x0, 0x0, 0x0, 0x9b, 0xb, 0x90, 0x0, 0x0,
    0x71, 0x0, 0x71, 0x0, 0x0, 0x0, 0x0, 0x0,
    0x0, 0x1, 0x9e, 0xfe, 0x91, 0x0, 0xd, 0xf9,
    0x69, 0xfd, 0x10, 0x8f, 0x60, 0x0, 0x6f, 0x80,
    0xde, 0x0, 0x0, 0xe, 0xd0, 0xfc, 0x0, 0x0,
    0xc, 0xf0, 0xfc, 0x0, 0x0, 0xc, 0xf0, 0xde,
    0x0, 0x0, 0xe, 0xd0, 0x8f, 0x60, 0x0, 0x6f,
    0x80, 0xd, 0xf9, 0x69, 0xfd, 0x10, 0x1, 0x9e,
    0xfe, 0x91, 0x0,

    /* U+00F5 "õ" */
    0x0, 0xbf, 0x91, 0xc5, 0x0, 0x4, 0xd3, 0xbf,
    0xd0, 0x0, 0x0, 0x10, 0x1, 0x0, 0x0, 0x0,
    0x0, 0x0, 0x0, 0x0, 0x1, 0x9e, 0xfe, 0x91,
    0x0, 0xd, 0xf9, 0x69, 0xfd, 0x10, 0x8f, 0x60,
    0x0, 0x6f, 0x80, 0xde, 0x0, 0x0, 0xe, 0xd0,
    0xfc, 0x0, 0x0, 0xc, 0xf0, 0xfc, 0x0, 0x0,
    0xc, 0xf0, 0xde, 0x0, 0x0, 0xe, 0xd0, 0x8f,
    0x60, 0x0, 0x6f, 0x80, 0xd, 0xf9, 0x69, 0xfd,
    0x10, 0x1, 0x9e, 0xfe, 0x91, 0x0,

    /* U+00F6 "ö" */
    0x1, 0xfb, 0xa, 0xf2, 0x0, 0x1, 0xc8, 0x8,
    0xc1, 0x0, 0x0, 0x0, 0x0, 0x0, 0x0, 0x0,
    0x0, 0x0, 0x0, 0x0, 0x1, 0x9e, 0xfe, 0x91,
    0x0, 0xd, 0xf9, 0x69, 0xfd, 0x10, 0x8f, 0x60,
    0x0, 0x6f, 0x80, 0xde, 0x0, 0x0, 0xe, 0xd0,
    0xfc, 0x0, 0x0, 0xc, 0xf0, 0xfc, 0x0, 0x0,
    0xc, 0xf0, 0xde, 0x0, 0x0, 0xe, 0xd0, 0x8f,
    0x60, 0x0, 0x6f, 0x80, 0xd, 0xf9, 0x69, 0xfd,
    0x10, 0x1, 0x9e, 0xfe, 0x91, 0x0,

    /* U+00F7 "÷" */
    0x0, 0x0, 0x8, 0xfa, 0x0, 0x0, 0x0, 0x0,
    0x0, 0x8f, 0xa0, 0x0, 0x0, 0x0, 0x0, 0x1,
    0x21, 0x0, 0x0, 0x0, 0x22, 0x22, 0x22, 0x22,
    0x22, 0x20, 0x1f, 0xff, 0xff, 0xff, 0xff, 0xff,
    0x20, 0x55, 0x55, 0x55, 0x55, 0x55, 0x50, 0x0,
    0x0, 0x1, 0x21, 0x0, 0x0, 0x0, 0x0, 0x0,
    0x8f, 0xa0, 0x0, 0x0, 0x0, 0x0, 0x8, 0xfa,
    0x0, 0x0, 0x0,

    /* U+00F8 "ø" */
    0x0, 0x0, 0x0, 0x0, 0x4, 0x0, 0x1, 0x9e,
    0xfd, 0x86, 0xe1, 0x0, 0xdf, 0x96, 0x9f, 0xf4,
    0x0, 0x8f, 0x60, 0x2, 0xef, 0x70, 0xd, 0xe0,
    0x1, 0xd5, 0xdd, 0x0, 0xfc, 0x0, 0xb8, 0xb,
    0xf0, 0xf, 0xb0, 0x9b, 0x0, 0xcf, 0x0, 0xce,
    0x7d, 0x0, 0xe, 0xd0, 0x7, 0xfe, 0x20, 0x6,
    0xf8, 0x0, 0x4f, 0xf9, 0x69, 0xfd, 0x10, 0x1e,
    0x68, 0xdf, 0xe9, 0x10, 0x0, 0x40, 0x0, 0x0,
    0x0, 0x0,

    /* U+00F9 "ù" */
    0x1, 0x74, 0x0, 0x0, 0x0, 0x7, 0xf2, 0x0,
    0x0, 0x0, 0x8, 0xd1, 0x0, 0x0, 0x0, 0x6,
    0x40, 0x0, 0x0, 0x0, 0x0, 0x0, 0x7, 0xf2,
    0x0, 0x0, 0xdc, 0x7f, 0x20, 0x0, 0xd, 0xc7,
    0xf2, 0x0, 0x0, 0xdc, 0x7f, 0x20, 0x0, 0xd,
    0xc7, 0xf2, 0x0, 0x0, 0xdc, 0x7f, 0x20, 0x0,
    0xd, 0xc6, 0xf3, 0x0, 0x0, 0xfc, 0x3f, 0x70,
    0x0, 0x7f, 0xc0, 0xdf, 0x97, 0xad, 0xec, 0x2,
    0xbf, 0xfa, 0x1d, 0xc0,

    /* U+00FA "ú" */
    0x0, 0x0, 0x3, 0x82, 0x0, 0x0, 0x1, 0xe9,
    0x0, 0x0, 0x0, 0xca, 0x0, 0x0, 0x0, 0x37,
    0x0, 0x0, 0x0, 0x0, 0x0, 0x0, 0x7, 0xf2,
    0x0, 0x0, 0xdc, 0x7f, 0x20, 0x0, 0xd, 0xc7,
    0xf2, 0x0, 0x0, 0xdc, 0x7f, 0x20, 0x0, 0xd,
    0xc7, 0xf2, 0x0, 0x0, 0xdc, 0x7f, 0x20, 0x0,
    0xd, 0xc6, 0xf3, 0x0, 0x0, 0xfc, 0x3f, 0x70,
    0x0, 0x7f, 0xc0, 0xdf, 0x97, 0xad, 0xec, 0x2,
    0xbf, 0xfa, 0x1d, 0xc0,

    /* U+00FB "û" */
    0x0, 0x1, 0x83, 0x0, 0x0, 0x0, 0xcd, 0xe1,
    0x0, 0x0, 0x8c, 0xa, 0xa0, 0x0, 0x7, 0x10,
    0x7, 0x10, 0x0, 0x0, 0x0, 0x0, 0x7, 0xf2,
    0x0, 0x0, 0xdc, 0x7f, 0x20, 0x0, 0xd, 0xc7,
    0xf2, 0x0, 0x0, 0xdc, 0x7f, 0x20, 0x0, 0xd,
    0xc7, 0xf2, 0x0, 0x0, 0xdc, 0x7f, 0x20, 0x0,
    0xd, 0xc6, 0xf3, 0x0, 0x0, 0xfc, 0x3f, 0x70,
    0x0, 0x7f, 0xc0, 0xdf, 0x97, 0xad, 0xec, 0x2,
    0xbf, 0xfa, 0x1d, 0xc0,

    /* U+00FC "ü" */
    0x0, 0xfc, 0x9, 0xf3, 0x0, 0xc, 0x90, 0x7c,
    0x20, 0x0, 0x0, 0x0, 0x0, 0x0, 0x0, 0x0,
    0x0, 0x0, 0x7f, 0x20, 0x0, 0xd, 0xc7, 0xf2,
    0x0, 0x0, 0xdc, 0x7f, 0x20, 0x0, 0xd, 0xc7,
    0xf2, 0x0, 0x0, 0xdc, 0x7f, 0x20, 0x0, 0xd,
    0xc7, 0xf2, 0x0, 0x0, 0xdc, 0x6f, 0x30, 0x0,
    0xf, 0xc3, 0xf7, 0x0, 0x7, 0xfc, 0xd, 0xf9,
    0x7a, 0xde, 0xc0, 0x2b, 0xff, 0xa1, 0xdc,

    /* U+00FD "ý" */
    0x0, 0x0, 0x0, 0xcd, 0x0, 0x0, 0x0, 0x0,
    0x8e, 0x20, 0x0, 0x0, 0x0, 0x3f, 0x40, 0x0,
    0x0, 0x0, 0x5, 0x50, 0x0, 0x0, 0x4f, 0x70,
    0x0, 0x0, 0xce, 0x0, 0xdd, 0x0, 0x0, 0x2f,
    0x80, 0x7, 0xf3, 0x0, 0x8, 0xf2, 0x0, 0x1f,
    0x90, 0x0, 0xeb, 0x0, 0x0, 0xaf, 0x0, 0x5f,
    0x50, 0x0, 0x4, 0xf5, 0xb, 0xe0, 0x0, 0x0,
    0xe, 0xc1, 0xf9, 0x0, 0x0, 0x0, 0x7f, 0xaf,
    0x30, 0x0, 0x0, 0x1, 0xff, 0xc0, 0x0, 0x0,
    0x0, 0xb, 0xf6, 0x0, 0x0, 0x0, 0x0, 0xaf,
    0x0, 0x0, 0x0, 0x0, 0x1f, 0x90, 0x0, 0x0,
    0x3, 0x5c, 0xf2, 0x0, 0x0, 0x0, 0x9f, 0xd5,
    0x0, 0x0, 0x0,

    /* U+00FE "þ" */
    0x5f, 0x40, 0x0, 0x0, 0x0, 0x5f, 0x40, 0x0,
    0x0, 0x0, 0x5f, 0x40, 0x0, 0x0, 0x0, 0x5f,
    0x40, 0x0, 0x0, 0x0, 0x5f, 0x48, 0xef, 0xd5,
    0x0, 0x5f, 0xdd, 0x77, 0xdf, 0x50, 0x5f, 0xe1,
    0x0, 0xd, 0xe0, 0x5f, 0x70, 0x0, 0x7, 0xf4,
    0x5f, 0x50, 0x0, 0x4, 0xf6, 0x5f, 0x50, 0x0,
    0x4, 0xf6, 0x5f, 0x70, 0x0, 0x7, 0xf4, 0x5f,
    0xe0, 0x0, 0xd, 0xe0, 0x5f, 0xdd, 0x77, 0xdf,
    0x50, 0x5f, 0x48, 0xef, 0xd5, 0x0, 0x5f, 0x40,
    0x0, 0x0, 0x0, 0x5f, 0x40, 0x0, 0x0, 0x0,
    0x5f, 0x40, 0x0, 0x0, 0x0, 0x5f, 0x40, 0x0,
    0x0, 0x0,

    /* U+00FF "ÿ" */
    0x0, 0x4f, 0x80, 0xdf, 0x0, 0x0, 0x3, 0xc6,
    0xa, 0xb0, 0x0, 0x0, 0x0, 0x0, 0x0, 0x0,
    0x0, 0x0, 0x0, 0x0, 0x0, 0x0, 0x4f, 0x70,
    0x0, 0x0, 0xce, 0x0, 0xdd, 0x0, 0x0, 0x2f,
    0x80, 0x7, 0xf3, 0x0, 0x8, 0xf2, 0x0, 0x1f,
    0x90, 0x0, 0xeb, 0x0, 0x0, 0xaf, 0x0, 0x5f,
    0x50, 0x0, 0x4, 0xf5, 0xb, 0xe0, 0x0, 0x0,
    0xe, 0xc1, 0xf9, 0x0, 0x0, 0x0, 0x7f, 0xaf,
    0x30, 0x0, 0x0, 0x1, 0xff, 0xc0, 0x0, 0x0,
    0x0, 0xb, 0xf6, 0x0, 0x0, 0x0, 0x0, 0xaf,
    0x0, 0x0, 0x0, 0x0, 0x1f, 0x90, 0x0, 0x0,
    0x3, 0x5c, 0xf2, 0x0, 0x0, 0x0, 0x9f, 0xd5,
    0x0, 0x0, 0x0,

    /* U+0100 "Ā" */
    0x0, 0x0, 0x0, 0x0, 0x0, 0x0, 0x0, 0x0,
    0x7f, 0xff, 0xfc, 0x0, 0x0, 0x0, 0x1, 0x33,
    0x33, 0x20, 0x0, 0x0, 0x0, 0x0, 0x0, 0x0,
    0x0, 0x0, 0x0, 0x0, 0x1f, 0xf5, 0x0, 0x0,
    0x0, 0x0, 0x6, 0xfd, 0xb0, 0x0, 0x0, 0x0,
    0x0, 0xcb, 0x6f, 0x20, 0x0, 0x0, 0x0, 0x3f,
    0x51, 0xf8, 0x0, 0x0, 0x0, 0x9, 0xf0, 0xb,
    0xe0, 0x0, 0x0, 0x0, 0xea, 0x0, 0x5f, 0x40,
    0x0, 0x0, 0x5f, 0x40, 0x0, 0xea, 0x0, 0x0,
    0xb, 0xe2, 0x22, 0x2a, 0xf1, 0x0, 0x2, 0xff,
    0xff, 0xff, 0xff, 0x60, 0x0, 0x8f, 0x65, 0x55,
    0x55, 0xdd, 0x0, 0xe, 0xd0, 0x0, 0x0, 0x7,
    0xf3, 0x4, 0xf7, 0x0, 0x0, 0x0, 0x2f, 0x90,
    0xaf, 0x20, 0x0, 0x0, 0x0, 0xdf, 0x0,

    /* U+0101 "ā" */
    0x7, 0xff, 0xff, 0xc0, 0x0, 0x24, 0x44, 0x43,
    0x0, 0x0, 0x0, 0x0, 0x0, 0x0, 0x0, 0x0,
    0x0, 0x0, 0x18, 0xce, 0xfd, 0x70, 0x3, 0xe9,
    0x66, 0xbf, 0x90, 0x0, 0x0, 0x0, 0x9f, 0x10,
    0x0, 0x0, 0x4, 0xf5, 0x6, 0xcf, 0xff, 0xff,
    0x67, 0xfa, 0x53, 0x36, 0xf6, 0xdd, 0x0, 0x0,
    0x6f, 0x6d, 0xd0, 0x0, 0xd, 0xf6, 0x8f, 0xb6,
    0x7d, 0xcf, 0x60, 0x8e, 0xfd, 0x73, 0xf6,

    /* U+0102 "Ă" */
    0x0, 0x5, 0xd2, 0x5, 0xe0, 0x0, 0x0, 0x0,
    0xa, 0xff, 0xf5, 0x0, 0x0, 0x0, 0x0, 0x1,
    0x20, 0x0, 0x0, 0x0, 0x0, 0x0, 0x0, 0x0,
    0x0, 0x0, 0x0, 0x0, 0x1f, 0xf5, 0x0, 0x0,
    0x0, 0x0, 0x6, 0xfd, 0xb0, 0x0, 0x0, 0x0,
    0x0, 0xcb, 0x6f, 0x20, 0x0, 0x0, 0x0, 0x3f,
    0x51, 0xf8, 0x0, 0x0, 0x0, 0x9, 0xf0, 0xb,
    0xe0, 0x0, 0x0, 0x0, 0xea, 0x0, 0x5f, 0x40,
    0x0, 0x0, 0x5f, 0x40, 0x0, 0xea, 0x0, 0x0,
    0xb, 0xe2, 0x22, 0x2a, 0xf1, 0x0, 0x2, 0xff,
    0xff, 0xff, 0xff, 0x60, 0x0, 0x8f, 0x65, 0x55,
    0x55, 0xdd, 0x0, 0xe, 0xd0, 0x0, 0x0, 0x7,
    0xf3, 0x4, 0xf7, 0x0, 0x0, 0x0, 0x2f, 0x90,
    0xaf, 0x20, 0x0, 0x0, 0x0, 0xdf, 0x0,

    /* U+0103 "ă" */
    0x6, 0xc1, 0x7, 0xd0, 0x0, 0xc, 0xff, 0xe4,
    0x0, 0x0, 0x1, 0x20, 0x0, 0x0, 0x0, 0x0,
    0x0, 0x0, 0x18, 0xce, 0xfd, 0x70, 0x3, 0xe9,
    0x66, 0xbf, 0x90, 0x0, 0x0, 0x0, 0x9f, 0x10,
    0x0, 0x0, 0x4, 0xf5, 0x6, 0xcf, 0xff, 0xff,
    0x67, 0xfa, 0x53, 0x36, 0xf6, 0xdd, 0x0, 0x0,
    0x6f, 0x6d, 0xd0, 0x0, 0xd, 0xf6, 0x8f, 0xb6,
    0x7d, 0xcf, 0x60, 0x8e, 0xfd, 0x73, 0xf6,

    /* U+0104 "Ą" */
    0x0, 0x0, 0x1f, 0xf5, 0x0, 0x0, 0x0, 0x0,
    0x6, 0xff, 0xb0, 0x0, 0x0, 0x0, 0x0, 0xcf,
    0xdf, 0x20, 0x0, 0x0, 0x0, 0x3f, 0xb6, 0xf8,
    0x0, 0x0, 0x0, 0x9, 0xf5, 0x1f, 0xe0, 0x0,
    0x0, 0x0, 0xef, 0x0, 0xbf, 0x40, 0x0, 0x0,
    0x5f, 0xa0, 0x5, 0xfa, 0x0, 0x0, 0xb, 0xf4,
    0x0, 0xe, 0xf1, 0x0, 0x2, 0xfe, 0x22, 0x22,
    0xaf, 0x60, 0x0, 0x8f, 0xff, 0xff, 0xff, 0xfd,
    0x0, 0xe, 0xf5, 0x55, 0x55, 0x5d, 0xf3, 0x4,
    0xfa, 0x0, 0x0, 0x0, 0x5f, 0x90, 0xaf, 0x30,
    0x0, 0x0, 0x0, 0xef, 0x0, 0x0, 0x0, 0x0,
    0x0, 0xe, 0x20, 0x0, 0x0, 0x0, 0x0, 0x6,
    0xb0, 0x0, 0x0, 0x0, 0x0, 0x0, 0x8d, 0x22,
    0x0, 0x0, 0x0, 0x0, 0x2, 0xdf, 0xa0,

    /* U+0105 "ą" */
    0x18, 0xce, 0xfd, 0x70, 0x0, 0x3e, 0x96, 0x6b,
    0xf9, 0x0, 0x0, 0x0, 0x0, 0x9f, 0x10, 0x0,
    0x0, 0x0, 0x4f, 0x50, 0x6, 0xcf, 0xff, 0xff,
    0x60, 0x7f, 0xa5, 0x33, 0x6f, 0x60, 0xdd, 0x0,
    0x0, 0x6f, 0x60, 0xdd, 0x0, 0x0, 0xdf, 0x60,
    0x8f, 0xb6, 0x7d, 0xcf, 0x60, 0x8, 0xef, 0xd7,
    0x3f, 0x60, 0x0, 0x0, 0x0, 0x89, 0x0, 0x0,
    0x0, 0x0, 0xf2, 0x0, 0x0, 0x0, 0x1, 0xf5,
    0x20, 0x0, 0x0, 0x0, 0x9f, 0xf1,

    /* U+0106 "Ć" */
    0x0, 0x0, 0x0, 0xbc, 0x0, 0x0, 0x0, 0x0,
    0x6e, 0x20, 0x0, 0x0, 0x0, 0x7, 0x30, 0x0,
    0x0, 0x0, 0x0, 0x0, 0x0, 0x0, 0x0, 0x6,
    0xce, 0xfe, 0xb5, 0x0, 0x2d, 0xfc, 0x87, 0x8c,
    0xf8, 0xd, 0xf6, 0x0, 0x0, 0x3, 0x76, 0xf9,
    0x0, 0x0, 0x0, 0x0, 0xbf, 0x20, 0x0, 0x0,
    0x0, 0xe, 0xf0, 0x0, 0x0, 0x0, 0x0, 0xfe,
    0x0, 0x0, 0x0, 0x0, 0xe, 0xf0, 0x0, 0x0,
    0x0, 0x0, 0xbf, 0x20, 0x0, 0x0, 0x0, 0x6,
    0xf9, 0x0, 0x0, 0x0, 0x0, 0xd, 0xf6, 0x0,
    0x0, 0x4, 0x70, 0x2d, 0xfc, 0x87, 0x8c, 0xf8,
    0x0, 0x6, 0xce, 0xfe, 0xb5, 0x0,

    /* U+0107 "ć" */
    0x0, 0x0, 0x2, 0x83, 0x0, 0x0, 0xd, 0xb0,
    0x0, 0x0, 0xbb, 0x0, 0x0, 0x2, 0x70, 0x0,
    0x0, 0x0, 0x0, 0x0, 0x0, 0x7d, 0xff, 0xc6,
    0xc, 0xfb, 0x76, 0x9b, 0x7f, 0x80, 0x0, 0x0,
    0xde, 0x0, 0x0, 0x0, 0xfc, 0x0, 0x0, 0x0,
    0xfc, 0x0, 0x0, 0x0, 0xde, 0x0, 0x0, 0x0,
    0x7f, 0x80, 0x0, 0x0, 0xc, 0xfb, 0x76, 0x9b,
    0x0, 0x7d, 0xfe, 0xc6,

    /* U+0108 "Ĉ" */
    0x0, 0x0, 0xc, 0xf9, 0x0, 0x0, 0x0, 0x8,
    0xc2, 0xe5, 0x0, 0x0, 0x0, 0x71, 0x2, 0x70,
    0x0, 0x0, 0x0, 0x0, 0x0, 0x0, 0x0, 0x6,
    0xce, 0xfe, 0xb5, 0x0, 0x2d, 0xfc, 0x87, 0x8c,
    0xf8, 0xd, 0xf6, 0x0, 0x0, 0x3, 0x76, 0xf9,
    0x0, 0x0, 0x0, 0x0, 0xbf, 0x20, 0x0, 0x0,
    0x0, 0xe, 0xf0, 0x0, 0x0, 0x0, 0x0, 0xfe,
    0x0, 0x0, 0x0, 0x0, 0xe, 0xf0, 0x0, 0x0,
    0x0, 0x0, 0xbf, 0x20, 0x0, 0x0, 0x0, 0x6,
    0xf9, 0x0, 0x0, 0x0, 0x0, 0xd, 0xf6, 0x0,
    0x0, 0x4, 0x70, 0x2d, 0xfc, 0x87, 0x8c, 0xf8,
    0x0, 0x6, 0xce, 0xfe, 0xb5, 0x0,

    /* U+0109 "ĉ" */
    0x0, 0x0, 0x76, 0x0, 0x0, 0x6, 0xef, 0x40,
    0x0, 0x2e, 0x34, 0xe1, 0x0, 0x54, 0x0, 0x54,
    0x0, 0x0, 0x0, 0x0, 0x0, 0x7d, 0xff, 0xc6,
    0xc, 0xfb, 0x76, 0x9b, 0x7f, 0x80, 0x0, 0x0,
    0xde, 0x0, 0x0, 0x0, 0xfc, 0x0, 0x0, 0x0,
    0xfc, 0x0, 0x0, 0x0, 0xde, 0x0, 0x0, 0x0,
    0x7f, 0x80, 0x0, 0x0, 0xc, 0xfb, 0x76, 0x9b,
    0x0, 0x7d, 0xfe, 0xc6,

    /* U+010A "Ċ" */
    0x0, 0x0, 0x6, 0xc3, 0x0, 0x0, 0x0, 0x0,
    0x7f, 0x50, 0x0, 0x0, 0x0, 0x0, 0x0, 0x0,
    0x0, 0x0, 0x0, 0x0, 0x0, 0x0, 0x0, 0x6,
    0xce, 0xfe, 0xb5, 0x0, 0x2d, 0xfc, 0x87, 0x8c,
    0xf8, 0xd, 0xf6, 0x0, 0x0, 0x3, 0x76, 0xf9,
    0x0, 0x0, 0x0, 0x0, 0xbf, 0x20, 0x0, 0x0,
    0x0, 0xe, 0xf0, 0x0, 0x0, 0x0, 0x0, 0xfe,
    0x0, 0x0, 0x0, 0x0, 0xe, 0xf0, 0x0, 0x0,
    0x0, 0x0, 0xbf, 0x20, 0x0, 0x0, 0x0, 0x6,
    0xf9, 0x0, 0x0, 0x0, 0x0, 0xd, 0xf6, 0x0,
    0x0, 0x4, 0x70, 0x2d, 0xfc, 0x87, 0x8c, 0xf8,
    0x0, 0x6, 0xce, 0xfe, 0xb5, 0x0,

    /* U+010B "ċ" */
    0x0, 0x0, 0xeb, 0x0, 0x0, 0x0, 0xeb, 0x0,
    0x0, 0x0, 0x0, 0x0, 0x0, 0x0, 0x0, 0x0,
    0x0, 0x7d, 0xff, 0xc6, 0xc, 0xfb, 0x76, 0x9b,
    0x7f, 0x80, 0x0, 0x0, 0xde, 0x0, 0x0, 0x0,
    0xfc, 0x0, 0x0, 0x0, 0xfc, 0x0, 0x0, 0x0,
    0xde, 0x0, 0x0, 0x0, 0x7f, 0x80, 0x0, 0x0,
    0xc, 0xfb, 0x76, 0x9b, 0x0, 0x7d, 0xfe, 0xc6,

    /* U+010C "Č" */
    0x0, 0x3, 0xe2, 0xc, 0x70, 0x0, 0x0, 0x6,
    0xeb, 0xb0, 0x0, 0x0, 0x0, 0x6, 0x71, 0x0,
    0x0, 0x0, 0x0, 0x0, 0x0, 0x0, 0x0, 0x6,
    0xce, 0xfe, 0xb5, 0x0, 0x2d, 0xfc, 0x87, 0x8c,
    0xf8, 0xd, 0xf6, 0x0, 0x0, 0x3, 0x76, 0xf9,
    0x0, 0x0, 0x0, 0x0, 0xbf, 0x20, 0x0, 0x0,
    0x0, 0xe, 0xf0, 0x0, 0x0, 0x0, 0x0, 0xfe,
    0x0, 0x0, 0x0, 0x0, 0xe, 0xf0, 0x0, 0x0,
    0x0, 0x0, 0xbf, 0x20, 0x0, 0x0, 0x0, 0x6,
    0xf9, 0x0, 0x0, 0x0, 0x0, 0xd, 0xf6, 0x0,
    0x0, 0x4, 0x70, 0x2d, 0xfc, 0x87, 0x8c, 0xf8,
    0x0, 0x6, 0xce, 0xfe, 0xb5, 0x0,

    /* U+010D "č" */
    0x0, 0x72, 0x0, 0x72, 0x0, 0x6d, 0x18, 0xc0,
    0x0, 0xa, 0xdf, 0x20, 0x0, 0x1, 0x74, 0x0,
    0x0, 0x0, 0x0, 0x0, 0x0, 0x7d, 0xff, 0xc6,
    0xc, 0xfb, 0x76, 0x9b, 0x7f, 0x80, 0x0, 0x0,
    0xde, 0x0, 0x0, 0x0, 0xfc, 0x0, 0x0, 0x0,
    0xfc, 0x0, 0x0, 0x0, 0xde, 0x0, 0x0, 0x0,
    0x7f, 0x80, 0x0, 0x0, 0xc, 0xfb, 0x76, 0x9b,
    0x0, 0x7d, 0xfe, 0xc6,

    /* U+010E "Ď" */
    0x0, 0x6, 0x30, 0x17, 0x0, 0x0, 0x0, 0x3,
    0xe6, 0xe5, 0x0, 0x0, 0x0, 0x0, 0x38, 0x50,
    0x0, 0x0, 0x0, 0x0, 0x0, 0x0, 0x0, 0x0,
    0x3f, 0xff, 0xfe, 0xda, 0x40, 0x0, 0x3f, 0xb7,
    0x77, 0xae, 0xfc, 0x10, 0x3f, 0x80, 0x0, 0x0,
    0x9f, 0xc0, 0x3f, 0x80, 0x0, 0x0, 0xb, 0xf4,
    0x3f, 0x80, 0x0, 0x0, 0x5, 0xf9, 0x3f, 0x80,
    0x0, 0x0, 0x2, 0xfb, 0x3f, 0x80, 0x0, 0x0,
    0x1, 0xfc, 0x3f, 0x80, 0x0, 0x0, 0x2, 0xfb,
    0x3f, 0x80, 0x0, 0x0, 0x5, 0xf9, 0x3f, 0x80,
    0x0, 0x0, 0xc, 0xf4, 0x3f, 0x80, 0x0, 0x0,
    0x9f, 0xc0, 0x3f, 0xc7, 0x77, 0xae, 0xfc, 0x10,
    0x3f, 0xff, 0xff, 0xda, 0x40, 0x0,

    /* U+010F "ď" */
    0x0, 0x0, 0x0, 0xd, 0xc0, 0xaf, 0x0, 0x0,
    0x0, 0x0, 0xdc, 0xd, 0xb0, 0x0, 0x0, 0x0,
    0xd, 0xc0, 0xf6, 0x0, 0x0, 0x0, 0x0, 0xdc,
    0x4, 0x0, 0x1, 0xaf, 0xfb, 0x2d, 0xc0, 0x0,
    0x1, 0xdf, 0x96, 0xae, 0xec, 0x0, 0x0, 0x8f,
    0x50, 0x0, 0x8f, 0xc0, 0x0, 0xd, 0xd0, 0x0,
    0x0, 0xfc, 0x0, 0x0, 0xfb, 0x0, 0x0, 0xe,
    0xc0, 0x0, 0xf, 0xb0, 0x0, 0x0, 0xec, 0x0,
    0x0, 0xdd, 0x0, 0x0, 0xf, 0xc0, 0x0, 0x8,
    0xf5, 0x0, 0x8, 0xfc, 0x0, 0x0, 0x1e, 0xf8,
    0x6a, 0xee, 0xc0, 0x0, 0x0, 0x1a, 0xff, 0xb2,
    0xdc, 0x0, 0x0,

    /* U+0110 "Đ" */
    0x2, 0xff, 0xff, 0xfd, 0xa5, 0x0, 0x0, 0x2f,
    0xc7, 0x77, 0x9e, 0xfc, 0x10, 0x2, 0xfa, 0x0,
    0x0, 0x7, 0xfd, 0x0, 0x2f, 0xa0, 0x0, 0x0,
    0xa, 0xf5, 0x2, 0xfa, 0x0, 0x0, 0x0, 0x3f,
    0xa0, 0x2f, 0xa0, 0x0, 0x0, 0x0, 0xfd, 0xef,
    0xff, 0xff, 0x90, 0x0, 0xf, 0xd3, 0x5f, 0xb3,
    0x32, 0x0, 0x0, 0xfd, 0x2, 0xfa, 0x0, 0x0,
    0x0, 0x4f, 0xa0, 0x2f, 0xa0, 0x0, 0x0, 0xa,
    0xf5, 0x2, 0xfa, 0x0, 0x0, 0x8, 0xfd, 0x0,
    0x2f, 0xc7, 0x77, 0x9e, 0xfc, 0x10, 0x2, 0xff,
    0xff, 0xfd, 0xa5, 0x0, 0x0,

    /* U+0111 "đ" */
    0x0, 0x0, 0x0, 0xd, 0xc0, 0x0, 0x0, 0xa,
    0xff, 0xff, 0xf2, 0x0, 0x0, 0x12, 0x2d, 0xd2,
    0x0, 0x0, 0x0, 0x0, 0xdc, 0x0, 0x1, 0xaf,
    0xfb, 0x2d, 0xc0, 0x1, 0xdf, 0x96, 0xae, 0xec,
    0x0, 0x8f, 0x50, 0x0, 0x8f, 0xc0, 0xd, 0xd0,
    0x0, 0x0, 0xfc, 0x0, 0xfb, 0x0, 0x0, 0xe,
    0xc0, 0xf, 0xb0, 0x0, 0x0, 0xec, 0x0, 0xdd,
    0x0, 0x0, 0xf, 0xc0, 0x8, 0xf5, 0x0, 0x8,
    0xfc, 0x0, 0x1e, 0xf8, 0x6a, 0xee, 0xc0, 0x0,
    0x1a, 0xff, 0xb2, 0xdc, 0x0,

    /* U+0112 "Ē" */
    0x0, 0x0, 0x0, 0x0, 0x0, 0x0, 0xbf, 0xff,
    0xf8, 0x0, 0x0, 0x23, 0x33, 0x32, 0x0, 0x0,
    0x0, 0x0, 0x0, 0x0, 0x3f, 0xff, 0xff, 0xff,
    0xf1, 0x3f, 0xc7, 0x77, 0x77, 0x70, 0x3f, 0x80,
    0x0, 0x0, 0x0, 0x3f, 0x80, 0x0, 0x0, 0x0,
    0x3f, 0x92, 0x22, 0x22, 0x10, 0x3f, 0xff, 0xff,
    0xff, 0xc0, 0x3f, 0xb5, 0x55, 0x55, 0x40, 0x3f,
    0x80, 0x0, 0x0, 0x0, 0x3f, 0x80, 0x0, 0x0,
    0x0, 0x3f, 0x80, 0x0, 0x0, 0x0, 0x3f, 0x80,
    0x0, 0x0, 0x0, 0x3f, 0xc7, 0x77, 0x77, 0x71,
    0x3f, 0xff, 0xff, 0xff, 0xf3,

    /* U+0113 "ē" */
    0x0, 0xdf, 0xff, 0xf7, 0x0, 0x0, 0x34, 0x44,
    0x42, 0x0, 0x0, 0x0, 0x0, 0x0, 0x0, 0x0,
    0x0, 0x0, 0x0, 0x0, 0x0, 0x7d, 0xff, 0xb3,
    0x0, 0xb, 0xfa, 0x67, 0xdf, 0x30, 0x7f, 0x50,
    0x0, 0x1e, 0xb0, 0xcd, 0x0, 0x0, 0x9, 0xf0,
    0xff, 0xff, 0xff, 0xff, 0xf1, 0xfd, 0x33, 0x33,
    0x33, 0x30, 0xdf, 0x0, 0x0, 0x0, 0x0, 0x7f,
    0x80, 0x0, 0x0, 0x10, 0xb, 0xfc, 0x76, 0x8c,
    0xb0, 0x0, 0x6c, 0xff, 0xda, 0x40,

    /* U+0114 "Ĕ" */
    0x0, 0x54, 0x0, 0x54, 0x0, 0x0, 0x4e, 0xff,
    0xd2, 0x0, 0x0, 0x0, 0x11, 0x0, 0x0, 0x0,
    0x0, 0x0, 0x0, 0x0, 0x3f, 0xff, 0xff, 0xff,
    0xf1, 0x3f, 0xc7, 0x77, 0x77, 0x70, 0x3f, 0x80,
    0x0, 0x0, 0x0, 0x3f, 0x80, 0x0, 0x0, 0x0,
    0x3f, 0x92, 0x22, 0x22, 0x10, 0x3f, 0xff, 0xff,
    0xff, 0xc0, 0x3f, 0xb5, 0x55, 0x55, 0x40, 0x3f,
    0x80, 0x0, 0x0, 0x0, 0x3f, 0x80, 0x0, 0x0,
    0x0, 0x3f, 0x80, 0x0, 0x0, 0x0, 0x3f, 0x80,
    0x0, 0x0, 0x0, 0x3f, 0xc7, 0x77, 0x77, 0x71,
    0x3f, 0xff, 0xff, 0xff, 0xf3,

    /* U+0115 "ĕ" */
    0x0, 0x71, 0x0, 0x44, 0x0, 0x0, 0xb9, 0x2,
    0xd5, 0x0, 0x0, 0x2e, 0xff, 0xa0, 0x0, 0x0,
    0x0, 0x21, 0x0, 0x0, 0x0, 0x0, 0x0, 0x0,
    0x0, 0x0, 0x7d, 0xff, 0xb3, 0x0, 0xb, 0xfa,
    0x67, 0xdf, 0x30, 0x7f, 0x50, 0x0, 0x1e, 0xb0,
    0xcd, 0x0, 0x0, 0x9, 0xf0, 0xff, 0xff, 0xff,
    0xff, 0xf1, 0xfd, 0x33, 0x33, 0x33, 0x30, 0xdf,
    0x0, 0x0, 0x0, 0x0, 0x7f, 0x80, 0x0, 0x0,
    0x10, 0xb, 0xfc, 0x76, 0x8c, 0xb0, 0x0, 0x6c,
    0xff, 0xda, 0x40,

    /* U+0116 "Ė" */
    0x0, 0x0, 0xfc, 0x0, 0x0, 0x0, 0x0, 0xc9,
    0x0, 0x0, 0x0, 0x0, 0x0, 0x0, 0x0, 0x3f,
    0xff, 0xff, 0xff, 0xf1, 0x3f, 0xc7, 0x77, 0x77,
    0x70, 0x3f, 0x80, 0x0, 0x0, 0x0, 0x3f, 0x80,
    0x0, 0x0, 0x0, 0x3f, 0x92, 0x22, 0x22, 0x10,
    0x3f, 0xff, 0xff, 0xff, 0xc0, 0x3f, 0xb5, 0x55,
    0x55, 0x40, 0x3f, 0x80, 0x0, 0x0, 0x0, 0x3f,
    0x80, 0x0, 0x0, 0x0, 0x3f, 0x80, 0x0, 0x0,
    0x0, 0x3f, 0x80, 0x0, 0x0, 0x0, 0x3f, 0xc7,
    0x77, 0x77, 0x71, 0x3f, 0xff, 0xff, 0xff, 0xf3,

    /* U+0117 "ė" */
    0x0, 0x0, 0xf9, 0x0, 0x0, 0x0, 0x0, 0xf9,
    0x0, 0x0, 0x0, 0x0, 0x0, 0x0, 0x0, 0x0,
    0x0, 0x0, 0x0, 0x0, 0x0, 0x7d, 0xff, 0xb3,
    0x0, 0xb, 0xfa, 0x67, 0xdf, 0x30, 0x7f, 0x50,
    0x0, 0x1e, 0xb0, 0xcd, 0x0, 0x0, 0x9, 0xf0,
    0xff, 0xff, 0xff, 0xff, 0xf1, 0xfd, 0x33, 0x33,
    0x33, 0x30, 0xdf, 0x0, 0x0, 0x0, 0x0, 0x7f,
    0x80, 0x0, 0x0, 0x10, 0xb, 0xfc, 0x76, 0x8c,
    0xb0, 0x0, 0x6c, 0xff, 0xda, 0x40,

    /* U+0118 "Ę" */
    0x3f, 0xff, 0xff, 0xff, 0xf1, 0x3f, 0xc7, 0x77,
    0x77, 0x70, 0x3f, 0x80, 0x0, 0x0, 0x0, 0x3f,
    0x80, 0x0, 0x0, 0x0, 0x3f, 0x80, 0x0, 0x0,
    0x0, 0x3f, 0x92, 0x22, 0x22, 0x10, 0x3f, 0xff,
    0xff, 0xff, 0xc0, 0x3f, 0xb5, 0x55, 0x55, 0x40,
    0x3f, 0x80, 0x0, 0x0, 0x0, 0x3f, 0x80, 0x0,
    0x0, 0x0, 0x3f, 0x80, 0x0, 0x0, 0x0, 0x3f,
    0xc7, 0x77, 0x77, 0x71, 0x3f, 0xff, 0xff, 0xff,
    0xf3, 0x0, 0x0, 0x0, 0x6b, 0x0, 0x0, 0x0,
    0x0, 0xe4, 0x0, 0x0, 0x0, 0x0, 0xf7, 0x21,
    0x0, 0x0, 0x0, 0x7e, 0xf3,

    /* U+0119 "ę" */
    0x0, 0x7d, 0xfe, 0xa1, 0x0, 0xb, 0xfb, 0x68,
    0xfe, 0x10, 0x7f, 0x90, 0x0, 0x3f, 0x90, 0xcf,
    0x10, 0x0, 0xb, 0xe0, 0xfd, 0x0, 0x0, 0x9,
    0xf0, 0xff, 0xff, 0xff, 0xff, 0xf1, 0xdd, 0x33,
    0x33, 0x33, 0x30, 0x7f, 0x30, 0x0, 0x0, 0x0,
    0xb, 0xfa, 0x66, 0x7a, 0xa0, 0x0, 0x6c, 0xff,
    0xfa, 0x40, 0x0, 0x0, 0x4, 0xd0, 0x0, 0x0,
    0x0, 0xa, 0x80, 0x0, 0x0, 0x0, 0xb, 0xa1,
    0x20, 0x0, 0x0, 0x4, 0xef, 0x70,

    /* U+011A "Ě" */
    0x0, 0x45, 0x0, 0x63, 0x0, 0x0, 0x1e, 0x57,
    0xd0, 0x0, 0x0, 0x3, 0xff, 0x20, 0x0, 0x0,
    0x0, 0x0, 0x0, 0x0, 0x3f, 0xff, 0xff, 0xff,
    0xf1, 0x3f, 0xc7, 0x77, 0x77, 0x70, 0x3f, 0x80,
    0x0, 0x0, 0x0, 0x3f, 0x80, 0x0, 0x0, 0x0,
    0x3f, 0x92, 0x22, 0x22, 0x10, 0x3f, 0xff, 0xff,
    0xff, 0xc0, 0x3f, 0xb5, 0x55, 0x55, 0x40, 0x3f,
    0x80, 0x0, 0x0, 0x0, 0x3f, 0x80, 0x0, 0x0,
    0x0, 0x3f, 0x80, 0x0, 0x0, 0x0, 0x3f, 0x80,
    0x0, 0x0, 0x0, 0x3f, 0xc7, 0x77, 0x77, 0x71,
    0x3f, 0xff, 0xff, 0xff, 0xf3,

    /* U+011B "ě" */
    0x0, 0x63, 0x0, 0x63, 0x0, 0x0, 0x6d, 0x4,
    0xe1, 0x0, 0x0, 0xc, 0xae, 0x60, 0x0, 0x0,
    0x2, 0xfc, 0x0, 0x0, 0x0, 0x0, 0x0, 0x0,
    0x0, 0x0, 0x7d, 0xff, 0xb3, 0x0, 0xb, 0xfa,
    0x67, 0xdf, 0x30, 0x7f, 0x50, 0x0, 0x1e, 0xb0,
    0xcd, 0x0, 0x0, 0x9, 0xf0, 0xff, 0xff, 0xff,
    0xff, 0xf1, 0xfd, 0x33, 0x33, 0x33, 0x30, 0xdf,
    0x0, 0x0, 0x0, 0x0, 0x7f, 0x80, 0x0, 0x0,
    0x10, 0xb, 0xfc, 0x76, 0x8c, 0xb0, 0x0, 0x6c,
    0xff, 0xda, 0x40,

    /* U+011C "Ĝ" */
    0x0, 0x0, 0xa, 0xfb, 0x0, 0x0, 0x0, 0x0,
    0x6e, 0x2c, 0x70, 0x0, 0x0, 0x0, 0x72, 0x1,
    0x70, 0x0, 0x0, 0x0, 0x0, 0x0, 0x0, 0x0,
    0x0, 0x6, 0xbe, 0xfe, 0xc8, 0x10, 0x2, 0xdf,
    0xd8, 0x78, 0xaf, 0xf1, 0xd, 0xf6, 0x0, 0x0,
    0x0, 0x81, 0x6f, 0x90, 0x0, 0x0, 0x0, 0x0,
    0xbf, 0x20, 0x0, 0x0, 0x0, 0x0, 0xef, 0x0,
    0x0, 0x2, 0x22, 0x20, 0xfe, 0x0, 0x0, 0x3f,
    0xff, 0xf7, 0xef, 0x0, 0x0, 0x5, 0x58, 0xf7,
    0xbf, 0x20, 0x0, 0x0, 0x4, 0xf7, 0x6f, 0x80,
    0x0, 0x0, 0x4, 0xf7, 0xd, 0xf6, 0x0, 0x0,
    0x4, 0xf7, 0x2, 0xdf, 0xd8, 0x78, 0xaf, 0xf5,
    0x0, 0x6, 0xbe, 0xff, 0xc8, 0x20,

    /* U+011D "ĝ" */
    0x0, 0x8, 0xf5, 0x0, 0x0, 0x2, 0xf9, 0xe1,
    0x0, 0x0, 0xc8, 0xb, 0x90, 0x0, 0x17, 0x0,
    0x17, 0x0, 0x2, 0xaf, 0xfb, 0x2d, 0xc1, 0xef,
    0x86, 0xae, 0xec, 0x8f, 0x50, 0x0, 0x8f, 0xcd,
    0xd0, 0x0, 0x0, 0xfc, 0xfb, 0x0, 0x0, 0xe,
    0xcf, 0xb0, 0x0, 0x0, 0xec, 0xdd, 0x0, 0x0,
    0xf, 0xc8, 0xf5, 0x0, 0x7, 0xfc, 0x1e, 0xf8,
    0x69, 0xee, 0xc0, 0x2a, 0xff, 0xb2, 0xec, 0x0,
    0x0, 0x0, 0xf, 0xa0, 0x0, 0x0, 0x7, 0xf5,
    0xc, 0x96, 0x6a, 0xfc, 0x0, 0x7d, 0xff, 0xd8,
    0x0,

    /* U+011E "Ğ" */
    0x0, 0xa, 0x90, 0xa, 0x90, 0x0, 0x0, 0x2,
    0xdf, 0xfd, 0x10, 0x0, 0x0, 0x0, 0x1, 0x10,
    0x0, 0x0, 0x0, 0x0, 0x0, 0x0, 0x0, 0x0,
    0x0, 0x6, 0xbe, 0xfe, 0xc8, 0x10, 0x2, 0xdf,
    0xd8, 0x78, 0xaf, 0xf1, 0xd, 0xf6, 0x0, 0x0,
    0x0, 0x81, 0x6f, 0x90, 0x0, 0x0, 0x0, 0x0,
    0xbf, 0x20, 0x0, 0x0, 0x0, 0x0, 0xef, 0x0,
    0x0, 0x2, 0x22, 0x20, 0xfe, 0x0, 0x0, 0x3f,
    0xff, 0xf7, 0xef, 0x0, 0x0, 0x5, 0x58, 0xf7,
    0xbf, 0x20, 0x0, 0x0, 0x4, 0xf7, 0x6f, 0x80,
    0x0, 0x0, 0x4, 0xf7, 0xd, 0xf6, 0x0, 0x0,
    0x4, 0xf7, 0x2, 0xdf, 0xd8, 0x78, 0xaf, 0xf5,
    0x0, 0x6, 0xbe, 0xff, 0xc8, 0x20,

    /* U+011F "ğ" */
    0x0, 0x72, 0x0, 0x63, 0x0, 0x7, 0xff, 0xfd,
    0x10, 0x0, 0x0, 0x22, 0x0, 0x0, 0x0, 0x0,
    0x0, 0x0, 0x2, 0xaf, 0xfb, 0x2d, 0xc1, 0xef,
    0x86, 0xae, 0xec, 0x8f, 0x50, 0x0, 0x8f, 0xcd,
    0xd0, 0x0, 0x0, 0xfc, 0xfb, 0x0, 0x0, 0xe,
    0xcf, 0xb0, 0x0, 0x0, 0xec, 0xdd, 0x0, 0x0,
    0xf, 0xc8, 0xf5, 0x0, 0x7, 0xfc, 0x1e, 0xf8,
    0x69, 0xee, 0xc0, 0x2a, 0xff, 0xb2, 0xec, 0x0,
    0x0, 0x0, 0xf, 0xa0, 0x0, 0x0, 0x7, 0xf5,
    0xc, 0x96, 0x6a, 0xfc, 0x0, 0x7d, 0xff, 0xd8,
    0x0,

    /* U+0120 "Ġ" */
    0x0, 0x0, 0x4, 0xc5, 0x0, 0x0, 0x0, 0x0,
    0x5, 0xf7, 0x0, 0x0, 0x0, 0x0, 0x0, 0x0,
    0x0, 0x0, 0x0, 0x0, 0x0, 0x0, 0x0, 0x0,
    0x0, 0x6, 0xbe, 0xfe, 0xc8, 0x10, 0x2, 0xdf,
    0xd8, 0x78, 0xaf, 0xf1, 0xd, 0xf6, 0x0, 0x0,
    0x0, 0x81, 0x6f, 0x90, 0x0, 0x0, 0x0, 0x0,
    0xbf, 0x20, 0x0, 0x0, 0x0, 0x0, 0xef, 0x0,
    0x0, 0x2, 0x22, 0x20, 0xfe, 0x0, 0x0, 0x3f,
    0xff, 0xf7, 0xef, 0x0, 0x0, 0x5, 0x58, 0xf7,
    0xbf, 0x20, 0x0, 0x0, 0x4, 0xf7, 0x6f, 0x80,
    0x0, 0x0, 0x4, 0xf7, 0xd, 0xf6, 0x0, 0x0,
    0x4, 0xf7, 0x2, 0xdf, 0xd8, 0x78, 0xaf, 0xf5,
    0x0, 0x6, 0xbe, 0xff, 0xc8, 0x20,

    /* U+0121 "ġ" */
    0x0, 0x6, 0xf3, 0x0, 0x0, 0x0, 0x6f, 0x30,
    0x0, 0x0, 0x0, 0x0, 0x0, 0x0, 0x0, 0x0,
    0x0, 0x0, 0x2, 0xaf, 0xfb, 0x2d, 0xc1, 0xef,
    0x86, 0xae, 0xec, 0x8f, 0x50, 0x0, 0x8f, 0xcd,
    0xd0, 0x0, 0x0, 0xfc, 0xfb, 0x0, 0x0, 0xe,
    0xcf, 0xb0, 0x0, 0x0, 0xec, 0xdd, 0x0, 0x0,
    0xf, 0xc8, 0xf5, 0x0, 0x7, 0xfc, 0x1e, 0xf8,
    0x69, 0xee, 0xc0, 0x2a, 0xff, 0xb2, 0xec, 0x0,
    0x0, 0x0, 0xf, 0xa0, 0x0, 0x0, 0x7, 0xf5,
    0xc, 0x96, 0x6a, 0xfc, 0x0, 0x7d, 0xff, 0xd8,
    0x0,

    /* U+0122 "Ģ" */
    0x0, 0x6, 0xbe, 0xfe, 0xc8, 0x10, 0x2, 0xdf,
    0xd8, 0x78, 0xaf, 0xf1, 0xd, 0xf6, 0x0, 0x0,
    0x0, 0x81, 0x6f, 0x90, 0x0, 0x0, 0x0, 0x0,
    0xbf, 0x20, 0x0, 0x0, 0x0, 0x0, 0xef, 0x0,
    0x0, 0x2, 0x22, 0x20, 0xfe, 0x0, 0x0, 0x3f,
    0xff, 0xf7, 0xef, 0x0, 0x0, 0x5, 0x58, 0xf7,
    0xbf, 0x20, 0x0, 0x0, 0x4, 0xf7, 0x6f, 0x80,
    0x0, 0x0, 0x4, 0xf7, 0xd, 0xf6, 0x0, 0x0,
    0x4, 0xf7, 0x2, 0xdf, 0xd8, 0x78, 0xaf, 0xf5,
    0x0, 0x6, 0xbe, 0xff, 0xc8, 0x20, 0x0, 0x0,
    0x0, 0x0, 0x0, 0x0, 0x0, 0x0, 0x1, 0xc7,
    0x0, 0x0, 0x0, 0x0, 0x5, 0xf2, 0x0, 0x0,
    0x0, 0x0, 0x9, 0xa0, 0x0, 0x0,

    /* U+0123 "ģ" */
    0x0, 0x0, 0x5e, 0x0, 0x0, 0x0, 0xd, 0xa0,
    0x0, 0x0, 0x3, 0xc5, 0x0, 0x0, 0x0, 0x0,
    0x0, 0x0, 0x2, 0xaf, 0xfb, 0x2d, 0xc1, 0xef,
    0x86, 0xae, 0xec, 0x8f, 0x50, 0x0, 0x8f, 0xcd,
    0xd0, 0x0, 0x0, 0xfc, 0xfb, 0x0, 0x0, 0xe,
    0xcf, 0xb0, 0x0, 0x0, 0xec, 0xdd, 0x0, 0x0,
    0xf, 0xc8, 0xf5, 0x0, 0x7, 0xfc, 0x1e, 0xf8,
    0x69, 0xee, 0xc0, 0x2a, 0xff, 0xb2, 0xec, 0x0,
    0x0, 0x0, 0xf, 0xa0, 0x0, 0x0, 0x7, 0xf5,
    0xc, 0x96, 0x6a, 0xfc, 0x0, 0x7d, 0xff, 0xd8,
    0x0,

    /* U+0124 "Ĥ" */
    0x0, 0x0, 0x28, 0x60, 0x0, 0x0, 0x0, 0x1d,
    0x7c, 0x80, 0x0, 0x0, 0x5, 0x40, 0x7, 0x10,
    0x0, 0x0, 0x0, 0x0, 0x0, 0x0, 0x3f, 0x80,
    0x0, 0x0, 0xf, 0xc3, 0xf8, 0x0, 0x0, 0x0,
    0xfc, 0x3f, 0x80, 0x0, 0x0, 0xf, 0xc3, 0xf8,
    0x0, 0x0, 0x0, 0xfc, 0x3f, 0x92, 0x22, 0x22,
    0x2f, 0xc3, 0xff, 0xff, 0xff, 0xff, 0xfc, 0x3f,
    0xb5, 0x55, 0x55, 0x5f, 0xc3, 0xf8, 0x0, 0x0,
    0x0, 0xfc, 0x3f, 0x80, 0x0, 0x0, 0xf, 0xc3,
    0xf8, 0x0, 0x0, 0x0, 0xfc, 0x3f, 0x80, 0x0,
    0x0, 0xf, 0xc3, 0xf8, 0x0, 0x0, 0x0, 0xfc,
    0x3f, 0x80, 0x0, 0x0, 0xf, 0xc0,

    /* U+0125 "ĥ" */
    0x0, 0x48, 0x30, 0x0, 0x0, 0x0, 0x5e, 0x6e,
    0x30, 0x0, 0x0, 0x7, 0x20, 0x26, 0x0, 0x0,
    0x0, 0x5, 0xf4, 0x0, 0x0, 0x0, 0x0, 0x5f,
    0x40, 0x0, 0x0, 0x0, 0x5, 0xf4, 0x0, 0x0,
    0x0, 0x0, 0x5f, 0x40, 0x0, 0x0, 0x0, 0x5,
    0xf4, 0x7d, 0xfd, 0x50, 0x0, 0x5f, 0xcd, 0x77,
    0xdf, 0x30, 0x5, 0xfd, 0x0, 0x1, 0xfa, 0x0,
    0x5f, 0x60, 0x0, 0xc, 0xc0, 0x5, 0xf4, 0x0,
    0x0, 0xbd, 0x0, 0x5f, 0x40, 0x0, 0xb, 0xe0,
    0x5, 0xf4, 0x0, 0x0, 0xbe, 0x0, 0x5f, 0x40,
    0x0, 0xb, 0xe0, 0x5, 0xf4, 0x0, 0x0, 0xbe,
    0x0, 0x5f, 0x40, 0x0, 0xb, 0xe0,

    /* U+0126 "Ħ" */
    0x0, 0xcf, 0x0, 0x0, 0x0, 0x8f, 0x40, 0x1,
    0xcf, 0x11, 0x11, 0x11, 0x9f, 0x51, 0x3f, 0xff,
    0xff, 0xff, 0xff, 0xff, 0xfb, 0x14, 0xdf, 0x44,
    0x44, 0x44, 0xaf, 0x73, 0x0, 0xcf, 0x22, 0x22,
    0x22, 0x9f, 0x40, 0x0, 0xcf, 0xff, 0xff, 0xff,
    0xff, 0x40, 0x0, 0xcf, 0x55, 0x55, 0x55, 0xaf,
    0x40, 0x0, 0xcf, 0x0, 0x0, 0x0, 0x8f, 0x40,
    0x0, 0xcf, 0x0, 0x0, 0x0, 0x8f, 0x40, 0x0,
    0xcf, 0x0, 0x0, 0x0, 0x8f, 0x40, 0x0, 0xcf,
    0x0, 0x0, 0x0, 0x8f, 0x40, 0x0, 0xcf, 0x0,
    0x0, 0x0, 0x8f, 0x40, 0x0, 0xcf, 0x0, 0x0,
    0x0, 0x8f, 0x40,

    /* U+0127 "ħ" */
    0xd, 0xc0, 0x0, 0x0, 0x0, 0x1d, 0xc1, 0x11,
    0x0, 0x0, 0xff, 0xff, 0xfe, 0x0, 0x0, 0x4e,
    0xd4, 0x44, 0x0, 0x0, 0xd, 0xc2, 0xbf, 0xfa,
    0x10, 0xd, 0xde, 0xa7, 0x9f, 0xb0, 0xd, 0xf6,
    0x0, 0x9, 0xf2, 0xd, 0xe0, 0x0, 0x4, 0xf5,
    0xd, 0xc0, 0x0, 0x3, 0xf6, 0xd, 0xc0, 0x0,
    0x3, 0xf6, 0xd, 0xc0, 0x0, 0x3, 0xf6, 0xd,
    0xc0, 0x0, 0x3, 0xf6, 0xd, 0xc0, 0x0, 0x3,
    0xf6, 0xd, 0xc0, 0x0, 0x3, 0xf6,

    /* U+0128 "Ĩ" */
    0x8, 0xe9, 0x19, 0x72, 0xf3, 0x9f, 0xe2, 0x1,
    0x0, 0x0, 0x0, 0x0, 0x0, 0x0, 0x0, 0x3f,
    0x80, 0x0, 0x3, 0xf8, 0x0, 0x0, 0x3f, 0x80,
    0x0, 0x3, 0xf8, 0x0, 0x0, 0x3f, 0x80, 0x0,
    0x3, 0xf8, 0x0, 0x0, 0x3f, 0x80, 0x0, 0x3,
    0xf8, 0x0, 0x0, 0x3f, 0x80, 0x0, 0x3, 0xf8,
    0x0, 0x0, 0x3f, 0x80, 0x0, 0x3, 0xf8, 0x0,
    0x0, 0x3f, 0x80, 0x0,

    /* U+0129 "ĩ" */
    0xb, 0xf9, 0x1c, 0x54, 0xd3, 0xbf, 0xd0, 0x1,
    0x0, 0x10, 0x0, 0x0, 0x0, 0x0, 0x0, 0x4f,
    0x50, 0x0, 0x4, 0xf5, 0x0, 0x0, 0x4f, 0x50,
    0x0, 0x4, 0xf5, 0x0, 0x0, 0x4f, 0x50, 0x0,
    0x4, 0xf5, 0x0, 0x0, 0x4f, 0x50, 0x0, 0x4,
    0xf5, 0x0, 0x0, 0x4f, 0x50, 0x0, 0x4, 0xf5,
    0x0,

    /* U+012A "Ī" */
    0x0, 0x0, 0x0, 0xff, 0xff, 0xf4, 0x33, 0x33,
    0x31, 0x0, 0x0, 0x0, 0x3, 0xf8, 0x0, 0x3,
    0xf8, 0x0, 0x3, 0xf8, 0x0, 0x3, 0xf8, 0x0,
    0x3, 0xf8, 0x0, 0x3, 0xf8, 0x0, 0x3, 0xf8,
    0x0, 0x3, 0xf8, 0x0, 0x3, 0xf8, 0x0, 0x3,
    0xf8, 0x0, 0x3, 0xf8, 0x0, 0x3, 0xf8, 0x0,
    0x3, 0xf8, 0x0,

    /* U+012B "ī" */
    0x2f, 0xff, 0xff, 0x20, 0x44, 0x44, 0x40, 0x0,
    0x0, 0x0, 0x0, 0x0, 0x0, 0x0, 0x0, 0x4f,
    0x50, 0x0, 0x4, 0xf5, 0x0, 0x0, 0x4f, 0x50,
    0x0, 0x4, 0xf5, 0x0, 0x0, 0x4f, 0x50, 0x0,
    0x4, 0xf5, 0x0, 0x0, 0x4f, 0x50, 0x0, 0x4,
    0xf5, 0x0, 0x0, 0x4f, 0x50, 0x0, 0x4, 0xf5,
    0x0,

    /* U+012C "Ĭ" */
    0x7, 0x20, 0x6, 0x20, 0x8f, 0xff, 0xb0, 0x0,
    0x2, 0x10, 0x0, 0x0, 0x0, 0x0, 0x0, 0x3f,
    0x80, 0x0, 0x3, 0xf8, 0x0, 0x0, 0x3f, 0x80,
    0x0, 0x3, 0xf8, 0x0, 0x0, 0x3f, 0x80, 0x0,
    0x3, 0xf8, 0x0, 0x0, 0x3f, 0x80, 0x0, 0x3,
    0xf8, 0x0, 0x0, 0x3f, 0x80, 0x0, 0x3, 0xf8,
    0x0, 0x0, 0x3f, 0x80, 0x0, 0x3, 0xf8, 0x0,
    0x0, 0x3f, 0x80, 0x0,

    /* U+012D "ĭ" */
    0x2f, 0x30, 0x3f, 0x20, 0x8f, 0xff, 0x80, 0x0,
    0x12, 0x10, 0x0, 0x0, 0x0, 0x0, 0x0, 0x4f,
    0x50, 0x0, 0x4, 0xf5, 0x0, 0x0, 0x4f, 0x50,
    0x0, 0x4, 0xf5, 0x0, 0x0, 0x4f, 0x50, 0x0,
    0x4, 0xf5, 0x0, 0x0, 0x4f, 0x50, 0x0, 0x4,
    0xf5, 0x0, 0x0, 0x4f, 0x50, 0x0, 0x4, 0xf5,
    0x0,

    /* U+012E "Į" */
    0x3f, 0x80, 0x3f, 0x80, 0x3f, 0x80, 0x3f, 0x80,
    0x3f, 0x80, 0x3f, 0x80, 0x3f, 0x80, 0x3f, 0x80,
    0x3f, 0x80, 0x3f, 0x80, 0x3f, 0x80, 0x3f, 0x80,
    0x3f, 0x80, 0xc, 0x40, 0x4d, 0x0, 0x6e, 0x22,
    0x1c, 0xfc,

    /* U+012F "į" */
    0x4f, 0x50, 0x4f, 0x50, 0x0, 0x0, 0x0, 0x0,
    0x4f, 0x50, 0x4f, 0x50, 0x4f, 0x50, 0x4f, 0x50,
    0x4f, 0x50, 0x4f, 0x50, 0x4f, 0x50, 0x4f, 0x50,
    0x4f, 0x50, 0x4f, 0x50, 0x1e, 0x10, 0x8a, 0x0,
    0xac, 0x12, 0x3d, 0xf8,

    /* U+0130 "İ" */
    0x3f, 0x92, 0xc7, 0x0, 0x3, 0xf8, 0x3f, 0x83,
    0xf8, 0x3f, 0x83, 0xf8, 0x3f, 0x83, 0xf8, 0x3f,
    0x83, 0xf8, 0x3f, 0x83, 0xf8, 0x3f, 0x83, 0xf8,

    /* U+0131 "ı" */
    0x4f, 0x54, 0xf5, 0x4f, 0x54, 0xf5, 0x4f, 0x54,
    0xf5, 0x4f, 0x54, 0xf5, 0x4f, 0x54, 0xf5,

    /* U+0132 "Ĳ" */
    0x3f, 0x80, 0x0, 0xed, 0x3f, 0x80, 0x0, 0xed,
    0x3f, 0x80, 0x0, 0xed, 0x3f, 0x80, 0x0, 0xed,
    0x3f, 0x80, 0x0, 0xed, 0x3f, 0x80, 0x0, 0xed,
    0x3f, 0x80, 0x0, 0xed, 0x3f, 0x80, 0x0, 0xed,
    0x3f, 0x80, 0x0, 0xed, 0x3f, 0x80, 0x0, 0xed,
    0x3f, 0x80, 0x0, 0xed, 0x3f, 0x80, 0x0, 0xed,
    0x3f, 0x80, 0x0, 0xed, 0x0, 0x0, 0x0, 0xfc,
    0x0, 0x0, 0x4, 0xf9, 0x0, 0x4, 0x9f, 0xf3,
    0x0, 0xa, 0xfc, 0x40,

    /* U+0133 "ĳ" */
    0x4f, 0x50, 0x5, 0xf5, 0x4f, 0x50, 0x5, 0xf5,
    0x0, 0x0, 0x0, 0x0, 0x0, 0x0, 0x0, 0x0,
    0x4f, 0x50, 0x5, 0xf5, 0x4f, 0x50, 0x5, 0xf5,
    0x4f, 0x50, 0x5, 0xf5, 0x4f, 0x50, 0x5, 0xf5,
    0x4f, 0x50, 0x5, 0xf5, 0x4f, 0x50, 0x5, 0xf5,
    0x4f, 0x50, 0x5, 0xf5, 0x4f, 0x50, 0x5, 0xf5,
    0x4f, 0x50, 0x5, 0xf5, 0x4f, 0x50, 0x5, 0xf5,
    0x0, 0x0, 0x5, 0xf4, 0x0, 0x0, 0x6, 0xf3,
    0x0, 0x1, 0x6e, 0xe0, 0x0, 0x5, 0xfc, 0x30,

    /* U+0134 "Ĵ" */
    0x0, 0xad, 0xd1, 0x0, 0x9b, 0x7, 0xc0, 0x0,
    0x0, 0x0, 0x0, 0x3, 0xf8, 0x0, 0x0, 0x3f,
    0x80, 0x0, 0x3, 0xf8, 0x0, 0x0, 0x3f, 0x80,
    0x0, 0x3, 0xf8, 0x0, 0x0, 0x3f, 0x80, 0x0,
    0x3, 0xf8, 0x0, 0x0, 0x3f, 0x80, 0x0, 0x3,
    0xf8, 0x0, 0x0, 0x3f, 0x80, 0x0, 0x3, 0xf8,
    0x0, 0x0, 0x3f, 0x80, 0x0, 0x3, 0xf8, 0x0,
    0x0, 0x4f, 0x70, 0x0, 0x9, 0xf4, 0x0, 0x7a,
    0xfd, 0x0, 0xe, 0xea, 0x20, 0x0,

    /* U+0135 "ĵ" */
    0x0, 0x7f, 0x70, 0x0, 0x1f, 0x9f, 0x10, 0xa,
    0x90, 0x9b, 0x1, 0x70, 0x0, 0x71, 0x0, 0x4f,
    0x50, 0x0, 0x4, 0xf5, 0x0, 0x0, 0x4f, 0x50,
    0x0, 0x4, 0xf5, 0x0, 0x0, 0x4f, 0x50, 0x0,
    0x4, 0xf5, 0x0, 0x0, 0x4f, 0x50, 0x0, 0x4,
    0xf5, 0x0, 0x0, 0x4f, 0x50, 0x0, 0x4, 0xf5,
    0x0, 0x0, 0x5f, 0x40, 0x0, 0x6, 0xf3, 0x0,
    0x16, 0xde, 0x0, 0x5, 0xfc, 0x30, 0x0,

    /* U+0136 "Ķ" */
    0x3f, 0x80, 0x0, 0x3, 0xef, 0x30, 0x3f, 0x80,
    0x0, 0x3f, 0xe3, 0x0, 0x3f, 0x80, 0x4, 0xfe,
    0x20, 0x0, 0x3f, 0x80, 0x5f, 0xd1, 0x0, 0x0,
    0x3f, 0x86, 0xfc, 0x10, 0x0, 0x0, 0x3f, 0xdf,
    0xc0, 0x0, 0x0, 0x0, 0x3f, 0xff, 0xa0, 0x0,
    0x0, 0x0, 0x3f, 0x9a, 0xfa, 0x0, 0x0, 0x0,
    0x3f, 0x80, 0xaf, 0xa0, 0x0, 0x0, 0x3f, 0x80,
    0xa, 0xfa, 0x0, 0x0, 0x3f, 0x80, 0x0, 0xaf,
    0xa0, 0x0, 0x3f, 0x80, 0x0, 0xa, 0xfa, 0x0,
    0x3f, 0x80, 0x0, 0x0, 0xaf, 0xa0, 0x0, 0x0,
    0x0, 0x0, 0x0, 0x0, 0x0, 0x0, 0x9, 0xc0,
    0x0, 0x0, 0x0, 0x0, 0xe, 0x90, 0x0, 0x0,
    0x0, 0x0, 0x3f, 0x10, 0x0, 0x0,

    /* U+0137 "ķ" */
    0x5f, 0x40, 0x0, 0x0, 0x0, 0x5f, 0x40, 0x0,
    0x0, 0x0, 0x5f, 0x40, 0x0, 0x0, 0x0, 0x5f,
    0x40, 0x0, 0x0, 0x0, 0x5f, 0x40, 0x0, 0x7f,
    0x90, 0x5f, 0x40, 0x9, 0xf7, 0x0, 0x5f, 0x40,
    0xaf, 0x60, 0x0, 0x5f, 0x5c, 0xf4, 0x0, 0x0,
    0x5f, 0xff, 0x30, 0x0, 0x0, 0x5f, 0x9f, 0xb0,
    0x0, 0x0, 0x5f, 0x45, 0xfc, 0x0, 0x0, 0x5f,
    0x40, 0x5f, 0xc0, 0x0, 0x5f, 0x40, 0x4, 0xfc,
    0x0, 0x5f, 0x40, 0x0, 0x4f, 0xc1, 0x0, 0x0,
    0x0, 0x0, 0x0, 0x0, 0x0, 0x8c, 0x10, 0x0,
    0x0, 0x0, 0xe9, 0x0, 0x0, 0x0, 0x2, 0xf1,
    0x0, 0x0,

    /* U+0138 "ĸ" */
    0x5f, 0x40, 0x0, 0x7f, 0x90, 0x5f, 0x40, 0x9,
    0xf7, 0x0, 0x5f, 0x40, 0xaf, 0x60, 0x0, 0x5f,
    0x5b, 0xf4, 0x0, 0x0, 0x5f, 0xff, 0x40, 0x0,
    0x0, 0x5f, 0xaf, 0xb0, 0x0, 0x0, 0x5f, 0x45,
    0xfb, 0x0, 0x0, 0x5f, 0x40, 0x5f, 0xc0, 0x0,
    0x5f, 0x40, 0x4, 0xfc, 0x0, 0x5f, 0x40, 0x0,
    0x4f, 0xc1,

    /* U+0139 "Ĺ" */
    0x0, 0x47, 0x0, 0x0, 0x0, 0x3f, 0x50, 0x0,
    0x0, 0x6, 0x40, 0x0, 0x0, 0x0, 0x0, 0x0,
    0x0, 0x0, 0x3f, 0x80, 0x0, 0x0, 0x3, 0xf8,
    0x0, 0x0, 0x0, 0x3f, 0x80, 0x0, 0x0, 0x3,
    0xf8, 0x0, 0x0, 0x0, 0x3f, 0x80, 0x0, 0x0,
    0x3, 0xf8, 0x0, 0x0, 0x0, 0x3f, 0x80, 0x0,
    0x0, 0x3, 0xf8, 0x0, 0x0, 0x0, 0x3f, 0x80,
    0x0, 0x0, 0x3, 0xf8, 0x0, 0x0, 0x0, 0x3f,
    0x80, 0x0, 0x0, 0x3, 0xfc, 0x77, 0x77, 0x77,
    0x3f, 0xff, 0xff, 0xff, 0xf0,

    /* U+013A "ĺ" */
    0x0, 0x57, 0x0, 0x5e, 0x30, 0x7, 0x30, 0x4,
    0xf5, 0x0, 0x4f, 0x50, 0x4, 0xf5, 0x0, 0x4f,
    0x50, 0x4, 0xf5, 0x0, 0x4f, 0x50, 0x4, 0xf5,
    0x0, 0x4f, 0x50, 0x4, 0xf5, 0x0, 0x4f, 0x50,
    0x4, 0xf5, 0x0, 0x4f, 0x50, 0x4, 0xf5, 0x0,
    0x4f, 0x50, 0x0,

    /* U+013B "Ļ" */
    0x3f, 0x80, 0x0, 0x0, 0x3, 0xf8, 0x0, 0x0,
    0x0, 0x3f, 0x80, 0x0, 0x0, 0x3, 0xf8, 0x0,
    0x0, 0x0, 0x3f, 0x80, 0x0, 0x0, 0x3, 0xf8,
    0x0, 0x0, 0x0, 0x3f, 0x80, 0x0, 0x0, 0x3,
    0xf8, 0x0, 0x0, 0x0, 0x3f, 0x80, 0x0, 0x0,
    0x3, 0xf8, 0x0, 0x0, 0x0, 0x3f, 0x80, 0x0,
    0x0, 0x3, 0xfc, 0x77, 0x77, 0x77, 0x3f, 0xff,
    0xff, 0xff, 0xf0, 0x0, 0x0, 0x0, 0x0, 0x0,
    0x0, 0xab, 0x0, 0x0, 0x0, 0x1f, 0x70, 0x0,
    0x0, 0x5, 0xe0, 0x0, 0x0,

    /* U+013C "ļ" */
    0x4f, 0x54, 0xf5, 0x4f, 0x54, 0xf5, 0x4f, 0x54,
    0xf5, 0x4f, 0x54, 0xf5, 0x4f, 0x54, 0xf5, 0x4f,
    0x54, 0xf5, 0x4f, 0x54, 0xf5, 0x0, 0x2, 0xc7,
    0x6f, 0x1a, 0x90,

    /* U+013D "Ľ" */
    0x3f, 0x80, 0x3f, 0x70, 0x3, 0xf8, 0x6, 0xf2,
    0x0, 0x3f, 0x80, 0x9d, 0x0, 0x3, 0xf8, 0x3,
    0x30, 0x0, 0x3f, 0x80, 0x0, 0x0, 0x3, 0xf8,
    0x0, 0x0, 0x0, 0x3f, 0x80, 0x0, 0x0, 0x3,
    0xf8, 0x0, 0x0, 0x0, 0x3f, 0x80, 0x0, 0x0,
    0x3, 0xf8, 0x0, 0x0, 0x0, 0x3f, 0x80, 0x0,
    0x0, 0x3, 0xfc, 0x77, 0x77, 0x77, 0x3f, 0xff,
    0xff, 0xff, 0xf0,

    /* U+013E "ľ" */
    0x4f, 0x51, 0xf9, 0x4f, 0x54, 0xf4, 0x4f, 0x57,
    0xf0, 0x4f, 0x52, 0x30, 0x4f, 0x50, 0x0, 0x4f,
    0x50, 0x0, 0x4f, 0x50, 0x0, 0x4f, 0x50, 0x0,
    0x4f, 0x50, 0x0, 0x4f, 0x50, 0x0, 0x4f, 0x50,
    0x0, 0x4f, 0x50, 0x0, 0x4f, 0x50, 0x0, 0x4f,
    0x50, 0x0,

    /* U+013F "Ŀ" */
    0x3f, 0x80, 0x0, 0x0, 0x3, 0xf8, 0x0, 0x0,
    0x0, 0x3f, 0x80, 0x0, 0x0, 0x3, 0xf8, 0x0,
    0x0, 0x0, 0x3f, 0x80, 0x0, 0x32, 0x3, 0xf8,
    0x0, 0x2f, 0xb0, 0x3f, 0x80, 0x2, 0xfb, 0x3,
    0xf8, 0x0, 0x0, 0x0, 0x3f, 0x80, 0x0, 0x0,
    0x3, 0xf8, 0x0, 0x0, 0x0, 0x3f, 0x80, 0x0,
    0x0, 0x3, 0xfc, 0x77, 0x77, 0x77, 0x3f, 0xff,
    0xff, 0xff, 0xf0,

    /* U+0140 "ŀ" */
    0x4f, 0x50, 0x4, 0xf5, 0x0, 0x4f, 0x50, 0x4,
    0xf5, 0x0, 0x4f, 0x50, 0x4, 0xf5, 0x32, 0x4f,
    0x8f, 0xa4, 0xf8, 0xfa, 0x4f, 0x50, 0x4, 0xf5,
    0x0, 0x4f, 0x50, 0x4, 0xf5, 0x0, 0x4f, 0x50,
    0x4, 0xf5, 0x0,

    /* U+0141 "Ł" */
    0x0, 0x2f, 0xa0, 0x0, 0x0, 0x0, 0x0, 0x2f,
    0xa0, 0x0, 0x0, 0x0, 0x0, 0x2f, 0xa0, 0x0,
    0x0, 0x0, 0x0, 0x2f, 0xa0, 0x4, 0x0, 0x0,
    0x0, 0x2f, 0xa3, 0xdc, 0x0, 0x0, 0x0, 0x2f,
    0xef, 0x80, 0x0, 0x0, 0x0, 0x4f, 0xe3, 0x0,
    0x0, 0x0, 0x7, 0xff, 0xa0, 0x0, 0x0, 0x0,
    0xa, 0x6f, 0xa0, 0x0, 0x0, 0x0, 0x0, 0x2f,
    0xa0, 0x0, 0x0, 0x0, 0x0, 0x2f, 0xa0, 0x0,
    0x0, 0x0, 0x0, 0x2f, 0xd7, 0x77, 0x77, 0x70,
    0x0, 0x2f, 0xff, 0xff, 0xff, 0xf0,

    /* U+0142 "ł" */
    0x4, 0xf5, 0x0, 0x4, 0xf5, 0x0, 0x4, 0xf5,
    0x0, 0x4, 0xf5, 0x0, 0x4, 0xf5, 0x20, 0x4,
    0xfe, 0xd0, 0x5, 0xfb, 0x10, 0x7f, 0xf5, 0x0,
    0x77, 0xf5, 0x0, 0x4, 0xf5, 0x0, 0x4, 0xf5,
    0x0, 0x4, 0xf5, 0x0, 0x4, 0xf5, 0x0, 0x4,
    0xf5, 0x0,

    /* U+0143 "Ń" */
    0x0, 0x0, 0x3, 0x70, 0x0, 0x0, 0x0, 0x3,
    0xf5, 0x0, 0x0, 0x0, 0x0, 0x64, 0x0, 0x0,
    0x0, 0x0, 0x0, 0x0, 0x0, 0x0, 0x3f, 0xf6,
    0x0, 0x0, 0xf, 0xb3, 0xff, 0xe0, 0x0, 0x0,
    0xfb, 0x3f, 0xcf, 0x70, 0x0, 0xf, 0xb3, 0xf7,
    0xcf, 0x10, 0x0, 0xfb, 0x3f, 0x73, 0xf8, 0x0,
    0xf, 0xb3, 0xf7, 0xb, 0xf1, 0x0, 0xfb, 0x3f,
    0x70, 0x2f, 0xa0, 0xf, 0xb3, 0xf7, 0x0, 0xaf,
    0x20, 0xfb, 0x3f, 0x70, 0x2, 0xfb, 0xf, 0xb3,
    0xf7, 0x0, 0x9, 0xf4, 0xfb, 0x3f, 0x70, 0x0,
    0x1f, 0xcf, 0xb3, 0xf7, 0x0, 0x0, 0x7f, 0xfb,
    0x3f, 0x70, 0x0, 0x0, 0xef, 0xb0,

    /* U+0144 "ń" */
    0x0, 0x0, 0x6, 0x60, 0x0, 0x0, 0x6, 0xf3,
    0x0, 0x0, 0x2, 0xf6, 0x0, 0x0, 0x0, 0xc9,
    0x0, 0x0, 0x0, 0x0, 0x0, 0x0, 0x5, 0xf4,
    0x8e, 0xfd, 0x50, 0x5f, 0xda, 0x43, 0xbf, 0x35,
    0xfb, 0x0, 0x0, 0xfa, 0x5f, 0x60, 0x0, 0xc,
    0xc5, 0xf4, 0x0, 0x0, 0xbd, 0x5f, 0x40, 0x0,
    0xb, 0xe5, 0xf4, 0x0, 0x0, 0xbe, 0x5f, 0x40,
    0x0, 0xb, 0xe5, 0xf4, 0x0, 0x0, 0xbe, 0x5f,
    0x40, 0x0, 0xb, 0xe0,

    /* U+0145 "Ņ" */
    0x3f, 0xf6, 0x0, 0x0, 0xf, 0xb3, 0xff, 0xe0,
    0x0, 0x0, 0xfb, 0x3f, 0xcf, 0x70, 0x0, 0xf,
    0xb3, 0xf7, 0xcf, 0x10, 0x0, 0xfb, 0x3f, 0x73,
    0xf8, 0x0, 0xf, 0xb3, 0xf7, 0xb, 0xf1, 0x0,
    0xfb, 0x3f, 0x70, 0x2f, 0xa0, 0xf, 0xb3, 0xf7,
    0x0, 0xaf, 0x20, 0xfb, 0x3f, 0x70, 0x2, 0xfb,
    0xf, 0xb3, 0xf7, 0x0, 0x9, 0xf4, 0xfb, 0x3f,
    0x70, 0x0, 0x1f, 0xcf, 0xb3, 0xf7, 0x0, 0x0,
    0x7f, 0xfb, 0x3f, 0x70, 0x0, 0x0, 0xef, 0xb0,
    0x0, 0x0, 0x0, 0x0, 0x0, 0x0, 0x0, 0xb,
    0xa0, 0x0, 0x0, 0x0, 0x2, 0xf5, 0x0, 0x0,
    0x0, 0x0, 0x6d, 0x0, 0x0, 0x0,

    /* U+0146 "ņ" */
    0x5f, 0x48, 0xef, 0xd5, 0x5, 0xfd, 0xa4, 0x3b,
    0xf3, 0x5f, 0xb0, 0x0, 0xf, 0xa5, 0xf6, 0x0,
    0x0, 0xcc, 0x5f, 0x40, 0x0, 0xb, 0xd5, 0xf4,
    0x0, 0x0, 0xbe, 0x5f, 0x40, 0x0, 0xb, 0xe5,
    0xf4, 0x0, 0x0, 0xbe, 0x5f, 0x40, 0x0, 0xb,
    0xe5, 0xf4, 0x0, 0x0, 0xbe, 0x0, 0x0, 0x0,
    0x0, 0x0, 0x0, 0xb, 0xa0, 0x0, 0x0, 0x2,
    0xf5, 0x0, 0x0, 0x0, 0x6d, 0x0, 0x0,

    /* U+0147 "Ň" */
    0x0, 0x6, 0x30, 0x7, 0x10, 0x0, 0x0, 0x4e,
    0x2b, 0x90, 0x0, 0x0, 0x0, 0x8f, 0xd0, 0x0,
    0x0, 0x0, 0x0, 0x0, 0x0, 0x0, 0x3f, 0xf6,
    0x0, 0x0, 0xf, 0xb3, 0xff, 0xe0, 0x0, 0x0,
    0xfb, 0x3f, 0xcf, 0x70, 0x0, 0xf, 0xb3, 0xf7,
    0xcf, 0x10, 0x0, 0xfb, 0x3f, 0x73, 0xf8, 0x0,
    0xf, 0xb3, 0xf7, 0xb, 0xf1, 0x0, 0xfb, 0x3f,
    0x70, 0x2f, 0xa0, 0xf, 0xb3, 0xf7, 0x0, 0xaf,
    0x20, 0xfb, 0x3f, 0x70, 0x2, 0xfb, 0xf, 0xb3,
    0xf7, 0x0, 0x9, 0xf4, 0xfb, 0x3f, 0x70, 0x0,
    0x1f, 0xcf, 0xb3, 0xf7, 0x0, 0x0, 0x7f, 0xfb,
    0x3f, 0x70, 0x0, 0x0, 0xef, 0xb0,

    /* U+0148 "ň" */
    0x0, 0x41, 0x0, 0x32, 0x0, 0x8, 0xb0, 0x4e,
    0x10, 0x0, 0xc, 0xae, 0x50, 0x0, 0x0, 0x2d,
    0x80, 0x0, 0x0, 0x0, 0x0, 0x0, 0x5, 0xf4,
    0x8e, 0xfd, 0x50, 0x5f, 0xda, 0x43, 0xbf, 0x35,
    0xfb, 0x0, 0x0, 0xfa, 0x5f, 0x60, 0x0, 0xc,
    0xc5, 0xf4, 0x0, 0x0, 0xbd, 0x5f, 0x40, 0x0,
    0xb, 0xe5, 0xf4, 0x0, 0x0, 0xbe, 0x5f, 0x40,
    0x0, 0xb, 0xe5, 0xf4, 0x0, 0x0, 0xbe, 0x5f,
    0x40, 0x0, 0xb, 0xe0,

    /* U+0149 "ŉ" */
    0x7, 0xf6, 0x0, 0x0, 0x0, 0x0, 0x8, 0xf3,
    0x0, 0x0, 0x0, 0x0, 0xc, 0xb0, 0x0, 0x0,
    0x0, 0x0, 0x1f, 0x36, 0xf4, 0x8e, 0xfd, 0x50,
    0x1, 0x6, 0xfd, 0xa4, 0x3b, 0xf3, 0x0, 0x6,
    0xfb, 0x0, 0x0, 0xfa, 0x0, 0x6, 0xf6, 0x0,
    0x0, 0xcc, 0x0, 0x6, 0xf4, 0x0, 0x0, 0xbd,
    0x0, 0x6, 0xf4, 0x0, 0x0, 0xbe, 0x0, 0x6,
    0xf4, 0x0, 0x0, 0xbe, 0x0, 0x6, 0xf4, 0x0,
    0x0, 0xbe, 0x0, 0x6, 0xf4, 0x0, 0x0, 0xbe,
    0x0, 0x6, 0xf4, 0x0, 0x0, 0xbe,

    /* U+014A "Ŋ" */
    0x3f, 0x81, 0x9e, 0xfd, 0x70, 0x3, 0xfa, 0xdd,
    0x89, 0xef, 0x70, 0x3f, 0xf9, 0x0, 0x1, 0xef,
    0x3, 0xfe, 0x10, 0x0, 0x8, 0xf4, 0x3f, 0xb0,
    0x0, 0x0, 0x6f, 0x63, 0xf9, 0x0, 0x0, 0x4,
    0xf7, 0x3f, 0x80, 0x0, 0x0, 0x4f, 0x73, 0xf8,
    0x0, 0x0, 0x4, 0xf7, 0x3f, 0x80, 0x0, 0x0,
    0x4f, 0x73, 0xf8, 0x0, 0x0, 0x4, 0xf7, 0x3f,
    0x80, 0x0, 0x0, 0x4f, 0x73, 0xf8, 0x0, 0x0,
    0x4, 0xf7, 0x3f, 0x80, 0x0, 0x0, 0x4f, 0x70,
    0x0, 0x0, 0x0, 0x4, 0xf7, 0x0, 0x0, 0x0,
    0x0, 0x6f, 0x60, 0x0, 0x0, 0x1, 0x6d, 0xf2,
    0x0, 0x0, 0x0, 0x5f, 0xd5, 0x0,

    /* U+014B "ŋ" */
    0x5f, 0x48, 0xef, 0xd6, 0x5, 0xfd, 0xa4, 0x3b,
    0xf3, 0x5f, 0xb0, 0x0, 0xf, 0xa5, 0xf6, 0x0,
    0x0, 0xcc, 0x5f, 0x40, 0x0, 0xb, 0xd5, 0xf4,
    0x0, 0x0, 0xbe, 0x5f, 0x40, 0x0, 0xb, 0xe5,
    0xf4, 0x0, 0x0, 0xbe, 0x5f, 0x40, 0x0, 0xb,
    0xe5, 0xf4, 0x0, 0x0, 0xbe, 0x0, 0x0, 0x0,
    0xc, 0xd0, 0x0, 0x0, 0x0, 0xdc, 0x0, 0x2,
    0x55, 0x9f, 0x80, 0x0, 0x6f, 0xfe, 0x90,

    /* U+014C "Ō" */
    0x0, 0x0, 0x0, 0x0, 0x0, 0x0, 0x0, 0x0,
    0x8f, 0xff, 0xfb, 0x0, 0x0, 0x0, 0x1, 0x33,
    0x33, 0x20, 0x0, 0x0, 0x0, 0x0, 0x0, 0x0,
    0x0, 0x0, 0x0, 0x7, 0xcf, 0xfd, 0x81, 0x0,
    0x0, 0x2d, 0xfb, 0x77, 0xaf, 0xe3, 0x0, 0xd,
    0xf5, 0x0, 0x0, 0x3f, 0xe1, 0x6, 0xf9, 0x0,
    0x0, 0x0, 0x6f, 0x90, 0xbf, 0x20, 0x0, 0x0,
    0x0, 0xfe, 0xe, 0xf0, 0x0, 0x0, 0x0, 0xc,
    0xf1, 0xfe, 0x0, 0x0, 0x0, 0x0, 0xbf, 0x2e,
    0xf0, 0x0, 0x0, 0x0, 0xc, 0xf1, 0xbf, 0x20,
    0x0, 0x0, 0x0, 0xfe, 0x6, 0xf9, 0x0, 0x0,
    0x0, 0x6f, 0x90, 0xd, 0xf5, 0x0, 0x0, 0x3f,
    0xe1, 0x0, 0x2d, 0xfb, 0x77, 0xaf, 0xe3, 0x0,
    0x0, 0x7, 0xcf, 0xfd, 0x81, 0x0, 0x0,

    /* U+014D "ō" */
    0x1, 0xff, 0xff, 0xf2, 0x0, 0x0, 0x44, 0x44,
    0x40, 0x0, 0x0, 0x0, 0x0, 0x0, 0x0, 0x0,
    0x0, 0x0, 0x0, 0x0, 0x1, 0x9e, 0xfe, 0x91,
    0x0, 0xd, 0xf9, 0x69, 0xfd, 0x10, 0x8f, 0x60,
    0x0, 0x6f, 0x80, 0xde, 0x0, 0x0, 0xe, 0xd0,
    0xfc, 0x0, 0x0, 0xc, 0xf0, 0xfc, 0x0, 0x0,
    0xc, 0xf0, 0xde, 0x0, 0x0, 0xe, 0xd0, 0x8f,
    0x60, 0x0, 0x6f, 0x80, 0xd, 0xf9, 0x69, 0xfd,
    0x10, 0x1, 0x9e, 0xfe, 0x91, 0x0,

    /* U+014E "Ŏ" */
    0x0, 0x8, 0xa0, 0x8, 0xb0, 0x0, 0x0, 0x0,
    0x1c, 0xff, 0xd2, 0x0, 0x0, 0x0, 0x0, 0x1,
    0x10, 0x0, 0x0, 0x0, 0x0, 0x0, 0x0, 0x0,
    0x0, 0x0, 0x0, 0x7, 0xcf, 0xfd, 0x81, 0x0,
    0x0, 0x2d, 0xfb, 0x77, 0xaf, 0xe3, 0x0, 0xd,
    0xf5, 0x0, 0x0, 0x3f, 0xe1, 0x6, 0xf9, 0x0,
    0x0, 0x0, 0x6f, 0x90, 0xbf, 0x20, 0x0, 0x0,
    0x0, 0xfe, 0xe, 0xf0, 0x0, 0x0, 0x0, 0xc,
    0xf1, 0xfe, 0x0, 0x0, 0x0, 0x0, 0xbf, 0x2e,
    0xf0, 0x0, 0x0, 0x0, 0xc, 0xf1, 0xbf, 0x20,
    0x0, 0x0, 0x0, 0xfe, 0x6, 0xf9, 0x0, 0x0,
    0x0, 0x6f, 0x90, 0xd, 0xf5, 0x0, 0x0, 0x3f,
    0xe1, 0x0, 0x2d, 0xfb, 0x77, 0xaf, 0xe3, 0x0,
    0x0, 0x7, 0xcf, 0xfd, 0x81, 0x0, 0x0,

    /* U+014F "ŏ" */
    0x1, 0x60, 0x0, 0x61, 0x0, 0x0, 0xf5, 0x4,
    0xf0, 0x0, 0x0, 0x6f, 0xff, 0x60, 0x0, 0x0,
    0x0, 0x20, 0x0, 0x0, 0x0, 0x0, 0x0, 0x0,
    0x0, 0x1, 0x9e, 0xfe, 0x91, 0x0, 0xd, 0xf9,
    0x69, 0xfd, 0x10, 0x8f, 0x60, 0x0, 0x6f, 0x80,
    0xde, 0x0, 0x0, 0xe, 0xd0, 0xfc, 0x0, 0x0,
    0xc, 0xf0, 0xfc, 0x0, 0x0, 0xc, 0xf0, 0xde,
    0x0, 0x0, 0xe, 0xd0, 0x8f, 0x60, 0x0, 0x6f,
    0x80, 0xd, 0xf9, 0x69, 0xfd, 0x10, 0x1, 0x9e,
    0xfe, 0x91, 0x0,

    /* U+0150 "Ő" */
    0x0, 0x0, 0x1e, 0x82, 0xf7, 0x0, 0x0, 0x0,
    0xc, 0xa0, 0xc9, 0x0, 0x0, 0x0, 0x1, 0x40,
    0x14, 0x0, 0x0, 0x0, 0x0, 0x0, 0x0, 0x0,
    0x0, 0x0, 0x0, 0x7, 0xcf, 0xfd, 0x81, 0x0,
    0x0, 0x2d, 0xfb, 0x77, 0xaf, 0xe3, 0x0, 0xd,
    0xf5, 0x0, 0x0, 0x3f, 0xe1, 0x6, 0xf9, 0x0,
    0x0, 0x0, 0x6f, 0x90, 0xbf, 0x20, 0x0, 0x0,
    0x0, 0xfe, 0xe, 0xf0, 0x0, 0x0, 0x0, 0xc,
    0xf1, 0xfe, 0x0, 0x0, 0x0, 0x0, 0xbf, 0x2e,
    0xf0, 0x0, 0x0, 0x0, 0xc, 0xf1, 0xbf, 0x20,
    0x0, 0x0, 0x0, 0xfe, 0x6, 0xf9, 0x0, 0x0,
    0x0, 0x6f, 0x90, 0xd, 0xf5, 0x0, 0x0, 0x3f,
    0xe1, 0x0, 0x2d, 0xfb, 0x77, 0xaf, 0xe3, 0x0,
    0x0, 0x7, 0xcf, 0xfd, 0x81, 0x0, 0x0,

    /* U+0151 "ő" */
    0x0, 0x0, 0x32, 0x4, 0x20, 0x0, 0x3, 0xf3,
    0x4f, 0x20, 0x0, 0xb, 0x90, 0xd7, 0x0, 0x0,
    0x3e, 0x16, 0xd0, 0x0, 0x0, 0x0, 0x0, 0x0,
    0x0, 0x1, 0x9e, 0xfe, 0x91, 0x0, 0xd, 0xf9,
    0x69, 0xfd, 0x10, 0x8f, 0x60, 0x0, 0x6f, 0x80,
    0xde, 0x0, 0x0, 0xe, 0xd0, 0xfc, 0x0, 0x0,
    0xc, 0xf0, 0xfc, 0x0, 0x0, 0xc, 0xf0, 0xde,
    0x0, 0x0, 0xe, 0xd0, 0x8f, 0x60, 0x0, 0x6f,
    0x80, 0xd, 0xf9, 0x69, 0xfd, 0x10, 0x1, 0x9e,
    0xfe, 0x91, 0x0,

    /* U+0152 "Œ" */
    0x0, 0x3, 0x9c, 0xef, 0xff, 0xff, 0xff, 0xff,
    0xf0, 0x1, 0xbf, 0xfb, 0x87, 0xaf, 0xb7, 0x77,
    0x77, 0x70, 0xc, 0xf9, 0x0, 0x0, 0x5f, 0x60,
    0x0, 0x0, 0x0, 0x6f, 0xa0, 0x0, 0x0, 0x5f,
    0x60, 0x0, 0x0, 0x0, 0xbf, 0x30, 0x0, 0x0,
    0x5f, 0x82, 0x22, 0x22, 0x10, 0xef, 0x0, 0x0,
    0x0, 0x5f, 0xff, 0xff, 0xff, 0xa0, 0xfe, 0x0,
    0x0, 0x0, 0x5f, 0x95, 0x55, 0x55, 0x30, 0xef,
    0x0, 0x0, 0x0, 0x5f, 0x60, 0x0, 0x0, 0x0,
    0xbf, 0x30, 0x0, 0x0, 0x5f, 0x60, 0x0, 0x0,
    0x0, 0x6f, 0xa0, 0x0, 0x0, 0x5f, 0x60, 0x0,
    0x0, 0x0, 0xc, 0xf9, 0x0, 0x0, 0x5f, 0x60,
    0x0, 0x0, 0x0, 0x1, 0xbf, 0xfb, 0x87, 0xaf,
    0xb7, 0x77, 0x77, 0x70, 0x0, 0x3, 0x9c, 0xef,
    0xff, 0xff, 0xff, 0xff, 0xf1,

    /* U+0153 "œ" */
    0x1, 0x9e, 0xfe, 0x91, 0x4, 0xbe, 0xfd, 0x60,
    0x0, 0xdf, 0x96, 0x9f, 0xd8, 0xfc, 0x76, 0xbf,
    0x80, 0x8f, 0x60, 0x0, 0x6f, 0xfa, 0x0, 0x0,
    0x9f, 0x1d, 0xe0, 0x0, 0x0, 0xef, 0x30, 0x0,
    0x4, 0xf5, 0xfc, 0x0, 0x0, 0xc, 0xff, 0xff,
    0xff, 0xff, 0x7f, 0xc0, 0x0, 0x0, 0xcf, 0x43,
    0x33, 0x33, 0x31, 0xde, 0x0, 0x0, 0xe, 0xf5,
    0x0, 0x0, 0x0, 0x8, 0xf6, 0x0, 0x6, 0xff,
    0xd0, 0x0, 0x0, 0x10, 0xd, 0xf9, 0x69, 0xfd,
    0x7f, 0xe8, 0x67, 0xaf, 0x10, 0x19, 0xef, 0xe9,
    0x0, 0x3b, 0xef, 0xeb, 0x60,

    /* U+0154 "Ŕ" */
    0x0, 0x0, 0x7, 0x50, 0x0, 0x0, 0x0, 0x9,
    0xd1, 0x0, 0x0, 0x0, 0x1, 0x71, 0x0, 0x0,
    0x0, 0x0, 0x0, 0x0, 0x0, 0x0, 0x3f, 0xff,
    0xff, 0xc7, 0x0, 0x3, 0xfb, 0x77, 0x8d, 0xf9,
    0x0, 0x3f, 0x80, 0x0, 0xe, 0xf1, 0x3, 0xf8,
    0x0, 0x0, 0xaf, 0x30, 0x3f, 0x80, 0x0, 0xc,
    0xf2, 0x3, 0xf9, 0x22, 0x39, 0xfc, 0x0, 0x3f,
    0xff, 0xff, 0xfa, 0x10, 0x3, 0xfb, 0x55, 0x7e,
    0xc0, 0x0, 0x3f, 0x80, 0x0, 0x3f, 0xa0, 0x3,
    0xf8, 0x0, 0x0, 0xaf, 0x30, 0x3f, 0x80, 0x0,
    0x2, 0xfb, 0x3, 0xf8, 0x0, 0x0, 0xa, 0xf3,
    0x3f, 0x80, 0x0, 0x0, 0x2f, 0xb0,

    /* U+0155 "ŕ" */
    0x0, 0x0, 0x6, 0x60, 0x0, 0x0, 0x6f, 0x30,
    0x0, 0x2, 0xf6, 0x0, 0x0, 0xc, 0x90, 0x0,
    0x0, 0x0, 0x0, 0x0, 0x5f, 0x48, 0xef, 0x60,
    0x5f, 0xeb, 0x43, 0x20, 0x5f, 0xc0, 0x0, 0x0,
    0x5f, 0x60, 0x0, 0x0, 0x5f, 0x40, 0x0, 0x0,
    0x5f, 0x40, 0x0, 0x0, 0x5f, 0x40, 0x0, 0x0,
    0x5f, 0x40, 0x0, 0x0, 0x5f, 0x40, 0x0, 0x0,
    0x5f, 0x40, 0x0, 0x0,

    /* U+0156 "Ŗ" */
    0x3f, 0xff, 0xff, 0xc7, 0x0, 0x3, 0xfb, 0x77,
    0x8d, 0xf9, 0x0, 0x3f, 0x80, 0x0, 0xe, 0xf1,
    0x3, 0xf8, 0x0, 0x0, 0xaf, 0x30, 0x3f, 0x80,
    0x0, 0xc, 0xf2, 0x3, 0xf9, 0x22, 0x39, 0xfc,
    0x0, 0x3f, 0xff, 0xff, 0xfa, 0x10, 0x3, 0xfb,
    0x55, 0x7e, 0xc0, 0x0, 0x3f, 0x80, 0x0, 0x3f,
    0xa0, 0x3, 0xf8, 0x0, 0x0, 0xaf, 0x30, 0x3f,
    0x80, 0x0, 0x2, 0xfb, 0x3, 0xf8, 0x0, 0x0,
    0xa, 0xf3, 0x3f, 0x80, 0x0, 0x0, 0x2f, 0xb0,
    0x0, 0x0, 0x0, 0x0, 0x0, 0x0, 0x0, 0xa,
    0xb0, 0x0, 0x0, 0x0, 0x0, 0xf7, 0x0, 0x0,
    0x0, 0x0, 0x4e, 0x0, 0x0, 0x0,

    /* U+0157 "ŗ" */
    0x0, 0x0, 0x0, 0x5, 0xf4, 0x8e, 0xf6, 0x5f,
    0xeb, 0x43, 0x25, 0xfc, 0x0, 0x0, 0x5f, 0x60,
    0x0, 0x5, 0xf4, 0x0, 0x0, 0x5f, 0x40, 0x0,
    0x5, 0xf4, 0x0, 0x0, 0x5f, 0x40, 0x0, 0x5,
    0xf4, 0x0, 0x0, 0x5f, 0x40, 0x0, 0x0, 0x0,
    0x0, 0x0, 0x3c, 0x60, 0x0, 0x7, 0xf1, 0x0,
    0x0, 0xb8, 0x0, 0x0, 0x0,

    /* U+0158 "Ř" */
    0x0, 0x72, 0x1, 0x70, 0x0, 0x0, 0x5, 0xe2,
    0xc8, 0x0, 0x0, 0x0, 0x9, 0xfc, 0x0, 0x0,
    0x0, 0x0, 0x0, 0x0, 0x0, 0x0, 0x3f, 0xff,
    0xff, 0xc7, 0x0, 0x3, 0xfb, 0x77, 0x8d, 0xf9,
    0x0, 0x3f, 0x80, 0x0, 0xe, 0xf1, 0x3, 0xf8,
    0x0, 0x0, 0xaf, 0x30, 0x3f, 0x80, 0x0, 0xc,
    0xf2, 0x3, 0xf9, 0x22, 0x39, 0xfc, 0x0, 0x3f,
    0xff, 0xff, 0xfa, 0x10, 0x3, 0xfb, 0x55, 0x7e,
    0xc0, 0x0, 0x3f, 0x80, 0x0, 0x3f, 0xa0, 0x3,
    0xf8, 0x0, 0x0, 0xaf, 0x30, 0x3f, 0x80, 0x0,
    0x2, 0xfb, 0x3, 0xf8, 0x0, 0x0, 0xa, 0xf3,
    0x3f, 0x80, 0x0, 0x0, 0x2f, 0xb0,

    /* U+0159 "ř" */
    0x7, 0x20, 0x6, 0x30, 0x7d, 0x6, 0xe0, 0x0,
    0xda, 0xf5, 0x0, 0x3, 0xfb, 0x0, 0x0, 0x0,
    0x0, 0x5, 0xf4, 0x8e, 0xf6, 0x5f, 0xeb, 0x43,
    0x25, 0xfc, 0x0, 0x0, 0x5f, 0x60, 0x0, 0x5,
    0xf4, 0x0, 0x0, 0x5f, 0x40, 0x0, 0x5, 0xf4,
    0x0, 0x0, 0x5f, 0x40, 0x0, 0x5, 0xf4, 0x0,
    0x0, 0x5f, 0x40, 0x0, 0x0,

    /* U+015A "Ś" */
    0x0, 0x0, 0x1e, 0x80, 0x0, 0x0, 0x0, 0xbb,
    0x0, 0x0, 0x0, 0x2, 0x71, 0x0, 0x0, 0x0,
    0x0, 0x0, 0x0, 0x0, 0x1, 0x9d, 0xfe, 0xd9,
    0x40, 0x2f, 0xfa, 0x77, 0xae, 0xa0, 0xaf, 0x50,
    0x0, 0x0, 0x20, 0xcf, 0x0, 0x0, 0x0, 0x0,
    0xaf, 0x50, 0x0, 0x0, 0x0, 0x2f, 0xfd, 0x96,
    0x20, 0x0, 0x2, 0x9d, 0xff, 0xfc, 0x20, 0x0,
    0x0, 0x14, 0xaf, 0xd0, 0x0, 0x0, 0x0, 0xa,
    0xf4, 0x0, 0x0, 0x0, 0x7, 0xf6, 0x40, 0x0,
    0x0, 0xc, 0xf3, 0xcf, 0xa7, 0x78, 0xdf, 0xa0,
    0x38, 0xce, 0xfe, 0xc6, 0x0,

    /* U+015B "ś" */
    0x0, 0x0, 0x0, 0x76, 0x0, 0x0, 0x0, 0x8e,
    0x20, 0x0, 0x0, 0x5e, 0x30, 0x0, 0x0, 0x7,
    0x30, 0x0, 0x0, 0x0, 0x0, 0x0, 0x0, 0x7,
    0xdf, 0xfd, 0x90, 0x9, 0xf9, 0x66, 0x8d, 0x0,
    0xeb, 0x0, 0x0, 0x0, 0xd, 0xe2, 0x0, 0x0,
    0x0, 0x4e, 0xfd, 0x95, 0x0, 0x0, 0x15, 0x9d,
    0xfc, 0x0, 0x0, 0x0, 0x7, 0xf6, 0x1, 0x0,
    0x0, 0x4f, 0x70, 0xfa, 0x75, 0x7e, 0xf2, 0x8,
    0xce, 0xfe, 0xa2, 0x0,

    /* U+015C "Ŝ" */
    0x0, 0x6, 0xfe, 0x10, 0x0, 0x0, 0x2e, 0x39,
    0xb0, 0x0, 0x0, 0x54, 0x0, 0x72, 0x0, 0x0,
    0x0, 0x0, 0x0, 0x0, 0x1, 0x9d, 0xfe, 0xd9,
    0x40, 0x2f, 0xfa, 0x77, 0xae, 0xa0, 0xaf, 0x50,
    0x0, 0x0, 0x20, 0xcf, 0x0, 0x0, 0x0, 0x0,
    0xaf, 0x50, 0x0, 0x0, 0x0, 0x2f, 0xfd, 0x96,
    0x20, 0x0, 0x2, 0x9d, 0xff, 0xfc, 0x20, 0x0,
    0x0, 0x14, 0xaf, 0xd0, 0x0, 0x0, 0x0, 0xa,
    0xf4, 0x0, 0x0, 0x0, 0x7, 0xf6, 0x40, 0x0,
    0x0, 0xc, 0xf3, 0xcf, 0xa7, 0x78, 0xdf, 0xa0,
    0x38, 0xce, 0xfe, 0xc6, 0x0,

    /* U+015D "ŝ" */
    0x0, 0x0, 0x75, 0x0, 0x0, 0x0, 0x8d, 0xf3,
    0x0, 0x0, 0x4e, 0x26, 0xd0, 0x0, 0x6, 0x30,
    0x6, 0x30, 0x0, 0x0, 0x0, 0x0, 0x0, 0x7,
    0xdf, 0xfd, 0x90, 0x9, 0xf9, 0x66, 0x8d, 0x0,
    0xeb, 0x0, 0x0, 0x0, 0xd, 0xe2, 0x0, 0x0,
    0x0, 0x4e, 0xfd, 0x95, 0x0, 0x0, 0x15, 0x9d,
    0xfc, 0x0, 0x0, 0x0, 0x7, 0xf6, 0x1, 0x0,
    0x0, 0x4f, 0x70, 0xfa, 0x75, 0x7e, 0xf2, 0x8,
    0xce, 0xfe, 0xa2, 0x0,

    /* U+015E "Ş" */
    0x1, 0x9d, 0xfe, 0xd9, 0x40, 0x2f, 0xfa, 0x77,
    0xae, 0xa0, 0xaf, 0x50, 0x0, 0x0, 0x20, 0xcf,
    0x0, 0x0, 0x0, 0x0, 0xaf, 0x50, 0x0, 0x0,
    0x0, 0x2f, 0xfd, 0x96, 0x20, 0x0, 0x2, 0x9d,
    0xff, 0xfc, 0x20, 0x0, 0x0, 0x14, 0xaf, 0xd0,
    0x0, 0x0, 0x0, 0xa, 0xf4, 0x0, 0x0, 0x0,
    0x7, 0xf6, 0x40, 0x0, 0x0, 0xc, 0xf3, 0xcf,
    0xa7, 0x78, 0xdf, 0xa0, 0x38, 0xce, 0xff, 0xc6,
    0x0, 0x0, 0x0, 0x3d, 0x0, 0x0, 0x0, 0x0,
    0xe, 0x40, 0x0, 0x0, 0x12, 0x2f, 0x50, 0x0,
    0x0, 0x2e, 0xfb, 0x0, 0x0,

    /* U+015F "ş" */
    0x0, 0x7d, 0xff, 0xd9, 0x0, 0x9f, 0x96, 0x68,
    0xd0, 0xe, 0xb0, 0x0, 0x0, 0x0, 0xde, 0x20,
    0x0, 0x0, 0x4, 0xef, 0xd9, 0x50, 0x0, 0x1,
    0x59, 0xdf, 0xc0, 0x0, 0x0, 0x0, 0x7f, 0x60,
    0x10, 0x0, 0x4, 0xf7, 0xf, 0xa7, 0x57, 0xef,
    0x20, 0x8c, 0xef, 0xfa, 0x20, 0x0, 0x0, 0x4d,
    0x0, 0x0, 0x0, 0x0, 0xe4, 0x0, 0x0, 0x12,
    0x2f, 0x50, 0x0, 0x3, 0xef, 0xb0, 0x0,

    /* U+0160 "Š" */
    0x0, 0x9a, 0x4, 0xe1, 0x0, 0x0, 0xd, 0xaf,
    0x40, 0x0, 0x0, 0x2, 0x85, 0x0, 0x0, 0x0,
    0x0, 0x0, 0x0, 0x0, 0x1, 0x9d, 0xfe, 0xd9,
    0x40, 0x2f, 0xfa, 0x77, 0xae, 0xa0, 0xaf, 0x50,
    0x0, 0x0, 0x20, 0xcf, 0x0, 0x0, 0x0, 0x0,
    0xaf, 0x50, 0x0, 0x0, 0x0, 0x2f, 0xfd, 0x96,
    0x20, 0x0, 0x2, 0x9d, 0xff, 0xfc, 0x20, 0x0,
    0x0, 0x14, 0xaf, 0xd0, 0x0, 0x0, 0x0, 0xa,
    0xf4, 0x0, 0x0, 0x0, 0x7, 0xf6, 0x40, 0x0,
    0x0, 0xc, 0xf3, 0xcf, 0xa7, 0x78, 0xdf, 0xa0,
    0x38, 0xce, 0xfe, 0xc6, 0x0,

    /* U+0161 "š" */
    0x0, 0x53, 0x0, 0x64, 0x0, 0x3, 0xe2, 0x5e,
    0x10, 0x0, 0x7, 0xdf, 0x40, 0x0, 0x0, 0x7,
    0x50, 0x0, 0x0, 0x0, 0x0, 0x0, 0x0, 0x7,
    0xdf, 0xfd, 0x90, 0x9, 0xf9, 0x66, 0x8d, 0x0,
    0xeb, 0x0, 0x0, 0x0, 0xd, 0xe2, 0x0, 0x0,
    0x0, 0x4e, 0xfd, 0x95, 0x0, 0x0, 0x15, 0x9d,
    0xfc, 0x0, 0x0, 0x0, 0x7, 0xf6, 0x1, 0x0,
    0x0, 0x4f, 0x70, 0xfa, 0x75, 0x7e, 0xf2, 0x8,
    0xce, 0xfe, 0xa2, 0x0,

    /* U+0162 "Ţ" */
    0xf, 0xff, 0xff, 0xff, 0xff, 0xff, 0x0, 0x77,
    0x77, 0xaf, 0xa7, 0x77, 0x70, 0x0, 0x0, 0x6,
    0xf6, 0x0, 0x0, 0x0, 0x0, 0x0, 0x6f, 0x60,
    0x0, 0x0, 0x0, 0x0, 0x6, 0xf6, 0x0, 0x0,
    0x0, 0x0, 0x0, 0x6f, 0x60, 0x0, 0x0, 0x0,
    0x0, 0x6, 0xf6, 0x0, 0x0, 0x0, 0x0, 0x0,
    0x6f, 0x60, 0x0, 0x0, 0x0, 0x0, 0x6, 0xf6,
    0x0, 0x0, 0x0, 0x0, 0x0, 0x6f, 0x60, 0x0,
    0x0, 0x0, 0x0, 0x6, 0xf6, 0x0, 0x0, 0x0,
    0x0, 0x0, 0x6f, 0x60, 0x0, 0x0, 0x0, 0x0,
    0x6, 0xf6, 0x0, 0x0, 0x0, 0x0, 0x0, 0xd,
    0x30, 0x0, 0x0, 0x0, 0x0, 0x0, 0x6b, 0x0,
    0x0, 0x0, 0x0, 0x2, 0x19, 0xd0, 0x0, 0x0,
    0x0, 0x0, 0xaf, 0xe5, 0x0, 0x0, 0x0,

    /* U+0163 "ţ" */
    0x5, 0xf4, 0x0, 0x0, 0x5f, 0x40, 0x0, 0x8f,
    0xff, 0xff, 0xa2, 0x7f, 0x74, 0x42, 0x5, 0xf4,
    0x0, 0x0, 0x5f, 0x40, 0x0, 0x5, 0xf4, 0x0,
    0x0, 0x5f, 0x40, 0x0, 0x5, 0xf4, 0x0, 0x0,
    0x4f, 0x50, 0x0, 0x1, 0xfd, 0x65, 0x30, 0x5,
    0xdf, 0xfa, 0x0, 0x0, 0xd4, 0x0, 0x0, 0x6,
    0xc0, 0x0, 0x21, 0x8d, 0x0, 0xa, 0xfe, 0x50,

    /* U+0164 "Ť" */
    0x0, 0x0, 0x72, 0x2, 0x70, 0x0, 0x0, 0x0,
    0x6, 0xd2, 0xd7, 0x0, 0x0, 0x0, 0x0, 0xa,
    0xfb, 0x0, 0x0, 0x0, 0x0, 0x0, 0x0, 0x0,
    0x0, 0x0, 0xf, 0xff, 0xff, 0xff, 0xff, 0xff,
    0x0, 0x77, 0x77, 0xaf, 0xa7, 0x77, 0x70, 0x0,
    0x0, 0x6, 0xf6, 0x0, 0x0, 0x0, 0x0, 0x0,
    0x6f, 0x60, 0x0, 0x0, 0x0, 0x0, 0x6, 0xf6,
    0x0, 0x0, 0x0, 0x0, 0x0, 0x6f, 0x60, 0x0,
    0x0, 0x0, 0x0, 0x6, 0xf6, 0x0, 0x0, 0x0,
    0x0, 0x0, 0x6f, 0x60, 0x0, 0x0, 0x0, 0x0,
    0x6, 0xf6, 0x0, 0x0, 0x0, 0x0, 0x0, 0x6f,
    0x60, 0x0, 0x0, 0x0, 0x0, 0x6, 0xf6, 0x0,
    0x0, 0x0, 0x0, 0x0, 0x6f, 0x60, 0x0, 0x0,
    0x0, 0x0, 0x6, 0xf6, 0x0, 0x0, 0x0,

    /* U+0165 "ť" */
    0x0, 0x0, 0x4, 0x30, 0x0, 0x2, 0xf7, 0x1,
    0x41, 0x5f, 0x20, 0x5f, 0x48, 0xd0, 0x5, 0xf4,
    0x0, 0x8, 0xff, 0xff, 0xfa, 0x27, 0xf7, 0x44,
    0x20, 0x5f, 0x40, 0x0, 0x5, 0xf4, 0x0, 0x0,
    0x5f, 0x40, 0x0, 0x5, 0xf4, 0x0, 0x0, 0x5f,
    0x40, 0x0, 0x4, 0xf5, 0x0, 0x0, 0x1f, 0xd6,
    0x53, 0x0, 0x5d, 0xff, 0xa0,

    /* U+0166 "Ŧ" */
    0xf, 0xff, 0xff, 0xff, 0xff, 0xff, 0x0, 0x77,
    0x77, 0xaf, 0xa7, 0x77, 0x70, 0x0, 0x0, 0x6,
    0xf6, 0x0, 0x0, 0x0, 0x0, 0x0, 0x6f, 0x60,
    0x0, 0x0, 0x0, 0x0, 0x6, 0xf6, 0x0, 0x0,
    0x0, 0x0, 0x0, 0x6f, 0x60, 0x0, 0x0, 0x0,
    0x1, 0x27, 0xf7, 0x21, 0x0, 0x0, 0x0, 0xbf,
    0xff, 0xff, 0xb0, 0x0, 0x0, 0x3, 0x59, 0xf9,
    0x53, 0x0, 0x0, 0x0, 0x0, 0x6f, 0x60, 0x0,
    0x0, 0x0, 0x0, 0x6, 0xf6, 0x0, 0x0, 0x0,
    0x0, 0x0, 0x6f, 0x60, 0x0, 0x0, 0x0, 0x0,
    0x6, 0xf6, 0x0, 0x0, 0x0,

    /* U+0167 "ŧ" */
    0x2, 0x82, 0x0, 0x0, 0x5f, 0x40, 0x0, 0x5,
    0xf4, 0x0, 0x8, 0xff, 0xff, 0xfa, 0x27, 0xf7,
    0x44, 0x20, 0x5f, 0x40, 0x0, 0x5, 0xf4, 0x0,
    0x8, 0xff, 0xff, 0xfa, 0x17, 0xf7, 0x33, 0x20,
    0x5f, 0x40, 0x0, 0x4, 0xf5, 0x0, 0x0, 0x1f,
    0xc6, 0x53, 0x0, 0x6d, 0xff, 0xa0,

    /* U+0168 "Ũ" */
    0x0, 0x9, 0xe8, 0xa, 0x60, 0x0, 0x3, 0xe3,
    0xaf, 0xe1, 0x0, 0x0, 0x1, 0x0, 0x0, 0x0,
    0x0, 0x0, 0x0, 0x0, 0x0, 0x0, 0x7f, 0x50,
    0x0, 0x0, 0x2f, 0x97, 0xf5, 0x0, 0x0, 0x2,
    0xf9, 0x7f, 0x50, 0x0, 0x0, 0x2f, 0x97, 0xf5,
    0x0, 0x0, 0x2, 0xf9, 0x7f, 0x50, 0x0, 0x0,
    0x2f, 0x97, 0xf5, 0x0, 0x0, 0x2, 0xf9, 0x7f,
    0x50, 0x0, 0x0, 0x2f, 0x97, 0xf5, 0x0, 0x0,
    0x2, 0xf9, 0x6f, 0x60, 0x0, 0x0, 0x3f, 0x94,
    0xf8, 0x0, 0x0, 0x6, 0xf7, 0xe, 0xe1, 0x0,
    0x0, 0xcf, 0x20, 0x5f, 0xf9, 0x78, 0xef, 0x80,
    0x0, 0x3a, 0xef, 0xeb, 0x50, 0x0,

    /* U+0169 "ũ" */
    0x0, 0x9f, 0xa1, 0xa7, 0x0, 0x2f, 0x3a, 0xfe,
    0x20, 0x0, 0x10, 0x1, 0x0, 0x0, 0x0, 0x0,
    0x0, 0x0, 0x7f, 0x20, 0x0, 0xd, 0xc7, 0xf2,
    0x0, 0x0, 0xdc, 0x7f, 0x20, 0x0, 0xd, 0xc7,
    0xf2, 0x0, 0x0, 0xdc, 0x7f, 0x20, 0x0, 0xd,
    0xc7, 0xf2, 0x0, 0x0, 0xdc, 0x6f, 0x30, 0x0,
    0xf, 0xc3, 0xf7, 0x0, 0x7, 0xfc, 0xd, 0xf9,
    0x7a, 0xde, 0xc0, 0x2b, 0xff, 0xa1, 0xdc,

    /* U+016A "Ū" */
    0x0, 0x0, 0x0, 0x0, 0x0, 0x0, 0x0, 0xff,
    0xff, 0xf3, 0x0, 0x0, 0x3, 0x33, 0x33, 0x0,
    0x0, 0x0, 0x0, 0x0, 0x0, 0x0, 0x7f, 0x50,
    0x0, 0x0, 0x2f, 0x97, 0xf5, 0x0, 0x0, 0x2,
    0xf9, 0x7f, 0x50, 0x0, 0x0, 0x2f, 0x97, 0xf5,
    0x0, 0x0, 0x2, 0xf9, 0x7f, 0x50, 0x0, 0x0,
    0x2f, 0x97, 0xf5, 0x0, 0x0, 0x2, 0xf9, 0x7f,
    0x50, 0x0, 0x0, 0x2f, 0x97, 0xf5, 0x0, 0x0,
    0x2, 0xf9, 0x6f, 0x60, 0x0, 0x0, 0x3f, 0x94,
    0xf8, 0x0, 0x0, 0x6, 0xf7, 0xe, 0xe1, 0x0,
    0x0, 0xcf, 0x20, 0x5f, 0xf9, 0x78, 0xef, 0x80,
    0x0, 0x3a, 0xef, 0xeb, 0x50, 0x0,

    /* U+016B "ū" */
    0x0, 0xff, 0xff, 0xf4, 0x0, 0x4, 0x44, 0x44,
    0x10, 0x0, 0x0, 0x0, 0x0, 0x0, 0x0, 0x0,
    0x0, 0x0, 0x7f, 0x20, 0x0, 0xd, 0xc7, 0xf2,
    0x0, 0x0, 0xdc, 0x7f, 0x20, 0x0, 0xd, 0xc7,
    0xf2, 0x0, 0x0, 0xdc, 0x7f, 0x20, 0x0, 0xd,
    0xc7, 0xf2, 0x0, 0x0, 0xdc, 0x6f, 0x30, 0x0,
    0xf, 0xc3, 0xf7, 0x0, 0x7, 0xfc, 0xd, 0xf9,
    0x7a, 0xde, 0xc0, 0x2b, 0xff, 0xa1, 0xdc,

    /* U+016C "Ŭ" */
    0x0, 0xf, 0x40, 0x2e, 0x30, 0x0, 0x0, 0x6f,
    0xff, 0x80, 0x0, 0x0, 0x0, 0x2, 0x0, 0x0,
    0x0, 0x0, 0x0, 0x0, 0x0, 0x0, 0x7f, 0x50,
    0x0, 0x0, 0x2f, 0x97, 0xf5, 0x0, 0x0, 0x2,
    0xf9, 0x7f, 0x50, 0x0, 0x0, 0x2f, 0x97, 0xf5,
    0x0, 0x0, 0x2, 0xf9, 0x7f, 0x50, 0x0, 0x0,
    0x2f, 0x97, 0xf5, 0x0, 0x0, 0x2, 0xf9, 0x7f,
    0x50, 0x0, 0x0, 0x2f, 0x97, 0xf5, 0x0, 0x0,
    0x2, 0xf9, 0x6f, 0x60, 0x0, 0x0, 0x3f, 0x94,
    0xf8, 0x0, 0x0, 0x6, 0xf7, 0xe, 0xe1, 0x0,
    0x0, 0xcf, 0x20, 0x5f, 0xf9, 0x78, 0xef, 0x80,
    0x0, 0x3a, 0xef, 0xeb, 0x50, 0x0,

    /* U+016D "ŭ" */
    0x0, 0x70, 0x0, 0x52, 0x0, 0xd, 0x70, 0x3f,
    0x20, 0x0, 0x4e, 0xff, 0x80, 0x0, 0x0, 0x2,
    0x10, 0x0, 0x0, 0x0, 0x0, 0x0, 0x7, 0xf2,
    0x0, 0x0, 0xdc, 0x7f, 0x20, 0x0, 0xd, 0xc7,
    0xf2, 0x0, 0x0, 0xdc, 0x7f, 0x20, 0x0, 0xd,
    0xc7, 0xf2, 0x0, 0x0, 0xdc, 0x7f, 0x20, 0x0,
    0xd, 0xc6, 0xf3, 0x0, 0x0, 0xfc, 0x3f, 0x70,
    0x0, 0x7f, 0xc0, 0xdf, 0x97, 0xad, 0xec, 0x2,
    0xbf, 0xfa, 0x1d, 0xc0,

    /* U+016E "Ů" */
    0x0, 0x0, 0x9e, 0xb1, 0x0, 0x0, 0x0, 0x8b,
    0x29, 0xb0, 0x0, 0x0, 0xc, 0x50, 0x1f, 0x0,
    0x0, 0x0, 0x9a, 0x7, 0xd0, 0x0, 0x7f, 0x51,
    0xdf, 0xe3, 0x2f, 0x97, 0xf5, 0x0, 0x20, 0x2,
    0xf9, 0x7f, 0x50, 0x0, 0x0, 0x2f, 0x97, 0xf5,
    0x0, 0x0, 0x2, 0xf9, 0x7f, 0x50, 0x0, 0x0,
    0x2f, 0x97, 0xf5, 0x0, 0x0, 0x2, 0xf9, 0x7f,
    0x50, 0x0, 0x0, 0x2f, 0x97, 0xf5, 0x0, 0x0,
    0x2, 0xf9, 0x6f, 0x60, 0x0, 0x0, 0x3f, 0x94,
    0xf8, 0x0, 0x0, 0x6, 0xf7, 0xe, 0xe1, 0x0,
    0x0, 0xcf, 0x20, 0x5f, 0xf9, 0x78, 0xef, 0x80,
    0x0, 0x3a, 0xef, 0xeb, 0x50, 0x0,

    /* U+016F "ů" */
    0x0, 0x1a, 0xeb, 0x20, 0x0, 0xa, 0x92, 0x7d,
    0x0, 0x0, 0xb7, 0x4, 0xe0, 0x0, 0x2, 0xdf,
    0xe4, 0x0, 0x0, 0x0, 0x10, 0x0, 0x7, 0xf2,
    0x0, 0x0, 0xdc, 0x7f, 0x20, 0x0, 0xd, 0xc7,
    0xf2, 0x0, 0x0, 0xdc, 0x7f, 0x20, 0x0, 0xd,
    0xc7, 0xf2, 0x0, 0x0, 0xdc, 0x7f, 0x20, 0x0,
    0xd, 0xc6, 0xf3, 0x0, 0x0, 0xfc, 0x3f, 0x70,
    0x0, 0x7f, 0xc0, 0xdf, 0x97, 0xad, 0xec, 0x2,
    0xbf, 0xfa, 0x1d, 0xc0,

    /* U+0170 "Ű" */
    0x0, 0x0, 0x8e, 0x19, 0xe1, 0x0, 0x0, 0x4f,
    0x35, 0xe2, 0x0, 0x0, 0x3, 0x20, 0x32, 0x0,
    0x0, 0x0, 0x0, 0x0, 0x0, 0x0, 0x7f, 0x50,
    0x0, 0x0, 0x2f, 0x97, 0xf5, 0x0, 0x0, 0x2,
    0xf9, 0x7f, 0x50, 0x0, 0x0, 0x2f, 0x97, 0xf5,
    0x0, 0x0, 0x2, 0xf9, 0x7f, 0x50, 0x0, 0x0,
    0x2f, 0x97, 0xf5, 0x0, 0x0, 0x2, 0xf9, 0x7f,
    0x50, 0x0, 0x0, 0x2f, 0x97, 0xf5, 0x0, 0x0,
    0x2, 0xf9, 0x6f, 0x60, 0x0, 0x0, 0x3f, 0x94,
    0xf8, 0x0, 0x0, 0x6, 0xf7, 0xe, 0xe1, 0x0,
    0x0, 0xcf, 0x20, 0x5f, 0xf9, 0x78, 0xef, 0x80,
    0x0, 0x3a, 0xef, 0xeb, 0x50, 0x0,

    /* U+0171 "ű" */
    0x0, 0x0, 0x33, 0x3, 0x30, 0x0, 0x1f, 0x52,
    0xf4, 0x0, 0x9, 0xc0, 0xba, 0x0, 0x1, 0xf2,
    0x4e, 0x10, 0x0, 0x0, 0x0, 0x0, 0x7, 0xf2,
    0x0, 0x0, 0xdc, 0x7f, 0x20, 0x0, 0xd, 0xc7,
    0xf2, 0x0, 0x0, 0xdc, 0x7f, 0x20, 0x0, 0xd,
    0xc7, 0xf2, 0x0, 0x0, 0xdc, 0x7f, 0x20, 0x0,
    0xd, 0xc6, 0xf3, 0x0, 0x0, 0xfc, 0x3f, 0x70,
    0x0, 0x7f, 0xc0, 0xdf, 0x97, 0xad, 0xec, 0x2,
    0xbf, 0xfa, 0x1d, 0xc0,

    /* U+0172 "Ų" */
    0x7f, 0x50, 0x0, 0x0, 0x2f, 0x97, 0xf5, 0x0,
    0x0, 0x2, 0xf9, 0x7f, 0x50, 0x0, 0x0, 0x2f,
    0x97, 0xf5, 0x0, 0x0, 0x2, 0xf9, 0x7f, 0x50,
    0x0, 0x0, 0x2f, 0x97, 0xf5, 0x0, 0x0, 0x2,
    0xf9, 0x7f, 0x50, 0x0, 0x0, 0x2f, 0x97, 0xf5,
    0x0, 0x0, 0x2, 0xf9, 0x6f, 0x60, 0x0, 0x0,
    0x3f, 0x94, 0xf8, 0x0, 0x0, 0x6, 0xf7, 0xe,
    0xe1, 0x0, 0x0, 0xcf, 0x20, 0x5f, 0xf9, 0x78,
    0xef, 0x80, 0x0, 0x3a, 0xef, 0xfb, 0x50, 0x0,
    0x0, 0x6, 0xc0, 0x0, 0x0, 0x0, 0x0, 0xc6,
    0x0, 0x0, 0x0, 0x0, 0xd, 0x91, 0x20, 0x0,
    0x0, 0x0, 0x5e, 0xf5, 0x0, 0x0,

    /* U+0173 "ų" */
    0x7f, 0x20, 0x0, 0xd, 0xc0, 0x7, 0xf2, 0x0,
    0x0, 0xdc, 0x0, 0x7f, 0x20, 0x0, 0xd, 0xc0,
    0x7, 0xf2, 0x0, 0x0, 0xdc, 0x0, 0x7f, 0x20,
    0x0, 0xd, 0xc0, 0x7, 0xf2, 0x0, 0x0, 0xdc,
    0x0, 0x6f, 0x30, 0x0, 0xf, 0xc0, 0x3, 0xf7,
    0x0, 0x7, 0xfc, 0x0, 0xd, 0xf9, 0x7a, 0xde,
    0xc0, 0x0, 0x2b, 0xff, 0xa1, 0xdc, 0x0, 0x0,
    0x0, 0x0, 0x9, 0x70, 0x0, 0x0, 0x0, 0x1,
    0xf1, 0x0, 0x0, 0x0, 0x0, 0x2f, 0x43, 0x0,
    0x0, 0x0, 0x0, 0xaf, 0xe0,

    /* U+0174 "Ŵ" */
    0x0, 0x0, 0x0, 0x1, 0x77, 0x0, 0x0, 0x0,
    0x0, 0x0, 0x0, 0x0, 0xc, 0x8b, 0xa0, 0x0,
    0x0, 0x0, 0x0, 0x0, 0x0, 0x45, 0x0, 0x72,
    0x0, 0x0, 0x0, 0x0, 0x0, 0x0, 0x0, 0x0,
    0x0, 0x0, 0x0, 0x0, 0x4f, 0x80, 0x0, 0x3,
    0xff, 0x0, 0x0, 0xb, 0xf1, 0xf, 0xc0, 0x0,
    0x7, 0xff, 0x40, 0x0, 0xf, 0xd0, 0xc, 0xf0,
    0x0, 0xb, 0xbe, 0x80, 0x0, 0x3f, 0x90, 0x8,
    0xf4, 0x0, 0xf, 0x7a, 0xc0, 0x0, 0x7f, 0x50,
    0x4, 0xf8, 0x0, 0x3f, 0x36, 0xf0, 0x0, 0xbf,
    0x10, 0x0, 0xfc, 0x0, 0x7f, 0x2, 0xf4, 0x0,
    0xfc, 0x0, 0x0, 0xcf, 0x0, 0xbb, 0x0, 0xe8,
    0x3, 0xf8, 0x0, 0x0, 0x8f, 0x40, 0xf7, 0x0,
    0xac, 0x7, 0xf4, 0x0, 0x0, 0x4f, 0x83, 0xf3,
    0x0, 0x6f, 0xb, 0xf0, 0x0, 0x0, 0xf, 0xc7,
    0xf0, 0x0, 0x2f, 0x4f, 0xc0, 0x0, 0x0, 0xb,
    0xfc, 0xb0, 0x0, 0xe, 0xcf, 0x80, 0x0, 0x0,
    0x7, 0xff, 0x70, 0x0, 0xa, 0xff, 0x40, 0x0,
    0x0, 0x3, 0xff, 0x30, 0x0, 0x7, 0xff, 0x0,
    0x0,

    /* U+0175 "ŵ" */
    0x0, 0x0, 0x0, 0x38, 0x10, 0x0, 0x0, 0x0,
    0x0, 0x0, 0xdf, 0x90, 0x0, 0x0, 0x0, 0x0,
    0x8, 0xc2, 0xf3, 0x0, 0x0, 0x0, 0x0, 0x2f,
    0x20, 0x6d, 0x0, 0x0, 0x0, 0x0, 0x0, 0x0,
    0x0, 0x0, 0x0, 0x1f, 0x80, 0x0, 0xbf, 0x70,
    0x0, 0xcd, 0xd, 0xc0, 0x0, 0xff, 0xb0, 0x0,
    0xf9, 0x9, 0xf0, 0x3, 0xfa, 0xf0, 0x4, 0xf5,
    0x5, 0xf4, 0x8, 0xe3, 0xf3, 0x8, 0xf1, 0x1,
    0xf8, 0xc, 0xa0, 0xe7, 0xd, 0xc0, 0x0, 0xdc,
    0xf, 0x60, 0xab, 0x1f, 0x80, 0x0, 0x9f, 0x5f,
    0x20, 0x6f, 0x5f, 0x40, 0x0, 0x5f, 0xde, 0x0,
    0x2f, 0xdf, 0x0, 0x0, 0x1f, 0xf9, 0x0, 0xe,
    0xfc, 0x0, 0x0, 0xc, 0xf5, 0x0, 0xa, 0xf8,
    0x0,

    /* U+0176 "Ŷ" */
    0x0, 0x0, 0x4, 0x84, 0x0, 0x0, 0x0, 0x0,
    0x4, 0xe6, 0xe4, 0x0, 0x0, 0x0, 0x0, 0x72,
    0x2, 0x70, 0x0, 0x0, 0x0, 0x0, 0x0, 0x0,
    0x0, 0x0, 0xb, 0xf3, 0x0, 0x0, 0x3, 0xfb,
    0x0, 0x1e, 0xd0, 0x0, 0x0, 0xde, 0x10, 0x0,
    0x5f, 0x90, 0x0, 0x9f, 0x50, 0x0, 0x0, 0xaf,
    0x40, 0x3f, 0xa0, 0x0, 0x0, 0x1, 0xee, 0x1d,
    0xe1, 0x0, 0x0, 0x0, 0x4, 0xfe, 0xf4, 0x0,
    0x0, 0x0, 0x0, 0x9, 0xf9, 0x0, 0x0, 0x0,
    0x0, 0x0, 0x6f, 0x60, 0x0, 0x0, 0x0, 0x0,
    0x6, 0xf6, 0x0, 0x0, 0x0, 0x0, 0x0, 0x6f,
    0x60, 0x0, 0x0, 0x0, 0x0, 0x6, 0xf6, 0x0,
    0x0, 0x0, 0x0, 0x0, 0x6f, 0x60, 0x0, 0x0,
    0x0, 0x0, 0x6, 0xf6, 0x0, 0x0, 0x0,

    /* U+0177 "ŷ" */
    0x0, 0x0, 0xaf, 0x50, 0x0, 0x0, 0x0, 0x6e,
    0x6e, 0x10, 0x0, 0x0, 0x2e, 0x30, 0x7c, 0x0,
    0x0, 0x0, 0x0, 0x0, 0x0, 0x0, 0x4f, 0x70,
    0x0, 0x0, 0xce, 0x0, 0xdd, 0x0, 0x0, 0x2f,
    0x80, 0x7, 0xf3, 0x0, 0x8, 0xf2, 0x0, 0x1f,
    0x90, 0x0, 0xeb, 0x0, 0x0, 0xaf, 0x0, 0x5f,
    0x50, 0x0, 0x4, 0xf5, 0xb, 0xe0, 0x0, 0x0,
    0xe, 0xc1, 0xf9, 0x0, 0x0, 0x0, 0x7f, 0xaf,
    0x30, 0x0, 0x0, 0x1, 0xff, 0xc0, 0x0, 0x0,
    0x0, 0xb, 0xf6, 0x0, 0x0, 0x0, 0x0, 0xaf,
    0x0, 0x0, 0x0, 0x0, 0x1f, 0x90, 0x0, 0x0,
    0x3, 0x5c, 0xf2, 0x0, 0x0, 0x0, 0x9f, 0xd5,
    0x0, 0x0, 0x0,

    /* U+0178 "Ÿ" */
    0x0, 0x1, 0xfb, 0xa, 0xf2, 0x0, 0x0, 0x0,
    0x1c, 0x80, 0x8c, 0x10, 0x0, 0x0, 0x0, 0x0,
    0x0, 0x0, 0x0, 0x0, 0xbf, 0x30, 0x0, 0x0,
    0x3f, 0xb0, 0x1, 0xed, 0x0, 0x0, 0xd, 0xe1,
    0x0, 0x5, 0xf9, 0x0, 0x9, 0xf5, 0x0, 0x0,
    0xa, 0xf4, 0x3, 0xfa, 0x0, 0x0, 0x0, 0x1e,
    0xe1, 0xde, 0x10, 0x0, 0x0, 0x0, 0x4f, 0xef,
    0x40, 0x0, 0x0, 0x0, 0x0, 0x9f, 0x90, 0x0,
    0x0, 0x0, 0x0, 0x6, 0xf6, 0x0, 0x0, 0x0,
    0x0, 0x0, 0x6f, 0x60, 0x0, 0x0, 0x0, 0x0,
    0x6, 0xf6, 0x0, 0x0, 0x0, 0x0, 0x0, 0x6f,
    0x60, 0x0, 0x0, 0x0, 0x0, 0x6, 0xf6, 0x0,
    0x0, 0x0, 0x0, 0x0, 0x6f, 0x60, 0x0, 0x0,

    /* U+0179 "Ź" */
    0x0, 0x0, 0x0, 0x75, 0x0, 0x0, 0x0, 0x0,
    0x9, 0xd1, 0x0, 0x0, 0x0, 0x0, 0x17, 0x10,
    0x0, 0x0, 0x0, 0x0, 0x0, 0x0, 0x0, 0x0,
    0xf, 0xff, 0xff, 0xff, 0xff, 0xf5, 0x7, 0x77,
    0x77, 0x77, 0x8f, 0xf2, 0x0, 0x0, 0x0, 0x0,
    0xbf, 0x60, 0x0, 0x0, 0x0, 0x8, 0xf9, 0x0,
    0x0, 0x0, 0x0, 0x5f, 0xb0, 0x0, 0x0, 0x0,
    0x3, 0xfd, 0x10, 0x0, 0x0, 0x0, 0x1e, 0xf2,
    0x0, 0x0, 0x0, 0x0, 0xcf, 0x40, 0x0, 0x0,
    0x0, 0x9, 0xf7, 0x0, 0x0, 0x0, 0x0, 0x6f,
    0xa0, 0x0, 0x0, 0x0, 0x4, 0xfd, 0x0, 0x0,
    0x0, 0x0, 0x1e, 0xf9, 0x77, 0x77, 0x77, 0x73,
    0x3f, 0xff, 0xff, 0xff, 0xff, 0xf8,

    /* U+017A "ź" */
    0x0, 0x0, 0x0, 0x66, 0x0, 0x0, 0x0, 0x6f,
    0x30, 0x0, 0x0, 0x2f, 0x60, 0x0, 0x0, 0xc,
    0x90, 0x0, 0x0, 0x0, 0x0, 0x0, 0x0, 0xff,
    0xff, 0xff, 0xfa, 0x4, 0x44, 0x44, 0x9f, 0x80,
    0x0, 0x0, 0x3f, 0xc0, 0x0, 0x0, 0x1e, 0xe1,
    0x0, 0x0, 0xc, 0xf2, 0x0, 0x0, 0xa, 0xf4,
    0x0, 0x0, 0x8, 0xf7, 0x0, 0x0, 0x5, 0xf9,
    0x0, 0x0, 0x2, 0xfe, 0x44, 0x44, 0x43, 0x3f,
    0xff, 0xff, 0xff, 0xa0,

    /* U+017B "Ż" */
    0x0, 0x0, 0xb, 0xf1, 0x0, 0x0, 0x0, 0x0,
    0x9, 0xc0, 0x0, 0x0, 0x0, 0x0, 0x0, 0x0,
    0x0, 0x0, 0xf, 0xff, 0xff, 0xff, 0xff, 0xf5,
    0x7, 0x77, 0x77, 0x77, 0x8f, 0xf2, 0x0, 0x0,
    0x0, 0x0, 0xbf, 0x60, 0x0, 0x0, 0x0, 0x8,
    0xf9, 0x0, 0x0, 0x0, 0x0, 0x5f, 0xb0, 0x0,
    0x0, 0x0, 0x3, 0xfd, 0x10, 0x0, 0x0, 0x0,
    0x1e, 0xf2, 0x0, 0x0, 0x0, 0x0, 0xcf, 0x40,
    0x0, 0x0, 0x0, 0x9, 0xf7, 0x0, 0x0, 0x0,
    0x0, 0x6f, 0xa0, 0x0, 0x0, 0x0, 0x4, 0xfd,
    0x0, 0x0, 0x0, 0x0, 0x1e, 0xf9, 0x77, 0x77,
    0x77, 0x73, 0x3f, 0xff, 0xff, 0xff, 0xff, 0xf8,

    /* U+017C "ż" */
    0x0, 0x2, 0xf8, 0x0, 0x0, 0x0, 0x2f, 0x80,
    0x0, 0x0, 0x0, 0x0, 0x0, 0x0, 0x0, 0x0,
    0x0, 0x0, 0xf, 0xff, 0xff, 0xff, 0xa0, 0x44,
    0x44, 0x49, 0xf8, 0x0, 0x0, 0x3, 0xfc, 0x0,
    0x0, 0x1, 0xee, 0x10, 0x0, 0x0, 0xcf, 0x20,
    0x0, 0x0, 0xaf, 0x40, 0x0, 0x0, 0x8f, 0x70,
    0x0, 0x0, 0x5f, 0x90, 0x0, 0x0, 0x2f, 0xe4,
    0x44, 0x44, 0x33, 0xff, 0xff, 0xff, 0xfa,

    /* U+017D "Ž" */
    0x0, 0x2, 0x70, 0x5, 0x40, 0x0, 0x0, 0x0,
    0x9b, 0x7d, 0x10, 0x0, 0x0, 0x0, 0x6, 0x81,
    0x0, 0x0, 0x0, 0x0, 0x0, 0x0, 0x0, 0x0,
    0xf, 0xff, 0xff, 0xff, 0xff, 0xf5, 0x7, 0x77,
    0x77, 0x77, 0x8f, 0xf2, 0x0, 0x0, 0x0, 0x0,
    0xbf, 0x60, 0x0, 0x0, 0x0, 0x8, 0xf9, 0x0,
    0x0, 0x0, 0x0, 0x5f, 0xb0, 0x0, 0x0, 0x0,
    0x3, 0xfd, 0x10, 0x0, 0x0, 0x0, 0x1e, 0xf2,
    0x0, 0x0, 0x0, 0x0, 0xcf, 0x40, 0x0, 0x0,
    0x0, 0x9, 0xf7, 0x0, 0x0, 0x0, 0x0, 0x6f,
    0xa0, 0x0, 0x0, 0x0, 0x4, 0xfd, 0x0, 0x0,
    0x0, 0x0, 0x1e, 0xf9, 0x77, 0x77, 0x77, 0x73,
    0x3f, 0xff, 0xff, 0xff, 0xff, 0xf8,

    /* U+017E "ž" */
    0x0, 0x72, 0x0, 0x63, 0x0, 0x7, 0xd0, 0x6e,
    0x0, 0x0, 0xd, 0xaf, 0x50, 0x0, 0x0, 0x3f,
    0xb0, 0x0, 0x0, 0x0, 0x0, 0x0, 0x0, 0xff,
    0xff, 0xff, 0xfa, 0x4, 0x44, 0x44, 0x9f, 0x80,
    0x0, 0x0, 0x3f, 0xc0, 0x0, 0x0, 0x1e, 0xe1,
    0x0, 0x0, 0xc, 0xf2, 0x0, 0x0, 0xa, 0xf4,
    0x0, 0x0, 0x8, 0xf7, 0x0, 0x0, 0x5, 0xf9,
    0x0, 0x0, 0x2, 0xfe, 0x44, 0x44, 0x43, 0x3f,
    0xff, 0xff, 0xff, 0xa0,

    /* U+017F "ſ" */
    0x0, 0x1a, 0xef, 0xb0, 0xa, 0xf7, 0x53, 0x0,
    0xfa, 0x0, 0x0, 0xf, 0x90, 0x0, 0x9f, 0xf9,
    0x0, 0x2, 0x4f, 0x90, 0x0, 0x0, 0xf9, 0x0,
    0x0, 0xf, 0x90, 0x0, 0x0, 0xf9, 0x0, 0x0,
    0xf, 0x90, 0x0, 0x0, 0xf9, 0x0, 0x0, 0xf,
    0x90, 0x0, 0x0, 0xf9, 0x0, 0x0, 0xf, 0x90,
    0x0,

    /* U+0300 "̀" */
    0x28, 0x30, 0x0, 0xbd, 0x0, 0x0, 0xd9, 0x0,
    0x2, 0xe5, 0x0, 0x0, 0x0,

    /* U+0301 "́" */
    0x0, 0x38, 0x10, 0x1e, 0xa0, 0xb, 0xc0, 0x6,
    0xe1, 0x0, 0x0, 0x0, 0x0,

    /* U+0302 "̂" */
    0x0, 0x28, 0x20, 0x0, 0xc, 0xfc, 0x0, 0x6,
    0xe2, 0xe6, 0x1, 0xe4, 0x4, 0xe1, 0x0, 0x0,
    0x0, 0x0,

    /* U+0303 "̃" */
    0xb, 0xe8, 0xc, 0x45, 0xd2, 0xbf, 0xd0, 0x1,
    0x0, 0x10, 0x0,

    /* U+0304 "̄" */
    0x1, 0x11, 0x11, 0x1, 0xff, 0xff, 0xf2, 0x3,
    0x33, 0x33, 0x0,

    /* U+0305 "̅" */
    0x0, 0x0, 0x0, 0x0, 0x0, 0x2, 0xff, 0xff,
    0xff, 0xff, 0xf2, 0x3, 0x33, 0x33, 0x33, 0x33,
    0x0,

    /* U+0306 "̆" */
    0x13, 0x0, 0x4, 0x2, 0xf3, 0x5, 0xf0, 0x7,
    0xff, 0xf5, 0x0, 0x0, 0x20, 0x0,

    /* U+0307 "̇" */
    0x0, 0x5, 0xf4, 0x5f, 0x40, 0x0, 0x0, 0x0,

    /* U+0308 "̈" */
    0x1c, 0x80, 0x8c, 0x11, 0xfa, 0xa, 0xf1, 0x0,
    0x0, 0x0, 0x0, 0x0, 0x0, 0x0,

    /* U+0309 "̉" */
    0x2a, 0xbb, 0x30, 0x0, 0x99, 0x0, 0x8b, 0x0,
    0x5, 0x0,

    /* U+030A "̊" */
    0x1a, 0xea, 0x1a, 0xa2, 0xa9, 0xe2, 0x3, 0xdb,
    0x70, 0x8a, 0x2d, 0xfd, 0x20, 0x1, 0x0,

    /* U+030B "̋" */
    0x1, 0x41, 0x14, 0x0, 0x9d, 0xa, 0xc0, 0x1f,
    0x33, 0xf2, 0x9, 0xa0, 0xc7, 0x0,

    /* U+030C "̌" */
    0x7, 0x10, 0x7, 0x10, 0xaa, 0x9, 0xb0, 0x1,
    0xf9, 0xf2, 0x0, 0x6, 0xf7, 0x0, 0x0, 0x0,
    0x0, 0x0,

    /* U+030D "̍" */
    0x1e, 0x11, 0xf1, 0x1f, 0x11, 0xf1,

    /* U+030E "̎" */
    0xc4, 0x4, 0xce, 0x40, 0x5e, 0xe4, 0x5, 0xee,
    0x40, 0x5e,

    /* U+030F "̏" */
    0x4, 0x20, 0x41, 0x0, 0xac, 0xb, 0xb0, 0x1,
    0xe5, 0x2f, 0x30, 0x5, 0xe0, 0x8b,

    /* U+0400 "Ѐ" */
    0x0, 0x2, 0x82, 0x0, 0x0, 0x0, 0x0, 0x8d,
    0x10, 0x0, 0x0, 0x0, 0x6, 0x40, 0x0, 0x0,
    0x0, 0x0, 0x0, 0x0, 0x3f, 0xff, 0xff, 0xff,
    0xf1, 0x3f, 0xc7, 0x77, 0x77, 0x70, 0x3f, 0x80,
    0x0, 0x0, 0x0, 0x3f, 0x80, 0x0, 0x0, 0x0,
    0x3f, 0x92, 0x22, 0x22, 0x10, 0x3f, 0xff, 0xff,
    0xff, 0xc0, 0x3f, 0xb5, 0x55, 0x55, 0x40, 0x3f,
    0x80, 0x0, 0x0, 0x0, 0x3f, 0x80, 0x0, 0x0,
    0x0, 0x3f, 0x80, 0x0, 0x0, 0x0, 0x3f, 0x80,
    0x0, 0x0, 0x0, 0x3f, 0xc7, 0x77, 0x77, 0x71,
    0x3f, 0xff, 0xff, 0xff, 0xf3,

    /* U+0401 "Ё" */
    0x0, 0xbf, 0x4, 0xf7, 0x0, 0x0, 0x9c, 0x3,
    0xc6, 0x0, 0x0, 0x0, 0x0, 0x0, 0x0, 0x3f,
    0xff, 0xff, 0xff, 0xf1, 0x3f, 0xc7, 0x77, 0x77,
    0x70, 0x3f, 0x80, 0x0, 0x0, 0x0, 0x3f, 0x80,
    0x0, 0x0, 0x0, 0x3f, 0x92, 0x22, 0x22, 0x10,
    0x3f, 0xff, 0xff, 0xff, 0xc0, 0x3f, 0xb5, 0x55,
    0x55, 0x40, 0x3f, 0x80, 0x0, 0x0, 0x0, 0x3f,
    0x80, 0x0, 0x0, 0x0, 0x3f, 0x80, 0x0, 0x0,
    0x0, 0x3f, 0x80, 0x0, 0x0, 0x0, 0x3f, 0xc7,
    0x77, 0x77, 0x71, 0x3f, 0xff, 0xff, 0xff, 0xf3,

    /* U+0402 "Ђ" */
    0xf, 0xff, 0xff, 0xff, 0xff, 0xf2, 0x0, 0x7,
    0x77, 0x9f, 0xc7, 0x77, 0x71, 0x0, 0x0, 0x0,
    0x4f, 0x80, 0x0, 0x0, 0x0, 0x0, 0x0, 0x4f,
    0x80, 0x0, 0x0, 0x0, 0x0, 0x0, 0x4f, 0x80,
    0x0, 0x0, 0x0, 0x0, 0x0, 0x4f, 0x92, 0x22,
    0x10, 0x0, 0x0, 0x0, 0x4f, 0xff, 0xff, 0xfe,
    0x50, 0x0, 0x0, 0x4f, 0xa5, 0x55, 0x7e, 0xf3,
    0x0, 0x0, 0x4f, 0x80, 0x0, 0x5, 0xf9, 0x0,
    0x0, 0x4f, 0x80, 0x0, 0x1, 0xfb, 0x0, 0x0,
    0x4f, 0x80, 0x0, 0x0, 0xfc, 0x0, 0x0, 0x4f,
    0x80, 0x0, 0x0, 0xfc, 0x0, 0x0, 0x4f, 0x80,
    0x0, 0x0, 0xfc, 0x0, 0x0, 0x0, 0x0, 0x0,
    0x1, 0xfb, 0x0, 0x0, 0x0, 0x0, 0x0, 0x5,
    0xf8, 0x0, 0x0, 0x0, 0x0, 0x5, 0x9f, 0xf2,
    0x0, 0x0, 0x0, 0x0, 0xb, 0xfc, 0x40,

    /* U+0403 "Ѓ" */
    0x0, 0x0, 0x5, 0x60, 0x0, 0x0, 0x5, 0xe3,
    0x0, 0x0, 0x0, 0x73, 0x0, 0x0, 0x0, 0x0,
    0x0, 0x0, 0x3f, 0xff, 0xff, 0xff, 0xf3, 0xfc,
    0x77, 0x77, 0x77, 0x3f, 0x80, 0x0, 0x0, 0x3,
    0xf8, 0x0, 0x0, 0x0, 0x3f, 0x80, 0x0, 0x0,
    0x3, 0xf8, 0x0, 0x0, 0x0, 0x3f, 0x80, 0x0,
    0x0, 0x3, 0xf8, 0x0, 0x0, 0x0, 0x3f, 0x80,
    0x0, 0x0, 0x3, 0xf8, 0x0, 0x0, 0x0, 0x3f,
    0x80, 0x0, 0x0, 0x3, 0xf8, 0x0, 0x0, 0x0,
    0x3f, 0x80, 0x0, 0x0, 0x0,

    /* U+0404 "Є" */
    0x0, 0x6, 0xce, 0xfe, 0xb5, 0x0, 0x2d, 0xfc,
    0x87, 0x8d, 0xf8, 0xd, 0xf5, 0x0, 0x0, 0x4,
    0x76, 0xf9, 0x0, 0x0, 0x0, 0x0, 0xbf, 0x30,
    0x0, 0x0, 0x0, 0xe, 0xf2, 0x22, 0x22, 0x22,
    0x0, 0xff, 0xff, 0xff, 0xff, 0xe0, 0xe, 0xf5,
    0x55, 0x55, 0x54, 0x0, 0xbf, 0x20, 0x0, 0x0,
    0x0, 0x6, 0xf9, 0x0, 0x0, 0x0, 0x0, 0xd,
    0xf4, 0x0, 0x0, 0x3, 0x70, 0x2d, 0xfb, 0x87,
    0x8c, 0xf8, 0x0, 0x7, 0xce, 0xfe, 0xb5, 0x0,

    /* U+0405 "Ѕ" */
    0x1, 0x9d, 0xfe, 0xd9, 0x40, 0x2f, 0xfa, 0x77,
    0xae, 0xa0, 0xaf, 0x50, 0x0, 0x0, 0x20, 0xcf,
    0x0, 0x0, 0x0, 0x0, 0xaf, 0x50, 0x0, 0x0,
    0x0, 0x2f, 0xfd, 0x96, 0x20, 0x0, 0x2, 0x9d,
    0xff, 0xfc, 0x20, 0x0, 0x0, 0x14, 0xaf, 0xd0,
    0x0, 0x0, 0x0, 0xa, 0xf4, 0x0, 0x0, 0x0,
    0x7, 0xf6, 0x40, 0x0, 0x0, 0xc, 0xf3, 0xcf,
    0xa7, 0x78, 0xdf, 0xa0, 0x38, 0xce, 0xfe, 0xc6,
    0x0,

    /* U+0406 "І" */
    0x3f, 0x83, 0xf8, 0x3f, 0x83, 0xf8, 0x3f, 0x83,
    0xf8, 0x3f, 0x83, 0xf8, 0x3f, 0x83, 0xf8, 0x3f,
    0x83, 0xf8, 0x3f, 0x80,

    /* U+0407 "Ї" */
    0xfd, 0x8, 0xf4, 0xba, 0x6, 0xc3, 0x0, 0x0,
    0x0, 0x3, 0xf8, 0x0, 0x3, 0xf8, 0x0, 0x3,
    0xf8, 0x0, 0x3, 0xf8, 0x0, 0x3, 0xf8, 0x0,
    0x3, 0xf8, 0x0, 0x3, 0xf8, 0x0, 0x3, 0xf8,
    0x0, 0x3, 0xf8, 0x0, 0x3, 0xf8, 0x0, 0x3,
    0xf8, 0x0, 0x3, 0xf8, 0x0, 0x3, 0xf8, 0x0,

    /* U+0408 "Ј" */
    0x0, 0x3f, 0x80, 0x3, 0xf8, 0x0, 0x3f, 0x80,
    0x3, 0xf8, 0x0, 0x3f, 0x80, 0x3, 0xf8, 0x0,
    0x3f, 0x80, 0x3, 0xf8, 0x0, 0x3f, 0x80, 0x3,
    0xf8, 0x0, 0x3f, 0x80, 0x3, 0xf8, 0x0, 0x3f,
    0x80, 0x4, 0xf7, 0x0, 0x9f, 0x47, 0xaf, 0xd0,
    0xee, 0xa2, 0x0,

    /* U+0409 "Љ" */
    0x0, 0x0, 0xff, 0xff, 0xff, 0xfc, 0x0, 0x0,
    0x0, 0x0, 0x0, 0xf, 0xd7, 0x77, 0x7f, 0xc0,
    0x0, 0x0, 0x0, 0x0, 0x0, 0xfb, 0x0, 0x0,
    0xfc, 0x0, 0x0, 0x0, 0x0, 0x0, 0x1f, 0xb0,
    0x0, 0xf, 0xc0, 0x0, 0x0, 0x0, 0x0, 0x1,
    0xfa, 0x0, 0x0, 0xfc, 0x21, 0x10, 0x0, 0x0,
    0x0, 0x2f, 0xa0, 0x0, 0xf, 0xff, 0xff, 0xe8,
    0x0, 0x0, 0x3, 0xf9, 0x0, 0x0, 0xfd, 0x55,
    0x6c, 0xfb, 0x0, 0x0, 0x5f, 0x70, 0x0, 0xf,
    0xc0, 0x0, 0xc, 0xf3, 0x0, 0x8, 0xf4, 0x0,
    0x0, 0xfc, 0x0, 0x0, 0x8f, 0x50, 0x0, 0xdf,
    0x10, 0x0, 0xf, 0xc0, 0x0, 0x8, 0xf5, 0x0,
    0x7f, 0xb0, 0x0, 0x0, 0xfc, 0x0, 0x0, 0xdf,
    0x22, 0xcf, 0xd2, 0x0, 0x0, 0xf, 0xd7, 0x78,
    0xef, 0xa0, 0x4d, 0x71, 0x0, 0x0, 0x0, 0xff,
    0xff, 0xfc, 0x60, 0x0,

    /* U+040A "Њ" */
    0x3f, 0x80, 0x0, 0x0, 0xee, 0x0, 0x0, 0x0,
    0x3, 0xf8, 0x0, 0x0, 0xe, 0xe0, 0x0, 0x0,
    0x0, 0x3f, 0x80, 0x0, 0x0, 0xee, 0x0, 0x0,
    0x0, 0x3, 0xf8, 0x0, 0x0, 0xe, 0xe0, 0x0,
    0x0, 0x0, 0x3f, 0x92, 0x22, 0x22, 0xee, 0x22,
    0x10, 0x0, 0x3, 0xff, 0xff, 0xff, 0xff, 0xff,
    0xff, 0xfa, 0x10, 0x3f, 0xb5, 0x55, 0x55, 0xee,
    0x55, 0x6b, 0xfd, 0x3, 0xf8, 0x0, 0x0, 0xe,
    0xe0, 0x0, 0xb, 0xf5, 0x3f, 0x80, 0x0, 0x0,
    0xee, 0x0, 0x0, 0x6f, 0x83, 0xf8, 0x0, 0x0,
    0xe, 0xe0, 0x0, 0x6, 0xf7, 0x3f, 0x80, 0x0,
    0x0, 0xee, 0x0, 0x0, 0xcf, 0x43, 0xf8, 0x0,
    0x0, 0xe, 0xf7, 0x78, 0xdf, 0xc0, 0x3f, 0x80,
    0x0, 0x0, 0xef, 0xff, 0xfd, 0x70, 0x0,

    /* U+040B "Ћ" */
    0xf, 0xff, 0xff, 0xff, 0xff, 0xf2, 0x0, 0x7,
    0x77, 0x9f, 0xc7, 0x77, 0x71, 0x0, 0x0, 0x0,
    0x4f, 0x80, 0x0, 0x0, 0x0, 0x0, 0x0, 0x4f,
    0x80, 0x0, 0x0, 0x0, 0x0, 0x0, 0x4f, 0x92,
    0x22, 0x10, 0x0, 0x0, 0x0, 0x4f, 0xff, 0xff,
    0xfe, 0x40, 0x0, 0x0, 0x4f, 0xa5, 0x55, 0x7f,
    0xf2, 0x0, 0x0, 0x4f, 0x80, 0x0, 0x5, 0xf8,
    0x0, 0x0, 0x4f, 0x80, 0x0, 0x1, 0xfb, 0x0,
    0x0, 0x4f, 0x80, 0x0, 0x0, 0xfc, 0x0, 0x0,
    0x4f, 0x80, 0x0, 0x0, 0xfc, 0x0, 0x0, 0x4f,
    0x80, 0x0, 0x0, 0xfc, 0x0, 0x0, 0x4f, 0x80,
    0x0, 0x0, 0xfc,

    /* U+040C "Ќ" */
    0x0, 0x0, 0x1, 0x73, 0x0, 0x0, 0x0, 0x0,
    0xc, 0xa0, 0x0, 0x0, 0x0, 0x0, 0x37, 0x0,
    0x0, 0x0, 0x0, 0x0, 0x0, 0x0, 0x0, 0x0,
    0x3f, 0x80, 0x0, 0x0, 0x9f, 0xa0, 0x3f, 0x80,
    0x0, 0x9, 0xfa, 0x0, 0x3f, 0x80, 0x0, 0x9f,
    0xa0, 0x0, 0x3f, 0x80, 0x9, 0xfb, 0x0, 0x0,
    0x3f, 0x80, 0x8f, 0xb0, 0x0, 0x0, 0x3f, 0x88,
    0xff, 0x50, 0x0, 0x0, 0x3f, 0xef, 0xbd, 0xe1,
    0x0, 0x0, 0x3f, 0xfb, 0x4, 0xfb, 0x0, 0x0,
    0x3f, 0xc0, 0x0, 0x9f, 0x50, 0x0, 0x3f, 0x80,
    0x0, 0xd, 0xe1, 0x0, 0x3f, 0x80, 0x0, 0x3,
    0xfb, 0x0, 0x3f, 0x80, 0x0, 0x0, 0x8f, 0x60,
    0x3f, 0x80, 0x0, 0x0, 0xd, 0xf2,

    /* U+040D "Ѝ" */
    0x0, 0x3, 0x81, 0x0, 0x0, 0x0, 0x0, 0x9,
    0xd0, 0x0, 0x0, 0x0, 0x0, 0x6, 0x40, 0x0,
    0x0, 0x0, 0x0, 0x0, 0x0, 0x0, 0x3f, 0x70,
    0x0, 0x0, 0xef, 0xb3, 0xf7, 0x0, 0x0, 0x7f,
    0xfb, 0x3f, 0x70, 0x0, 0x1f, 0xcf, 0xb3, 0xf7,
    0x0, 0x9, 0xf4, 0xfb, 0x3f, 0x70, 0x2, 0xfb,
    0xf, 0xb3, 0xf7, 0x0, 0xaf, 0x20, 0xfb, 0x3f,
    0x70, 0x2f, 0xa0, 0xf, 0xb3, 0xf7, 0xb, 0xf1,
    0x0, 0xfb, 0x3f, 0x73, 0xf8, 0x0, 0xf, 0xb3,
    0xf7, 0xcf, 0x10, 0x0, 0xfb, 0x3f, 0xcf, 0x70,
    0x0, 0xf, 0xb3, 0xff, 0xe0, 0x0, 0x0, 0xfb,
    0x3f, 0xf6, 0x0, 0x0, 0xf, 0xb0,

    /* U+040E "Ў" */
    0x0, 0x17, 0x10, 0x17, 0x10, 0x0, 0x0, 0xaf,
    0xff, 0xa0, 0x0, 0x0, 0x0, 0x2, 0x0, 0x0,
    0x0, 0x0, 0x0, 0x0, 0x0, 0x0, 0x7f, 0x60,
    0x0, 0x0, 0x7f, 0x71, 0xfd, 0x0, 0x0, 0xe,
    0xf0, 0x9, 0xf4, 0x0, 0x5, 0xf9, 0x0, 0x3f,
    0xb0, 0x0, 0xcf, 0x20, 0x0, 0xcf, 0x20, 0x2f,
    0xb0, 0x0, 0x5, 0xf8, 0x9, 0xf4, 0x0, 0x0,
    0xe, 0xf2, 0xfd, 0x0, 0x0, 0x0, 0x7f, 0xdf,
    0x60, 0x0, 0x0, 0x1, 0xff, 0xf0, 0x0, 0x0,
    0x0, 0xa, 0xf9, 0x0, 0x0, 0x0, 0x0, 0xcf,
    0x20, 0x0, 0x0, 0x28, 0xbf, 0xb0, 0x0, 0x0,
    0x4, 0xfe, 0xa1, 0x0, 0x0, 0x0,

    /* U+040F "Џ" */
    0x3f, 0x80, 0x0, 0x0, 0xf, 0xc3, 0xf8, 0x0,
    0x0, 0x0, 0xfc, 0x3f, 0x80, 0x0, 0x0, 0xf,
    0xc3, 0xf8, 0x0, 0x0, 0x0, 0xfc, 0x3f, 0x80,
    0x0, 0x0, 0xf, 0xc3, 0xf8, 0x0, 0x0, 0x0,
    0xfc, 0x3f, 0x80, 0x0, 0x0, 0xf, 0xc3, 0xf8,
    0x0, 0x0, 0x0, 0xfc, 0x3f, 0x80, 0x0, 0x0,
    0xf, 0xc3, 0xf8, 0x0, 0x0, 0x0, 0xfc, 0x3f,
    0x80, 0x0, 0x0, 0xf, 0xc3, 0xfc, 0x77, 0x77,
    0x77, 0xfc, 0x3f, 0xff, 0xff, 0xff, 0xff, 0xc0,
    0x0, 0x0, 0xf8, 0x0, 0x0, 0x0, 0x0, 0xf,
    0x80, 0x0, 0x0, 0x0, 0x0, 0xf8, 0x0, 0x0,

    /* U+0410 "А" */
    0x0, 0x0, 0x1f, 0xf5, 0x0, 0x0, 0x0, 0x0,
    0x6, 0xfd, 0xb0, 0x0, 0x0, 0x0, 0x0, 0xcb,
    0x6f, 0x20, 0x0, 0x0, 0x0, 0x3f, 0x51, 0xf8,
    0x0, 0x0, 0x0, 0x9, 0xf0, 0xb, 0xe0, 0x0,
    0x0, 0x0, 0xea, 0x0, 0x5f, 0x40, 0x0, 0x0,
    0x5f, 0x40, 0x0, 0xea, 0x0, 0x0, 0xb, 0xe2,
    0x22, 0x2a, 0xf1, 0x0, 0x2, 0xff, 0xff, 0xff,
    0xff, 0x60, 0x0, 0x8f, 0x65, 0x55, 0x55, 0xdd,
    0x0, 0xe, 0xd0, 0x0, 0x0, 0x7, 0xf3, 0x4,
    0xf7, 0x0, 0x0, 0x0, 0x2f, 0x90, 0xaf, 0x20,
    0x0, 0x0, 0x0, 0xdf, 0x0,

    /* U+0411 "Б" */
    0x3f, 0xff, 0xff, 0xff, 0xf2, 0x3, 0xfb, 0x77,
    0x77, 0x77, 0x10, 0x3f, 0x80, 0x0, 0x0, 0x0,
    0x3, 0xf8, 0x0, 0x0, 0x0, 0x0, 0x3f, 0x92,
    0x21, 0x0, 0x0, 0x3, 0xff, 0xff, 0xff, 0xd5,
    0x0, 0x3f, 0xb5, 0x55, 0x7e, 0xf6, 0x3, 0xf8,
    0x0, 0x0, 0x2f, 0xd0, 0x3f, 0x80, 0x0, 0x0,
    0xdf, 0x3, 0xf8, 0x0, 0x0, 0xe, 0xf0, 0x3f,
    0x80, 0x0, 0x3, 0xfd, 0x3, 0xfc, 0x77, 0x79,
    0xff, 0x50, 0x3f, 0xff, 0xff, 0xeb, 0x40, 0x0,

    /* U+0412 "В" */
    0x3f, 0xff, 0xff, 0xda, 0x20, 0x3, 0xfb, 0x77,
    0x7a, 0xff, 0x20, 0x3f, 0x80, 0x0, 0x7, 0xf7,
    0x3, 0xf8, 0x0, 0x0, 0x5f, 0x70, 0x3f, 0x91,
    0x12, 0x4d, 0xe1, 0x3, 0xff, 0xff, 0xff, 0xd2,
    0x0, 0x3f, 0xa4, 0x45, 0x7e, 0xe2, 0x3, 0xf8,
    0x0, 0x0, 0x2f, 0xb0, 0x3f, 0x80, 0x0, 0x0,
    0xdf, 0x3, 0xf8, 0x0, 0x0, 0xe, 0xf0, 0x3f,
    0x80, 0x0, 0x3, 0xfd, 0x3, 0xfc, 0x77, 0x79,
    0xff, 0x40, 0x3f, 0xff, 0xff, 0xeb, 0x30, 0x0,

    /* U+0413 "Г" */
    0x3f, 0xff, 0xff, 0xff, 0xf3, 0xfc, 0x77, 0x77,
    0x77, 0x3f, 0x80, 0x0, 0x0, 0x3, 0xf8, 0x0,
    0x0, 0x0, 0x3f, 0x80, 0x0, 0x0, 0x3, 0xf8,
    0x0, 0x0, 0x0, 0x3f, 0x80, 0x0, 0x0, 0x3,
    0xf8, 0x0, 0x0, 0x0, 0x3f, 0x80, 0x0, 0x0,
    0x3, 0xf8, 0x0, 0x0, 0x0, 0x3f, 0x80, 0x0,
    0x0, 0x3, 0xf8, 0x0, 0x0, 0x0, 0x3f, 0x80,
    0x0, 0x0, 0x0,

    /* U+0414 "Д" */
    0x0, 0x2, 0xff, 0xff, 0xff, 0xfb, 0x0, 0x0,
    0x2, 0xfd, 0x77, 0x78, 0xfb, 0x0, 0x0, 0x2,
    0xfa, 0x0, 0x1, 0xfb, 0x0, 0x0, 0x2, 0xfa,
    0x0, 0x1, 0xfb, 0x0, 0x0, 0x2, 0xf9, 0x0,
    0x1, 0xfb, 0x0, 0x0, 0x3, 0xf9, 0x0, 0x1,
    0xfb, 0x0, 0x0, 0x5, 0xf7, 0x0, 0x1, 0xfb,
    0x0, 0x0, 0x7, 0xf5, 0x0, 0x1, 0xfb, 0x0,
    0x0, 0xa, 0xf2, 0x0, 0x1, 0xfb, 0x0, 0x0,
    0xd, 0xe0, 0x0, 0x1, 0xfb, 0x0, 0x0, 0x5f,
    0xa0, 0x0, 0x1, 0xfb, 0x0, 0x9, 0xff, 0x97,
    0x77, 0x78, 0xfd, 0x71, 0x1f, 0xff, 0xff, 0xff,
    0xff, 0xff, 0xf2, 0x1f, 0x60, 0x0, 0x0, 0x0,
    0x5, 0xf2, 0x1f, 0x60, 0x0, 0x0, 0x0, 0x5,
    0xf2, 0x1c, 0x40, 0x0, 0x0, 0x0, 0x3, 0xc2,

    /* U+0415 "Е" */
    0x3f, 0xff, 0xff, 0xff, 0xf1, 0x3f, 0xc7, 0x77,
    0x77, 0x70, 0x3f, 0x80, 0x0, 0x0, 0x0, 0x3f,
    0x80, 0x0, 0x0, 0x0, 0x3f, 0x92, 0x22, 0x22,
    0x10, 0x3f, 0xff, 0xff, 0xff, 0xc0, 0x3f, 0xb5,
    0x55, 0x55, 0x40, 0x3f, 0x80, 0x0, 0x0, 0x0,
    0x3f, 0x80, 0x0, 0x0, 0x0, 0x3f, 0x80, 0x0,
    0x0, 0x0, 0x3f, 0x80, 0x0, 0x0, 0x0, 0x3f,
    0xc7, 0x77, 0x77, 0x71, 0x3f, 0xff, 0xff, 0xff,
    0xf3,

    /* U+0416 "Ж" */
    0x1d, 0xf4, 0x0, 0x0, 0x3f, 0x90, 0x0, 0x1,
    0xdf, 0x40, 0x1, 0xdf, 0x30, 0x0, 0x3f, 0x90,
    0x0, 0xc, 0xf5, 0x0, 0x0, 0x1e, 0xf3, 0x0,
    0x3f, 0x90, 0x0, 0xbf, 0x60, 0x0, 0x0, 0x2,
    0xee, 0x20, 0x3f, 0x90, 0xa, 0xf7, 0x0, 0x0,
    0x0, 0x0, 0x3f, 0xe1, 0x3f, 0x90, 0x9f, 0x80,
    0x0, 0x0, 0x0, 0x0, 0xc, 0xfd, 0x4f, 0x98,
    0xff, 0x30, 0x0, 0x0, 0x0, 0x0, 0x7f, 0xaf,
    0xef, 0xef, 0xae, 0xc0, 0x0, 0x0, 0x0, 0x2,
    0xfc, 0x5, 0xff, 0xfb, 0x6, 0xf7, 0x0, 0x0,
    0x0, 0xb, 0xf2, 0x0, 0x7f, 0xc0, 0x0, 0xbf,
    0x20, 0x0, 0x0, 0x6f, 0x70, 0x0, 0x3f, 0x90,
    0x0, 0x2f, 0xc0, 0x0, 0x1, 0xec, 0x0, 0x0,
    0x3f, 0x90, 0x0, 0x6, 0xf6, 0x0, 0xa, 0xf3,
    0x0, 0x0, 0x3f, 0x90, 0x0, 0x0, 0xcf, 0x10,
    0x5f, 0x80, 0x0, 0x0, 0x3f, 0x90, 0x0, 0x0,
    0x2f, 0xb0,

    /* U+0417 "З" */
    0x4a, 0xdf, 0xfd, 0xa3, 0x0, 0xbd, 0x98, 0x89,
    0xef, 0x70, 0x10, 0x0, 0x0, 0x1e, 0xf0, 0x0,
    0x0, 0x0, 0xc, 0xf0, 0x0, 0x12, 0x23, 0x9f,
    0x70, 0x0, 0x8f, 0xff, 0xf5, 0x0, 0x0, 0x25,
    0x57, 0xdf, 0x60, 0x0, 0x0, 0x0, 0xd, 0xf1,
    0x0, 0x0, 0x0, 0x7, 0xf4, 0x0, 0x0, 0x0,
    0x8, 0xf4, 0x50, 0x0, 0x0, 0x1e, 0xf0, 0xdf,
    0xa8, 0x8a, 0xff, 0x50, 0x49, 0xdf, 0xfd, 0x92,
    0x0,

    /* U+0418 "И" */
    0x3f, 0x70, 0x0, 0x0, 0xef, 0xb3, 0xf7, 0x0,
    0x0, 0x7f, 0xfb, 0x3f, 0x70, 0x0, 0x1f, 0xcf,
    0xb3, 0xf7, 0x0, 0x9, 0xf4, 0xfb, 0x3f, 0x70,
    0x2, 0xfb, 0xf, 0xb3, 0xf7, 0x0, 0xaf, 0x20,
    0xfb, 0x3f, 0x70, 0x2f, 0xa0, 0xf, 0xb3, 0xf7,
    0xb, 0xf1, 0x0, 0xfb, 0x3f, 0x73, 0xf8, 0x0,
    0xf, 0xb3, 0xf7, 0xcf, 0x10, 0x0, 0xfb, 0x3f,
    0xcf, 0x70, 0x0, 0xf, 0xb3, 0xff, 0xe0, 0x0,
    0x0, 0xfb, 0x3f, 0xf6, 0x0, 0x0, 0xf, 0xb0,

    /* U+0419 "Й" */
    0x0, 0x7, 0x20, 0x6, 0x20, 0x0, 0x0, 0x8f,
    0xff, 0xb0, 0x0, 0x0, 0x0, 0x2, 0x10, 0x0,
    0x0, 0x0, 0x0, 0x0, 0x0, 0x0, 0x3f, 0x70,
    0x0, 0x0, 0xef, 0xb3, 0xf7, 0x0, 0x0, 0x7f,
    0xfb, 0x3f, 0x70, 0x0, 0x1f, 0xcf, 0xb3, 0xf7,
    0x0, 0x9, 0xf4, 0xfb, 0x3f, 0x70, 0x2, 0xfb,
    0xf, 0xb3, 0xf7, 0x0, 0xaf, 0x20, 0xfb, 0x3f,
    0x70, 0x2f, 0xa0, 0xf, 0xb3, 0xf7, 0xb, 0xf1,
    0x0, 0xfb, 0x3f, 0x73, 0xf8, 0x0, 0xf, 0xb3,
    0xf7, 0xcf, 0x10, 0x0, 0xfb, 0x3f, 0xcf, 0x70,
    0x0, 0xf, 0xb3, 0xff, 0xe0, 0x0, 0x0, 0xfb,
    0x3f, 0xf6, 0x0, 0x0, 0xf, 0xb0,

    /* U+041A "К" */
    0x3f, 0x80, 0x0, 0x0, 0x9f, 0xa0, 0x3f, 0x80,
    0x0, 0x9, 0xfa, 0x0, 0x3f, 0x80, 0x0, 0x9f,
    0xa0, 0x0, 0x3f, 0x80, 0x9, 0xfb, 0x0, 0x0,
    0x3f, 0x80, 0x8f, 0xb0, 0x0, 0x0, 0x3f, 0x88,
    0xff, 0x50, 0x0, 0x0, 0x3f, 0xef, 0xbd, 0xe1,
    0x0, 0x0, 0x3f, 0xfb, 0x4, 0xfb, 0x0, 0x0,
    0x3f, 0xc0, 0x0, 0x9f, 0x50, 0x0, 0x3f, 0x80,
    0x0, 0xd, 0xe1, 0x0, 0x3f, 0x80, 0x0, 0x3,
    0xfb, 0x0, 0x3f, 0x80, 0x0, 0x0, 0x8f, 0x60,
    0x3f, 0x80, 0x0, 0x0, 0xd, 0xf2,

    /* U+041B "Л" */
    0x0, 0x0, 0xff, 0xff, 0xff, 0xfc, 0x0, 0x0,
    0xfd, 0x77, 0x77, 0xfc, 0x0, 0x0, 0xfb, 0x0,
    0x0, 0xfc, 0x0, 0x1, 0xfb, 0x0, 0x0, 0xfc,
    0x0, 0x1, 0xfa, 0x0, 0x0, 0xfc, 0x0, 0x2,
    0xfa, 0x0, 0x0, 0xfc, 0x0, 0x3, 0xf9, 0x0,
    0x0, 0xfc, 0x0, 0x5, 0xf7, 0x0, 0x0, 0xfc,
    0x0, 0x8, 0xf4, 0x0, 0x0, 0xfc, 0x0, 0xc,
    0xf1, 0x0, 0x0, 0xfc, 0x0, 0x6f, 0xb0, 0x0,
    0x0, 0xfc, 0x2b, 0xfe, 0x20, 0x0, 0x0, 0xfc,
    0x4d, 0x81, 0x0, 0x0, 0x0, 0xfc,

    /* U+041C "М" */
    0x3f, 0xf9, 0x0, 0x0, 0x1, 0xff, 0xc3, 0xff,
    0xf0, 0x0, 0x0, 0x7f, 0xfc, 0x3f, 0xaf, 0x50,
    0x0, 0xd, 0xbf, 0xc3, 0xf7, 0xcb, 0x0, 0x3,
    0xf5, 0xfc, 0x3f, 0x76, 0xf1, 0x0, 0x9e, 0xf,
    0xc3, 0xf7, 0xf, 0x70, 0xe, 0x80, 0xfc, 0x3f,
    0x70, 0xad, 0x5, 0xf2, 0xf, 0xc3, 0xf7, 0x4,
    0xf4, 0xbc, 0x0, 0xfc, 0x3f, 0x70, 0xe, 0xbf,
    0x60, 0xf, 0xc3, 0xf7, 0x0, 0x8f, 0xf1, 0x0,
    0xfc, 0x3f, 0x70, 0x1, 0x86, 0x0, 0xf, 0xc3,
    0xf7, 0x0, 0x0, 0x0, 0x0, 0xfc, 0x3f, 0x70,
    0x0, 0x0, 0x0, 0xf, 0xc0,

    /* U+041D "Н" */
    0x3f, 0x80, 0x0, 0x0, 0xf, 0xc3, 0xf8, 0x0,
    0x0, 0x0, 0xfc, 0x3f, 0x80, 0x0, 0x0, 0xf,
    0xc3, 0xf8, 0x0, 0x0, 0x0, 0xfc, 0x3f, 0x92,
    0x22, 0x22, 0x2f, 0xc3, 0xff, 0xff, 0xff, 0xff,
    0xfc, 0x3f, 0xb5, 0x55, 0x55, 0x5f, 0xc3, 0xf8,
    0x0, 0x0, 0x0, 0xfc, 0x3f, 0x80, 0x0, 0x0,
    0xf, 0xc3, 0xf8, 0x0, 0x0, 0x0, 0xfc, 0x3f,
    0x80, 0x0, 0x0, 0xf, 0xc3, 0xf8, 0x0, 0x0,
    0x0, 0xfc, 0x3f, 0x80, 0x0, 0x0, 0xf, 0xc0,

    /* U+041E "О" */
    0x0, 0x7, 0xcf, 0xfd, 0x81, 0x0, 0x0, 0x2d,
    0xfb, 0x77, 0xaf, 0xe3, 0x0, 0xd, 0xf5, 0x0,
    0x0, 0x3f, 0xe1, 0x6, 0xf9, 0x0, 0x0, 0x0,
    0x6f, 0x90, 0xbf, 0x20, 0x0, 0x0, 0x0, 0xfe,
    0xe, 0xf0, 0x0, 0x0, 0x0, 0xc, 0xf1, 0xfe,
    0x0, 0x0, 0x0, 0x0, 0xbf, 0x2e, 0xf0, 0x0,
    0x0, 0x0, 0xc, 0xf1, 0xbf, 0x20, 0x0, 0x0,
    0x0, 0xfe, 0x6, 0xf9, 0x0, 0x0, 0x0, 0x6f,
    0x90, 0xd, 0xf5, 0x0, 0x0, 0x3f, 0xe1, 0x0,
    0x2d, 0xfb, 0x77, 0xaf, 0xe3, 0x0, 0x0, 0x7,
    0xcf, 0xfd, 0x81, 0x0, 0x0,

    /* U+041F "П" */
    0x3f, 0xff, 0xff, 0xff, 0xff, 0xc3, 0xfc, 0x77,
    0x77, 0x77, 0xfc, 0x3f, 0x80, 0x0, 0x0, 0xf,
    0xc3, 0xf8, 0x0, 0x0, 0x0, 0xfc, 0x3f, 0x80,
    0x0, 0x0, 0xf, 0xc3, 0xf8, 0x0, 0x0, 0x0,
    0xfc, 0x3f, 0x80, 0x0, 0x0, 0xf, 0xc3, 0xf8,
    0x0, 0x0, 0x0, 0xfc, 0x3f, 0x80, 0x0, 0x0,
    0xf, 0xc3, 0xf8, 0x0, 0x0, 0x0, 0xfc, 0x3f,
    0x80, 0x0, 0x0, 0xf, 0xc3, 0xf8, 0x0, 0x0,
    0x0, 0xfc, 0x3f, 0x80, 0x0, 0x0, 0xf, 0xc0,

    /* U+0420 "Р" */
    0x3f, 0xff, 0xff, 0xc6, 0x0, 0x3f, 0xb7, 0x78,
    0xef, 0x90, 0x3f, 0x80, 0x0, 0x1e, 0xf1, 0x3f,
    0x80, 0x0, 0xa, 0xf3, 0x3f, 0x80, 0x0, 0xd,
    0xf2, 0x3f, 0x92, 0x23, 0xaf, 0xc0, 0x3f, 0xff,
    0xff, 0xfc, 0x10, 0x3f, 0xb5, 0x44, 0x10, 0x0,
    0x3f, 0x80, 0x0, 0x0, 0x0, 0x3f, 0x80, 0x0,
    0x0, 0x0, 0x3f, 0x80, 0x0, 0x0, 0x0, 0x3f,
    0x80, 0x0, 0x0, 0x0, 0x3f, 0x80, 0x0, 0x0,
    0x0,

    /* U+0421 "С" */
    0x0, 0x6, 0xce, 0xfe, 0xb5, 0x0, 0x2d, 0xfc,
    0x87, 0x8c, 0xf8, 0xd, 0xf6, 0x0, 0x0, 0x3,
    0x76, 0xf9, 0x0, 0x0, 0x0, 0x0, 0xbf, 0x20,
    0x0, 0x0, 0x0, 0xe, 0xf0, 0x0, 0x0, 0x0,
    0x0, 0xfe, 0x0, 0x0, 0x0, 0x0, 0xe, 0xf0,
    0x0, 0x0, 0x0, 0x0, 0xbf, 0x20, 0x0, 0x0,
    0x0, 0x6, 0xf9, 0x0, 0x0, 0x0, 0x0, 0xd,
    0xf6, 0x0, 0x0, 0x4, 0x70, 0x2d, 0xfc, 0x87,
    0x8c, 0xf8, 0x0, 0x6, 0xce, 0xfe, 0xb5, 0x0,

    /* U+0422 "Т" */
    0xf, 0xff, 0xff, 0xff, 0xff, 0xff, 0x0, 0x77,
    0x77, 0xaf, 0xa7, 0x77, 0x70, 0x0, 0x0, 0x6,
    0xf6, 0x0, 0x0, 0x0, 0x0, 0x0, 0x6f, 0x60,
    0x0, 0x0, 0x0, 0x0, 0x6, 0xf6, 0x0, 0x0,
    0x0, 0x0, 0x0, 0x6f, 0x60, 0x0, 0x0, 0x0,
    0x0, 0x6, 0xf6, 0x0, 0x0, 0x0, 0x0, 0x0,
    0x6f, 0x60, 0x0, 0x0, 0x0, 0x0, 0x6, 0xf6,
    0x0, 0x0, 0x0, 0x0, 0x0, 0x6f, 0x60, 0x0,
    0x0, 0x0, 0x0, 0x6, 0xf6, 0x0, 0x0, 0x0,
    0x0, 0x0, 0x6f, 0x60, 0x0, 0x0, 0x0, 0x0,
    0x6, 0xf6, 0x0, 0x0, 0x0,

    /* U+0423 "У" */
    0x7f, 0x60, 0x0, 0x0, 0x7f, 0x71, 0xfd, 0x0,
    0x0, 0xe, 0xf0, 0x9, 0xf4, 0x0, 0x5, 0xf9,
    0x0, 0x3f, 0xb0, 0x0, 0xcf, 0x20, 0x0, 0xcf,
    0x20, 0x2f, 0xb0, 0x0, 0x5, 0xf8, 0x9, 0xf4,
    0x0, 0x0, 0xe, 0xf2, 0xfd, 0x0, 0x0, 0x0,
    0x7f, 0xdf, 0x60, 0x0, 0x0, 0x1, 0xff, 0xf0,
    0x0, 0x0, 0x0, 0xa, 0xf9, 0x0, 0x0, 0x0,
    0x0, 0xcf, 0x20, 0x0, 0x0, 0x28, 0xbf, 0xb0,
    0x0, 0x0, 0x4, 0xfe, 0xa1, 0x0, 0x0, 0x0,

    /* U+0424 "Ф" */
    0x0, 0x0, 0x2, 0xfa, 0x0, 0x0, 0x0, 0x0,
    0x5, 0x9c, 0xfe, 0xa7, 0x20, 0x0, 0x3, 0xdf,
    0xfc, 0xfe, 0xdf, 0xf9, 0x0, 0x2f, 0xf6, 0x2,
    0xfa, 0x2, 0xbf, 0x90, 0x9f, 0x60, 0x2, 0xfa,
    0x0, 0xd, 0xf1, 0xdf, 0x10, 0x2, 0xfa, 0x0,
    0x9, 0xf5, 0xef, 0x0, 0x2, 0xfa, 0x0, 0x7,
    0xf6, 0xcf, 0x20, 0x2, 0xfa, 0x0, 0xa, 0xf4,
    0x7f, 0xa0, 0x2, 0xfa, 0x0, 0x2f, 0xe0, 0xc,
    0xfb, 0x43, 0xfa, 0x27, 0xef, 0x50, 0x0, 0x8f,
    0xff, 0xff, 0xff, 0xc4, 0x0, 0x0, 0x0, 0x47,
    0xfc, 0x52, 0x0, 0x0, 0x0, 0x0, 0x2, 0xfa,
    0x0, 0x0, 0x0,

    /* U+0425 "Х" */
    0x8, 0xf6, 0x0, 0x0, 0xc, 0xf2, 0x0, 0xdf,
    0x10, 0x0, 0x7f, 0x70, 0x0, 0x3f, 0xb0, 0x2,
    0xfc, 0x0, 0x0, 0x8, 0xf6, 0xc, 0xf2, 0x0,
    0x0, 0x0, 0xcf, 0x9f, 0x70, 0x0, 0x0, 0x0,
    0x2f, 0xfc, 0x0, 0x0, 0x0, 0x0, 0x2f, 0xf7,
    0x0, 0x0, 0x0, 0x0, 0xbf, 0xdf, 0x20, 0x0,
    0x0, 0x6, 0xf7, 0x2f, 0xc0, 0x0, 0x0, 0x2f,
    0xc0, 0x7, 0xf6, 0x0, 0x0, 0xcf, 0x20, 0x0,
    0xcf, 0x20, 0x7, 0xf7, 0x0, 0x0, 0x2f, 0xc0,
    0x2f, 0xc0, 0x0, 0x0, 0x7, 0xf6,

    /* U+0426 "Ц" */
    0x3f, 0x80, 0x0, 0x0, 0xf, 0xc0, 0x3, 0xf8,
    0x0, 0x0, 0x0, 0xfc, 0x0, 0x3f, 0x80, 0x0,
    0x0, 0xf, 0xc0, 0x3, 0xf8, 0x0, 0x0, 0x0,
    0xfc, 0x0, 0x3f, 0x80, 0x0, 0x0, 0xf, 0xc0,
    0x3, 0xf8, 0x0, 0x0, 0x0, 0xfc, 0x0, 0x3f,
    0x80, 0x0, 0x0, 0xf, 0xc0, 0x3, 0xf8, 0x0,
    0x0, 0x0, 0xfc, 0x0, 0x3f, 0x80, 0x0, 0x0,
    0xf, 0xc0, 0x3, 0xf8, 0x0, 0x0, 0x0, 0xfc,
    0x0, 0x3f, 0x80, 0x0, 0x0, 0xf, 0xc0, 0x3,
    0xfc, 0x77, 0x77, 0x77, 0xfe, 0x72, 0x3f, 0xff,
    0xff, 0xff, 0xff, 0xff, 0x40, 0x0, 0x0, 0x0,
    0x0, 0x3, 0xf4, 0x0, 0x0, 0x0, 0x0, 0x0,
    0x3f, 0x40, 0x0, 0x0, 0x0, 0x0, 0x2, 0xc3,

    /* U+0427 "Ч" */
    0x7f, 0x50, 0x0, 0x3, 0xf9, 0x7f, 0x50, 0x0,
    0x3, 0xf9, 0x7f, 0x50, 0x0, 0x3, 0xf9, 0x7f,
    0x50, 0x0, 0x3, 0xf9, 0x5f, 0x80, 0x0, 0x3,
    0xf9, 0x1e, 0xf6, 0x22, 0x25, 0xf9, 0x4, 0xef,
    0xff, 0xff, 0xf9, 0x0, 0x3, 0x55, 0x57, 0xf9,
    0x0, 0x0, 0x0, 0x3, 0xf9, 0x0, 0x0, 0x0,
    0x3, 0xf9, 0x0, 0x0, 0x0, 0x3, 0xf9, 0x0,
    0x0, 0x0, 0x3, 0xf9, 0x0, 0x0, 0x0, 0x3,
    0xf9,

    /* U+0428 "Ш" */
    0x3f, 0x80, 0x0, 0x4, 0xf8, 0x0, 0x0, 0x4f,
    0x73, 0xf8, 0x0, 0x0, 0x4f, 0x80, 0x0, 0x4,
    0xf7, 0x3f, 0x80, 0x0, 0x4, 0xf8, 0x0, 0x0,
    0x4f, 0x73, 0xf8, 0x0, 0x0, 0x4f, 0x80, 0x0,
    0x4, 0xf7, 0x3f, 0x80, 0x0, 0x4, 0xf8, 0x0,
    0x0, 0x4f, 0x73, 0xf8, 0x0, 0x0, 0x4f, 0x80,
    0x0, 0x4, 0xf7, 0x3f, 0x80, 0x0, 0x4, 0xf8,
    0x0, 0x0, 0x4f, 0x73, 0xf8, 0x0, 0x0, 0x4f,
    0x80, 0x0, 0x4, 0xf7, 0x3f, 0x80, 0x0, 0x4,
    0xf8, 0x0, 0x0, 0x4f, 0x73, 0xf8, 0x0, 0x0,
    0x4f, 0x80, 0x0, 0x4, 0xf7, 0x3f, 0x80, 0x0,
    0x4, 0xf8, 0x0, 0x0, 0x4f, 0x73, 0xfc, 0x77,
    0x77, 0x9f, 0xc7, 0x77, 0x7a, 0xf7, 0x3f, 0xff,
    0xff, 0xff, 0xff, 0xff, 0xff, 0xff, 0x70,

    /* U+0429 "Щ" */
    0x3f, 0x80, 0x0, 0x4, 0xf8, 0x0, 0x0, 0x4f,
    0x70, 0x3f, 0x80, 0x0, 0x4, 0xf8, 0x0, 0x0,
    0x4f, 0x70, 0x3f, 0x80, 0x0, 0x4, 0xf8, 0x0,
    0x0, 0x4f, 0x70, 0x3f, 0x80, 0x0, 0x4, 0xf8,
    0x0, 0x0, 0x4f, 0x70, 0x3f, 0x80, 0x0, 0x4,
    0xf8, 0x0, 0x0, 0x4f, 0x70, 0x3f, 0x80, 0x0,
    0x4, 0xf8, 0x0, 0x0, 0x4f, 0x70, 0x3f, 0x80,
    0x0, 0x4, 0xf8, 0x0, 0x0, 0x4f, 0x70, 0x3f,
    0x80, 0x0, 0x4, 0xf8, 0x0, 0x0, 0x4f, 0x70,
    0x3f, 0x80, 0x0, 0x4, 0xf8, 0x0, 0x0, 0x4f,
    0x70, 0x3f, 0x80, 0x0, 0x4, 0xf8, 0x0, 0x0,
    0x4f, 0x70, 0x3f, 0x80, 0x0, 0x4, 0xf8, 0x0,
    0x0, 0x4f, 0x70, 0x3f, 0xc7, 0x77, 0x79, 0xfc,
    0x77, 0x77, 0xaf, 0xb7, 0x3f, 0xff, 0xff, 0xff,
    0xff, 0xff, 0xff, 0xff, 0xff, 0x0, 0x0, 0x0,
    0x0, 0x0, 0x0, 0x0, 0x0, 0x8f, 0x0, 0x0,
    0x0, 0x0, 0x0, 0x0, 0x0, 0x0, 0x8f, 0x0,
    0x0, 0x0, 0x0, 0x0, 0x0, 0x0, 0x0, 0x6c,

    /* U+042A "Ъ" */
    0x7f, 0xff, 0xff, 0x20, 0x0, 0x0, 0x0, 0x37,
    0x77, 0xcf, 0x20, 0x0, 0x0, 0x0, 0x0, 0x0,
    0x9f, 0x20, 0x0, 0x0, 0x0, 0x0, 0x0, 0x9f,
    0x20, 0x0, 0x0, 0x0, 0x0, 0x0, 0x9f, 0x42,
    0x21, 0x0, 0x0, 0x0, 0x0, 0x9f, 0xff, 0xff,
    0xfb, 0x20, 0x0, 0x0, 0x9f, 0x65, 0x55, 0x9f,
    0xe1, 0x0, 0x0, 0x9f, 0x20, 0x0, 0x8, 0xf8,
    0x0, 0x0, 0x9f, 0x20, 0x0, 0x3, 0xfa, 0x0,
    0x0, 0x9f, 0x20, 0x0, 0x3, 0xfa, 0x0, 0x0,
    0x9f, 0x20, 0x0, 0x9, 0xf7, 0x0, 0x0, 0x9f,
    0x87, 0x78, 0xcf, 0xd1, 0x0, 0x0, 0x9f, 0xff,
    0xff, 0xd9, 0x10,

    /* U+042B "Ы" */
    0x3f, 0x80, 0x0, 0x0, 0x0, 0xa, 0xf1, 0x3f,
    0x80, 0x0, 0x0, 0x0, 0xa, 0xf1, 0x3f, 0x80,
    0x0, 0x0, 0x0, 0xa, 0xf1, 0x3f, 0x80, 0x0,
    0x0, 0x0, 0xa, 0xf1, 0x3f, 0x92, 0x21, 0x0,
    0x0, 0xa, 0xf1, 0x3f, 0xff, 0xff, 0xfd, 0x50,
    0xa, 0xf1, 0x3f, 0xb5, 0x55, 0x7e, 0xf6, 0xa,
    0xf1, 0x3f, 0x80, 0x0, 0x2, 0xfd, 0xa, 0xf1,
    0x3f, 0x80, 0x0, 0x0, 0xdf, 0xa, 0xf1, 0x3f,
    0x80, 0x0, 0x0, 0xef, 0xa, 0xf1, 0x3f, 0x80,
    0x0, 0x3, 0xfd, 0xa, 0xf1, 0x3f, 0xc7, 0x77,
    0xaf, 0xf4, 0xa, 0xf1, 0x3f, 0xff, 0xff, 0xeb,
    0x30, 0xa, 0xf1,

    /* U+042C "Ь" */
    0x3f, 0x80, 0x0, 0x0, 0x0, 0x3, 0xf8, 0x0,
    0x0, 0x0, 0x0, 0x3f, 0x80, 0x0, 0x0, 0x0,
    0x3, 0xf8, 0x0, 0x0, 0x0, 0x0, 0x3f, 0x92,
    0x21, 0x0, 0x0, 0x3, 0xff, 0xff, 0xff, 0xd5,
    0x0, 0x3f, 0xb5, 0x55, 0x7e, 0xf6, 0x3, 0xf8,
    0x0, 0x0, 0x2f, 0xd0, 0x3f, 0x80, 0x0, 0x0,
    0xdf, 0x3, 0xf8, 0x0, 0x0, 0xe, 0xf0, 0x3f,
    0x80, 0x0, 0x3, 0xfd, 0x3, 0xfc, 0x77, 0x7a,
    0xff, 0x40, 0x3f, 0xff, 0xff, 0xeb, 0x30, 0x0,

    /* U+042D "Э" */
    0x1, 0x8c, 0xff, 0xea, 0x30, 0x0, 0xf, 0xfa,
    0x77, 0x9e, 0xf8, 0x0, 0xa, 0x10, 0x0, 0x0,
    0xbf, 0x60, 0x0, 0x0, 0x0, 0x0, 0x1f, 0xe0,
    0x0, 0x0, 0x0, 0x0, 0x9, 0xf4, 0x0, 0x2,
    0x22, 0x22, 0x27, 0xf7, 0x0, 0x5f, 0xff, 0xff,
    0xff, 0xf8, 0x0, 0x15, 0x55, 0x55, 0x59, 0xf7,
    0x0, 0x0, 0x0, 0x0, 0x9, 0xf4, 0x0, 0x0,
    0x0, 0x0, 0x1e, 0xe0, 0x9, 0x10, 0x0, 0x0,
    0xaf, 0x60, 0xf, 0xfa, 0x77, 0x9e, 0xf8, 0x0,
    0x1, 0x8c, 0xff, 0xea, 0x30, 0x0,

    /* U+042E "Ю" */
    0x2f, 0xa0, 0x0, 0x0, 0x5b, 0xef, 0xea, 0x30,
    0x0, 0x2f, 0xa0, 0x0, 0xb, 0xfd, 0x87, 0x9e,
    0xf7, 0x0, 0x2f, 0xa0, 0x0, 0x9f, 0x90, 0x0,
    0x1, 0xdf, 0x40, 0x2f, 0xa0, 0x2, 0xfd, 0x0,
    0x0, 0x0, 0x2f, 0xd0, 0x2f, 0xa0, 0x7, 0xf6,
    0x0, 0x0, 0x0, 0xb, 0xf2, 0x2f, 0xa2, 0x2b,
    0xf3, 0x0, 0x0, 0x0, 0x8, 0xf5, 0x2f, 0xff,
    0xff, 0xf2, 0x0, 0x0, 0x0, 0x7, 0xf6, 0x2f,
    0xb5, 0x5c, 0xf3, 0x0, 0x0, 0x0, 0x8, 0xf5,
    0x2f, 0xa0, 0x8, 0xf6, 0x0, 0x0, 0x0, 0xb,
    0xf2, 0x2f, 0xa0, 0x2, 0xfd, 0x0, 0x0, 0x0,
    0x2f, 0xd0, 0x2f, 0xa0, 0x0, 0xaf, 0x90, 0x0,
    0x1, 0xdf, 0x40, 0x2f, 0xa0, 0x0, 0xb, 0xfd,
    0x87, 0x9e, 0xf7, 0x0, 0x2f, 0xa0, 0x0, 0x0,
    0x6c, 0xef, 0xea, 0x30, 0x0,

    /* U+042F "Я" */
    0x0, 0x7c, 0xff, 0xff, 0xfb, 0xa, 0xfd, 0x87,
    0x77, 0xfb, 0x2f, 0xe0, 0x0, 0x0, 0xfb, 0x5f,
    0xa0, 0x0, 0x0, 0xfb, 0x3f, 0xc0, 0x0, 0x0,
    0xfb, 0xd, 0xf9, 0x32, 0x22, 0xfb, 0x1, 0x9f,
    0xff, 0xff, 0xfb, 0x0, 0x7, 0xf9, 0x55, 0xfb,
    0x0, 0x1f, 0xd0, 0x0, 0xfb, 0x0, 0xaf, 0x40,
    0x0, 0xfb, 0x4, 0xfa, 0x0, 0x0, 0xfb, 0xd,
    0xf1, 0x0, 0x0, 0xfb, 0x7f, 0x60, 0x0, 0x0,
    0xfb,

    /* U+0430 "а" */
    0x18, 0xce, 0xfd, 0x70, 0x3, 0xe9, 0x66, 0xbf,
    0x90, 0x0, 0x0, 0x0, 0x9f, 0x10, 0x0, 0x0,
    0x4, 0xf5, 0x6, 0xcf, 0xff, 0xff, 0x67, 0xfa,
    0x53, 0x36, 0xf6, 0xdd, 0x0, 0x0, 0x6f, 0x6d,
    0xd0, 0x0, 0xd, 0xf6, 0x8f, 0xb6, 0x7d, 0xcf,
    0x60, 0x8e, 0xfd, 0x73, 0xf6,

    /* U+0431 "б" */
    0x0, 0x0, 0x0, 0x1, 0x20, 0x0, 0x0, 0x3a,
    0xef, 0xff, 0x30, 0x0, 0x6f, 0xd6, 0x44, 0x30,
    0x0, 0x3f, 0xb0, 0x0, 0x0, 0x0, 0xa, 0xe0,
    0x0, 0x0, 0x0, 0x0, 0xeb, 0x8d, 0xfe, 0x91,
    0x0, 0xf, 0xff, 0xa6, 0x9f, 0xe1, 0x0, 0xff,
    0x70, 0x0, 0x5f, 0x90, 0xf, 0xf0, 0x0, 0x0,
    0xde, 0x0, 0xed, 0x0, 0x0, 0xa, 0xf1, 0xd,
    0xd0, 0x0, 0x0, 0xaf, 0x10, 0xbf, 0x0, 0x0,
    0xd, 0xe0, 0x6, 0xf7, 0x0, 0x5, 0xf9, 0x0,
    0xc, 0xfa, 0x69, 0xfe, 0x10, 0x0, 0x8, 0xdf,
    0xea, 0x10, 0x0,

    /* U+0432 "в" */
    0x5f, 0xff, 0xfe, 0xa1, 0x5, 0xf7, 0x44, 0x7f,
    0xd0, 0x5f, 0x40, 0x0, 0x9f, 0x5, 0xf4, 0x1,
    0x4e, 0xc0, 0x5f, 0xff, 0xff, 0xc1, 0x5, 0xf6,
    0x33, 0x6d, 0xd1, 0x5f, 0x40, 0x0, 0x4f, 0x65,
    0xf4, 0x0, 0x4, 0xf7, 0x5f, 0x74, 0x46, 0xef,
    0x25, 0xff, 0xff, 0xeb, 0x30,

    /* U+0433 "г" */
    0x5f, 0xff, 0xff, 0xf9, 0x5f, 0x74, 0x44, 0x42,
    0x5f, 0x40, 0x0, 0x0, 0x5f, 0x40, 0x0, 0x0,
    0x5f, 0x40, 0x0, 0x0, 0x5f, 0x40, 0x0, 0x0,
    0x5f, 0x40, 0x0, 0x0, 0x5f, 0x40, 0x0, 0x0,
    0x5f, 0x40, 0x0, 0x0, 0x5f, 0x40, 0x0, 0x0,

    /* U+0434 "д" */
    0x0, 0x7, 0xff, 0xff, 0xff, 0x30, 0x0, 0x7,
    0xf6, 0x44, 0x9f, 0x30, 0x0, 0x7, 0xf2, 0x0,
    0x6f, 0x30, 0x0, 0x7, 0xf2, 0x0, 0x6f, 0x30,
    0x0, 0x9, 0xf1, 0x0, 0x6f, 0x30, 0x0, 0xb,
    0xf0, 0x0, 0x6f, 0x30, 0x0, 0xe, 0xc0, 0x0,
    0x6f, 0x30, 0x0, 0x4f, 0x70, 0x0, 0x6f, 0x30,
    0x5, 0xef, 0x54, 0x44, 0x9f, 0x72, 0x1f, 0xff,
    0xff, 0xff, 0xff, 0xf8, 0x1f, 0x30, 0x0, 0x0,
    0x0, 0xc8, 0x1f, 0x30, 0x0, 0x0, 0x0, 0xc8,
    0x7, 0x10, 0x0, 0x0, 0x0, 0x53,

    /* U+0435 "е" */
    0x0, 0x7d, 0xff, 0xb3, 0x0, 0xb, 0xfa, 0x67,
    0xdf, 0x30, 0x7f, 0x50, 0x0, 0x1e, 0xb0, 0xcd,
    0x0, 0x0, 0x9, 0xf0, 0xff, 0xff, 0xff, 0xff,
    0xf1, 0xfd, 0x33, 0x33, 0x33, 0x30, 0xdf, 0x0,
    0x0, 0x0, 0x0, 0x7f, 0x80, 0x0, 0x0, 0x10,
    0xb, 0xfc, 0x76, 0x8c, 0xb0, 0x0, 0x6c, 0xff,
    0xda, 0x40,

    /* U+0436 "ж" */
    0x6, 0xf7, 0x0, 0xb, 0xe0, 0x0, 0x4f, 0xa0,
    0x0, 0x7f, 0x50, 0xb, 0xe0, 0x3, 0xfb, 0x0,
    0x0, 0x9, 0xf4, 0xb, 0xe0, 0x2e, 0xc0, 0x0,
    0x0, 0x0, 0xaf, 0x3b, 0xe1, 0xed, 0x0, 0x0,
    0x0, 0x0, 0xcf, 0xed, 0xfd, 0xfe, 0x10, 0x0,
    0x0, 0x6, 0xf5, 0xcf, 0xfe, 0x4f, 0xa0, 0x0,
    0x0, 0x2f, 0xa0, 0x1d, 0xf2, 0x6, 0xf4, 0x0,
    0x0, 0xbe, 0x10, 0xb, 0xe0, 0x0, 0xce, 0x0,
    0x6, 0xf5, 0x0, 0xb, 0xe0, 0x0, 0x2f, 0x90,
    0x1f, 0xa0, 0x0, 0xb, 0xe0, 0x0, 0x7, 0xf4,

    /* U+0437 "з" */
    0x5c, 0xef, 0xea, 0x20, 0x6a, 0x76, 0x9f, 0xe0,
    0x0, 0x0, 0x7, 0xf3, 0x0, 0x1, 0x3c, 0xe0,
    0x0, 0xef, 0xfc, 0x10, 0x0, 0x34, 0x6e, 0xc0,
    0x0, 0x0, 0x3, 0xf6, 0x0, 0x0, 0x4, 0xf7,
    0xa8, 0x65, 0x8f, 0xf1, 0x8d, 0xff, 0xd9, 0x20,

    /* U+0438 "и" */
    0x5f, 0x40, 0x0, 0x5f, 0xf1, 0x5f, 0x40, 0x0,
    0xdf, 0xf1, 0x5f, 0x40, 0x7, 0xfb, 0xf1, 0x5f,
    0x40, 0x1f, 0x88, 0xf1, 0x5f, 0x40, 0xae, 0x8,
    0xf1, 0x5f, 0x44, 0xf5, 0x8, 0xf1, 0x5f, 0x4d,
    0xc0, 0x8, 0xf1, 0x5f, 0xbf, 0x30, 0x8, 0xf1,
    0x5f, 0xf9, 0x0, 0x8, 0xf1, 0x5f, 0xe1, 0x0,
    0x8, 0xf1,

    /* U+0439 "й" */
    0x0, 0x61, 0x0, 0x44, 0x0, 0x0, 0xa9, 0x2,
    0xd5, 0x0, 0x0, 0x2d, 0xff, 0xb0, 0x0, 0x0,
    0x0, 0x21, 0x0, 0x0, 0x5f, 0x40, 0x0, 0x5f,
    0xf1, 0x5f, 0x40, 0x0, 0xdf, 0xf1, 0x5f, 0x40,
    0x7, 0xfb, 0xf1, 0x5f, 0x40, 0x1f, 0x88, 0xf1,
    0x5f, 0x40, 0xae, 0x8, 0xf1, 0x5f, 0x44, 0xf5,
    0x8, 0xf1, 0x5f, 0x4d, 0xc0, 0x8, 0xf1, 0x5f,
    0xbf, 0x30, 0x8, 0xf1, 0x5f, 0xf9, 0x0, 0x8,
    0xf1, 0x5f, 0xe1, 0x0, 0x8, 0xf1,

    /* U+043A "к" */
    0x5f, 0x40, 0x0, 0xaf, 0x50, 0x5f, 0x40, 0xa,
    0xf5, 0x0, 0x5f, 0x40, 0x9f, 0x50, 0x0, 0x5f,
    0x49, 0xf6, 0x0, 0x0, 0x5f, 0xcf, 0xf7, 0x0,
    0x0, 0x5f, 0xf7, 0xaf, 0x30, 0x0, 0x5f, 0x80,
    0x1e, 0xd0, 0x0, 0x5f, 0x40, 0x4, 0xf8, 0x0,
    0x5f, 0x40, 0x0, 0x9f, 0x30, 0x5f, 0x40, 0x0,
    0xd, 0xe0,

    /* U+043B "л" */
    0x0, 0xa, 0xff, 0xff, 0xff, 0x0, 0x0, 0xaf,
    0x44, 0x4b, 0xf0, 0x0, 0xa, 0xf0, 0x0, 0x9f,
    0x0, 0x0, 0xbe, 0x0, 0x9, 0xf0, 0x0, 0xc,
    0xe0, 0x0, 0x9f, 0x0, 0x0, 0xdc, 0x0, 0x9,
    0xf0, 0x0, 0xf, 0x90, 0x0, 0x9f, 0x0, 0x6,
    0xf5, 0x0, 0x9, 0xf0, 0x29, 0xfc, 0x0, 0x0,
    0x9f, 0x5, 0xd8, 0x0, 0x0, 0x9, 0xf0,

    /* U+043C "м" */
    0x5f, 0xf3, 0x0, 0x0, 0x9f, 0xf5, 0xff, 0xa0,
    0x0, 0x1f, 0xff, 0x5f, 0x9f, 0x10, 0x7, 0xeb,
    0xf5, 0xf4, 0xe7, 0x0, 0xd8, 0xbf, 0x5f, 0x48,
    0xd0, 0x4f, 0x1b, 0xf5, 0xf4, 0x1f, 0x4b, 0xa0,
    0xbf, 0x5f, 0x40, 0xac, 0xf4, 0xb, 0xf5, 0xf4,
    0x4, 0xfd, 0x0, 0xbf, 0x5f, 0x40, 0x1, 0x0,
    0xb, 0xf5, 0xf4, 0x0, 0x0, 0x0, 0xbf,

    /* U+043D "н" */
    0x5f, 0x40, 0x0, 0x7, 0xf2, 0x5f, 0x40, 0x0,
    0x7, 0xf2, 0x5f, 0x40, 0x0, 0x7, 0xf2, 0x5f,
    0x40, 0x0, 0x8, 0xf2, 0x5f, 0xff, 0xff, 0xff,
    0xf2, 0x5f, 0x73, 0x33, 0x39, 0xf2, 0x5f, 0x40,
    0x0, 0x7, 0xf2, 0x5f, 0x40, 0x0, 0x7, 0xf2,
    0x5f, 0x40, 0x0, 0x7, 0xf2, 0x5f, 0x40, 0x0,
    0x7, 0xf2,

    /* U+043E "о" */
    0x1, 0x9e, 0xfe, 0x91, 0x0, 0xd, 0xf9, 0x69,
    0xfd, 0x10, 0x8f, 0x60, 0x0, 0x6f, 0x80, 0xde,
    0x0, 0x0, 0xe, 0xd0, 0xfc, 0x0, 0x0, 0xc,
    0xf0, 0xfc, 0x0, 0x0, 0xc, 0xf0, 0xde, 0x0,
    0x0, 0xe, 0xd0, 0x8f, 0x60, 0x0, 0x6f, 0x80,
    0xd, 0xf9, 0x69, 0xfd, 0x10, 0x1, 0x9e, 0xfe,
    0x91, 0x0,

    /* U+043F "п" */
    0x5f, 0xff, 0xff, 0xff, 0xf2, 0x5f, 0x74, 0x44,
    0x4a, 0xf2, 0x5f, 0x40, 0x0, 0x7, 0xf2, 0x5f,
    0x40, 0x0, 0x7, 0xf2, 0x5f, 0x40, 0x0, 0x7,
    0xf2, 0x5f, 0x40, 0x0, 0x7, 0xf2, 0x5f, 0x40,
    0x0, 0x7, 0xf2, 0x5f, 0x40, 0x0, 0x7, 0xf2,
    0x5f, 0x40, 0x0, 0x7, 0xf2, 0x5f, 0x40, 0x0,
    0x7, 0xf2,

    /* U+0440 "р" */
    0x5f, 0x58, 0xef, 0xd5, 0x0, 0x5f, 0xea, 0x22,
    0xaf, 0x50, 0x5f, 0xd0, 0x0, 0xc, 0xe0, 0x5f,
    0x70, 0x0, 0x6, 0xf4, 0x5f, 0x40, 0x0, 0x4,
    0xf6, 0x5f, 0x50, 0x0, 0x4, 0xf6, 0x5f, 0x80,
    0x0, 0x7, 0xf4, 0x5f, 0xe1, 0x0, 0xe, 0xe0,
    0x5f, 0xcd, 0x77, 0xdf, 0x50, 0x5f, 0x48, 0xef,
    0xd5, 0x0, 0x5f, 0x40, 0x0, 0x0, 0x0, 0x5f,
    0x40, 0x0, 0x0, 0x0, 0x5f, 0x40, 0x0, 0x0,
    0x0, 0x5f, 0x40, 0x0, 0x0, 0x0,

    /* U+0441 "с" */
    0x0, 0x7d, 0xff, 0xc6, 0xc, 0xfb, 0x76, 0x9b,
    0x7f, 0x80, 0x0, 0x0, 0xde, 0x0, 0x0, 0x0,
    0xfc, 0x0, 0x0, 0x0, 0xfc, 0x0, 0x0, 0x0,
    0xde, 0x0, 0x0, 0x0, 0x7f, 0x80, 0x0, 0x0,
    0xc, 0xfb, 0x76, 0x9b, 0x0, 0x7d, 0xfe, 0xc6,

    /* U+0442 "т" */
    0x7f, 0xff, 0xff, 0xff, 0xff, 0x24, 0x44, 0xaf,
    0x44, 0x44, 0x0, 0x0, 0x8f, 0x0, 0x0, 0x0,
    0x0, 0x8f, 0x0, 0x0, 0x0, 0x0, 0x8f, 0x0,
    0x0, 0x0, 0x0, 0x8f, 0x0, 0x0, 0x0, 0x0,
    0x8f, 0x0, 0x0, 0x0, 0x0, 0x8f, 0x0, 0x0,
    0x0, 0x0, 0x8f, 0x0, 0x0, 0x0, 0x0, 0x8f,
    0x0, 0x0,

    /* U+0443 "у" */
    0x4f, 0x70, 0x0, 0x0, 0xce, 0x0, 0xdd, 0x0,
    0x0, 0x2f, 0x80, 0x7, 0xf3, 0x0, 0x8, 0xf2,
    0x0, 0x1f, 0x90, 0x0, 0xeb, 0x0, 0x0, 0xaf,
    0x0, 0x5f, 0x50, 0x0, 0x4, 0xf5, 0xb, 0xe0,
    0x0, 0x0, 0xe, 0xc1, 0xf9, 0x0, 0x0, 0x0,
    0x7f, 0xaf, 0x30, 0x0, 0x0, 0x1, 0xff, 0xc0,
    0x0, 0x0, 0x0, 0xb, 0xf6, 0x0, 0x0, 0x0,
    0x0, 0xaf, 0x0, 0x0, 0x0, 0x0, 0x1f, 0x90,
    0x0, 0x0, 0x3, 0x5c, 0xf2, 0x0, 0x0, 0x0,
    0x9f, 0xd5, 0x0, 0x0, 0x0,

    /* U+0444 "ф" */
    0x0, 0x0, 0x0, 0x2f, 0x80, 0x0, 0x0, 0x0,
    0x0, 0x0, 0x2, 0xf8, 0x0, 0x0, 0x0, 0x0,
    0x0, 0x0, 0x2f, 0x80, 0x0, 0x0, 0x0, 0x3,
    0xcf, 0xc4, 0xf8, 0x9f, 0xe7, 0x0, 0x1, 0xfe,
    0x78, 0xef, 0xeb, 0x6b, 0xf7, 0x0, 0x9f, 0x20,
    0x5, 0xfb, 0x0, 0xb, 0xf0, 0xd, 0xc0, 0x0,
    0x2f, 0x80, 0x0, 0x6f, 0x40, 0xfa, 0x0, 0x2,
    0xf8, 0x0, 0x4, 0xf5, 0xf, 0xa0, 0x0, 0x2f,
    0x80, 0x0, 0x4f, 0x60, 0xec, 0x0, 0x2, 0xf8,
    0x0, 0x6, 0xf4, 0x9, 0xf2, 0x0, 0x5f, 0xb0,
    0x0, 0xbf, 0x0, 0x2f, 0xe7, 0x7e, 0xfe, 0xb6,
    0xbf, 0x70, 0x0, 0x3c, 0xfc, 0x4f, 0x89, 0xfe,
    0x70, 0x0, 0x0, 0x0, 0x2, 0xf8, 0x0, 0x0,
    0x0, 0x0, 0x0, 0x0, 0x2f, 0x80, 0x0, 0x0,
    0x0, 0x0, 0x0, 0x2, 0xf8, 0x0, 0x0, 0x0,
    0x0, 0x0, 0x0, 0x2f, 0x80, 0x0, 0x0, 0x0,

    /* U+0445 "х" */
    0xc, 0xf2, 0x0, 0x6, 0xf8, 0x0, 0x1e, 0xd0,
    0x2, 0xfc, 0x0, 0x0, 0x5f, 0x90, 0xde, 0x10,
    0x0, 0x0, 0x9f, 0xcf, 0x40, 0x0, 0x0, 0x0,
    0xdf, 0x90, 0x0, 0x0, 0x0, 0x3f, 0xfc, 0x0,
    0x0, 0x0, 0xd, 0xe7, 0xf8, 0x0, 0x0, 0xa,
    0xf4, 0xa, 0xf3, 0x0, 0x6, 0xf8, 0x0, 0x1e,
    0xe1, 0x2, 0xfc, 0x0, 0x0, 0x3f, 0xb0,

    /* U+0446 "ц" */
    0x5f, 0x40, 0x0, 0x7, 0xf2, 0x5, 0xf4, 0x0,
    0x0, 0x7f, 0x20, 0x5f, 0x40, 0x0, 0x7, 0xf2,
    0x5, 0xf4, 0x0, 0x0, 0x7f, 0x20, 0x5f, 0x40,
    0x0, 0x7, 0xf2, 0x5, 0xf4, 0x0, 0x0, 0x7f,
    0x20, 0x5f, 0x40, 0x0, 0x7, 0xf2, 0x5, 0xf4,
    0x0, 0x0, 0x7f, 0x20, 0x5f, 0x74, 0x44, 0x4a,
    0xf6, 0x15, 0xff, 0xff, 0xff, 0xff, 0xf6, 0x0,
    0x0, 0x0, 0x0, 0xd, 0x60, 0x0, 0x0, 0x0,
    0x0, 0xd6, 0x0, 0x0, 0x0, 0x0, 0x6, 0x30,

    /* U+0447 "ч" */
    0xbf, 0x0, 0x0, 0x9f, 0xbf, 0x0, 0x0, 0x9f,
    0xaf, 0x0, 0x0, 0x9f, 0x9f, 0x0, 0x0, 0x9f,
    0x5f, 0x91, 0x0, 0xaf, 0x9, 0xff, 0xff, 0xff,
    0x0, 0x13, 0x33, 0xbf, 0x0, 0x0, 0x0, 0x9f,
    0x0, 0x0, 0x0, 0x9f, 0x0, 0x0, 0x0, 0x9f,

    /* U+0448 "ш" */
    0x5f, 0x40, 0x0, 0x9f, 0x0, 0x0, 0xcd, 0x5f,
    0x40, 0x0, 0x9f, 0x0, 0x0, 0xcd, 0x5f, 0x40,
    0x0, 0x9f, 0x0, 0x0, 0xcd, 0x5f, 0x40, 0x0,
    0x9f, 0x0, 0x0, 0xcd, 0x5f, 0x40, 0x0, 0x9f,
    0x0, 0x0, 0xcd, 0x5f, 0x40, 0x0, 0x9f, 0x0,
    0x0, 0xcd, 0x5f, 0x40, 0x0, 0x9f, 0x0, 0x0,
    0xcd, 0x5f, 0x40, 0x0, 0x9f, 0x0, 0x0, 0xcd,
    0x5f, 0x74, 0x44, 0xbf, 0x54, 0x44, 0xdd, 0x5f,
    0xff, 0xff, 0xff, 0xff, 0xff, 0xfd,

    /* U+0449 "щ" */
    0x5f, 0x40, 0x0, 0x9f, 0x0, 0x0, 0xcd, 0x0,
    0x5f, 0x40, 0x0, 0x9f, 0x0, 0x0, 0xcd, 0x0,
    0x5f, 0x40, 0x0, 0x9f, 0x0, 0x0, 0xcd, 0x0,
    0x5f, 0x40, 0x0, 0x9f, 0x0, 0x0, 0xcd, 0x0,
    0x5f, 0x40, 0x0, 0x9f, 0x0, 0x0, 0xcd, 0x0,
    0x5f, 0x40, 0x0, 0x9f, 0x0, 0x0, 0xcd, 0x0,
    0x5f, 0x40, 0x0, 0x9f, 0x0, 0x0, 0xcd, 0x0,
    0x5f, 0x40, 0x0, 0x9f, 0x0, 0x0, 0xcd, 0x0,
    0x5f, 0x74, 0x44, 0xbf, 0x54, 0x44, 0xde, 0x40,
    0x5f, 0xff, 0xff, 0xff, 0xff, 0xff, 0xff, 0xf2,
    0x0, 0x0, 0x0, 0x0, 0x0, 0x0, 0x2, 0xf2,
    0x0, 0x0, 0x0, 0x0, 0x0, 0x0, 0x2, 0xf2,
    0x0, 0x0, 0x0, 0x0, 0x0, 0x0, 0x1, 0x70,

    /* U+044A "ъ" */
    0x7f, 0xff, 0xf5, 0x0, 0x0, 0x0, 0x24, 0x47,
    0xf5, 0x0, 0x0, 0x0, 0x0, 0x4, 0xf5, 0x0,
    0x0, 0x0, 0x0, 0x4, 0xf6, 0x0, 0x0, 0x0,
    0x0, 0x4, 0xff, 0xff, 0xfc, 0x50, 0x0, 0x4,
    0xf8, 0x33, 0x5c, 0xf4, 0x0, 0x4, 0xf5, 0x0,
    0x2, 0xf9, 0x0, 0x4, 0xf5, 0x0, 0x2, 0xf9,
    0x0, 0x4, 0xf8, 0x44, 0x6d, 0xf4, 0x0, 0x4,
    0xff, 0xff, 0xeb, 0x40,

    /* U+044B "ы" */
    0x5f, 0x40, 0x0, 0x0, 0x0, 0xf9, 0x5f, 0x40,
    0x0, 0x0, 0x0, 0xf9, 0x5f, 0x40, 0x0, 0x0,
    0x0, 0xf9, 0x5f, 0x40, 0x0, 0x0, 0x0, 0xf9,
    0x5f, 0xff, 0xff, 0xc4, 0x0, 0xf9, 0x5f, 0x73,
    0x36, 0xdf, 0x30, 0xf9, 0x5f, 0x40, 0x0, 0x4f,
    0x70, 0xf9, 0x5f, 0x40, 0x0, 0x4f, 0x70, 0xf9,
    0x5f, 0x74, 0x46, 0xef, 0x20, 0xf9, 0x5f, 0xff,
    0xfe, 0xb3, 0x0, 0xf9,

    /* U+044C "ь" */
    0x5f, 0x40, 0x0, 0x0, 0x5, 0xf4, 0x0, 0x0,
    0x0, 0x5f, 0x40, 0x0, 0x0, 0x5, 0xf4, 0x0,
    0x0, 0x0, 0x5f, 0xff, 0xff, 0xc4, 0x5, 0xf7,
    0x33, 0x6d, 0xf3, 0x5f, 0x40, 0x0, 0x4f, 0x75,
    0xf4, 0x0, 0x4, 0xf7, 0x5f, 0x74, 0x46, 0xef,
    0x25, 0xff, 0xff, 0xeb, 0x30,

    /* U+044D "э" */
    0x8d, 0xff, 0xc5, 0x0, 0xd8, 0x66, 0xbf, 0x80,
    0x0, 0x0, 0xa, 0xf3, 0x0, 0x0, 0x2, 0xf9,
    0xe, 0xff, 0xff, 0xfb, 0x3, 0x33, 0x33, 0xfb,
    0x0, 0x0, 0x2, 0xf9, 0x0, 0x0, 0xa, 0xf3,
    0xe8, 0x67, 0xdf, 0x90, 0x8d, 0xff, 0xc6, 0x0,

    /* U+044E "ю" */
    0x4f, 0x50, 0x0, 0x8d, 0xfe, 0xa2, 0x0, 0x4f,
    0x50, 0xb, 0xfa, 0x68, 0xfe, 0x20, 0x4f, 0x50,
    0x6f, 0x80, 0x0, 0x4f, 0xa0, 0x4f, 0x51, 0xbf,
    0x10, 0x0, 0xc, 0xf0, 0x4f, 0xff, 0xfe, 0x0,
    0x0, 0x9, 0xf2, 0x4f, 0x74, 0xde, 0x0, 0x0,
    0x9, 0xf2, 0x4f, 0x50, 0xbf, 0x10, 0x0, 0xc,
    0xf0, 0x4f, 0x50, 0x5f, 0x80, 0x0, 0x4f, 0xa0,
    0x4f, 0x50, 0xb, 0xfa, 0x68, 0xfe, 0x20, 0x4f,
    0x50, 0x0, 0x8d, 0xfe, 0xa2, 0x0,

    /* U+044F "я" */
    0x2, 0xae, 0xff, 0xff, 0x40, 0xdf, 0x74, 0x48,
    0xf4, 0x3f, 0x70, 0x0, 0x5f, 0x44, 0xf6, 0x0,
    0x5, 0xf4, 0x1f, 0xd3, 0x10, 0x5f, 0x40, 0x4d,
    0xff, 0xff, 0xf4, 0x0, 0x4f, 0x83, 0x7f, 0x40,
    0x2e, 0xa0, 0x5, 0xf4, 0xc, 0xd0, 0x0, 0x5f,
    0x49, 0xf2, 0x0, 0x5, 0xf4,

    /* U+0450 "ѐ" */
    0x3, 0x81, 0x0, 0x0, 0x0, 0x0, 0xbc, 0x0,
    0x0, 0x0, 0x0, 0xc, 0xa0, 0x0, 0x0, 0x0,
    0x0, 0x72, 0x0, 0x0, 0x0, 0x0, 0x0, 0x0,
    0x0, 0x0, 0x7d, 0xff, 0xb3, 0x0, 0xb, 0xfa,
    0x67, 0xdf, 0x30, 0x7f, 0x50, 0x0, 0x1e, 0xb0,
    0xcd, 0x0, 0x0, 0x9, 0xf0, 0xff, 0xff, 0xff,
    0xff, 0xf1, 0xfd, 0x33, 0x33, 0x33, 0x30, 0xdf,
    0x0, 0x0, 0x0, 0x0, 0x7f, 0x80, 0x0, 0x0,
    0x10, 0xb, 0xfc, 0x76, 0x8c, 0xb0, 0x0, 0x6c,
    0xff, 0xda, 0x40,

    /* U+0451 "ё" */
    0x0, 0x9c, 0x4, 0xc5, 0x0, 0x0, 0xcf, 0x5,
    0xf6, 0x0, 0x0, 0x0, 0x0, 0x0, 0x0, 0x0,
    0x0, 0x0, 0x0, 0x0, 0x0, 0x7d, 0xff, 0xb3,
    0x0, 0xb, 0xfa, 0x67, 0xdf, 0x30, 0x7f, 0x50,
    0x0, 0x1e, 0xb0, 0xcd, 0x0, 0x0, 0x9, 0xf0,
    0xff, 0xff, 0xff, 0xff, 0xf1, 0xfd, 0x33, 0x33,
    0x33, 0x30, 0xdf, 0x0, 0x0, 0x0, 0x0, 0x7f,
    0x80, 0x0, 0x0, 0x10, 0xb, 0xfc, 0x76, 0x8c,
    0xb0, 0x0, 0x6c, 0xff, 0xda, 0x40,

    /* U+0452 "ђ" */
    0x0, 0x95, 0x0, 0x0, 0x0, 0x0, 0xf, 0x90,
    0x0, 0x0, 0x0, 0x0, 0xf9, 0x0, 0x0, 0x0,
    0x0, 0xf, 0x90, 0x0, 0x0, 0x0, 0x9f, 0xff,
    0xff, 0xff, 0x50, 0x2, 0x4f, 0xb4, 0x44, 0x41,
    0x0, 0x0, 0xf9, 0x0, 0x10, 0x0, 0x0, 0xf,
    0x95, 0xef, 0xfa, 0x10, 0x0, 0xfd, 0xe7, 0x59,
    0xfa, 0x0, 0xf, 0xf2, 0x0, 0xb, 0xf0, 0x0,
    0xfc, 0x0, 0x0, 0x7f, 0x30, 0xf, 0x90, 0x0,
    0x6, 0xf3, 0x0, 0xf9, 0x0, 0x0, 0x7f, 0x20,
    0xf, 0x90, 0x0, 0xb, 0xd0, 0x0, 0x0, 0x0,
    0x3, 0xf6, 0x0, 0x0, 0x0, 0x2, 0xea, 0x0,
    0x0, 0x0, 0x6, 0xfa, 0x0, 0x0, 0x0, 0x0,
    0x64, 0x0, 0x0,

    /* U+0453 "ѓ" */
    0x0, 0x0, 0x2, 0x83, 0x0, 0x0, 0xc, 0xc0,
    0x0, 0x0, 0x8e, 0x10, 0x0, 0x3, 0xf3, 0x0,
    0x0, 0x0, 0x0, 0x0, 0x5f, 0xff, 0xff, 0xf9,
    0x5f, 0x74, 0x44, 0x42, 0x5f, 0x40, 0x0, 0x0,
    0x5f, 0x40, 0x0, 0x0, 0x5f, 0x40, 0x0, 0x0,
    0x5f, 0x40, 0x0, 0x0, 0x5f, 0x40, 0x0, 0x0,
    0x5f, 0x40, 0x0, 0x0, 0x5f, 0x40, 0x0, 0x0,
    0x5f, 0x40, 0x0, 0x0,

    /* U+0454 "є" */
    0x0, 0x7d, 0xff, 0xc6, 0xb, 0xf9, 0x66, 0x9b,
    0x7f, 0x60, 0x0, 0x0, 0xde, 0x0, 0x0, 0x0,
    0xff, 0xff, 0xff, 0xb0, 0xfd, 0x33, 0x33, 0x20,
    0xde, 0x0, 0x0, 0x0, 0x7f, 0x70, 0x0, 0x0,
    0xc, 0xfb, 0x66, 0x9b, 0x0, 0x8d, 0xfe, 0xc6,

    /* U+0455 "ѕ" */
    0x0, 0x7d, 0xff, 0xd9, 0x0, 0x9f, 0x96, 0x68,
    0xd0, 0xe, 0xb0, 0x0, 0x0, 0x0, 0xde, 0x20,
    0x0, 0x0, 0x4, 0xef, 0xd9, 0x50, 0x0, 0x1,
    0x59, 0xdf, 0xc0, 0x0, 0x0, 0x0, 0x7f, 0x60,
    0x10, 0x0, 0x4, 0xf7, 0xf, 0xa7, 0x57, 0xef,
    0x20, 0x8c, 0xef, 0xea, 0x20,

    /* U+0456 "і" */
    0x4f, 0x54, 0xf5, 0x0, 0x0, 0x0, 0x4f, 0x54,
    0xf5, 0x4f, 0x54, 0xf5, 0x4f, 0x54, 0xf5, 0x4f,
    0x54, 0xf5, 0x4f, 0x54, 0xf5,

    /* U+0457 "ї" */
    0x1c, 0x80, 0x8c, 0x11, 0xfa, 0xa, 0xf1, 0x0,
    0x0, 0x0, 0x0, 0x0, 0x0, 0x0, 0x0, 0x4f,
    0x50, 0x0, 0x4, 0xf5, 0x0, 0x0, 0x4f, 0x50,
    0x0, 0x4, 0xf5, 0x0, 0x0, 0x4f, 0x50, 0x0,
    0x4, 0xf5, 0x0, 0x0, 0x4f, 0x50, 0x0, 0x4,
    0xf5, 0x0, 0x0, 0x4f, 0x50, 0x0, 0x4, 0xf5,
    0x0,

    /* U+0458 "ј" */
    0x0, 0x0, 0x0, 0x4, 0xf5, 0x0, 0x4f, 0x50,
    0x0, 0x0, 0x0, 0x4f, 0x50, 0x4, 0xf5, 0x0,
    0x4f, 0x50, 0x4, 0xf5, 0x0, 0x4f, 0x50, 0x4,
    0xf5, 0x0, 0x4f, 0x50, 0x4, 0xf5, 0x0, 0x4f,
    0x50, 0x4, 0xf5, 0x0, 0x5f, 0x40, 0x6, 0xf3,
    0x16, 0xde, 0x5, 0xfc, 0x30,

    /* U+0459 "љ" */
    0x0, 0xa, 0xff, 0xff, 0xfc, 0x0, 0x0, 0x0,
    0x0, 0xa, 0xf4, 0x44, 0xec, 0x0, 0x0, 0x0,
    0x0, 0xa, 0xf0, 0x0, 0xec, 0x0, 0x0, 0x0,
    0x0, 0xa, 0xf0, 0x0, 0xec, 0x0, 0x0, 0x0,
    0x0, 0xc, 0xe0, 0x0, 0xef, 0xff, 0xe9, 0x10,
    0x0, 0xd, 0xc0, 0x0, 0xec, 0x34, 0x8f, 0xc0,
    0x0, 0xf, 0x90, 0x0, 0xec, 0x0, 0xa, 0xf1,
    0x0, 0x6f, 0x50, 0x0, 0xec, 0x0, 0xa, 0xf1,
    0x29, 0xfc, 0x0, 0x0, 0xed, 0x45, 0x8f, 0xc0,
    0x5d, 0x80, 0x0, 0x0, 0xef, 0xff, 0xd8, 0x10,

    /* U+045A "њ" */
    0x5f, 0x40, 0x0, 0xf, 0xb0, 0x0, 0x0, 0x5,
    0xf4, 0x0, 0x0, 0xfb, 0x0, 0x0, 0x0, 0x5f,
    0x40, 0x0, 0xf, 0xb0, 0x0, 0x0, 0x5, 0xf4,
    0x0, 0x0, 0xfb, 0x0, 0x0, 0x0, 0x5f, 0xff,
    0xff, 0xff, 0xff, 0xfe, 0x81, 0x5, 0xf7, 0x33,
    0x33, 0xfc, 0x34, 0x8f, 0xb0, 0x5f, 0x40, 0x0,
    0xf, 0xb0, 0x0, 0xbf, 0x5, 0xf4, 0x0, 0x0,
    0xfb, 0x0, 0xb, 0xf0, 0x5f, 0x40, 0x0, 0xf,
    0xc4, 0x59, 0xfb, 0x5, 0xf4, 0x0, 0x0, 0xff,
    0xff, 0xd8, 0x0,

    /* U+045B "ћ" */
    0x0, 0x95, 0x0, 0x0, 0x0, 0x0, 0xf, 0x90,
    0x0, 0x0, 0x0, 0x0, 0xf9, 0x0, 0x0, 0x0,
    0x0, 0xf, 0x90, 0x0, 0x0, 0x0, 0x9f, 0xff,
    0xff, 0xff, 0x50, 0x2, 0x4f, 0xb4, 0x44, 0x41,
    0x0, 0x0, 0xf9, 0x0, 0x10, 0x0, 0x0, 0xf,
    0x95, 0xef, 0xfa, 0x0, 0x0, 0xfd, 0xe7, 0x5a,
    0xfa, 0x0, 0xf, 0xf3, 0x0, 0xb, 0xf0, 0x0,
    0xfc, 0x0, 0x0, 0x7f, 0x20, 0xf, 0x90, 0x0,
    0x6, 0xf3, 0x0, 0xf9, 0x0, 0x0, 0x6f, 0x30,
    0xf, 0x90, 0x0, 0x6, 0xf3,

    /* U+045C "ќ" */
    0x0, 0x0, 0x3, 0x81, 0x0, 0x0, 0x0, 0x1e,
    0xa0, 0x0, 0x0, 0x0, 0xbc, 0x0, 0x0, 0x0,
    0x6, 0xe1, 0x0, 0x0, 0x0, 0x0, 0x0, 0x0,
    0x0, 0x5f, 0x40, 0x0, 0xaf, 0x50, 0x5f, 0x40,
    0xa, 0xf5, 0x0, 0x5f, 0x40, 0x9f, 0x50, 0x0,
    0x5f, 0x49, 0xf6, 0x0, 0x0, 0x5f, 0xcf, 0xf7,
    0x0, 0x0, 0x5f, 0xf7, 0xaf, 0x30, 0x0, 0x5f,
    0x80, 0x1e, 0xd0, 0x0, 0x5f, 0x40, 0x4, 0xf8,
    0x0, 0x5f, 0x40, 0x0, 0x9f, 0x30, 0x5f, 0x40,
    0x0, 0xd, 0xe0,

    /* U+045D "ѝ" */
    0x3, 0x81, 0x0, 0x0, 0x0, 0x0, 0xdb, 0x0,
    0x0, 0x0, 0x0, 0x2e, 0x70, 0x0, 0x0, 0x0,
    0x4, 0xf3, 0x0, 0x0, 0x0, 0x0, 0x0, 0x0,
    0x0, 0x5f, 0x40, 0x0, 0x5f, 0xf1, 0x5f, 0x40,
    0x0, 0xdf, 0xf1, 0x5f, 0x40, 0x7, 0xfb, 0xf1,
    0x5f, 0x40, 0x1f, 0x88, 0xf1, 0x5f, 0x40, 0xae,
    0x8, 0xf1, 0x5f, 0x44, 0xf5, 0x8, 0xf1, 0x5f,
    0x4d, 0xc0, 0x8, 0xf1, 0x5f, 0xbf, 0x30, 0x8,
    0xf1, 0x5f, 0xf9, 0x0, 0x8, 0xf1, 0x5f, 0xe1,
    0x0, 0x8, 0xf1,

    /* U+045E "ў" */
    0x0, 0x25, 0x0, 0x7, 0x0, 0x0, 0x3, 0xe3,
    0x7, 0xd0, 0x0, 0x0, 0x8, 0xff, 0xe4, 0x0,
    0x0, 0x0, 0x1, 0x20, 0x0, 0x0, 0x4f, 0x70,
    0x0, 0x0, 0xce, 0x0, 0xdd, 0x0, 0x0, 0x2f,
    0x80, 0x7, 0xf3, 0x0, 0x8, 0xf2, 0x0, 0x1f,
    0x90, 0x0, 0xeb, 0x0, 0x0, 0xaf, 0x0, 0x5f,
    0x50, 0x0, 0x4, 0xf5, 0xb, 0xe0, 0x0, 0x0,
    0xe, 0xc1, 0xf9, 0x0, 0x0, 0x0, 0x7f, 0xaf,
    0x30, 0x0, 0x0, 0x1, 0xff, 0xc0, 0x0, 0x0,
    0x0, 0xb, 0xf6, 0x0, 0x0, 0x0, 0x0, 0xaf,
    0x0, 0x0, 0x0, 0x0, 0x1f, 0x90, 0x0, 0x0,
    0x3, 0x5c, 0xf2, 0x0, 0x0, 0x0, 0x9f, 0xd5,
    0x0, 0x0, 0x0,

    /* U+045F "џ" */
    0x5f, 0x40, 0x0, 0x7, 0xf2, 0x5f, 0x40, 0x0,
    0x7, 0xf2, 0x5f, 0x40, 0x0, 0x7, 0xf2, 0x5f,
    0x40, 0x0, 0x7, 0xf2, 0x5f, 0x40, 0x0, 0x7,
    0xf2, 0x5f, 0x40, 0x0, 0x7, 0xf2, 0x5f, 0x40,
    0x0, 0x7, 0xf2, 0x5f, 0x40, 0x0, 0x7, 0xf2,
    0x5f, 0x74, 0x44, 0x4a, 0xf2, 0x5f, 0xff, 0xff,
    0xff, 0xf2, 0x0, 0x0, 0xc8, 0x0, 0x0, 0x0,
    0x0, 0xc8, 0x0, 0x0, 0x0, 0x0, 0x64, 0x0,
    0x0,

    /* U+0460 "Ѡ" */
    0x2, 0xfe, 0x10, 0x0, 0x0, 0x3f, 0xd0, 0x0,
    0xaf, 0x50, 0x0, 0x0, 0x0, 0x9f, 0x70, 0x1f,
    0xd0, 0x0, 0x0, 0x0, 0x1, 0xfe, 0x6, 0xf7,
    0x0, 0x0, 0x0, 0x0, 0xa, 0xf3, 0xbf, 0x20,
    0x0, 0x0, 0x0, 0x0, 0x5f, 0x8d, 0xf0, 0x0,
    0x6, 0xd3, 0x0, 0x2, 0xfa, 0xfe, 0x0, 0x0,
    0x7f, 0x40, 0x0, 0x1f, 0xcf, 0xf0, 0x0, 0x8,
    0xf4, 0x0, 0x2, 0xfc, 0xdf, 0x10, 0x0, 0x9f,
    0x60, 0x0, 0x4f, 0xab, 0xf6, 0x0, 0xe, 0xfc,
    0x0, 0xa, 0xf8, 0x6f, 0xf8, 0x6c, 0xf8, 0xfb,
    0x59, 0xff, 0x30, 0xdf, 0xff, 0xfb, 0xd, 0xff,
    0xff, 0xa0, 0x1, 0xaf, 0xe9, 0x0, 0x2b, 0xfe,
    0x80, 0x0,

    /* U+0461 "ѡ" */
    0xa, 0xf1, 0x0, 0x0, 0x1, 0xfb, 0x1, 0xfb,
    0x0, 0x0, 0x0, 0xa, 0xf2, 0x6f, 0x60, 0x0,
    0x0, 0x0, 0x5f, 0x7a, 0xf2, 0x0, 0x0, 0x0,
    0x2, 0xfb, 0xcf, 0x0, 0x4, 0xf4, 0x0, 0xf,
    0xdc, 0xf1, 0x0, 0x4f, 0x50, 0x0, 0xfc, 0xaf,
    0x20, 0x6, 0xf7, 0x0, 0x2f, 0xb7, 0xf7, 0x0,
    0xbe, 0xb0, 0x7, 0xf7, 0x1e, 0xf7, 0x8f, 0x5f,
    0x87, 0xff, 0x10, 0x3c, 0xfe, 0x60, 0x6e, 0xfc,
    0x30,

    /* U+0462 "Ѣ" */
    0x0, 0x8, 0xf4, 0x0, 0x0, 0x0, 0x1, 0x11,
    0x8f, 0x51, 0x10, 0x0, 0x0, 0xbf, 0xff, 0xff,
    0xff, 0x80, 0x0, 0x3, 0x44, 0xaf, 0x74, 0x42,
    0x0, 0x0, 0x0, 0x8, 0xf5, 0x22, 0x10, 0x0,
    0x0, 0x0, 0x8f, 0xff, 0xff, 0xfb, 0x30, 0x0,
    0x8, 0xf8, 0x55, 0x59, 0xff, 0x20, 0x0, 0x8f,
    0x40, 0x0, 0x6, 0xf9, 0x0, 0x8, 0xf4, 0x0,
    0x0, 0x2f, 0xc0, 0x0, 0x8f, 0x40, 0x0, 0x2,
    0xfc, 0x0, 0x8, 0xf4, 0x0, 0x0, 0x8f, 0x90,
    0x0, 0x8f, 0x97, 0x78, 0xbf, 0xe1, 0x0, 0x8,
    0xff, 0xff, 0xfe, 0x91, 0x0,

    /* U+0463 "ѣ" */
    0x0, 0x7, 0x60, 0x0, 0x0, 0x0, 0x0, 0xe,
    0xc0, 0x0, 0x0, 0x0, 0x0, 0xe, 0xc0, 0x0,
    0x0, 0x0, 0x0, 0xe, 0xc0, 0x0, 0x0, 0x0,
    0xbf, 0xff, 0xff, 0xff, 0x70, 0x0, 0x34, 0x4e,
    0xd4, 0x44, 0x20, 0x0, 0x0, 0xe, 0xc0, 0x0,
    0x0, 0x0, 0x0, 0xe, 0xc0, 0x0, 0x0, 0x0,
    0x0, 0xe, 0xff, 0xff, 0xe8, 0x0, 0x0, 0xe,
    0xc3, 0x34, 0x9f, 0xa0, 0x0, 0xe, 0xc0, 0x0,
    0xc, 0xf0, 0x0, 0xe, 0xc0, 0x0, 0xc, 0xf0,
    0x0, 0xe, 0xd4, 0x45, 0xaf, 0xa0, 0x0, 0xe,
    0xff, 0xff, 0xd7, 0x0,

    /* U+0464 "Ѥ" */
    0x2f, 0xa0, 0x0, 0x4, 0xae, 0xfe, 0xc9, 0x22,
    0xfa, 0x0, 0xb, 0xfb, 0x53, 0x46, 0xcf, 0x2f,
    0xa0, 0xa, 0xf7, 0x0, 0x0, 0x0, 0x42, 0xfa,
    0x2, 0xfc, 0x0, 0x0, 0x0, 0x0, 0x2f, 0xa2,
    0x8f, 0x82, 0x22, 0x22, 0x0, 0x2, 0xff, 0xff,
    0xff, 0xff, 0xff, 0xf6, 0x0, 0x2f, 0xb5, 0xbf,
    0x85, 0x55, 0x55, 0x20, 0x2, 0xfa, 0x7, 0xf6,
    0x0, 0x0, 0x0, 0x0, 0x2f, 0xa0, 0x4f, 0xa0,
    0x0, 0x0, 0x0, 0x2, 0xfa, 0x0, 0xef, 0x10,
    0x0, 0x0, 0x0, 0x2f, 0xa0, 0x5, 0xfc, 0x10,
    0x0, 0x2, 0xb2, 0xfa, 0x0, 0x7, 0xff, 0xa7,
    0x7b, 0xff, 0x2f, 0xa0, 0x0, 0x3, 0xae, 0xff,
    0xc8, 0x10,

    /* U+0465 "ѥ" */
    0x4f, 0x50, 0x2, 0xae, 0xfe, 0xa2, 0x4f, 0x50,
    0x3f, 0xe8, 0x67, 0xb5, 0x4f, 0x50, 0xee, 0x10,
    0x0, 0x0, 0x4f, 0x53, 0xf8, 0x0, 0x0, 0x0,
    0x4f, 0xff, 0xff, 0xff, 0xf6, 0x0, 0x4f, 0x77,
    0xf8, 0x33, 0x31, 0x0, 0x4f, 0x53, 0xf8, 0x0,
    0x0, 0x0, 0x4f, 0x50, 0xdf, 0x20, 0x0, 0x0,
    0x4f, 0x50, 0x3f, 0xe8, 0x67, 0xb6, 0x4f, 0x50,
    0x2, 0xae, 0xfe, 0xc3,

    /* U+0466 "Ѧ" */
    0x0, 0x0, 0x0, 0x5f, 0xf2, 0x0, 0x0, 0x0,
    0x0, 0x0, 0x0, 0xdf, 0xfb, 0x0, 0x0, 0x0,
    0x0, 0x0, 0x6, 0xf9, 0xcf, 0x30, 0x0, 0x0,
    0x0, 0x0, 0xe, 0xf2, 0x4f, 0xb0, 0x0, 0x0,
    0x0, 0x0, 0x7f, 0x90, 0xc, 0xf4, 0x0, 0x0,
    0x0, 0x0, 0xef, 0x10, 0x4, 0xfc, 0x0, 0x0,
    0x0, 0x7, 0xf9, 0x0, 0x0, 0xcf, 0x40, 0x0,
    0x0, 0x1e, 0xff, 0xff, 0xff, 0xff, 0xd0, 0x0,
    0x0, 0x8f, 0xb8, 0x8f, 0xe8, 0x8c, 0xf5, 0x0,
    0x1, 0xff, 0x10, 0xf, 0xd0, 0x3, 0xfd, 0x0,
    0x8, 0xf7, 0x0, 0xf, 0xd0, 0x0, 0xaf, 0x60,
    0x1f, 0xe0, 0x0, 0xf, 0xd0, 0x0, 0x2f, 0xe0,
    0x9f, 0x60, 0x0, 0xf, 0xd0, 0x0, 0x9, 0xf6,

    /* U+0467 "ѧ" */
    0x0, 0x0, 0x1, 0xff, 0x30, 0x0, 0x0, 0x0,
    0x0, 0xa, 0xee, 0xc0, 0x0, 0x0, 0x0, 0x0,
    0x3f, 0x65, 0xf5, 0x0, 0x0, 0x0, 0x0, 0xcc,
    0x0, 0xbe, 0x0, 0x0, 0x0, 0x6, 0xf3, 0x0,
    0x2f, 0x70, 0x0, 0x0, 0xe, 0xff, 0xff, 0xff,
    0xf1, 0x0, 0x0, 0x8f, 0x32, 0xce, 0x23, 0xea,
    0x0, 0x2, 0xf8, 0x0, 0xcd, 0x0, 0x6f, 0x30,
    0xa, 0xe0, 0x0, 0xcd, 0x0, 0xd, 0xc0, 0x4f,
    0x60, 0x0, 0xcd, 0x0, 0x5, 0xf5,

    /* U+0468 "Ѩ" */
    0x3f, 0x80, 0x0, 0x0, 0x0, 0xaf, 0xe0, 0x0,
    0x0, 0x0, 0x3f, 0x80, 0x0, 0x0, 0x3, 0xff,
    0xf7, 0x0, 0x0, 0x0, 0x3f, 0x80, 0x0, 0x0,
    0xc, 0xf4, 0xee, 0x0, 0x0, 0x0, 0x3f, 0x80,
    0x0, 0x0, 0x5f, 0xc0, 0x7f, 0x70, 0x0, 0x0,
    0x3f, 0x92, 0x22, 0x22, 0xef, 0x40, 0xe, 0xf1,
    0x0, 0x0, 0x3f, 0xff, 0xff, 0xff, 0xfd, 0x0,
    0x8, 0xf8, 0x0, 0x0, 0x3f, 0xb5, 0x55, 0x6f,
    0xf5, 0x0, 0x1, 0xff, 0x10, 0x0, 0x3f, 0x80,
    0x0, 0x7f, 0xff, 0xff, 0xff, 0xff, 0x90, 0x0,
    0x3f, 0x80, 0x0, 0xef, 0x98, 0x9f, 0xc8, 0x8e,
    0xf1, 0x0, 0x3f, 0x80, 0x6, 0xfc, 0x0, 0x3f,
    0x80, 0x7, 0xf9, 0x0, 0x3f, 0x80, 0xe, 0xf3,
    0x0, 0x3f, 0x80, 0x0, 0xef, 0x20, 0x3f, 0x80,
    0x6f, 0xa0, 0x0, 0x3f, 0x80, 0x0, 0x5f, 0xa0,
    0x3f, 0x80, 0xdf, 0x20, 0x0, 0x3f, 0x80, 0x0,
    0xc, 0xf2,

    /* U+0469 "ѩ" */
    0x4f, 0x50, 0x0, 0x0, 0x2f, 0xf2, 0x0, 0x0,
    0x4, 0xf5, 0x0, 0x0, 0xa, 0xff, 0xb0, 0x0,
    0x0, 0x4f, 0x50, 0x0, 0x2, 0xf7, 0x7f, 0x40,
    0x0, 0x4, 0xf5, 0x0, 0x0, 0xac, 0x0, 0xdd,
    0x0, 0x0, 0x4f, 0x50, 0x0, 0x2f, 0x30, 0x3,
    0xf6, 0x0, 0x4, 0xff, 0xff, 0xff, 0xff, 0xff,
    0xff, 0xe1, 0x0, 0x4f, 0x62, 0x28, 0xe3, 0x2d,
    0xd2, 0x3f, 0x90, 0x4, 0xf5, 0x1, 0xe7, 0x0,
    0xdc, 0x0, 0x7f, 0x20, 0x4f, 0x50, 0xae, 0x0,
    0xd, 0xc0, 0x0, 0xeb, 0x4, 0xf5, 0x4f, 0x50,
    0x0, 0xdc, 0x0, 0x6, 0xf4,

    /* U+046A "Ѫ" */
    0x4f, 0xff, 0xff, 0xff, 0xff, 0xf8, 0x0, 0xbf,
    0xb7, 0x77, 0x79, 0xfe, 0x0, 0x2, 0xfe, 0x0,
    0x0, 0xaf, 0x60, 0x0, 0x8, 0xf8, 0x0, 0x3f,
    0xc0, 0x0, 0x0, 0xe, 0xf1, 0xc, 0xf3, 0x0,
    0x0, 0x0, 0x5f, 0xa6, 0xfa, 0x0, 0x0, 0x0,
    0x3, 0xff, 0xff, 0x50, 0x0, 0x0, 0x9, 0xff,
    0xff, 0xef, 0xb1, 0x0, 0xa, 0xfa, 0x1c, 0xf0,
    0x8f, 0xc0, 0x3, 0xfc, 0x0, 0xcf, 0x0, 0x9f,
    0x60, 0xaf, 0x40, 0xc, 0xf0, 0x1, 0xfc, 0xd,
    0xf0, 0x0, 0xcf, 0x0, 0xd, 0xf0, 0xfe, 0x0,
    0xc, 0xf0, 0x0, 0xcf, 0x10,

    /* U+046B "ѫ" */
    0xc, 0xff, 0xff, 0xff, 0xfc, 0x0, 0x3f, 0xe7,
    0x77, 0xef, 0x30, 0x0, 0xaf, 0x30, 0x3f, 0xa0,
    0x0, 0x1, 0xfc, 0xc, 0xf1, 0x0, 0x0, 0x8,
    0xfb, 0xf8, 0x0, 0x0, 0x3, 0xdf, 0xff, 0xd3,
    0x0, 0x1, 0xee, 0x9f, 0x9e, 0xf2, 0x0, 0x9f,
    0x45, 0xf4, 0x4f, 0x90, 0xd, 0xe0, 0x5f, 0x40,
    0xee, 0x0, 0xfc, 0x5, 0xf4, 0xb, 0xf0,

    /* U+046C "Ѭ" */
    0x3f, 0x80, 0xe, 0xff, 0xff, 0xff, 0xff, 0xfd,
    0x3, 0xf8, 0x0, 0x4f, 0xe7, 0x77, 0x77, 0xff,
    0x30, 0x3f, 0x80, 0x0, 0xaf, 0x30, 0x0, 0x5f,
    0x90, 0x3, 0xf8, 0x0, 0x1, 0xed, 0x0, 0xe,
    0xe0, 0x0, 0x3f, 0x92, 0x22, 0x28, 0xf6, 0x8,
    0xf5, 0x0, 0x3, 0xff, 0xff, 0xff, 0xff, 0xe2,
    0xfb, 0x0, 0x0, 0x3f, 0xb5, 0x55, 0x5d, 0xff,
    0xff, 0xd6, 0x0, 0x3, 0xf8, 0x0, 0xc, 0xfc,
    0xbf, 0xad, 0xf9, 0x0, 0x3f, 0x80, 0x8, 0xfa,
    0x7, 0xf4, 0x1c, 0xf5, 0x3, 0xf8, 0x1, 0xfe,
    0x0, 0x7f, 0x40, 0x2f, 0xd0, 0x3f, 0x80, 0x5f,
    0x80, 0x7, 0xf4, 0x0, 0xbf, 0x23, 0xf8, 0x9,
    0xf5, 0x0, 0x7f, 0x40, 0x8, 0xf5, 0x3f, 0x80,
    0xaf, 0x30, 0x7, 0xf4, 0x0, 0x6f, 0x60,

    /* U+046D "ѭ" */
    0x4f, 0x50, 0xef, 0xff, 0xff, 0xff, 0xa4, 0xf5,
    0x7, 0xfc, 0x77, 0x7f, 0xf2, 0x4f, 0x50, 0xe,
    0xe0, 0x4, 0xfa, 0x4, 0xf5, 0x0, 0x7f, 0x70,
    0xcf, 0x20, 0x4f, 0x50, 0x1, 0xfe, 0x4f, 0x90,
    0x4, 0xff, 0xff, 0xff, 0xff, 0xf4, 0x0, 0x4f,
    0x73, 0x4e, 0xfe, 0xfe, 0xf7, 0x4, 0xf5, 0x9,
    0xf6, 0x8f, 0x2b, 0xf4, 0x4f, 0x50, 0xfc, 0x8,
    0xf1, 0x2f, 0xa4, 0xf5, 0x2f, 0x90, 0x8f, 0x10,
    0xed,

    /* U+046E "Ѯ" */
    0x0, 0xb1, 0x1, 0xb5, 0x0, 0x0, 0x87, 0xb,
    0x50, 0x0, 0x0, 0x1e, 0x3d, 0x0, 0x0, 0x3,
    0x6e, 0xeb, 0x30, 0x0, 0x3f, 0xff, 0xef, 0xfa,
    0x0, 0x15, 0x10, 0x1, 0xaf, 0x60, 0x0, 0x0,
    0x0, 0x2f, 0xa0, 0x0, 0x0, 0x0, 0x2f, 0x90,
    0x0, 0x2, 0x25, 0xde, 0x20, 0x0, 0x5f, 0xff,
    0xd2, 0x0, 0x0, 0x15, 0x58, 0xee, 0x30, 0x0,
    0x0, 0x0, 0x1f, 0xd0, 0x0, 0x0, 0x0, 0xc,
    0xf0, 0x0, 0x0, 0x0, 0x2f, 0xd0, 0x4, 0x77,
    0x78, 0xef, 0x50, 0x7f, 0xff, 0xff, 0xb3, 0x0,
    0xeb, 0x0, 0x0, 0x0, 0x0, 0xf9, 0x0, 0x0,
    0x0, 0x0, 0xaf, 0x75, 0x55, 0x42, 0x0, 0x9,
    0xef, 0xff, 0xff, 0x10, 0x0, 0x0, 0x0, 0x2,
    0x0,

    /* U+046F "ѯ" */
    0x0, 0x0, 0x0, 0x0, 0x0, 0xa, 0x50, 0x1c,
    0x70, 0x0, 0x3c, 0x9, 0x60, 0x0, 0x0, 0xc6,
    0xe0, 0x0, 0x4, 0xae, 0xfe, 0x91, 0x0, 0x69,
    0x76, 0x9f, 0xe0, 0x0, 0x0, 0x0, 0x7f, 0x30,
    0x0, 0x11, 0x4c, 0xe0, 0x0, 0xe, 0xff, 0xc1,
    0x0, 0x0, 0x34, 0x6d, 0xd1, 0x0, 0x0, 0x0,
    0x3f, 0x60, 0x0, 0x0, 0x3, 0xf7, 0x0, 0x44,
    0x45, 0xdf, 0x10, 0xdf, 0xff, 0xfb, 0x20, 0x2f,
    0x40, 0x0, 0x0, 0x1, 0xf6, 0x1, 0x33, 0x0,
    0x4, 0xdf, 0xff, 0xf9, 0x0, 0x0, 0x0, 0x0,
    0x10,

    /* U+0470 "Ѱ" */
    0xae, 0x0, 0x0, 0xfd, 0x0, 0x0, 0x5d, 0xe3,
    0x5f, 0x50, 0x0, 0xfd, 0x0, 0x3, 0xf8, 0x20,
    0xf, 0xb0, 0x0, 0xfd, 0x0, 0xc, 0xd0, 0x0,
    0xa, 0xf1, 0x0, 0xfd, 0x0, 0x2f, 0x70, 0x0,
    0x4, 0xf6, 0x0, 0xfd, 0x0, 0x8f, 0x10, 0x0,
    0x0, 0xeb, 0x0, 0xfd, 0x0, 0xdc, 0x0, 0x0,
    0x0, 0x9f, 0x10, 0xfd, 0x3, 0xf6, 0x0, 0x0,
    0x0, 0x4f, 0x60, 0xfd, 0x9, 0xf1, 0x0, 0x0,
    0x0, 0xe, 0xc0, 0xfd, 0xe, 0xb0, 0x0, 0x0,
    0x0, 0x8, 0xff, 0xff, 0xff, 0x50, 0x0, 0x0,
    0x0, 0x2, 0x99, 0xfe, 0x99, 0x0, 0x0, 0x0,
    0x0, 0x0, 0x0, 0xfd, 0x0, 0x0, 0x0, 0x0,
    0x0, 0x0, 0x0, 0xfd, 0x0, 0x0, 0x0, 0x0,

    /* U+0471 "ѱ" */
    0x0, 0x0, 0x0, 0x57, 0x0, 0x0, 0x0, 0x0,
    0x0, 0x0, 0x0, 0xaf, 0x0, 0x0, 0x0, 0x0,
    0x0, 0x0, 0x0, 0xaf, 0x0, 0x0, 0x0, 0x0,
    0x0, 0x0, 0x0, 0xaf, 0x0, 0x0, 0x0, 0x0,
    0x6f, 0x50, 0x0, 0xaf, 0x0, 0x0, 0x5e, 0xf5,
    0xf, 0xb0, 0x0, 0xaf, 0x0, 0x3, 0xf9, 0x10,
    0xa, 0xf1, 0x0, 0xaf, 0x0, 0xb, 0xe0, 0x0,
    0x4, 0xf6, 0x0, 0xaf, 0x0, 0x1f, 0x80, 0x0,
    0x0, 0xec, 0x0, 0xaf, 0x0, 0x7f, 0x20, 0x0,
    0x0, 0x8f, 0x20, 0xaf, 0x0, 0xdc, 0x0, 0x0,
    0x0, 0x2f, 0x80, 0xaf, 0x3, 0xf6, 0x0, 0x0,
    0x0, 0xc, 0xe0, 0xaf, 0x9, 0xf1, 0x0, 0x0,
    0x0, 0x6, 0xfa, 0xdf, 0x9f, 0xb0, 0x0, 0x0,
    0x0, 0x1, 0xff, 0xff, 0xff, 0x50, 0x0, 0x0,
    0x0, 0x0, 0x0, 0xaf, 0x0, 0x0, 0x0, 0x0,
    0x0, 0x0, 0x0, 0xaf, 0x0, 0x0, 0x0, 0x0,
    0x0, 0x0, 0x0, 0xaf, 0x0, 0x0, 0x0, 0x0,
    0x0, 0x0, 0x0, 0xaf, 0x0, 0x0, 0x0, 0x0,

    /* U+0472 "Ѳ" */
    0x0, 0x7, 0xcf, 0xfd, 0x81, 0x0, 0x0, 0x2d,
    0xfb, 0x77, 0xaf, 0xe3, 0x0, 0xd, 0xf4, 0x0,
    0x0, 0x2e, 0xe1, 0x6, 0xf6, 0x0, 0x0, 0x0,
    0x3f, 0x90, 0xbf, 0x22, 0x22, 0x22, 0x22, 0xee,
    0xe, 0xff, 0xff, 0xff, 0xff, 0xff, 0xf1, 0xff,
    0x55, 0x55, 0x55, 0x55, 0xdf, 0x2e, 0xf0, 0x0,
    0x0, 0x0, 0xd, 0xf1, 0xbf, 0x40, 0x0, 0x0,
    0x1, 0xfe, 0x6, 0xfa, 0x0, 0x0, 0x0, 0x8f,
    0x90, 0xd, 0xf6, 0x0, 0x0, 0x4f, 0xe1, 0x0,
    0x2d, 0xfc, 0x77, 0xaf, 0xe3, 0x0, 0x0, 0x7,
    0xcf, 0xfd, 0x81, 0x0, 0x0,

    /* U+0473 "ѳ" */
    0x1, 0x9e, 0xfe, 0x91, 0x0, 0xd, 0xf9, 0x69,
    0xfd, 0x10, 0x8f, 0x40, 0x0, 0x5f, 0x80, 0xde,
    0x22, 0x22, 0x2e, 0xd0, 0xff, 0xff, 0xff, 0xff,
    0xf0, 0xfd, 0x55, 0x55, 0x5d, 0xf0, 0xde, 0x0,
    0x0, 0xe, 0xd0, 0x8f, 0x60, 0x0, 0x6f, 0x80,
    0xd, 0xf9, 0x69, 0xfd, 0x10, 0x1, 0x9e, 0xfe,
    0x91, 0x0,

    /* U+0474 "Ѵ" */
    0xaf, 0x30, 0x0, 0x0, 0x0, 0x3c, 0xfb, 0x4f,
    0x90, 0x0, 0x0, 0x1, 0xef, 0xca, 0xe, 0xe0,
    0x0, 0x0, 0x8, 0xf7, 0x0, 0x8, 0xf5, 0x0,
    0x0, 0xe, 0xe0, 0x0, 0x2, 0xfb, 0x0, 0x0,
    0x5f, 0x80, 0x0, 0x0, 0xbf, 0x10, 0x0, 0xbf,
    0x10, 0x0, 0x0, 0x5f, 0x70, 0x1, 0xfb, 0x0,
    0x0, 0x0, 0xe, 0xd0, 0x8, 0xf5, 0x0, 0x0,
    0x0, 0x9, 0xf3, 0xe, 0xe0, 0x0, 0x0, 0x0,
    0x3, 0xf9, 0x4f, 0x80, 0x0, 0x0, 0x0, 0x0,
    0xce, 0xbf, 0x20, 0x0, 0x0, 0x0, 0x0, 0x6f,
    0xfb, 0x0, 0x0, 0x0, 0x0, 0x0, 0x1f, 0xf5,
    0x0, 0x0, 0x0,

    /* U+0475 "ѵ" */
    0x6f, 0x50, 0x0, 0x0, 0x3d, 0xf7, 0xf, 0xb0,
    0x0, 0x1, 0xed, 0x52, 0xa, 0xf1, 0x0, 0x8,
    0xf3, 0x0, 0x4, 0xf6, 0x0, 0xe, 0xc0, 0x0,
    0x0, 0xec, 0x0, 0x4f, 0x60, 0x0, 0x0, 0x8f,
    0x20, 0xaf, 0x10, 0x0, 0x0, 0x2f, 0x81, 0xfa,
    0x0, 0x0, 0x0, 0xc, 0xe6, 0xf4, 0x0, 0x0,
    0x0, 0x6, 0xfe, 0xe0, 0x0, 0x0, 0x0, 0x1,
    0xff, 0x80, 0x0, 0x0,

    /* U+0476 "Ѷ" */
    0x0, 0x5, 0x21, 0x51, 0x0, 0x0, 0x0, 0x0,
    0x9, 0xd0, 0xad, 0x0, 0x0, 0x0, 0x0, 0x0,
    0xba, 0xc, 0x90, 0x0, 0x0, 0x0, 0x0, 0x0,
    0x0, 0x0, 0x0, 0x0, 0xaf, 0x30, 0x0, 0x0,
    0x0, 0x3c, 0xfb, 0x4f, 0x90, 0x0, 0x0, 0x1,
    0xef, 0xca, 0xe, 0xe0, 0x0, 0x0, 0x8, 0xf7,
    0x0, 0x8, 0xf5, 0x0, 0x0, 0xe, 0xe0, 0x0,
    0x2, 0xfb, 0x0, 0x0, 0x5f, 0x80, 0x0, 0x0,
    0xbf, 0x10, 0x0, 0xbf, 0x10, 0x0, 0x0, 0x5f,
    0x70, 0x1, 0xfb, 0x0, 0x0, 0x0, 0xe, 0xd0,
    0x8, 0xf5, 0x0, 0x0, 0x0, 0x9, 0xf3, 0xe,
    0xe0, 0x0, 0x0, 0x0, 0x3, 0xf9, 0x4f, 0x80,
    0x0, 0x0, 0x0, 0x0, 0xce, 0xbf, 0x20, 0x0,
    0x0, 0x0, 0x0, 0x6f, 0xfb, 0x0, 0x0, 0x0,
    0x0, 0x0, 0x1f, 0xf5, 0x0, 0x0, 0x0,

    /* U+0477 "ѷ" */
    0x0, 0x14, 0x1, 0x40, 0x0, 0x0, 0x0, 0x1e,
    0x81, 0xe6, 0x0, 0x0, 0x0, 0x4, 0xf1, 0x6e,
    0x0, 0x0, 0x0, 0x0, 0xa9, 0xc, 0x60, 0x0,
    0x0, 0x0, 0x0, 0x0, 0x0, 0x0, 0x6f, 0x50,
    0x0, 0x0, 0x3d, 0xf7, 0xf, 0xb0, 0x0, 0x1,
    0xed, 0x52, 0xa, 0xf1, 0x0, 0x8, 0xf3, 0x0,
    0x4, 0xf6, 0x0, 0xe, 0xc0, 0x0, 0x0, 0xec,
    0x0, 0x4f, 0x60, 0x0, 0x0, 0x8f, 0x20, 0xaf,
    0x10, 0x0, 0x0, 0x2f, 0x81, 0xfa, 0x0, 0x0,
    0x0, 0xc, 0xe6, 0xf4, 0x0, 0x0, 0x0, 0x6,
    0xfe, 0xe0, 0x0, 0x0, 0x0, 0x1, 0xff, 0x80,
    0x0, 0x0,

    /* U+0478 "Ѹ" */
    0x0, 0x8e, 0xfb, 0x20, 0x0, 0x0, 0x0, 0x0,
    0x0, 0x9f, 0x97, 0xde, 0x10, 0x0, 0x0, 0x0,
    0x0, 0x3f, 0x80, 0x1, 0xfa, 0x0, 0x0, 0x0,
    0x0, 0x8, 0xf1, 0x0, 0xb, 0xf5, 0xf5, 0x0,
    0x9, 0xf2, 0xcf, 0x0, 0x0, 0x8f, 0x3e, 0xc0,
    0x0, 0xfb, 0xe, 0xe0, 0x0, 0x7, 0xf5, 0x8f,
    0x20, 0x6f, 0x50, 0xfe, 0x0, 0x0, 0x7f, 0x62,
    0xf9, 0xc, 0xe0, 0xe, 0xe0, 0x0, 0x7, 0xf5,
    0xb, 0xf4, 0xf9, 0x0, 0xcf, 0x0, 0x0, 0x8f,
    0x30, 0x5f, 0xef, 0x20, 0x8, 0xf2, 0x0, 0xb,
    0xe0, 0x0, 0xef, 0xc0, 0x0, 0x3f, 0x80, 0x1,
    0xf9, 0x0, 0x9, 0xf6, 0x0, 0x0, 0xaf, 0x97,
    0xde, 0x10, 0x0, 0xcf, 0x0, 0x0, 0x0, 0x8e,
    0xfb, 0x20, 0x0, 0x2f, 0x90, 0x0, 0x0, 0x0,
    0x0, 0x0, 0x0, 0x8, 0xf3, 0x0, 0x0, 0x0,
    0x0, 0x0, 0x0, 0x0, 0xed, 0x0, 0x0, 0x0,
    0x0, 0x0, 0x0, 0x25, 0xaf, 0x50, 0x0, 0x0,
    0x0, 0x0, 0x0, 0x6, 0xfe, 0x80, 0x0, 0x0,
    0x0,

    /* U+0479 "ѹ" */
    0x2, 0xcf, 0xd5, 0xe, 0xc0, 0x0, 0x2f, 0x81,
    0xeb, 0x37, 0xf4, 0x8f, 0x20, 0x9, 0xf2, 0x7f,
    0x10, 0xc, 0xc2, 0xf9, 0x0, 0xfc, 0xd, 0xc0,
    0x0, 0x8f, 0x1b, 0xf0, 0x6f, 0x50, 0xfb, 0x0,
    0x6, 0xf4, 0x5f, 0x6c, 0xf0, 0xf, 0xb0, 0x0,
    0x7f, 0x40, 0xee, 0xf9, 0x0, 0xdd, 0x0, 0x8,
    0xf1, 0x8, 0xff, 0x30, 0x7, 0xf2, 0x0, 0xdc,
    0x0, 0x2f, 0xd0, 0x0, 0x1e, 0xd6, 0xaf, 0x40,
    0x6, 0xf6, 0x0, 0x0, 0x2c, 0xfd, 0x50, 0x0,
    0xbf, 0x10, 0x0, 0x0, 0x0, 0x0, 0x0, 0x1f,
    0xa0, 0x0, 0x0, 0x0, 0x0, 0x0, 0x8, 0xf3,
    0x0, 0x0, 0x0, 0x0, 0x0, 0x57, 0xfc, 0x0,
    0x0, 0x0, 0x0, 0x0, 0xf, 0xfb, 0x20, 0x0,
    0x0,

    /* U+047A "Ѻ" */
    0x0, 0x0, 0x0, 0x0, 0x0, 0x0, 0x0, 0x0,
    0x0, 0x3a, 0xef, 0xff, 0xff, 0xeb, 0x40, 0x0,
    0x5, 0xfe, 0x74, 0x7f, 0xb4, 0x6d, 0xf7, 0x0,
    0x1f, 0xe2, 0x0, 0x7, 0x20, 0x1, 0xdf, 0x30,
    0x8f, 0x70, 0x0, 0x0, 0x0, 0x0, 0x4f, 0xa0,
    0xcf, 0x10, 0x0, 0x0, 0x0, 0x0, 0xe, 0xf0,
    0xfe, 0x0, 0x0, 0x0, 0x0, 0x0, 0xc, 0xf1,
    0xfe, 0x0, 0x0, 0x0, 0x0, 0x0, 0xb, 0xf1,
    0xdf, 0x0, 0x0, 0x0, 0x0, 0x0, 0xe, 0xf0,
    0x9f, 0x50, 0x0, 0x0, 0x0, 0x0, 0x2f, 0xb0,
    0x2f, 0xd0, 0x0, 0x0, 0x0, 0x0, 0xbf, 0x40,
    0x7, 0xfd, 0x41, 0x29, 0x41, 0x3b, 0xfa, 0x0,
    0x0, 0x5d, 0xff, 0xff, 0xff, 0xfe, 0x70, 0x0,
    0x0, 0x0, 0x12, 0x6e, 0x93, 0x10, 0x0, 0x0,

    /* U+047B "ѻ" */
    0x1, 0xae, 0xff, 0xff, 0xd7, 0x0, 0xd, 0xe6,
    0x3e, 0x94, 0x9f, 0x90, 0x8f, 0x40, 0x1, 0x0,
    0xa, 0xf2, 0xde, 0x0, 0x0, 0x0, 0x4, 0xf7,
    0xfc, 0x0, 0x0, 0x0, 0x1, 0xfa, 0xfc, 0x0,
    0x0, 0x0, 0x1, 0xfa, 0xde, 0x0, 0x0, 0x0,
    0x3, 0xf7, 0x8f, 0x40, 0x1, 0x0, 0xa, 0xf2,
    0xd, 0xe6, 0x3e, 0x94, 0x9f, 0x90, 0x1, 0xae,
    0xff, 0xff, 0xd7, 0x0,

    /* U+047C "Ѽ" */
    0x0, 0x0, 0x0, 0x2, 0x9e, 0xfb, 0x10, 0x0,
    0x0, 0x0, 0x0, 0x0, 0x0, 0x9f, 0xd6, 0x3b,
    0x90, 0x0, 0x0, 0x0, 0x0, 0x0, 0x0, 0xa7,
    0x11, 0x12, 0xe0, 0x0, 0x0, 0x0, 0x0, 0x0,
    0x0, 0x0, 0x5f, 0xc0, 0x0, 0x0, 0x0, 0x0,
    0x0, 0x0, 0x0, 0x0, 0x18, 0xb0, 0x0, 0x0,
    0x0, 0x0, 0x1, 0xed, 0x10, 0x0, 0x4c, 0x30,
    0x0, 0xa, 0xf4, 0x0, 0x9, 0xf4, 0x0, 0x0,
    0x0, 0x0, 0x0, 0x1, 0xfd, 0x0, 0xf, 0xc0,
    0x0, 0x0, 0x0, 0x0, 0x0, 0x0, 0x8f, 0x30,
    0x5f, 0x60, 0x0, 0x0, 0x0, 0x0, 0x0, 0x0,
    0x2f, 0x90, 0x9f, 0x10, 0x0, 0x0, 0x0, 0x0,
    0x0, 0x0, 0xe, 0xd0, 0xde, 0x0, 0x0, 0x0,
    0x0, 0x0, 0x0, 0x0, 0xa, 0xf0, 0xec, 0x0,
    0x0, 0x0, 0x0, 0x0, 0x0, 0x0, 0x9, 0xf2,
    0xed, 0x0, 0x0, 0x0, 0x0, 0x0, 0x0, 0x0,
    0x9, 0xf2, 0xdf, 0x20, 0x0, 0x19, 0xef, 0xea,
    0x30, 0x0, 0xd, 0xf0, 0x9f, 0xd6, 0x58, 0xef,
    0xfe, 0xff, 0xfa, 0x65, 0xbf, 0xc0, 0x2f, 0xff,
    0xff, 0xe6, 0x0, 0x4, 0xdf, 0xff, 0xff, 0x50,
    0x3, 0xbf, 0xe9, 0x10, 0x0, 0x0, 0x7, 0xdf,
    0xc5, 0x0,

    /* U+047D "ѽ" */
    0x0, 0x0, 0x0, 0x5b, 0xfe, 0xa0, 0x0, 0x0,
    0x0, 0x0, 0x1, 0xca, 0x75, 0x4c, 0x70, 0x0,
    0x0, 0x0, 0x0, 0x0, 0xb, 0xf6, 0x0, 0x0,
    0x0, 0x0, 0x0, 0x0, 0x0, 0x3c, 0x50, 0x0,
    0x0, 0x0, 0x9, 0xf1, 0x0, 0xa, 0xa0, 0x0,
    0x9, 0xf2, 0x0, 0xfb, 0x0, 0x0, 0x0, 0x0,
    0x0, 0x3f, 0x80, 0x5f, 0x60, 0x0, 0x0, 0x0,
    0x0, 0x0, 0xed, 0x8, 0xf3, 0x0, 0x0, 0x0,
    0x0, 0x0, 0xb, 0xf0, 0x9f, 0x0, 0x0, 0x0,
    0x0, 0x0, 0x0, 0x8f, 0x29, 0xf0, 0x0, 0x0,
    0x0, 0x0, 0x0, 0x8, 0xf1, 0x7f, 0x30, 0x2,
    0xaf, 0xfd, 0x60, 0x0, 0xbf, 0x1, 0xfd, 0x68,
    0xfc, 0x54, 0x8f, 0xc6, 0x9f, 0x90, 0x3, 0xcf,
    0xd5, 0x0, 0x0, 0x19, 0xed, 0x80, 0x0,

    /* U+047E "Ѿ" */
    0x0, 0x4, 0xfe, 0xef, 0xee, 0xe2, 0x0, 0x0,
    0x0, 0xa, 0x0, 0xa0, 0x28, 0x0, 0x0, 0x0,
    0x0, 0x0, 0x0, 0x0, 0x0, 0x0, 0x0, 0x2f,
    0xe1, 0x0, 0x0, 0x3, 0xfd, 0x0, 0xa, 0xf5,
    0x0, 0x0, 0x0, 0x9, 0xf7, 0x1, 0xfd, 0x0,
    0x0, 0x0, 0x0, 0x1f, 0xe0, 0x6f, 0x70, 0x0,
    0x0, 0x0, 0x0, 0xaf, 0x3b, 0xf2, 0x0, 0x0,
    0x0, 0x0, 0x5, 0xf8, 0xdf, 0x0, 0x0, 0x6d,
    0x30, 0x0, 0x2f, 0xaf, 0xe0, 0x0, 0x7, 0xf4,
    0x0, 0x1, 0xfc, 0xff, 0x0, 0x0, 0x8f, 0x40,
    0x0, 0x2f, 0xcd, 0xf1, 0x0, 0x9, 0xf6, 0x0,
    0x4, 0xfa, 0xbf, 0x60, 0x0, 0xef, 0xc0, 0x0,
    0xaf, 0x86, 0xff, 0x86, 0xcf, 0x8f, 0xb5, 0x9f,
    0xf3, 0xd, 0xff, 0xff, 0xb0, 0xdf, 0xff, 0xfa,
    0x0, 0x1a, 0xfe, 0x90, 0x2, 0xbf, 0xe8, 0x0,

    /* U+047F "ѿ" */
    0x0, 0x2f, 0xed, 0xfe, 0xef, 0x30, 0x0, 0x0,
    0x81, 0x9, 0x0, 0x80, 0x0, 0x0, 0x0, 0x0,
    0x0, 0x0, 0x0, 0x0, 0xaf, 0x10, 0x0, 0x0,
    0x1f, 0xb0, 0x1f, 0xb0, 0x0, 0x0, 0x0, 0xaf,
    0x26, 0xf6, 0x0, 0x0, 0x0, 0x5, 0xf7, 0xaf,
    0x20, 0x0, 0x0, 0x0, 0x2f, 0xbc, 0xf0, 0x0,
    0x4f, 0x40, 0x0, 0xfd, 0xcf, 0x10, 0x4, 0xf5,
    0x0, 0xf, 0xca, 0xf2, 0x0, 0x6f, 0x70, 0x2,
    0xfb, 0x7f, 0x70, 0xb, 0xeb, 0x0, 0x7f, 0x71,
    0xef, 0x78, 0xf5, 0xf8, 0x7f, 0xf1, 0x3, 0xcf,
    0xe6, 0x6, 0xef, 0xc3, 0x0,

    /* U+0480 "Ҁ" */
    0x0, 0x6, 0xce, 0xfe, 0xb5, 0x0, 0x1d, 0xfd,
    0x87, 0x8c, 0xf8, 0xc, 0xf6, 0x0, 0x0, 0x4,
    0x76, 0xf9, 0x0, 0x0, 0x0, 0x0, 0xbf, 0x20,
    0x0, 0x0, 0x0, 0xe, 0xf0, 0x0, 0x0, 0x0,
    0x0, 0xfe, 0x0, 0x0, 0x0, 0x0, 0xe, 0xf0,
    0x0, 0x0, 0x0, 0x0, 0xcf, 0x10, 0x0, 0x0,
    0x0, 0x6, 0xf8, 0x0, 0x0, 0x0, 0x0, 0xd,
    0xf6, 0x0, 0x0, 0x0, 0x0, 0x2d, 0xfd, 0x87,
    0x77, 0x50, 0x0, 0x7, 0xce, 0xff, 0xfb, 0x0,
    0x0, 0x0, 0x0, 0xf, 0xb0, 0x0, 0x0, 0x0,
    0x0, 0xfb, 0x0, 0x0, 0x0, 0x0, 0xf, 0xb0,
    0x0, 0x0, 0x0, 0x0, 0xfb, 0x0,

    /* U+0481 "ҁ" */
    0x0, 0x7d, 0xff, 0xc6, 0xb, 0xfb, 0x76, 0x9b,
    0x6f, 0x80, 0x0, 0x0, 0xcf, 0x0, 0x0, 0x0,
    0xfc, 0x0, 0x0, 0x0, 0xfc, 0x0, 0x0, 0x0,
    0xde, 0x0, 0x0, 0x0, 0x7f, 0x70, 0x0, 0x0,
    0xc, 0xfa, 0x54, 0x40, 0x0, 0x8d, 0xff, 0xf2,
    0x0, 0x0, 0x9, 0xf2, 0x0, 0x0, 0x9, 0xf2,
    0x0, 0x0, 0x9, 0xf2, 0x0, 0x0, 0x9, 0xf2,

    /* U+0482 "҂" */
    0x0, 0x0, 0x0, 0x0, 0x0, 0x0, 0x70, 0x5d,
    0x30, 0x0, 0x7f, 0xee, 0xf1, 0x0, 0x0, 0x8f,
    0xfd, 0x30, 0x5, 0x2, 0xff, 0xff, 0x43, 0xfe,
    0xcf, 0x54, 0xa0, 0x8, 0xff, 0xf3, 0x0, 0x0,
    0xd, 0xff, 0xf7, 0x0, 0x6, 0xf9, 0x3c, 0x20,
    0x0, 0x19, 0x10, 0x0, 0x0,

    /* U+0483 "҃" */
    0x0, 0x0, 0x0, 0x1, 0x0, 0x0, 0x0, 0xe,
    0xf2, 0x1e, 0xff, 0xff, 0xff, 0x23, 0xff, 0x33,
    0x33, 0x10, 0x4, 0x20, 0x0, 0x0, 0x0,

    /* U+0484 "҄" */
    0x1, 0x8e, 0xfc, 0x20, 0x8f, 0xc5, 0x39, 0xc0,
    0x53, 0x0, 0x0, 0xa0,

    /* U+0485 "҅" */
    0x1, 0x12, 0xff, 0x2d, 0x40, 0xe1, 0x5, 0xc0,

    /* U+0486 "҆" */
    0x1, 0x12, 0xff, 0x4, 0xe0, 0x4c, 0x2c, 0x30,

    /* U+0487 "҇" */
    0x1, 0x8d, 0xee, 0xb6, 0x10, 0x0, 0x0, 0x2,
    0xee, 0x63, 0x48, 0xef, 0xc7, 0x31, 0x0, 0x9c,
    0x10, 0x0, 0x0, 0x49, 0xdf, 0xff, 0x10, 0x0,
    0x0, 0x0, 0x0, 0x0, 0x1, 0x10,

    /* U+0488 "҈" */
    0x0, 0x0, 0x0, 0x0, 0x0, 0x6, 0xdf, 0xd6,
    0x0, 0x0, 0x0, 0x0, 0x0, 0x0, 0x0, 0x0,
    0x0, 0x0, 0x1, 0xe5, 0x35, 0xe1, 0x0, 0x0,
    0x0, 0x0, 0x0, 0x0, 0x0, 0x6d, 0xfc, 0x30,
    0x0, 0x0, 0x0, 0x0, 0x3c, 0xfd, 0x60, 0x0,
    0x0, 0x0, 0x2f, 0x63, 0x9d, 0x0, 0x0, 0x0,
    0x0, 0xd, 0x93, 0x6f, 0x20, 0x0, 0x0, 0x2,
    0x50, 0x0, 0x70, 0x0, 0x0, 0x0, 0x0, 0x70,
    0x0, 0x52, 0x0, 0x0, 0x0, 0x0, 0x0, 0x0,
    0x0, 0x0, 0x0, 0x0, 0x0, 0x0, 0x0, 0x0,
    0x0, 0x0, 0x0, 0x0, 0x0, 0x0, 0x0, 0x0,
    0x0, 0x0, 0x0, 0x0, 0x0, 0x0, 0x0, 0x0,
    0x0, 0x0, 0x0, 0x0, 0x0, 0x0, 0x0, 0x0,
    0x0, 0x0, 0x0, 0x0, 0x5, 0xdf, 0xc3, 0x0,
    0x0, 0x0, 0x0, 0x0, 0x0, 0x0, 0x3, 0xcf,
    0xd5, 0x2, 0xf6, 0x38, 0xd0, 0x0, 0x0, 0x0,
    0x0, 0x0, 0x0, 0x0, 0xe8, 0x36, 0xf1, 0x25,
    0x0, 0x7, 0x0, 0x0, 0x0, 0x0, 0x0, 0x0,
    0x0, 0x7, 0x0, 0x5, 0x20, 0x0, 0x0, 0x0,
    0x0, 0x0, 0x0, 0x0, 0x0, 0x0, 0x0, 0x0,
    0x0, 0x0, 0x0, 0x0, 0x0, 0x0, 0x0, 0x0,
    0x0, 0x0, 0x0, 0x0, 0x0, 0x0, 0x0, 0x0,
    0x0, 0x0, 0x0, 0x0, 0x0, 0x0, 0x0, 0x0,
    0x0, 0x0, 0x0, 0x0, 0x0, 0x0, 0x0, 0x4d,
    0xfb, 0x20, 0x0, 0x0, 0x0, 0x0, 0x2b, 0xfd,
    0x40, 0x0, 0x0, 0x0, 0x1f, 0x73, 0xab, 0x0,
    0x0, 0x0, 0x0, 0xb, 0xa3, 0x7f, 0x10, 0x0,
    0x0, 0x4, 0xb0, 0x1, 0xf0, 0x0, 0x0, 0x0,
    0x0, 0xf1, 0x0, 0xb4, 0x0, 0x0, 0x0, 0x0,
    0x0, 0x0, 0x0, 0x4d, 0xfd, 0x30, 0x0, 0x0,
    0x0, 0x0, 0x0, 0x0, 0x0, 0x0, 0x0, 0x0,
    0xe, 0x83, 0x8e, 0x0, 0x0, 0x0, 0x0, 0x0,
    0x0, 0x0, 0x0, 0x0, 0x0, 0x2, 0x90, 0x0,
    0x91, 0x0, 0x0, 0x0, 0x0, 0x0,

    /* U+0489 "҉" */
    0x0, 0x0, 0x0, 0x0, 0x0, 0x0, 0x4, 0x0,
    0x0, 0x0, 0x0, 0x0, 0x0, 0x0, 0x0, 0x0,
    0x0, 0x0, 0x6, 0xe0, 0x0, 0x0, 0x0, 0x0,
    0x0, 0x0, 0x0, 0x0, 0x0, 0x0, 0x0, 0xea,
    0x0, 0x0, 0x0, 0x0, 0x0, 0x0, 0x0, 0x3,
    0xa0, 0x0, 0x0, 0x5f, 0x70, 0x0, 0x0, 0x0,
    0x0, 0x0, 0x0, 0x0, 0x3f, 0x50, 0x0, 0x7,
    0xf6, 0x0, 0x0, 0x0, 0x53, 0x0, 0x0, 0x0,
    0x0, 0xde, 0x10, 0x0, 0x0, 0x0, 0x0, 0x1b,
    0xff, 0x70, 0x0, 0x0, 0x0, 0x7, 0xfa, 0x0,
    0x0, 0x0, 0x0, 0xa, 0xfa, 0x10, 0x0, 0x0,
    0x0, 0x0, 0x7, 0x0, 0x0, 0x0, 0x0, 0x0,
    0x17, 0x0, 0x0, 0x0, 0x0, 0x0, 0x0, 0x0,
    0x0, 0x0, 0x0, 0x0, 0x0, 0x0, 0x0, 0x0,
    0x0, 0x0, 0x0, 0x0, 0x0, 0x0, 0x0, 0x0,
    0x0, 0x0, 0x0, 0x0, 0x0, 0x15, 0x10, 0x0,
    0x0, 0x0, 0x0, 0x0, 0x0, 0x0, 0x0, 0x0,
    0x0, 0x2, 0xef, 0xed, 0x10, 0x0, 0x0, 0x0,
    0x0, 0x0, 0x0, 0x1d, 0xb4, 0x0, 0x0, 0x7e,
    0xf1, 0x0, 0x0, 0x0, 0x0, 0x0, 0x0, 0x2,
    0xff, 0xfc, 0x10, 0x0, 0x0, 0x0, 0x0, 0x0,
    0x0, 0x0, 0x0, 0x0, 0x0, 0x4, 0x92, 0x0,
    0x0, 0x0, 0x0, 0x0, 0x0, 0x0, 0x0, 0x0,
    0x0, 0x0, 0x0, 0x0, 0x0, 0x0, 0x0, 0x0,
    0x0, 0x0, 0x0, 0x0, 0x0, 0x0, 0x0, 0x0,
    0x0, 0x0, 0x0, 0x0, 0x0, 0x0, 0x0, 0x0,
    0x0, 0x0, 0x0, 0x0, 0x0, 0x0, 0x0, 0x2e,
    0x40, 0x0, 0x0, 0x0, 0x0, 0x5e, 0x20, 0x0,
    0x0, 0x0, 0x0, 0x7f, 0xf8, 0x0, 0x0, 0x0,
    0x0, 0x8, 0xfa, 0x0, 0x0, 0x0, 0x0, 0xaf,
    0xa5, 0x0, 0x0, 0x24, 0x20, 0x0, 0xb, 0xe0,
    0x0, 0x0, 0x0, 0x0, 0x0, 0x0, 0x0, 0x7,
    0xf6, 0x0, 0x0, 0x2f, 0x40, 0x0, 0x0, 0x0,
    0x0, 0x0, 0x0, 0x0, 0x8f, 0x40, 0x0, 0x0,
    0x61, 0x0, 0x0, 0x0, 0x0, 0x0, 0x0, 0x0,
    0xc, 0xc0, 0x0, 0x0, 0x0, 0x0, 0x0, 0x0,
    0x0, 0x0, 0x0, 0x0, 0x0, 0xf3, 0x0, 0x0,
    0x0, 0x0, 0x0, 0x0,

    /* U+048A "Ҋ" */
    0x0, 0x7, 0x0, 0x5, 0x20, 0x0, 0x0, 0x0,
    0xd7, 0x3, 0xf2, 0x0, 0x0, 0x0, 0x4, 0xef,
    0xf7, 0x0, 0x0, 0x0, 0x0, 0x0, 0x10, 0x0,
    0x0, 0x0, 0x3f, 0x70, 0x0, 0x0, 0xef, 0xb0,
    0x3, 0xf7, 0x0, 0x0, 0x7f, 0xfb, 0x0, 0x3f,
    0x70, 0x0, 0x1f, 0xcf, 0xb0, 0x3, 0xf7, 0x0,
    0x9, 0xf4, 0xfb, 0x0, 0x3f, 0x70, 0x2, 0xfb,
    0xf, 0xb0, 0x3, 0xf7, 0x0, 0xaf, 0x20, 0xfb,
    0x0, 0x3f, 0x70, 0x2f, 0xa0, 0xf, 0xb0, 0x3,
    0xf7, 0xb, 0xf1, 0x0, 0xfb, 0x0, 0x3f, 0x73,
    0xf8, 0x0, 0xf, 0xb0, 0x3, 0xf7, 0xcf, 0x10,
    0x0, 0xfb, 0x0, 0x3f, 0xcf, 0x70, 0x0, 0xf,
    0xb0, 0x3, 0xff, 0xe0, 0x0, 0x0, 0xfd, 0x73,
    0x3f, 0xf6, 0x0, 0x0, 0xf, 0xff, 0x70, 0x0,
    0x0, 0x0, 0x0, 0xa, 0xe2, 0x0, 0x0, 0x0,
    0x0, 0x4, 0xf4, 0x0, 0x0, 0x0, 0x0, 0x0,
    0xe7, 0x0, 0x0, 0x0, 0x0, 0x0, 0x9a, 0x0,
    0x0,

    /* U+048B "ҋ" */
    0x0, 0x62, 0x0, 0x34, 0x0, 0x0, 0x9, 0xa1,
    0x1c, 0x60, 0x0, 0x0, 0x1d, 0xff, 0xb0, 0x0,
    0x0, 0x0, 0x2, 0x10, 0x0, 0x0, 0x4f, 0x50,
    0x0, 0x4f, 0xf2, 0x4, 0xf5, 0x0, 0xd, 0xff,
    0x20, 0x4f, 0x50, 0x6, 0xfb, 0xf2, 0x4, 0xf5,
    0x1, 0xe9, 0x7f, 0x20, 0x4f, 0x50, 0x9e, 0x17,
    0xf2, 0x4, 0xf5, 0x3f, 0x60, 0x7f, 0x20, 0x4f,
    0x5c, 0xd0, 0x7, 0xf2, 0x4, 0xfb, 0xf3, 0x0,
    0x7f, 0x20, 0x4f, 0xfa, 0x0, 0x7, 0xf7, 0x44,
    0xff, 0x10, 0x0, 0x7f, 0xfc, 0x0, 0x0, 0x0,
    0x0, 0x2f, 0x60, 0x0, 0x0, 0x0, 0xa, 0xc0,
    0x0, 0x0, 0x0, 0x2, 0xf2, 0x0, 0x0, 0x0,
    0x0, 0xa8, 0x0,

    /* U+048C "Ҍ" */
    0x3, 0xf8, 0x0, 0x0, 0x0, 0x0, 0x15, 0xf9,
    0x10, 0x0, 0x0, 0x0, 0xbf, 0xff, 0xf0, 0x0,
    0x0, 0x0, 0x37, 0xfa, 0x40, 0x0, 0x0, 0x0,
    0x3, 0xf9, 0x22, 0x10, 0x0, 0x0, 0x3, 0xff,
    0xff, 0xff, 0xd5, 0x0, 0x3, 0xfb, 0x55, 0x57,
    0xef, 0x60, 0x3, 0xf8, 0x0, 0x0, 0x2f, 0xd0,
    0x3, 0xf8, 0x0, 0x0, 0xd, 0xf0, 0x3, 0xf8,
    0x0, 0x0, 0xe, 0xf0, 0x3, 0xf8, 0x0, 0x0,
    0x3f, 0xd0, 0x3, 0xfc, 0x77, 0x7a, 0xff, 0x40,
    0x3, 0xff, 0xff, 0xfe, 0xb3, 0x0,

    /* U+048D "ҍ" */
    0x2, 0x82, 0x0, 0x0, 0x0, 0x4, 0xf5, 0x0,
    0x0, 0x0, 0x4, 0xf5, 0x0, 0x0, 0x0, 0xaf,
    0xff, 0xb0, 0x0, 0x0, 0x27, 0xf7, 0x20, 0x0,
    0x0, 0x4, 0xf5, 0x0, 0x0, 0x0, 0x4, 0xf5,
    0x10, 0x0, 0x0, 0x4, 0xff, 0xff, 0xfc, 0x40,
    0x4, 0xf7, 0x44, 0x5d, 0xf3, 0x4, 0xf5, 0x0,
    0x3, 0xf8, 0x4, 0xf5, 0x0, 0x3, 0xf8, 0x4,
    0xf8, 0x55, 0x7d, 0xf3, 0x4, 0xff, 0xff, 0xeb,
    0x40,

    /* U+048E "Ҏ" */
    0x3f, 0xff, 0xff, 0xc6, 0x0, 0x3f, 0xb7, 0x78,
    0xef, 0x90, 0x3f, 0x80, 0x0, 0x1e, 0xf1, 0x3f,
    0x80, 0x1a, 0x1a, 0xf3, 0x3f, 0x80, 0x1c, 0xed,
    0xf1, 0x3f, 0x92, 0x23, 0xef, 0xe0, 0x3f, 0xff,
    0xff, 0xfb, 0xfb, 0x3f, 0xb5, 0x43, 0x10, 0x33,
    0x3f, 0x80, 0x0, 0x0, 0x0, 0x3f, 0x80, 0x0,
    0x0, 0x0, 0x3f, 0x80, 0x0, 0x0, 0x0, 0x3f,
    0x80, 0x0, 0x0, 0x0, 0x3f, 0x80, 0x0, 0x0,
    0x0,

    /* U+048F "ҏ" */
    0x5f, 0x59, 0xef, 0xd5, 0x0, 0x5f, 0xea, 0x23,
    0xaf, 0x50, 0x5f, 0xc0, 0x0, 0xc, 0xe0, 0x5f,
    0x70, 0x0, 0x6, 0xf4, 0x5f, 0x40, 0x0, 0x4,
    0xf6, 0x5f, 0x50, 0x0, 0x4, 0xf6, 0x5f, 0x70,
    0x8, 0x37, 0xf4, 0x5f, 0xe1, 0xa, 0xee, 0xe0,
    0x5f, 0xcd, 0x77, 0xff, 0x60, 0x5f, 0x48, 0xef,
    0xde, 0xa0, 0x5f, 0x40, 0x0, 0x3, 0xf2, 0x5f,
    0x40, 0x0, 0x0, 0x10, 0x5f, 0x40, 0x0, 0x0,
    0x0, 0x5f, 0x40, 0x0, 0x0, 0x0,

    /* U+0490 "Ґ" */
    0x0, 0x0, 0x0, 0x4, 0x70, 0x0, 0x0, 0x0,
    0x9f, 0x0, 0x0, 0x0, 0x9, 0xf3, 0xff, 0xff,
    0xff, 0xff, 0x3f, 0xc7, 0x77, 0x77, 0x73, 0xf8,
    0x0, 0x0, 0x0, 0x3f, 0x80, 0x0, 0x0, 0x3,
    0xf8, 0x0, 0x0, 0x0, 0x3f, 0x80, 0x0, 0x0,
    0x3, 0xf8, 0x0, 0x0, 0x0, 0x3f, 0x80, 0x0,
    0x0, 0x3, 0xf8, 0x0, 0x0, 0x0, 0x3f, 0x80,
    0x0, 0x0, 0x3, 0xf8, 0x0, 0x0, 0x0, 0x3f,
    0x80, 0x0, 0x0, 0x3, 0xf8, 0x0, 0x0, 0x0,

    /* U+0491 "ґ" */
    0x0, 0x0, 0x0, 0x54, 0x0, 0x0, 0x0, 0xb9,
    0x0, 0x0, 0x0, 0xb9, 0x5f, 0xff, 0xff, 0xf9,
    0x5f, 0x74, 0x44, 0x42, 0x5f, 0x40, 0x0, 0x0,
    0x5f, 0x40, 0x0, 0x0, 0x5f, 0x40, 0x0, 0x0,
    0x5f, 0x40, 0x0, 0x0, 0x5f, 0x40, 0x0, 0x0,
    0x5f, 0x40, 0x0, 0x0, 0x5f, 0x40, 0x0, 0x0,
    0x5f, 0x40, 0x0, 0x0,

    /* U+0492 "Ғ" */
    0x0, 0x1f, 0xff, 0xff, 0xff, 0xf1, 0x0, 0x1f,
    0xd7, 0x77, 0x77, 0x70, 0x0, 0x1f, 0xb0, 0x0,
    0x0, 0x0, 0x0, 0x1f, 0xb0, 0x0, 0x0, 0x0,
    0x0, 0x1f, 0xb0, 0x0, 0x0, 0x0, 0x2, 0x3f,
    0xc2, 0x22, 0x21, 0x0, 0x6f, 0xff, 0xff, 0xff,
    0xf8, 0x0, 0x15, 0x5f, 0xc5, 0x55, 0x52, 0x0,
    0x0, 0x1f, 0xb0, 0x0, 0x0, 0x0, 0x0, 0x1f,
    0xb0, 0x0, 0x0, 0x0, 0x0, 0x1f, 0xb0, 0x0,
    0x0, 0x0, 0x0, 0x1f, 0xb0, 0x0, 0x0, 0x0,
    0x0, 0x1f, 0xb0, 0x0, 0x0, 0x0,

    /* U+0493 "ғ" */
    0x0, 0x3f, 0xff, 0xff, 0xfc, 0x0, 0x3f, 0xa6,
    0x66, 0x64, 0x0, 0x3f, 0x60, 0x0, 0x0, 0x12,
    0x5f, 0x82, 0x22, 0x0, 0x8f, 0xff, 0xff, 0xff,
    0x10, 0x25, 0x7f, 0x95, 0x55, 0x0, 0x0, 0x3f,
    0x60, 0x0, 0x0, 0x0, 0x3f, 0x60, 0x0, 0x0,
    0x0, 0x3f, 0x60, 0x0, 0x0, 0x0, 0x3f, 0x60,
    0x0, 0x0,

    /* U+0494 "Ҕ" */
    0x3f, 0xff, 0xff, 0xff, 0xf0, 0x3f, 0xc7, 0x77,
    0x77, 0x70, 0x3f, 0x80, 0x0, 0x0, 0x0, 0x3f,
    0x80, 0x0, 0x0, 0x0, 0x3f, 0x80, 0x0, 0x0,
    0x0, 0x3f, 0x92, 0x22, 0x10, 0x0, 0x3f, 0xff,
    0xff, 0xfe, 0x50, 0x3f, 0xb5, 0x55, 0x7e, 0xf3,
    0x3f, 0x80, 0x0, 0x4, 0xfa, 0x3f, 0x80, 0x0,
    0x0, 0xfc, 0x3f, 0x80, 0x0, 0x0, 0xfc, 0x3f,
    0x80, 0x0, 0x0, 0xfc, 0x3f, 0x80, 0x0, 0x0,
    0xfc, 0x0, 0x0, 0x0, 0x0, 0xfb, 0x0, 0x0,
    0x0, 0x4, 0xf9, 0x0, 0x0, 0x5, 0x9f, 0xf2,
    0x0, 0x0, 0xa, 0xfc, 0x40,

    /* U+0495 "ҕ" */
    0x5f, 0xff, 0xff, 0xf9, 0x5, 0xf9, 0x77, 0x77,
    0x40, 0x5f, 0x40, 0x0, 0x0, 0x5, 0xf4, 0x0,
    0x0, 0x0, 0x5f, 0x40, 0x0, 0x0, 0x5, 0xff,
    0xff, 0xfd, 0x40, 0x5f, 0x63, 0x35, 0xed, 0x5,
    0xf4, 0x0, 0x9, 0xf0, 0x5f, 0x40, 0x0, 0x8f,
    0x15, 0xf4, 0x0, 0x8, 0xf1, 0x0, 0x0, 0x0,
    0x8f, 0x10, 0x0, 0x0, 0xa, 0xf0, 0x0, 0x3,
    0x57, 0xfc, 0x0, 0x0, 0xaf, 0xeb, 0x10,

    /* U+0496 "Җ" */
    0x1d, 0xf4, 0x0, 0x0, 0x3f, 0x90, 0x0, 0x1,
    0xdf, 0x40, 0x1, 0xdf, 0x30, 0x0, 0x3f, 0x90,
    0x0, 0xc, 0xf5, 0x0, 0x0, 0x2e, 0xe2, 0x0,
    0x3f, 0x90, 0x0, 0xbf, 0x60, 0x0, 0x0, 0x3,
    0xfe, 0x20, 0x3f, 0x90, 0xa, 0xf8, 0x0, 0x0,
    0x0, 0x0, 0x3f, 0xd1, 0x3f, 0x90, 0x8f, 0x90,
    0x0, 0x0, 0x0, 0x0, 0xc, 0xfc, 0x3f, 0x97,
    0xff, 0x20, 0x0, 0x0, 0x0, 0x0, 0x6f, 0xbf,
    0xdf, 0xdf, 0xcf, 0xb0, 0x0, 0x0, 0x0, 0x1,
    0xec, 0x7, 0xff, 0xfc, 0x7, 0xf6, 0x0, 0x0,
    0x0, 0xb, 0xf3, 0x0, 0x8f, 0xd1, 0x0, 0xce,
    0x10, 0x0, 0x0, 0x5f, 0x80, 0x0, 0x3f, 0x90,
    0x0, 0x2f, 0xa0, 0x0, 0x1, 0xed, 0x0, 0x0,
    0x3f, 0x90, 0x0, 0x7, 0xf4, 0x0, 0xa, 0xf3,
    0x0, 0x0, 0x3f, 0x90, 0x0, 0x0, 0xce, 0x41,
    0x5f, 0x80, 0x0, 0x0, 0x3f, 0x90, 0x0, 0x0,
    0x2f, 0xf4, 0x0, 0x0, 0x0, 0x0, 0x0, 0x0,
    0x0, 0x0, 0x7, 0xf4, 0x0, 0x0, 0x0, 0x0,
    0x0, 0x0, 0x0, 0x0, 0x7, 0xf4, 0x0, 0x0,
    0x0, 0x0, 0x0, 0x0, 0x0, 0x0, 0x7, 0xf4,

    /* U+0497 "җ" */
    0x7, 0xf7, 0x0, 0xb, 0xe0, 0x0, 0x4f, 0xa0,
    0x0, 0x8f, 0x50, 0xb, 0xe0, 0x2, 0xfb, 0x0,
    0x0, 0xa, 0xf3, 0xb, 0xe0, 0x1e, 0xd1, 0x0,
    0x0, 0x0, 0xce, 0x2b, 0xe0, 0xde, 0x10, 0x0,
    0x0, 0x0, 0xaf, 0xdc, 0xeb, 0xfd, 0x0, 0x0,
    0x0, 0x5, 0xf8, 0xef, 0xff, 0x7f, 0x70, 0x0,
    0x0, 0x1e, 0xb0, 0x3f, 0xf6, 0x8, 0xf2, 0x0,
    0x0, 0xbf, 0x10, 0xb, 0xe0, 0x0, 0xdc, 0x0,
    0x6, 0xf5, 0x0, 0xb, 0xe0, 0x0, 0x2f, 0x60,
    0x1f, 0xa0, 0x0, 0xb, 0xe0, 0x0, 0x7, 0xfc,
    0x0, 0x0, 0x0, 0x0, 0x0, 0x0, 0x0, 0xdc,
    0x0, 0x0, 0x0, 0x0, 0x0, 0x0, 0x0, 0xdc,
    0x0, 0x0, 0x0, 0x0, 0x0, 0x0, 0x0, 0xa9,

    /* U+0498 "Ҙ" */
    0x4a, 0xdf, 0xfd, 0x92, 0x0, 0xbe, 0x98, 0x8a,
    0xff, 0x40, 0x30, 0x0, 0x0, 0x2f, 0xd0, 0x0,
    0x0, 0x0, 0xc, 0xf0, 0x0, 0x0, 0x0, 0xe,
    0xd0, 0x0, 0x12, 0x24, 0xbf, 0x50, 0x0, 0x8f,
    0xff, 0xf5, 0x0, 0x0, 0x25, 0x57, 0xcf, 0x80,
    0x0, 0x0, 0x0, 0xb, 0xf2, 0x0, 0x0, 0x0,
    0x7, 0xf5, 0x30, 0x0, 0x0, 0xc, 0xf2, 0xde,
    0x98, 0x8a, 0xef, 0x80, 0x4a, 0xdf, 0xfd, 0x93,
    0x0, 0x0, 0x0, 0xe2, 0x0, 0x0, 0x0, 0x0,
    0x99, 0x0, 0x0, 0x0, 0x31, 0xca, 0x0, 0x0,
    0x0, 0xdf, 0xd2, 0x0, 0x0,

    /* U+0499 "ҙ" */
    0x5c, 0xef, 0xea, 0x20, 0x7b, 0x87, 0xaf, 0xe0,
    0x0, 0x0, 0x9, 0xf3, 0x0, 0x0, 0x6, 0xe0,
    0x0, 0x1, 0x4a, 0x10, 0x0, 0xef, 0xff, 0xc0,
    0x0, 0x34, 0x5c, 0xf6, 0x0, 0x0, 0x2, 0xf7,
    0x87, 0x55, 0x7d, 0xf1, 0x8d, 0xff, 0xd9, 0x20,
    0x0, 0xd, 0x30, 0x0, 0x0, 0x8, 0xa0, 0x0,
    0x3, 0x1b, 0xa0, 0x0, 0xc, 0xfd, 0x30, 0x0,

    /* U+049A "Қ" */
    0x3f, 0x80, 0x0, 0x0, 0x9f, 0xa0, 0x3f, 0x80,
    0x0, 0x9, 0xfb, 0x0, 0x3f, 0x80, 0x0, 0x8f,
    0xb0, 0x0, 0x3f, 0x80, 0x8, 0xfb, 0x0, 0x0,
    0x3f, 0x80, 0x7f, 0xc0, 0x0, 0x0, 0x3f, 0x87,
    0xff, 0x50, 0x0, 0x0, 0x3f, 0xdf, 0xce, 0xe0,
    0x0, 0x0, 0x3f, 0xfd, 0x14, 0xf9, 0x0, 0x0,
    0x3f, 0xd1, 0x0, 0x9f, 0x40, 0x0, 0x3f, 0x80,
    0x0, 0xd, 0xe0, 0x0, 0x3f, 0x80, 0x0, 0x3,
    0xf9, 0x0, 0x3f, 0x80, 0x0, 0x0, 0x8f, 0x63,
    0x3f, 0x80, 0x0, 0x0, 0xd, 0xfd, 0x0, 0x0,
    0x0, 0x0, 0x0, 0xed, 0x0, 0x0, 0x0, 0x0,
    0x0, 0xed, 0x0, 0x0, 0x0, 0x0, 0x0, 0xed,

    /* U+049B "қ" */
    0x5f, 0x40, 0x0, 0xaf, 0x50, 0x5f, 0x40, 0x9,
    0xf6, 0x0, 0x5f, 0x40, 0x8f, 0x70, 0x0, 0x5f,
    0x47, 0xf8, 0x0, 0x0, 0x5f, 0xaf, 0xf5, 0x0,
    0x0, 0x5f, 0xfa, 0xce, 0x10, 0x0, 0x5f, 0xb0,
    0x2f, 0xa0, 0x0, 0x5f, 0x40, 0x5, 0xf5, 0x0,
    0x5f, 0x40, 0x0, 0x9e, 0x10, 0x5f, 0x40, 0x0,
    0xd, 0xf9, 0x0, 0x0, 0x0, 0x0, 0xf9, 0x0,
    0x0, 0x0, 0x0, 0xf9, 0x0, 0x0, 0x0, 0x0,
    0xc7,

    /* U+049C "Ҝ" */
    0x3f, 0x80, 0x0, 0x0, 0x9f, 0xa0, 0x3f, 0x80,
    0x0, 0x9, 0xfb, 0x0, 0x3f, 0x80, 0xe0, 0x8f,
    0xb0, 0x0, 0x3f, 0x80, 0xe8, 0xfb, 0x0, 0x0,
    0x3f, 0x80, 0xef, 0xc0, 0x0, 0x0, 0x3f, 0x87,
    0xff, 0x50, 0x0, 0x0, 0x3f, 0xdf, 0xfe, 0xe1,
    0x0, 0x0, 0x3f, 0xfc, 0xe4, 0xfa, 0x0, 0x0,
    0x3f, 0xd1, 0xe0, 0x9f, 0x50, 0x0, 0x3f, 0x80,
    0xe0, 0xd, 0xe1, 0x0, 0x3f, 0x80, 0x70, 0x3,
    0xfb, 0x0, 0x3f, 0x80, 0x0, 0x0, 0x8f, 0x60,
    0x3f, 0x80, 0x0, 0x0, 0xd, 0xf2,

    /* U+049D "ҝ" */
    0x5f, 0x40, 0x0, 0xaf, 0x50, 0x5f, 0x40, 0x9,
    0xf5, 0x0, 0x5f, 0x4e, 0x8f, 0x60, 0x0, 0x5f,
    0x4e, 0xf7, 0x0, 0x0, 0x5f, 0xbf, 0xf6, 0x0,
    0x0, 0x5f, 0xff, 0xbf, 0x20, 0x0, 0x5f, 0x8e,
    0x1e, 0xc0, 0x0, 0x5f, 0x4a, 0x4, 0xf8, 0x0,
    0x5f, 0x40, 0x0, 0x9f, 0x30, 0x5f, 0x40, 0x0,
    0xd, 0xd0,

    /* U+049E "Ҟ" */
    0x3, 0xf8, 0x0, 0x0, 0x9, 0xfa, 0x0, 0x4f,
    0x80, 0x0, 0x9, 0xfa, 0x0, 0xbf, 0xff, 0xf0,
    0x9, 0xfb, 0x0, 0x2, 0x6f, 0xa3, 0x8, 0xfb,
    0x0, 0x0, 0x3, 0xf8, 0x8, 0xfb, 0x0, 0x0,
    0x0, 0x3f, 0x88, 0xff, 0x50, 0x0, 0x0, 0x3,
    0xfe, 0xfb, 0xee, 0x10, 0x0, 0x0, 0x3f, 0xfb,
    0x4, 0xfa, 0x0, 0x0, 0x3, 0xfc, 0x0, 0x9,
    0xf5, 0x0, 0x0, 0x3f, 0x80, 0x0, 0xd, 0xe1,
    0x0, 0x3, 0xf8, 0x0, 0x0, 0x3f, 0xb0, 0x0,
    0x3f, 0x80, 0x0, 0x0, 0x8f, 0x60, 0x3, 0xf8,
    0x0, 0x0, 0x0, 0xdf, 0x20,

    /* U+049F "ҟ" */
    0x3, 0x92, 0x0, 0x0, 0x0, 0x7, 0xff, 0xff,
    0xf5, 0x0, 0x0, 0x7, 0xf5, 0x22, 0x0, 0x0,
    0x0, 0x5f, 0x40, 0x0, 0x0, 0x0, 0x5, 0xf4,
    0x0, 0xa, 0xf5, 0x0, 0x5f, 0x40, 0xa, 0xf5,
    0x0, 0x5, 0xf4, 0x9, 0xf5, 0x0, 0x0, 0x5f,
    0x49, 0xf6, 0x0, 0x0, 0x5, 0xfc, 0xff, 0x70,
    0x0, 0x0, 0x5f, 0xf7, 0xaf, 0x30, 0x0, 0x5,
    0xf8, 0x1, 0xed, 0x0, 0x0, 0x5f, 0x40, 0x4,
    0xf8, 0x0, 0x5, 0xf4, 0x0, 0x9, 0xf3, 0x0,
    0x5f, 0x40, 0x0, 0xd, 0xe0,

    /* U+04A0 "Ҡ" */
    0x9f, 0xff, 0xff, 0x20, 0x0, 0x1, 0xdf, 0x50,
    0x47, 0x77, 0xcf, 0x20, 0x0, 0x1d, 0xf5, 0x0,
    0x0, 0x0, 0x9f, 0x20, 0x1, 0xdf, 0x50, 0x0,
    0x0, 0x0, 0x9f, 0x20, 0x1d, 0xf5, 0x0, 0x0,
    0x0, 0x0, 0x9f, 0x21, 0xdf, 0x50, 0x0, 0x0,
    0x0, 0x0, 0x9f, 0x4d, 0xfe, 0x10, 0x0, 0x0,
    0x0, 0x0, 0x9f, 0xef, 0x9f, 0xa0, 0x0, 0x0,
    0x0, 0x0, 0x9f, 0xf6, 0x9, 0xf5, 0x0, 0x0,
    0x0, 0x0, 0x9f, 0x70, 0x0, 0xee, 0x10, 0x0,
    0x0, 0x0, 0x9f, 0x20, 0x0, 0x4f, 0xa0, 0x0,
    0x0, 0x0, 0x9f, 0x20, 0x0, 0x9, 0xf5, 0x0,
    0x0, 0x0, 0x9f, 0x20, 0x0, 0x0, 0xde, 0x10,
    0x0, 0x0, 0x9f, 0x20, 0x0, 0x0, 0x3f, 0xb0,

    /* U+04A1 "ҡ" */
    0xaf, 0xff, 0xf5, 0x0, 0x9, 0xf6, 0x3, 0x55,
    0x8f, 0x50, 0x8, 0xf7, 0x0, 0x0, 0x4, 0xf5,
    0x8, 0xf7, 0x0, 0x0, 0x0, 0x4f, 0x58, 0xf7,
    0x0, 0x0, 0x0, 0x4, 0xfc, 0xff, 0x90, 0x0,
    0x0, 0x0, 0x4f, 0xf8, 0x8f, 0x40, 0x0, 0x0,
    0x4, 0xf9, 0x0, 0xce, 0x10, 0x0, 0x0, 0x4f,
    0x50, 0x2, 0xfa, 0x0, 0x0, 0x4, 0xf5, 0x0,
    0x7, 0xf5, 0x0, 0x0, 0x4f, 0x50, 0x0, 0xc,
    0xe1,

    /* U+04A2 "Ң" */
    0x3f, 0x80, 0x0, 0x0, 0xf, 0xc0, 0x3, 0xf8,
    0x0, 0x0, 0x0, 0xfc, 0x0, 0x3f, 0x80, 0x0,
    0x0, 0xf, 0xc0, 0x3, 0xf8, 0x0, 0x0, 0x0,
    0xfc, 0x0, 0x3f, 0x92, 0x22, 0x22, 0x2f, 0xc0,
    0x3, 0xff, 0xff, 0xff, 0xff, 0xfc, 0x0, 0x3f,
    0xb5, 0x55, 0x55, 0x5f, 0xc0, 0x3, 0xf8, 0x0,
    0x0, 0x0, 0xfc, 0x0, 0x3f, 0x80, 0x0, 0x0,
    0xf, 0xc0, 0x3, 0xf8, 0x0, 0x0, 0x0, 0xfc,
    0x0, 0x3f, 0x80, 0x0, 0x0, 0xf, 0xc0, 0x3,
    0xf8, 0x0, 0x0, 0x0, 0xfd, 0x42, 0x3f, 0x80,
    0x0, 0x0, 0xf, 0xff, 0x80, 0x0, 0x0, 0x0,
    0x0, 0x3, 0xf8, 0x0, 0x0, 0x0, 0x0, 0x0,
    0x3f, 0x80, 0x0, 0x0, 0x0, 0x0, 0x3, 0xf8,

    /* U+04A3 "ң" */
    0x4f, 0x50, 0x0, 0x6, 0xf3, 0x4, 0xf5, 0x0,
    0x0, 0x6f, 0x30, 0x4f, 0x50, 0x0, 0x6, 0xf3,
    0x4, 0xf5, 0x0, 0x0, 0x7f, 0x30, 0x4f, 0xff,
    0xff, 0xff, 0xf3, 0x4, 0xf7, 0x33, 0x33, 0x8f,
    0x30, 0x4f, 0x50, 0x0, 0x6, 0xf3, 0x4, 0xf5,
    0x0, 0x0, 0x6f, 0x30, 0x4f, 0x50, 0x0, 0x6,
    0xf3, 0x4, 0xf5, 0x0, 0x0, 0x6f, 0xfd, 0x0,
    0x0, 0x0, 0x0, 0xc, 0xd0, 0x0, 0x0, 0x0,
    0x0, 0xcd, 0x0, 0x0, 0x0, 0x0, 0xa, 0xa0,

    /* U+04A4 "Ҥ" */
    0x3f, 0x80, 0x0, 0x0, 0xf, 0xff, 0xff, 0xff,
    0xf2, 0x3f, 0x80, 0x0, 0x0, 0xf, 0xe7, 0x77,
    0x77, 0x71, 0x3f, 0x80, 0x0, 0x0, 0xf, 0xc0,
    0x0, 0x0, 0x0, 0x3f, 0x80, 0x0, 0x0, 0xf,
    0xc0, 0x0, 0x0, 0x0, 0x3f, 0x92, 0x22, 0x22,
    0x2f, 0xc0, 0x0, 0x0, 0x0, 0x3f, 0xff, 0xff,
    0xff, 0xff, 0xc0, 0x0, 0x0, 0x0, 0x3f, 0xb5,
    0x55, 0x55, 0x5f, 0xc0, 0x0, 0x0, 0x0, 0x3f,
    0x80, 0x0, 0x0, 0xf, 0xc0, 0x0, 0x0, 0x0,
    0x3f, 0x80, 0x0, 0x0, 0xf, 0xc0, 0x0, 0x0,
    0x0, 0x3f, 0x80, 0x0, 0x0, 0xf, 0xc0, 0x0,
    0x0, 0x0, 0x3f, 0x80, 0x0, 0x0, 0xf, 0xc0,
    0x0, 0x0, 0x0, 0x3f, 0x80, 0x0, 0x0, 0xf,
    0xc0, 0x0, 0x0, 0x0, 0x3f, 0x80, 0x0, 0x0,
    0xf, 0xc0, 0x0, 0x0, 0x0,

    /* U+04A5 "ҥ" */
    0x4f, 0x50, 0x0, 0x6, 0xff, 0xff, 0xff, 0x84,
    0xf5, 0x0, 0x0, 0x6f, 0x97, 0x77, 0x73, 0x4f,
    0x50, 0x0, 0x6, 0xf3, 0x0, 0x0, 0x4, 0xf5,
    0x0, 0x0, 0x7f, 0x30, 0x0, 0x0, 0x4f, 0xff,
    0xff, 0xff, 0xf3, 0x0, 0x0, 0x4, 0xf7, 0x33,
    0x33, 0x8f, 0x30, 0x0, 0x0, 0x4f, 0x50, 0x0,
    0x6, 0xf3, 0x0, 0x0, 0x4, 0xf5, 0x0, 0x0,
    0x6f, 0x30, 0x0, 0x0, 0x4f, 0x50, 0x0, 0x6,
    0xf3, 0x0, 0x0, 0x4, 0xf5, 0x0, 0x0, 0x6f,
    0x30, 0x0, 0x0,

    /* U+04A6 "Ҧ" */
    0x3f, 0xff, 0xff, 0xff, 0xff, 0xc0, 0x0, 0x0,
    0x0, 0x3, 0xfc, 0x77, 0x77, 0x77, 0xfc, 0x0,
    0x0, 0x0, 0x0, 0x3f, 0x80, 0x0, 0x0, 0xf,
    0xc0, 0x0, 0x0, 0x0, 0x3, 0xf8, 0x0, 0x0,
    0x0, 0xfc, 0x0, 0x0, 0x0, 0x0, 0x3f, 0x80,
    0x0, 0x0, 0xf, 0xc0, 0x0, 0x0, 0x0, 0x3,
    0xf8, 0x0, 0x0, 0x0, 0xfc, 0x22, 0x22, 0x0,
    0x0, 0x3f, 0x80, 0x0, 0x0, 0xf, 0xff, 0xff,
    0xff, 0x80, 0x3, 0xf8, 0x0, 0x0, 0x0, 0xfd,
    0x55, 0x56, 0xdf, 0x70, 0x3f, 0x80, 0x0, 0x0,
    0xf, 0xc0, 0x0, 0x1, 0xfd, 0x3, 0xf8, 0x0,
    0x0, 0x0, 0xfc, 0x0, 0x0, 0xd, 0xf0, 0x3f,
    0x80, 0x0, 0x0, 0xf, 0xc0, 0x0, 0x0, 0xcf,
    0x3, 0xf8, 0x0, 0x0, 0x0, 0xfc, 0x0, 0x0,
    0xc, 0xf0, 0x3f, 0x80, 0x0, 0x0, 0xf, 0xc0,
    0x0, 0x0, 0xcf, 0x0, 0x0, 0x0, 0x0, 0x0,
    0x0, 0x0, 0x0, 0xd, 0xf0, 0x0, 0x0, 0x0,
    0x0, 0x0, 0x0, 0x0, 0x1, 0xfc, 0x0, 0x0,
    0x0, 0x0, 0x0, 0x0, 0x0, 0x38, 0xdf, 0x60,
    0x0, 0x0, 0x0, 0x0, 0x0, 0x0, 0x7, 0xfd,
    0x70, 0x0,

    /* U+04A7 "ҧ" */
    0x4f, 0xff, 0xff, 0xff, 0xf3, 0x0, 0x0, 0x0,
    0x4f, 0x85, 0x55, 0x59, 0xf3, 0x0, 0x0, 0x0,
    0x4f, 0x50, 0x0, 0x6, 0xf3, 0x0, 0x0, 0x0,
    0x4f, 0x50, 0x0, 0x6, 0xf3, 0x0, 0x0, 0x0,
    0x4f, 0x50, 0x0, 0x6, 0xf3, 0x0, 0x0, 0x0,
    0x4f, 0x50, 0x0, 0x6, 0xff, 0xff, 0xfc, 0x30,
    0x4f, 0x50, 0x0, 0x6, 0xf5, 0x33, 0x5e, 0xc0,
    0x4f, 0x50, 0x0, 0x6, 0xf3, 0x0, 0xa, 0xf0,
    0x4f, 0x50, 0x0, 0x6, 0xf3, 0x0, 0x9, 0xf0,
    0x4f, 0x50, 0x0, 0x6, 0xf3, 0x0, 0x9, 0xf0,
    0x0, 0x0, 0x0, 0x0, 0x0, 0x0, 0x9, 0xf0,
    0x0, 0x0, 0x0, 0x0, 0x0, 0x0, 0xa, 0xf0,
    0x0, 0x0, 0x0, 0x0, 0x0, 0x35, 0x7f, 0xb0,
    0x0, 0x0, 0x0, 0x0, 0x0, 0xaf, 0xea, 0x10,

    /* U+04A8 "Ҩ" */
    0x0, 0x4, 0xac, 0x0, 0x0, 0x0, 0x0, 0x0,
    0xa, 0xfe, 0x80, 0x5d, 0xfe, 0x70, 0x0, 0xa,
    0xfb, 0x0, 0x4f, 0xc5, 0xbf, 0x60, 0x3, 0xfc,
    0x0, 0xc, 0xf1, 0x0, 0xee, 0x0, 0x9f, 0x50,
    0x0, 0xfc, 0x0, 0xa, 0xf4, 0xd, 0xf0, 0x0,
    0x3f, 0xa0, 0x0, 0x7f, 0x60, 0xff, 0x0, 0x3,
    0xfa, 0x0, 0x7, 0xf6, 0xf, 0xf0, 0x0, 0x1f,
    0xc0, 0x0, 0x8f, 0x40, 0xdf, 0x10, 0x0, 0xef,
    0x10, 0xc, 0xf1, 0xa, 0xf4, 0x0, 0x8, 0xf8,
    0x3, 0xfc, 0x0, 0x4f, 0xb0, 0x0, 0x1e, 0xf5,
    0xdf, 0x40, 0x0, 0xaf, 0x70, 0x0, 0x4f, 0xff,
    0x80, 0x0, 0x0, 0xbf, 0xc8, 0x78, 0xef, 0xfa,
    0x77, 0x70, 0x0, 0x5b, 0xef, 0xeb, 0x59, 0xef,
    0xe7,

    /* U+04A9 "ҩ" */
    0x0, 0x7d, 0xe0, 0x0, 0x0, 0x0, 0xb, 0xfb,
    0x62, 0xcf, 0xc2, 0x0, 0x6f, 0x80, 0xc, 0xe5,
    0xfc, 0x0, 0xce, 0x0, 0x1f, 0x90, 0x9f, 0x10,
    0xfc, 0x0, 0x2f, 0x70, 0x8f, 0x20, 0xfc, 0x0,
    0x1f, 0x80, 0x8f, 0x10, 0xdf, 0x0, 0xd, 0xb0,
    0xcc, 0x0, 0x7f, 0x80, 0x5, 0xf6, 0xf4, 0x0,
    0xc, 0xfb, 0x76, 0xef, 0xd6, 0x73, 0x0, 0x7c,
    0xff, 0xc8, 0xdf, 0xe3,

    /* U+04AA "Ҫ" */
    0x0, 0x6, 0xce, 0xfe, 0xb5, 0x0, 0x2d, 0xfc,
    0x87, 0x8c, 0xf8, 0xd, 0xf6, 0x0, 0x0, 0x3,
    0x76, 0xf9, 0x0, 0x0, 0x0, 0x0, 0xbf, 0x20,
    0x0, 0x0, 0x0, 0xe, 0xf0, 0x0, 0x0, 0x0,
    0x0, 0xfe, 0x0, 0x0, 0x0, 0x0, 0xe, 0xf0,
    0x0, 0x0, 0x0, 0x0, 0xbf, 0x20, 0x0, 0x0,
    0x0, 0x6, 0xf9, 0x0, 0x0, 0x0, 0x0, 0xd,
    0xf6, 0x0, 0x0, 0x4, 0x70, 0x2d, 0xfc, 0x87,
    0x8c, 0xf8, 0x0, 0x6, 0xcf, 0xfe, 0xb5, 0x0,
    0x0, 0x0, 0xc, 0x50, 0x0, 0x0, 0x0, 0x0,
    0x7b, 0x0, 0x0, 0x0, 0x3, 0x1a, 0xc0, 0x0,
    0x0, 0x0, 0xbf, 0xe4, 0x0, 0x0,

    /* U+04AB "ҫ" */
    0x0, 0x7d, 0xff, 0xc6, 0xc, 0xfb, 0x76, 0x9b,
    0x7f, 0x80, 0x0, 0x0, 0xde, 0x0, 0x0, 0x0,
    0xfc, 0x0, 0x0, 0x0, 0xfc, 0x0, 0x0, 0x0,
    0xde, 0x0, 0x0, 0x0, 0x7f, 0x80, 0x0, 0x0,
    0xc, 0xfb, 0x76, 0x9b, 0x0, 0x7d, 0xff, 0xc6,
    0x0, 0x0, 0x3e, 0x0, 0x0, 0x0, 0xd, 0x50,
    0x0, 0x12, 0x2e, 0x60, 0x0, 0x2e, 0xfb, 0x0,

    /* U+04AC "Ҭ" */
    0xf, 0xff, 0xff, 0xff, 0xff, 0xff, 0x0, 0x77,
    0x77, 0xaf, 0xa7, 0x77, 0x70, 0x0, 0x0, 0x6,
    0xf6, 0x0, 0x0, 0x0, 0x0, 0x0, 0x6f, 0x60,
    0x0, 0x0, 0x0, 0x0, 0x6, 0xf6, 0x0, 0x0,
    0x0, 0x0, 0x0, 0x6f, 0x60, 0x0, 0x0, 0x0,
    0x0, 0x6, 0xf6, 0x0, 0x0, 0x0, 0x0, 0x0,
    0x6f, 0x60, 0x0, 0x0, 0x0, 0x0, 0x6, 0xf6,
    0x0, 0x0, 0x0, 0x0, 0x0, 0x6f, 0x60, 0x0,
    0x0, 0x0, 0x0, 0x6, 0xf6, 0x0, 0x0, 0x0,
    0x0, 0x0, 0x6f, 0x84, 0x0, 0x0, 0x0, 0x0,
    0x6, 0xff, 0xf2, 0x0, 0x0, 0x0, 0x0, 0x0,
    0x9f, 0x20, 0x0, 0x0, 0x0, 0x0, 0x9, 0xf2,
    0x0, 0x0, 0x0, 0x0, 0x0, 0x9f, 0x20, 0x0,

    /* U+04AD "ҭ" */
    0x7f, 0xff, 0xff, 0xff, 0xff, 0x37, 0x77, 0xcf,
    0x87, 0x77, 0x0, 0x0, 0x8f, 0x0, 0x0, 0x0,
    0x0, 0x8f, 0x0, 0x0, 0x0, 0x0, 0x8f, 0x0,
    0x0, 0x0, 0x0, 0x8f, 0x0, 0x0, 0x0, 0x0,
    0x8f, 0x0, 0x0, 0x0, 0x0, 0x8f, 0x0, 0x0,
    0x0, 0x0, 0x8f, 0x0, 0x0, 0x0, 0x0, 0x8f,
    0xfa, 0x0, 0x0, 0x0, 0x0, 0xfa, 0x0, 0x0,
    0x0, 0x0, 0xfa, 0x0, 0x0, 0x0, 0x0, 0xc8,
    0x0,

    /* U+04AE "Ү" */
    0xb, 0xf3, 0x0, 0x0, 0x3, 0xfb, 0x0, 0x1e,
    0xd0, 0x0, 0x0, 0xde, 0x10, 0x0, 0x5f, 0x90,
    0x0, 0x9f, 0x50, 0x0, 0x0, 0xaf, 0x40, 0x3f,
    0xa0, 0x0, 0x0, 0x1, 0xee, 0x1d, 0xe1, 0x0,
    0x0, 0x0, 0x4, 0xfe, 0xf4, 0x0, 0x0, 0x0,
    0x0, 0x9, 0xf9, 0x0, 0x0, 0x0, 0x0, 0x0,
    0x6f, 0x60, 0x0, 0x0, 0x0, 0x0, 0x6, 0xf6,
    0x0, 0x0, 0x0, 0x0, 0x0, 0x6f, 0x60, 0x0,
    0x0, 0x0, 0x0, 0x6, 0xf6, 0x0, 0x0, 0x0,
    0x0, 0x0, 0x6f, 0x60, 0x0, 0x0, 0x0, 0x0,
    0x6, 0xf6, 0x0, 0x0, 0x0,

    /* U+04AF "ү" */
    0x4f, 0x70, 0x0, 0x0, 0xce, 0x0, 0xdd, 0x0,
    0x0, 0x2f, 0x80, 0x7, 0xf3, 0x0, 0x9, 0xf2,
    0x0, 0x1f, 0x90, 0x0, 0xeb, 0x0, 0x0, 0xaf,
    0x0, 0x5f, 0x50, 0x0, 0x4, 0xf6, 0xb, 0xe0,
    0x0, 0x0, 0xd, 0xc1, 0xf9, 0x0, 0x0, 0x0,
    0x7f, 0xaf, 0x30, 0x0, 0x0, 0x1, 0xff, 0xc0,
    0x0, 0x0, 0x0, 0xa, 0xf6, 0x0, 0x0, 0x0,
    0x0, 0x7f, 0x30, 0x0, 0x0, 0x0, 0x7, 0xf3,
    0x0, 0x0, 0x0, 0x0, 0x7f, 0x30, 0x0, 0x0,
    0x0, 0x7, 0xf3, 0x0, 0x0,

    /* U+04B0 "Ұ" */
    0xa, 0xf3, 0x0, 0x0, 0x3, 0xfa, 0x0, 0x1e,
    0xe1, 0x0, 0x1, 0xee, 0x10, 0x0, 0x3f, 0xa0,
    0x0, 0xaf, 0x30, 0x0, 0x0, 0x8f, 0x60, 0x5f,
    0x80, 0x0, 0x0, 0x0, 0xcf, 0x4f, 0xc0, 0x0,
    0x0, 0x0, 0x2, 0xff, 0xf2, 0x0, 0x0, 0x0,
    0x0, 0x7, 0xf7, 0x0, 0x0, 0x0, 0x0, 0x12,
    0x7f, 0x72, 0x10, 0x0, 0x0, 0xb, 0xff, 0xff,
    0xfb, 0x0, 0x0, 0x0, 0x35, 0x9f, 0x95, 0x30,
    0x0, 0x0, 0x0, 0x6, 0xf6, 0x0, 0x0, 0x0,
    0x0, 0x0, 0x6f, 0x60, 0x0, 0x0, 0x0, 0x0,
    0x6, 0xf6, 0x0, 0x0, 0x0,

    /* U+04B1 "ұ" */
    0x4f, 0x70, 0x0, 0x0, 0xce, 0x0, 0xdd, 0x0,
    0x0, 0x2f, 0x80, 0x7, 0xf3, 0x0, 0x8, 0xf2,
    0x0, 0x1f, 0x90, 0x0, 0xec, 0x0, 0x0, 0xbf,
    0x0, 0x5f, 0x60, 0x0, 0x4, 0xf5, 0xb, 0xf0,
    0x0, 0x0, 0xe, 0xb1, 0xf9, 0x0, 0x0, 0x0,
    0x8f, 0x9f, 0x30, 0x0, 0x0, 0x1, 0xff, 0xd0,
    0x0, 0x0, 0x0, 0xb, 0xf7, 0x0, 0x0, 0x0,
    0x12, 0x8f, 0x52, 0x10, 0x0, 0xe, 0xff, 0xff,
    0xf8, 0x0, 0x0, 0x45, 0xaf, 0x75, 0x20, 0x0,
    0x0, 0x7, 0xf3, 0x0, 0x0,

    /* U+04B2 "Ҳ" */
    0x8, 0xf6, 0x0, 0x0, 0xb, 0xf2, 0x0, 0xde,
    0x10, 0x0, 0x6f, 0x70, 0x0, 0x3f, 0xb0, 0x2,
    0xfc, 0x0, 0x0, 0x8, 0xf5, 0xb, 0xf2, 0x0,
    0x0, 0x0, 0xde, 0x8f, 0x70, 0x0, 0x0, 0x0,
    0x3f, 0xfc, 0x0, 0x0, 0x0, 0x0, 0x1e, 0xf7,
    0x0, 0x0, 0x0, 0x0, 0xbf, 0xee, 0x10, 0x0,
    0x0, 0x6, 0xf8, 0x3f, 0xa0, 0x0, 0x0, 0x1f,
    0xd0, 0x8, 0xf5, 0x0, 0x0, 0xbf, 0x30, 0x0,
    0xde, 0x10, 0x7, 0xf7, 0x0, 0x0, 0x3f, 0xa3,
    0x2f, 0xc0, 0x0, 0x0, 0x7, 0xfc, 0x0, 0x0,
    0x0, 0x0, 0x0, 0xfc, 0x0, 0x0, 0x0, 0x0,
    0x0, 0xfc, 0x0, 0x0, 0x0, 0x0, 0x0, 0xfc,

    /* U+04B3 "ҳ" */
    0xc, 0xf2, 0x0, 0x6, 0xf8, 0x0, 0x2f, 0xc0,
    0x2, 0xfc, 0x0, 0x0, 0x6f, 0x80, 0xcf, 0x20,
    0x0, 0x0, 0xbf, 0xaf, 0x60, 0x0, 0x0, 0x1,
    0xef, 0xb0, 0x0, 0x0, 0x0, 0x2e, 0xf9, 0x0,
    0x0, 0x0, 0xc, 0xfa, 0xf5, 0x0, 0x0, 0x9,
    0xf6, 0xc, 0xe1, 0x0, 0x5, 0xf9, 0x0, 0x1e,
    0xb0, 0x2, 0xfc, 0x0, 0x0, 0x4f, 0xf1, 0x0,
    0x0, 0x0, 0x0, 0x8f, 0x10, 0x0, 0x0, 0x0,
    0x8, 0xf1, 0x0, 0x0, 0x0, 0x0, 0x6c, 0x0,

    /* U+04B4 "Ҵ" */
    0xf, 0xff, 0xff, 0xff, 0xff, 0xff, 0x2, 0xf9,
    0x0, 0x7, 0x77, 0x7a, 0xfa, 0x77, 0x77, 0x2,
    0xf9, 0x0, 0x0, 0x0, 0x6, 0xf6, 0x0, 0x0,
    0x2, 0xf9, 0x0, 0x0, 0x0, 0x6, 0xf6, 0x0,
    0x0, 0x2, 0xf9, 0x0, 0x0, 0x0, 0x6, 0xf6,
    0x0, 0x0, 0x2, 0xf9, 0x0, 0x0, 0x0, 0x6,
    0xf6, 0x0, 0x0, 0x2, 0xf9, 0x0, 0x0, 0x0,
    0x6, 0xf6, 0x0, 0x0, 0x2, 0xf9, 0x0, 0x0,
    0x0, 0x6, 0xf6, 0x0, 0x0, 0x2, 0xf9, 0x0,
    0x0, 0x0, 0x6, 0xf6, 0x0, 0x0, 0x2, 0xf9,
    0x0, 0x0, 0x0, 0x6, 0xf6, 0x0, 0x0, 0x2,
    0xf9, 0x0, 0x0, 0x0, 0x6, 0xf6, 0x0, 0x0,
    0x2, 0xf9, 0x0, 0x0, 0x0, 0x6, 0xfa, 0x77,
    0x77, 0x79, 0xfc, 0x72, 0x0, 0x0, 0x6, 0xff,
    0xff, 0xff, 0xff, 0xff, 0xf6, 0x0, 0x0, 0x0,
    0x0, 0x0, 0x0, 0x0, 0x6, 0xf6, 0x0, 0x0,
    0x0, 0x0, 0x0, 0x0, 0x0, 0x6, 0xf6, 0x0,
    0x0, 0x0, 0x0, 0x0, 0x0, 0x0, 0x4, 0xc4,

    /* U+04B5 "ҵ" */
    0xff, 0xff, 0xff, 0xff, 0xf7, 0x2f, 0x70, 0x7,
    0x77, 0x8f, 0xc7, 0x77, 0x32, 0xf7, 0x0, 0x0,
    0x0, 0xf9, 0x0, 0x0, 0x2f, 0x70, 0x0, 0x0,
    0xf, 0x90, 0x0, 0x2, 0xf7, 0x0, 0x0, 0x0,
    0xf9, 0x0, 0x0, 0x2f, 0x70, 0x0, 0x0, 0xf,
    0x90, 0x0, 0x2, 0xf7, 0x0, 0x0, 0x0, 0xf9,
    0x0, 0x0, 0x2f, 0x70, 0x0, 0x0, 0xf, 0x90,
    0x0, 0x2, 0xf7, 0x0, 0x0, 0x0, 0xfb, 0x55,
    0x55, 0x6f, 0xa5, 0x0, 0x0, 0xf, 0xff, 0xff,
    0xff, 0xff, 0xf1, 0x0, 0x0, 0x0, 0x0, 0x0,
    0x0, 0x8f, 0x10, 0x0, 0x0, 0x0, 0x0, 0x0,
    0x8, 0xf1, 0x0, 0x0, 0x0, 0x0, 0x0, 0x0,
    0x37, 0x0,

    /* U+04B6 "Ҷ" */
    0x7f, 0x50, 0x0, 0x3, 0xf9, 0x0, 0x7f, 0x50,
    0x0, 0x3, 0xf9, 0x0, 0x7f, 0x50, 0x0, 0x3,
    0xf9, 0x0, 0x5f, 0x80, 0x0, 0x3, 0xf9, 0x0,
    0x1f, 0xf5, 0x22, 0x25, 0xf9, 0x0, 0x4, 0xef,
    0xff, 0xff, 0xf9, 0x0, 0x0, 0x3, 0x55, 0x57,
    0xf9, 0x0, 0x0, 0x0, 0x0, 0x3, 0xf9, 0x0,
    0x0, 0x0, 0x0, 0x3, 0xf9, 0x0, 0x0, 0x0,
    0x0, 0x3, 0xf9, 0x0, 0x0, 0x0, 0x0, 0x3,
    0xf9, 0x0, 0x0, 0x0, 0x0, 0x3, 0xfb, 0x41,
    0x0, 0x0, 0x0, 0x3, 0xff, 0xf5, 0x0, 0x0,
    0x0, 0x0, 0x6, 0xf5, 0x0, 0x0, 0x0, 0x0,
    0x6, 0xf5, 0x0, 0x0, 0x0, 0x0, 0x6, 0xf5,

    /* U+04B7 "ҷ" */
    0xbf, 0x0, 0x0, 0x9f, 0x0, 0xbf, 0x0, 0x0,
    0x9f, 0x0, 0x9f, 0x0, 0x0, 0x9f, 0x0, 0x6f,
    0x91, 0x11, 0xaf, 0x0, 0xa, 0xff, 0xff, 0xff,
    0x0, 0x0, 0x13, 0x44, 0xbf, 0x0, 0x0, 0x0,
    0x0, 0x9f, 0x0, 0x0, 0x0, 0x0, 0x9f, 0x0,
    0x0, 0x0, 0x0, 0x9f, 0x0, 0x0, 0x0, 0x0,
    0x9f, 0xfa, 0x0, 0x0, 0x0, 0x0, 0xfa, 0x0,
    0x0, 0x0, 0x0, 0xfa, 0x0, 0x0, 0x0, 0x0,
    0xc7,

    /* U+04B8 "Ҹ" */
    0x7f, 0x50, 0x0, 0x3, 0xf9, 0x7f, 0x50, 0x0,
    0x3, 0xf9, 0x7f, 0x50, 0x0, 0x3, 0xf9, 0x5f,
    0x80, 0x5e, 0x3, 0xf9, 0x1f, 0xf5, 0x7e, 0x25,
    0xf9, 0x4, 0xef, 0xff, 0xff, 0xf9, 0x0, 0x3,
    0x9e, 0x57, 0xf9, 0x0, 0x0, 0x5e, 0x3, 0xf9,
    0x0, 0x0, 0x5e, 0x3, 0xf9, 0x0, 0x0, 0x4c,
    0x3, 0xf9, 0x0, 0x0, 0x0, 0x3, 0xf9, 0x0,
    0x0, 0x0, 0x3, 0xf9, 0x0, 0x0, 0x0, 0x3,
    0xf9,

    /* U+04B9 "ҹ" */
    0xbf, 0x0, 0x0, 0x9f, 0xbf, 0x0, 0x0, 0x9f,
    0x9f, 0x6, 0xa0, 0x9f, 0x6f, 0x99, 0xd1, 0xaf,
    0xa, 0xff, 0xff, 0xff, 0x0, 0x1a, 0xe4, 0xbf,
    0x0, 0x9, 0xd0, 0x9f, 0x0, 0x0, 0x0, 0x9f,
    0x0, 0x0, 0x0, 0x9f, 0x0, 0x0, 0x0, 0x9f,

    /* U+04BA "Һ" */
    0x7f, 0x50, 0x0, 0x0, 0x0, 0x7f, 0x50, 0x0,
    0x0, 0x0, 0x7f, 0x50, 0x0, 0x0, 0x0, 0x7f,
    0x50, 0x0, 0x0, 0x0, 0x7f, 0x62, 0x22, 0x10,
    0x0, 0x7f, 0xff, 0xff, 0xfd, 0x30, 0x7f, 0x85,
    0x55, 0x8f, 0xe0, 0x7f, 0x50, 0x0, 0x8, 0xf5,
    0x7f, 0x50, 0x0, 0x4, 0xf8, 0x7f, 0x50, 0x0,
    0x3, 0xf9, 0x7f, 0x50, 0x0, 0x3, 0xf9, 0x7f,
    0x50, 0x0, 0x3, 0xf9, 0x7f, 0x50, 0x0, 0x3,
    0xf9,

    /* U+04BB "һ" */
    0x39, 0x20, 0x0, 0x0, 0x5, 0xf4, 0x0, 0x0,
    0x0, 0x5f, 0x40, 0x0, 0x0, 0x5, 0xf4, 0x0,
    0x0, 0x0, 0x5f, 0x47, 0xdf, 0xd5, 0x5, 0xfc,
    0xd7, 0x7d, 0xf3, 0x5f, 0xd0, 0x0, 0x1f, 0xa5,
    0xf6, 0x0, 0x0, 0xcc, 0x5f, 0x40, 0x0, 0xb,
    0xd5, 0xf4, 0x0, 0x0, 0xbe, 0x5f, 0x40, 0x0,
    0xb, 0xe5, 0xf4, 0x0, 0x0, 0xbe, 0x5f, 0x40,
    0x0, 0xb, 0xe5, 0xf4, 0x0, 0x0, 0xbe,

    /* U+04BC "Ҽ" */
    0x0, 0x0, 0x0, 0x29, 0xdf, 0xfc, 0x81, 0x0,
    0x0, 0x0, 0x6, 0xff, 0x97, 0x7b, 0xfe, 0x20,
    0x76, 0x0, 0x4f, 0xd1, 0x0, 0x0, 0x4f, 0xd0,
    0xcc, 0x0, 0xcf, 0x30, 0x0, 0x0, 0x7, 0xf6,
    0x8f, 0x73, 0xfd, 0x22, 0x22, 0x22, 0x23, 0xfb,
    0xa, 0xff, 0xff, 0xff, 0xff, 0xff, 0xff, 0xfd,
    0x0, 0x16, 0xfc, 0x55, 0x55, 0x55, 0x55, 0x54,
    0x0, 0x1, 0xfc, 0x0, 0x0, 0x0, 0x0, 0x0,
    0x0, 0x0, 0xef, 0x0, 0x0, 0x0, 0x0, 0x0,
    0x0, 0x0, 0x8f, 0x60, 0x0, 0x0, 0x0, 0x0,
    0x0, 0x0, 0x1e, 0xf4, 0x0, 0x0, 0x3, 0xb0,
    0x0, 0x0, 0x2, 0xef, 0xc8, 0x78, 0xcf, 0xd0,
    0x0, 0x0, 0x0, 0x7, 0xcf, 0xfe, 0xb6, 0x0,

    /* U+04BD "ҽ" */
    0x0, 0x0, 0x7, 0xdf, 0xfb, 0x30, 0x2, 0x10,
    0xc, 0xfa, 0x67, 0xdf, 0x30, 0xd8, 0x7, 0xf5,
    0x0, 0x0, 0xdc, 0xa, 0xc2, 0xce, 0x0, 0x0,
    0x9, 0xf0, 0x1d, 0xff, 0xff, 0xff, 0xff, 0xff,
    0x20, 0x2, 0xfd, 0x33, 0x33, 0x33, 0x30, 0x0,
    0xc, 0xf0, 0x0, 0x0, 0x0, 0x0, 0x0, 0x6f,
    0x90, 0x0, 0x0, 0x10, 0x0, 0x0, 0xaf, 0xc7,
    0x68, 0xcc, 0x0, 0x0, 0x0, 0x6c, 0xff, 0xda,
    0x40,

    /* U+04BE "Ҿ" */
    0x0, 0x0, 0x0, 0x18, 0xdf, 0xfc, 0x60, 0x0,
    0x0, 0x0, 0x3, 0xef, 0xa7, 0x8c, 0xfc, 0x10,
    0x33, 0x0, 0x1e, 0xf4, 0x0, 0x0, 0x8f, 0xa0,
    0xdb, 0x0, 0x8f, 0x70, 0x0, 0x0, 0xc, 0xf3,
    0xbd, 0x0, 0xef, 0x0, 0x0, 0x0, 0x5, 0xf8,
    0x6f, 0x94, 0xfd, 0x22, 0x22, 0x22, 0x23, 0xfc,
    0x8, 0xff, 0xff, 0xff, 0xff, 0xff, 0xff, 0xfd,
    0x0, 0x16, 0xfc, 0x55, 0x55, 0x55, 0x55, 0x54,
    0x0, 0x1, 0xfc, 0x0, 0x0, 0x0, 0x0, 0x0,
    0x0, 0x0, 0xcf, 0x20, 0x0, 0x0, 0x0, 0x0,
    0x0, 0x0, 0x4f, 0xd2, 0x0, 0x0, 0x1, 0x80,
    0x0, 0x0, 0x6, 0xff, 0xb7, 0x78, 0xbf, 0xd0,
    0x0, 0x0, 0x0, 0x29, 0xdf, 0xff, 0xc7, 0x10,
    0x0, 0x0, 0x0, 0x0, 0xc, 0xc0, 0x0, 0x0,
    0x0, 0x0, 0x0, 0x0, 0xc, 0xc0, 0x0, 0x0,
    0x0, 0x0, 0x0, 0x0, 0xc, 0xc0, 0x0, 0x0,
    0x0, 0x0, 0x0, 0x0, 0xc, 0xc0, 0x0, 0x0,

    /* U+04BF "ҿ" */
    0x0, 0x0, 0x7, 0xdf, 0xfb, 0x30, 0x2, 0x10,
    0xc, 0xfa, 0x67, 0xdf, 0x30, 0xd8, 0x7, 0xf5,
    0x0, 0x0, 0xdc, 0xa, 0xc2, 0xce, 0x0, 0x0,
    0x9, 0xf0, 0x1d, 0xff, 0xff, 0xff, 0xff, 0xff,
    0x20, 0x2, 0xfd, 0x33, 0x33, 0x33, 0x30, 0x0,
    0xc, 0xf0, 0x0, 0x0, 0x0, 0x0, 0x0, 0x6f,
    0x80, 0x0, 0x0, 0x10, 0x0, 0x0, 0xbf, 0xb7,
    0x57, 0xbc, 0x0, 0x0, 0x0, 0x6c, 0xff, 0xeb,
    0x40, 0x0, 0x0, 0x0, 0xd, 0xa0, 0x0, 0x0,
    0x0, 0x0, 0x0, 0xda, 0x0, 0x0, 0x0, 0x0,
    0x0, 0x6, 0x50, 0x0, 0x0,

    /* U+04C0 "Ӏ" */
    0x3f, 0x83, 0xf8, 0x3f, 0x83, 0xf8, 0x3f, 0x83,
    0xf8, 0x3f, 0x83, 0xf8, 0x3f, 0x83, 0xf8, 0x3f,
    0x83, 0xf8, 0x3f, 0x80,

    /* U+04C1 "Ӂ" */
    0x0, 0x0, 0x0, 0x6, 0x30, 0x6, 0x30, 0x0,
    0x0, 0x0, 0x0, 0x0, 0x0, 0x6, 0xff, 0xfd,
    0x10, 0x0, 0x0, 0x0, 0x0, 0x0, 0x0, 0x0,
    0x2, 0x10, 0x0, 0x0, 0x0, 0x0, 0x0, 0x0,
    0x0, 0x0, 0x0, 0x0, 0x0, 0x0, 0x0, 0x0,
    0x1d, 0xf4, 0x0, 0x0, 0x3f, 0x90, 0x0, 0x1,
    0xdf, 0x40, 0x1, 0xdf, 0x30, 0x0, 0x3f, 0x90,
    0x0, 0xc, 0xf5, 0x0, 0x0, 0x1e, 0xf3, 0x0,
    0x3f, 0x90, 0x0, 0xbf, 0x60, 0x0, 0x0, 0x2,
    0xee, 0x20, 0x3f, 0x90, 0xa, 0xf7, 0x0, 0x0,
    0x0, 0x0, 0x3f, 0xe1, 0x3f, 0x90, 0x9f, 0x80,
    0x0, 0x0, 0x0, 0x0, 0xc, 0xfd, 0x4f, 0x98,
    0xff, 0x30, 0x0, 0x0, 0x0, 0x0, 0x7f, 0xaf,
    0xef, 0xef, 0xae, 0xc0, 0x0, 0x0, 0x0, 0x2,
    0xfc, 0x5, 0xff, 0xfb, 0x6, 0xf7, 0x0, 0x0,
    0x0, 0xb, 0xf2, 0x0, 0x7f, 0xc0, 0x0, 0xbf,
    0x20, 0x0, 0x0, 0x6f, 0x70, 0x0, 0x3f, 0x90,
    0x0, 0x2f, 0xc0, 0x0, 0x1, 0xec, 0x0, 0x0,
    0x3f, 0x90, 0x0, 0x6, 0xf6, 0x0, 0xa, 0xf3,
    0x0, 0x0, 0x3f, 0x90, 0x0, 0x0, 0xcf, 0x10,
    0x5f, 0x80, 0x0, 0x0, 0x3f, 0x90, 0x0, 0x0,
    0x2f, 0xb0,

    /* U+04C2 "ӂ" */
    0x0, 0x0, 0x6, 0xc1, 0x6, 0xd0, 0x0, 0x0,
    0x0, 0x0, 0x0, 0xcf, 0xfe, 0x40, 0x0, 0x0,
    0x0, 0x0, 0x0, 0x1, 0x20, 0x0, 0x0, 0x0,
    0x0, 0x0, 0x0, 0x0, 0x0, 0x0, 0x0, 0x0,
    0x6, 0xf7, 0x0, 0xb, 0xe0, 0x0, 0x4f, 0xa0,
    0x0, 0x7f, 0x50, 0xb, 0xe0, 0x3, 0xfb, 0x0,
    0x0, 0x9, 0xf4, 0xb, 0xe0, 0x2e, 0xc0, 0x0,
    0x0, 0x0, 0xaf, 0x3b, 0xe1, 0xed, 0x0, 0x0,
    0x0, 0x0, 0xcf, 0xed, 0xfd, 0xfe, 0x10, 0x0,
    0x0, 0x6, 0xf5, 0xcf, 0xfe, 0x4f, 0xa0, 0x0,
    0x0, 0x2f, 0xa0, 0x1d, 0xf2, 0x6, 0xf4, 0x0,
    0x0, 0xbe, 0x10, 0xb, 0xe0, 0x0, 0xce, 0x0,
    0x6, 0xf5, 0x0, 0xb, 0xe0, 0x0, 0x2f, 0x90,
    0x1f, 0xa0, 0x0, 0xb, 0xe0, 0x0, 0x7, 0xf4,

    /* U+04C3 "Ӄ" */
    0x3f, 0x80, 0x0, 0x2, 0xef, 0x43, 0xf8, 0x0,
    0x2, 0xef, 0x40, 0x3f, 0x80, 0x1, 0xef, 0x40,
    0x3, 0xf8, 0x1, 0xdf, 0x50, 0x0, 0x3f, 0x81,
    0xdf, 0x50, 0x0, 0x3, 0xfa, 0xdf, 0x71, 0x0,
    0x0, 0x3f, 0xff, 0xff, 0xfe, 0x50, 0x3, 0xfb,
    0x55, 0x57, 0xef, 0x30, 0x3f, 0x80, 0x0, 0x4,
    0xfa, 0x3, 0xf8, 0x0, 0x0, 0xf, 0xc0, 0x3f,
    0x80, 0x0, 0x0, 0xfc, 0x3, 0xf8, 0x0, 0x0,
    0xf, 0xc0, 0x3f, 0x80, 0x0, 0x0, 0xfc, 0x0,
    0x0, 0x0, 0x0, 0xf, 0xb0, 0x0, 0x0, 0x0,
    0x4, 0xf9, 0x0, 0x0, 0x0, 0x59, 0xff, 0x20,
    0x0, 0x0, 0xa, 0xfc, 0x40, 0x0,

    /* U+04C4 "ӄ" */
    0x5f, 0x50, 0x0, 0x5f, 0xb0, 0x5f, 0x50, 0x5,
    0xfb, 0x0, 0x5f, 0x50, 0x5f, 0xb0, 0x0, 0x5f,
    0x55, 0xfb, 0x0, 0x0, 0x5f, 0x9f, 0xc0, 0x0,
    0x0, 0x5f, 0xff, 0xff, 0xd4, 0x0, 0x5f, 0x73,
    0x35, 0xde, 0x0, 0x5f, 0x50, 0x0, 0x8f, 0x10,
    0x5f, 0x50, 0x0, 0x7f, 0x20, 0x5f, 0x50, 0x0,
    0x7f, 0x20, 0x0, 0x0, 0x0, 0x7f, 0x20, 0x0,
    0x0, 0x0, 0x9f, 0x10, 0x0, 0x3, 0x57, 0xec,
    0x0, 0x0, 0x9, 0xff, 0xb2, 0x0,

    /* U+04C5 "Ӆ" */
    0x0, 0x0, 0xff, 0xff, 0xff, 0xfc, 0x0, 0x0,
    0x0, 0xfd, 0x77, 0x77, 0xfc, 0x0, 0x0, 0x0,
    0xfb, 0x0, 0x0, 0xfc, 0x0, 0x0, 0x1, 0xfb,
    0x0, 0x0, 0xfc, 0x0, 0x0, 0x1, 0xfa, 0x0,
    0x0, 0xfc, 0x0, 0x0, 0x2, 0xf9, 0x0, 0x0,
    0xfc, 0x0, 0x0, 0x4, 0xf8, 0x0, 0x0, 0xfc,
    0x0, 0x0, 0x7, 0xf6, 0x0, 0x0, 0xfc, 0x0,
    0x0, 0xa, 0xf2, 0x0, 0x0, 0xfc, 0x0, 0x0,
    0xe, 0xe0, 0x0, 0x0, 0xfc, 0x0, 0x0, 0x7f,
    0x80, 0x0, 0x0, 0xfc, 0x0, 0x29, 0xfe, 0x10,
    0x0, 0x0, 0xfe, 0x74, 0x8f, 0xa1, 0x0, 0x0,
    0x0, 0xff, 0xf8, 0x10, 0x0, 0x0, 0x0, 0x0,
    0x9, 0xf2, 0x0, 0x0, 0x0, 0x0, 0x0, 0x3f,
    0x50, 0x0, 0x0, 0x0, 0x0, 0x0, 0xd8, 0x0,
    0x0, 0x0, 0x0, 0x0, 0x8, 0xb0, 0x0,

    /* U+04C6 "ӆ" */
    0x0, 0xa, 0xff, 0xff, 0xff, 0x0, 0x0, 0xa,
    0xf5, 0x55, 0xbf, 0x0, 0x0, 0xa, 0xf0, 0x0,
    0x9f, 0x0, 0x0, 0xb, 0xe0, 0x0, 0x9f, 0x0,
    0x0, 0xc, 0xd0, 0x0, 0x9f, 0x0, 0x0, 0xe,
    0xb0, 0x0, 0x9f, 0x0, 0x0, 0x2f, 0x70, 0x0,
    0x9f, 0x0, 0x0, 0x8f, 0x20, 0x0, 0x9f, 0x0,
    0x17, 0xfb, 0x0, 0x0, 0x9f, 0x53, 0x9f, 0xa0,
    0x0, 0x0, 0x9f, 0xfa, 0x21, 0x0, 0x0, 0x0,
    0x3, 0xf4, 0x0, 0x0, 0x0, 0x0, 0xb, 0xa0,
    0x0, 0x0, 0x0, 0x0, 0x3e, 0x10, 0x0, 0x0,
    0x0, 0x0, 0xc6, 0x0,

    /* U+04C7 "Ӈ" */
    0x3f, 0x80, 0x0, 0x0, 0xf, 0xc3, 0xf8, 0x0,
    0x0, 0x0, 0xfc, 0x3f, 0x80, 0x0, 0x0, 0xf,
    0xc3, 0xf8, 0x0, 0x0, 0x0, 0xfc, 0x3f, 0x80,
    0x0, 0x0, 0xf, 0xc3, 0xf9, 0x22, 0x22, 0x22,
    0xfc, 0x3f, 0xff, 0xff, 0xff, 0xff, 0xc3, 0xfb,
    0x55, 0x55, 0x55, 0xfc, 0x3f, 0x80, 0x0, 0x0,
    0xf, 0xc3, 0xf8, 0x0, 0x0, 0x0, 0xfc, 0x3f,
    0x80, 0x0, 0x0, 0xf, 0xc3, 0xf8, 0x0, 0x0,
    0x0, 0xfc, 0x3f, 0x80, 0x0, 0x0, 0xf, 0xc0,
    0x0, 0x0, 0x0, 0x1, 0xfb, 0x0, 0x0, 0x0,
    0x0, 0x5f, 0x80, 0x0, 0x0, 0x5, 0x9f, 0xf2,
    0x0, 0x0, 0x0, 0xbf, 0xc3, 0x0,

    /* U+04C8 "ӈ" */
    0x4f, 0x50, 0x0, 0x6, 0xf3, 0x4f, 0x50, 0x0,
    0x6, 0xf3, 0x4f, 0x50, 0x0, 0x6, 0xf3, 0x4f,
    0x50, 0x0, 0x6, 0xf3, 0x4f, 0x50, 0x0, 0x7,
    0xf3, 0x4f, 0xff, 0xff, 0xff, 0xf3, 0x4f, 0x73,
    0x33, 0x38, 0xf3, 0x4f, 0x50, 0x0, 0x6, 0xf3,
    0x4f, 0x50, 0x0, 0x6, 0xf3, 0x4f, 0x50, 0x0,
    0x6, 0xf3, 0x0, 0x0, 0x0, 0x6, 0xf3, 0x0,
    0x0, 0x0, 0x8, 0xf1, 0x0, 0x0, 0x35, 0x6e,
    0xd0, 0x0, 0x0, 0x8f, 0xfb, 0x20,

    /* U+04C9 "Ӊ" */
    0x3f, 0x80, 0x0, 0x0, 0xf, 0xc0, 0x3, 0xf8,
    0x0, 0x0, 0x0, 0xfc, 0x0, 0x3f, 0x80, 0x0,
    0x0, 0xf, 0xc0, 0x3, 0xf8, 0x0, 0x0, 0x0,
    0xfc, 0x0, 0x3f, 0x80, 0x0, 0x0, 0xf, 0xc0,
    0x3, 0xf9, 0x22, 0x22, 0x22, 0xfc, 0x0, 0x3f,
    0xff, 0xff, 0xff, 0xff, 0xc0, 0x3, 0xfb, 0x55,
    0x55, 0x55, 0xfc, 0x0, 0x3f, 0x80, 0x0, 0x0,
    0xf, 0xc0, 0x3, 0xf8, 0x0, 0x0, 0x0, 0xfc,
    0x0, 0x3f, 0x80, 0x0, 0x0, 0xf, 0xc0, 0x3,
    0xf8, 0x0, 0x0, 0x0, 0xfd, 0x53, 0x3f, 0x80,
    0x0, 0x0, 0xf, 0xff, 0x80, 0x0, 0x0, 0x0,
    0x0, 0x9, 0xf2, 0x0, 0x0, 0x0, 0x0, 0x3,
    0xf5, 0x0, 0x0, 0x0, 0x0, 0x0, 0xd8, 0x0,
    0x0, 0x0, 0x0, 0x0, 0x8b, 0x0, 0x0,

    /* U+04CA "ӊ" */
    0x4f, 0x50, 0x0, 0x6, 0xf3, 0x4, 0xf5, 0x0,
    0x0, 0x6f, 0x30, 0x4f, 0x50, 0x0, 0x6, 0xf3,
    0x4, 0xf5, 0x0, 0x0, 0x6f, 0x30, 0x4f, 0x50,
    0x0, 0x7, 0xf3, 0x4, 0xff, 0xff, 0xff, 0xff,
    0x30, 0x4f, 0x73, 0x33, 0x38, 0xf3, 0x4, 0xf5,
    0x0, 0x0, 0x6f, 0x30, 0x4f, 0x50, 0x0, 0x6,
    0xf4, 0x14, 0xf5, 0x0, 0x0, 0x6f, 0xfd, 0x0,
    0x0, 0x0, 0x0, 0x1f, 0x70, 0x0, 0x0, 0x0,
    0x8, 0xd0, 0x0, 0x0, 0x0, 0x1, 0xf3, 0x0,
    0x0, 0x0, 0x0, 0x99, 0x0,

    /* U+04CB "Ӌ" */
    0x7f, 0x50, 0x0, 0x3, 0xf9, 0x7f, 0x50, 0x0,
    0x3, 0xf9, 0x7f, 0x50, 0x0, 0x3, 0xf9, 0x5f,
    0x80, 0x0, 0x3, 0xf9, 0x1f, 0xf5, 0x22, 0x25,
    0xf9, 0x4, 0xef, 0xff, 0xff, 0xf9, 0x0, 0x3,
    0x55, 0x57, 0xf9, 0x0, 0x0, 0x0, 0x3, 0xf9,
    0x0, 0x0, 0x0, 0x3, 0xf9, 0x0, 0x0, 0x0,
    0x3, 0xf9, 0x0, 0x0, 0x0, 0x3, 0xf9, 0x0,
    0x0, 0x0, 0x46, 0xf9, 0x0, 0x0, 0x0, 0xff,
    0xf9, 0x0, 0x0, 0x0, 0xfc, 0x0, 0x0, 0x0,
    0x0, 0xfc, 0x0, 0x0, 0x0, 0x0, 0xfc, 0x0,

    /* U+04CC "ӌ" */
    0xbf, 0x0, 0x0, 0x9f, 0xbf, 0x0, 0x0, 0x9f,
    0x9f, 0x0, 0x0, 0x9f, 0x6f, 0x91, 0x11, 0xaf,
    0xa, 0xff, 0xff, 0xff, 0x0, 0x13, 0x44, 0xbf,
    0x0, 0x0, 0x0, 0x9f, 0x0, 0x0, 0x0, 0x9f,
    0x0, 0x0, 0x0, 0x9f, 0x0, 0x0, 0x3f, 0xff,
    0x0, 0x0, 0x3f, 0x60, 0x0, 0x0, 0x3f, 0x60,
    0x0, 0x0, 0x2c, 0x40,

    /* U+04CD "Ӎ" */
    0x3f, 0xf9, 0x0, 0x0, 0x1, 0xff, 0xc0, 0x3,
    0xff, 0xf0, 0x0, 0x0, 0x7f, 0xfc, 0x0, 0x3f,
    0xaf, 0x50, 0x0, 0xd, 0xbf, 0xc0, 0x3, 0xf7,
    0xcb, 0x0, 0x3, 0xf5, 0xfc, 0x0, 0x3f, 0x76,
    0xf1, 0x0, 0x9e, 0xf, 0xc0, 0x3, 0xf7, 0xf,
    0x70, 0xe, 0x80, 0xfc, 0x0, 0x3f, 0x70, 0xad,
    0x5, 0xf2, 0xf, 0xc0, 0x3, 0xf7, 0x4, 0xf4,
    0xbc, 0x0, 0xfc, 0x0, 0x3f, 0x70, 0xe, 0xbf,
    0x60, 0xf, 0xc0, 0x3, 0xf7, 0x0, 0x8f, 0xf1,
    0x0, 0xfc, 0x0, 0x3f, 0x70, 0x1, 0x86, 0x0,
    0xf, 0xc0, 0x3, 0xf7, 0x0, 0x0, 0x0, 0x0,
    0xfe, 0x74, 0x3f, 0x70, 0x0, 0x0, 0x0, 0xf,
    0xff, 0x80, 0x0, 0x0, 0x0, 0x0, 0x0, 0x9,
    0xf2, 0x0, 0x0, 0x0, 0x0, 0x0, 0x3, 0xf5,
    0x0, 0x0, 0x0, 0x0, 0x0, 0x0, 0xd8, 0x0,
    0x0, 0x0, 0x0, 0x0, 0x0, 0x8b, 0x0, 0x0,

    /* U+04CE "ӎ" */
    0x4f, 0xf3, 0x0, 0x0, 0x9f, 0xe0, 0x4, 0xff,
    0xa0, 0x0, 0x1f, 0xfe, 0x0, 0x4f, 0x9f, 0x10,
    0x7, 0xeb, 0xe0, 0x4, 0xf4, 0xe7, 0x0, 0xd8,
    0xbe, 0x0, 0x4f, 0x48, 0xd0, 0x4f, 0x1b, 0xe0,
    0x4, 0xf4, 0x1f, 0x4b, 0xa0, 0xbe, 0x0, 0x4f,
    0x40, 0xac, 0xf4, 0xb, 0xe0, 0x4, 0xf4, 0x4,
    0xfd, 0x0, 0xbe, 0x0, 0x4f, 0x40, 0x1, 0x0,
    0xb, 0xe5, 0x24, 0xf4, 0x0, 0x0, 0x0, 0xbf,
    0xf8, 0x0, 0x0, 0x0, 0x0, 0x0, 0x5f, 0x30,
    0x0, 0x0, 0x0, 0x0, 0xd, 0x80, 0x0, 0x0,
    0x0, 0x0, 0x5, 0xd0, 0x0, 0x0, 0x0, 0x0,
    0x0, 0xd4, 0x0,

    /* U+04CF "ӏ" */
    0x29, 0x24, 0xf5, 0x4f, 0x54, 0xf5, 0x4f, 0x54,
    0xf5, 0x4f, 0x54, 0xf5, 0x4f, 0x54, 0xf5, 0x4f,
    0x54, 0xf5, 0x4f, 0x54, 0xf5,

    /* U+04D0 "Ӑ" */
    0x0, 0x5, 0xd2, 0x5, 0xe0, 0x0, 0x0, 0x0,
    0xa, 0xff, 0xf5, 0x0, 0x0, 0x0, 0x0, 0x1,
    0x20, 0x0, 0x0, 0x0, 0x0, 0x0, 0x0, 0x0,
    0x0, 0x0, 0x0, 0x0, 0x1f, 0xf5, 0x0, 0x0,
    0x0, 0x0, 0x6, 0xfd, 0xb0, 0x0, 0x0, 0x0,
    0x0, 0xcb, 0x6f, 0x20, 0x0, 0x0, 0x0, 0x3f,
    0x51, 0xf8, 0x0, 0x0, 0x0, 0x9, 0xf0, 0xb,
    0xe0, 0x0, 0x0, 0x0, 0xea, 0x0, 0x5f, 0x40,
    0x0, 0x0, 0x5f, 0x40, 0x0, 0xea, 0x0, 0x0,
    0xb, 0xe2, 0x22, 0x2a, 0xf1, 0x0, 0x2, 0xff,
    0xff, 0xff, 0xff, 0x60, 0x0, 0x8f, 0x65, 0x55,
    0x55, 0xdd, 0x0, 0xe, 0xd0, 0x0, 0x0, 0x7,
    0xf3, 0x4, 0xf7, 0x0, 0x0, 0x0, 0x2f, 0x90,
    0xaf, 0x20, 0x0, 0x0, 0x0, 0xdf, 0x0,

    /* U+04D1 "ӑ" */
    0x6, 0xc1, 0x7, 0xd0, 0x0, 0xc, 0xff, 0xe4,
    0x0, 0x0, 0x1, 0x20, 0x0, 0x0, 0x0, 0x0,
    0x0, 0x0, 0x18, 0xce, 0xfd, 0x70, 0x3, 0xe9,
    0x66, 0xbf, 0x90, 0x0, 0x0, 0x0, 0x9f, 0x10,
    0x0, 0x0, 0x4, 0xf5, 0x6, 0xcf, 0xff, 0xff,
    0x67, 0xfa, 0x53, 0x36, 0xf6, 0xdd, 0x0, 0x0,
    0x6f, 0x6d, 0xd0, 0x0, 0xd, 0xf6, 0x8f, 0xb6,
    0x7d, 0xcf, 0x60, 0x8e, 0xfd, 0x73, 0xf6,

    /* U+04D2 "Ӓ" */
    0x0, 0x7, 0xf5, 0xf, 0xc0, 0x0, 0x0, 0x0,
    0x5c, 0x40, 0xc9, 0x0, 0x0, 0x0, 0x0, 0x0,
    0x0, 0x0, 0x0, 0x0, 0x0, 0x1, 0xff, 0x50,
    0x0, 0x0, 0x0, 0x0, 0x6f, 0xdb, 0x0, 0x0,
    0x0, 0x0, 0xc, 0xb6, 0xf2, 0x0, 0x0, 0x0,
    0x3, 0xf5, 0x1f, 0x80, 0x0, 0x0, 0x0, 0x9f,
    0x0, 0xbe, 0x0, 0x0, 0x0, 0xe, 0xa0, 0x5,
    0xf4, 0x0, 0x0, 0x5, 0xf4, 0x0, 0xe, 0xa0,
    0x0, 0x0, 0xbe, 0x22, 0x22, 0xaf, 0x10, 0x0,
    0x2f, 0xff, 0xff, 0xff, 0xf6, 0x0, 0x8, 0xf6,
    0x55, 0x55, 0x5d, 0xd0, 0x0, 0xed, 0x0, 0x0,
    0x0, 0x7f, 0x30, 0x4f, 0x70, 0x0, 0x0, 0x2,
    0xf9, 0xa, 0xf2, 0x0, 0x0, 0x0, 0xd, 0xf0,

    /* U+04D3 "ӓ" */
    0x4, 0xc4, 0xb, 0xa0, 0x0, 0x6f, 0x60, 0xfd,
    0x0, 0x0, 0x0, 0x0, 0x0, 0x0, 0x0, 0x0,
    0x0, 0x0, 0x18, 0xce, 0xfd, 0x70, 0x3, 0xe9,
    0x66, 0xbf, 0x90, 0x0, 0x0, 0x0, 0x9f, 0x10,
    0x0, 0x0, 0x4, 0xf5, 0x6, 0xcf, 0xff, 0xff,
    0x67, 0xfa, 0x53, 0x36, 0xf6, 0xdd, 0x0, 0x0,
    0x6f, 0x6d, 0xd0, 0x0, 0xd, 0xf6, 0x8f, 0xb6,
    0x7d, 0xcf, 0x60, 0x8e, 0xfd, 0x73, 0xf6,

    /* U+04D4 "Ӕ" */
    0x0, 0x0, 0xa, 0xff, 0xff, 0xff, 0xff, 0xff,
    0x30, 0x0, 0x1, 0xfd, 0x8f, 0xd7, 0x77, 0x77,
    0x71, 0x0, 0x0, 0x7f, 0x51, 0xfb, 0x0, 0x0,
    0x0, 0x0, 0x0, 0xe, 0xd0, 0x1f, 0xb0, 0x0,
    0x0, 0x0, 0x0, 0x5, 0xf6, 0x1, 0xfb, 0x22,
    0x22, 0x22, 0x0, 0x0, 0xce, 0x0, 0x1f, 0xff,
    0xff, 0xff, 0xf0, 0x0, 0x2f, 0x80, 0x1, 0xfc,
    0x55, 0x55, 0x55, 0x0, 0x9, 0xf3, 0x22, 0x3f,
    0xb0, 0x0, 0x0, 0x0, 0x1, 0xff, 0xff, 0xff,
    0xfb, 0x0, 0x0, 0x0, 0x0, 0x7f, 0x65, 0x55,
    0x6f, 0xb0, 0x0, 0x0, 0x0, 0xd, 0xd0, 0x0,
    0x1, 0xfb, 0x0, 0x0, 0x0, 0x4, 0xf7, 0x0,
    0x0, 0x1f, 0xd7, 0x77, 0x77, 0x73, 0xbf, 0x10,
    0x0, 0x1, 0xff, 0xff, 0xff, 0xff, 0x60,

    /* U+04D5 "ӕ" */
    0x18, 0xce, 0xfd, 0x70, 0x2a, 0xef, 0xd8, 0x0,
    0x3e, 0x96, 0x6b, 0xfb, 0xee, 0x86, 0x9f, 0xc0,
    0x0, 0x0, 0x0, 0x9f, 0xd1, 0x0, 0x5, 0xf5,
    0x0, 0x0, 0x0, 0x4f, 0x70, 0x0, 0x0, 0xf9,
    0x6, 0xcf, 0xff, 0xff, 0xff, 0xff, 0xff, 0xfb,
    0x7f, 0xa5, 0x33, 0x6f, 0x83, 0x33, 0x33, 0x32,
    0xdd, 0x0, 0x0, 0x6f, 0x90, 0x0, 0x0, 0x0,
    0xdd, 0x0, 0x0, 0xdf, 0xf2, 0x0, 0x0, 0x1,
    0x8f, 0xb6, 0x7d, 0xd3, 0xef, 0x96, 0x69, 0xe5,
    0x7, 0xdf, 0xe9, 0x10, 0x19, 0xef, 0xec, 0x81,

    /* U+04D6 "Ӗ" */
    0x0, 0x54, 0x0, 0x54, 0x0, 0x0, 0x4e, 0xff,
    0xd2, 0x0, 0x0, 0x0, 0x11, 0x0, 0x0, 0x0,
    0x0, 0x0, 0x0, 0x0, 0x3f, 0xff, 0xff, 0xff,
    0xf1, 0x3f, 0xc7, 0x77, 0x77, 0x70, 0x3f, 0x80,
    0x0, 0x0, 0x0, 0x3f, 0x80, 0x0, 0x0, 0x0,
    0x3f, 0x92, 0x22, 0x22, 0x10, 0x3f, 0xff, 0xff,
    0xff, 0xc0, 0x3f, 0xb5, 0x55, 0x55, 0x40, 0x3f,
    0x80, 0x0, 0x0, 0x0, 0x3f, 0x80, 0x0, 0x0,
    0x0, 0x3f, 0x80, 0x0, 0x0, 0x0, 0x3f, 0x80,
    0x0, 0x0, 0x0, 0x3f, 0xc7, 0x77, 0x77, 0x71,
    0x3f, 0xff, 0xff, 0xff, 0xf3,

    /* U+04D7 "ӗ" */
    0x0, 0x71, 0x0, 0x44, 0x0, 0x0, 0xb9, 0x2,
    0xd5, 0x0, 0x0, 0x2e, 0xff, 0xa0, 0x0, 0x0,
    0x0, 0x21, 0x0, 0x0, 0x0, 0x0, 0x0, 0x0,
    0x0, 0x0, 0x7d, 0xff, 0xb3, 0x0, 0xb, 0xfa,
    0x67, 0xdf, 0x30, 0x7f, 0x50, 0x0, 0x1e, 0xb0,
    0xcd, 0x0, 0x0, 0x9, 0xf0, 0xff, 0xff, 0xff,
    0xff, 0xf1, 0xfd, 0x33, 0x33, 0x33, 0x30, 0xdf,
    0x0, 0x0, 0x0, 0x0, 0x7f, 0x80, 0x0, 0x0,
    0x10, 0xb, 0xfc, 0x76, 0x8c, 0xb0, 0x0, 0x6c,
    0xff, 0xda, 0x40,

    /* U+04D8 "Ә" */
    0x1, 0x7b, 0xef, 0xec, 0x71, 0x0, 0x0, 0xef,
    0xb8, 0x78, 0xbf, 0xe3, 0x0, 0x9, 0x10, 0x0,
    0x0, 0x3e, 0xe1, 0x0, 0x0, 0x0, 0x0, 0x0,
    0x4f, 0x90, 0x0, 0x0, 0x0, 0x0, 0x0, 0xee,
    0x1, 0x22, 0x22, 0x22, 0x22, 0x2c, 0xf1, 0xef,
    0xff, 0xff, 0xff, 0xff, 0xff, 0x2d, 0xf5, 0x55,
    0x55, 0x55, 0x5e, 0xf1, 0xaf, 0x30, 0x0, 0x0,
    0x0, 0xfe, 0x4, 0xfa, 0x0, 0x0, 0x0, 0x7f,
    0x90, 0xc, 0xf6, 0x0, 0x0, 0x4f, 0xe1, 0x0,
    0x1d, 0xfc, 0x77, 0xaf, 0xe3, 0x0, 0x0, 0x7,
    0xcf, 0xfd, 0x81, 0x0, 0x0,

    /* U+04D9 "ә" */
    0x39, 0xdf, 0xfd, 0x70, 0x0, 0xad, 0x86, 0x7b,
    0xfc, 0x0, 0x10, 0x0, 0x0, 0x7f, 0x90, 0x0,
    0x0, 0x0, 0xe, 0xe0, 0x0, 0x0, 0x0, 0xa,
    0xf1, 0xff, 0xff, 0xff, 0xff, 0xf1, 0xec, 0x33,
    0x33, 0x3c, 0xe0, 0xae, 0x10, 0x0, 0x2f, 0x80,
    0x2f, 0xe7, 0x69, 0xfd, 0x0, 0x2, 0xae, 0xfd,
    0x80, 0x0,

    /* U+04DA "Ӛ" */
    0x0, 0x7, 0xc2, 0x1c, 0x80, 0x0, 0x0, 0x0,
    0x9f, 0x32, 0xfa, 0x0, 0x0, 0x0, 0x0, 0x0,
    0x0, 0x0, 0x0, 0x0, 0x0, 0x0, 0x0, 0x0,
    0x0, 0x0, 0x1, 0x7b, 0xef, 0xec, 0x71, 0x0,
    0x0, 0xef, 0xb8, 0x78, 0xbf, 0xe3, 0x0, 0x9,
    0x10, 0x0, 0x0, 0x3e, 0xe1, 0x0, 0x0, 0x0,
    0x0, 0x0, 0x4f, 0x90, 0x0, 0x0, 0x0, 0x0,
    0x0, 0xee, 0x1, 0x22, 0x22, 0x22, 0x22, 0x2c,
    0xf1, 0xef, 0xff, 0xff, 0xff, 0xff, 0xff, 0x2d,
    0xf5, 0x55, 0x55, 0x55, 0x5e, 0xf1, 0xaf, 0x30,
    0x0, 0x0, 0x0, 0xfe, 0x4, 0xfa, 0x0, 0x0,
    0x0, 0x7f, 0x90, 0xc, 0xf6, 0x0, 0x0, 0x4f,
    0xe1, 0x0, 0x1d, 0xfc, 0x77, 0xaf, 0xe3, 0x0,
    0x0, 0x7, 0xcf, 0xfd, 0x81, 0x0, 0x0,

    /* U+04DB "ӛ" */
    0x4, 0xc4, 0xb, 0xa0, 0x0, 0x6, 0xf6, 0xf,
    0xd0, 0x0, 0x0, 0x0, 0x0, 0x0, 0x0, 0x0,
    0x0, 0x0, 0x0, 0x0, 0x39, 0xdf, 0xfd, 0x70,
    0x0, 0xad, 0x86, 0x7b, 0xfc, 0x0, 0x10, 0x0,
    0x0, 0x7f, 0x90, 0x0, 0x0, 0x0, 0xe, 0xe0,
    0x0, 0x0, 0x0, 0xa, 0xf1, 0xff, 0xff, 0xff,
    0xff, 0xf1, 0xec, 0x33, 0x33, 0x3c, 0xe0, 0xae,
    0x10, 0x0, 0x2f, 0x80, 0x2f, 0xe7, 0x69, 0xfd,
    0x0, 0x2, 0xae, 0xfd, 0x80, 0x0,

    /* U+04DC "Ӝ" */
    0x0, 0x0, 0x0, 0xe, 0xe0, 0x7f, 0x50, 0x0,
    0x0, 0x0, 0x0, 0x0, 0x0, 0xb, 0xb0, 0x5c,
    0x40, 0x0, 0x0, 0x0, 0x0, 0x0, 0x0, 0x0,
    0x0, 0x0, 0x0, 0x0, 0x0, 0x0, 0x1d, 0xf4,
    0x0, 0x0, 0x3f, 0x90, 0x0, 0x1, 0xdf, 0x40,
    0x1, 0xdf, 0x30, 0x0, 0x3f, 0x90, 0x0, 0xc,
    0xf5, 0x0, 0x0, 0x1e, 0xf3, 0x0, 0x3f, 0x90,
    0x0, 0xbf, 0x60, 0x0, 0x0, 0x2, 0xee, 0x20,
    0x3f, 0x90, 0xa, 0xf7, 0x0, 0x0, 0x0, 0x0,
    0x3f, 0xe1, 0x3f, 0x90, 0x9f, 0x80, 0x0, 0x0,
    0x0, 0x0, 0xc, 0xfd, 0x4f, 0x98, 0xff, 0x30,
    0x0, 0x0, 0x0, 0x0, 0x7f, 0xaf, 0xef, 0xef,
    0xae, 0xc0, 0x0, 0x0, 0x0, 0x2, 0xfc, 0x5,
    0xff, 0xfb, 0x6, 0xf7, 0x0, 0x0, 0x0, 0xb,
    0xf2, 0x0, 0x7f, 0xc0, 0x0, 0xbf, 0x20, 0x0,
    0x0, 0x6f, 0x70, 0x0, 0x3f, 0x90, 0x0, 0x2f,
    0xc0, 0x0, 0x1, 0xec, 0x0, 0x0, 0x3f, 0x90,
    0x0, 0x6, 0xf6, 0x0, 0xa, 0xf3, 0x0, 0x0,
    0x3f, 0x90, 0x0, 0x0, 0xcf, 0x10, 0x5f, 0x80,
    0x0, 0x0, 0x3f, 0x90, 0x0, 0x0, 0x2f, 0xb0,

    /* U+04DD "ӝ" */
    0x0, 0x0, 0x5, 0xc3, 0xc, 0x90, 0x0, 0x0,
    0x0, 0x0, 0x7, 0xf5, 0xf, 0xc0, 0x0, 0x0,
    0x0, 0x0, 0x0, 0x0, 0x0, 0x0, 0x0, 0x0,
    0x0, 0x0, 0x0, 0x0, 0x0, 0x0, 0x0, 0x0,
    0x6, 0xf7, 0x0, 0xb, 0xe0, 0x0, 0x4f, 0xa0,
    0x0, 0x7f, 0x50, 0xb, 0xe0, 0x3, 0xfb, 0x0,
    0x0, 0x9, 0xf4, 0xb, 0xe0, 0x2e, 0xc0, 0x0,
    0x0, 0x0, 0xaf, 0x3b, 0xe1, 0xed, 0x0, 0x0,
    0x0, 0x0, 0xcf, 0xed, 0xfd, 0xfe, 0x10, 0x0,
    0x0, 0x6, 0xf5, 0xcf, 0xfe, 0x4f, 0xa0, 0x0,
    0x0, 0x2f, 0xa0, 0x1d, 0xf2, 0x6, 0xf4, 0x0,
    0x0, 0xbe, 0x10, 0xb, 0xe0, 0x0, 0xce, 0x0,
    0x6, 0xf5, 0x0, 0xb, 0xe0, 0x0, 0x2f, 0x90,
    0x1f, 0xa0, 0x0, 0xb, 0xe0, 0x0, 0x7, 0xf4,

    /* U+04DE "Ӟ" */
    0x0, 0xba, 0x6, 0xc3, 0x0, 0x0, 0xed, 0x7,
    0xf4, 0x0, 0x0, 0x0, 0x0, 0x0, 0x0, 0x0,
    0x0, 0x0, 0x0, 0x0, 0x4a, 0xdf, 0xfd, 0xa3,
    0x0, 0xbd, 0x98, 0x89, 0xef, 0x70, 0x10, 0x0,
    0x0, 0x1e, 0xf0, 0x0, 0x0, 0x0, 0xc, 0xf0,
    0x0, 0x12, 0x23, 0x9f, 0x70, 0x0, 0x8f, 0xff,
    0xf5, 0x0, 0x0, 0x25, 0x57, 0xdf, 0x60, 0x0,
    0x0, 0x0, 0xd, 0xf1, 0x0, 0x0, 0x0, 0x7,
    0xf4, 0x0, 0x0, 0x0, 0x8, 0xf4, 0x50, 0x0,
    0x0, 0x1e, 0xf0, 0xdf, 0xa8, 0x8a, 0xff, 0x50,
    0x49, 0xdf, 0xfd, 0x92, 0x0,

    /* U+04DF "ӟ" */
    0x7, 0xc2, 0x1c, 0x70, 0x9, 0xf3, 0x2f, 0xa0,
    0x0, 0x0, 0x0, 0x0, 0x0, 0x0, 0x0, 0x0,
    0x5c, 0xef, 0xea, 0x20, 0x6a, 0x76, 0x9f, 0xe0,
    0x0, 0x0, 0x7, 0xf3, 0x0, 0x1, 0x3c, 0xe0,
    0x0, 0xef, 0xfc, 0x10, 0x0, 0x34, 0x6e, 0xc0,
    0x0, 0x0, 0x3, 0xf6, 0x0, 0x0, 0x4, 0xf7,
    0xa8, 0x65, 0x8f, 0xf1, 0x8d, 0xff, 0xd9, 0x20,

    /* U+04E0 "Ӡ" */
    0x9f, 0xff, 0xff, 0xff, 0xf6, 0x4, 0x77, 0x77,
    0x78, 0xff, 0x30, 0x0, 0x0, 0x0, 0xcf, 0x40,
    0x0, 0x0, 0x0, 0xbf, 0x30, 0x0, 0x0, 0x0,
    0xbf, 0x40, 0x0, 0x0, 0x0, 0x3f, 0xff, 0xc3,
    0x0, 0x0, 0x0, 0x55, 0x8e, 0xf4, 0x0, 0x0,
    0x0, 0x0, 0x1e, 0xd0, 0x0, 0x0, 0x0, 0x0,
    0xaf, 0x20, 0x0, 0x0, 0x0, 0xb, 0xf2, 0x11,
    0x0, 0x0, 0x3, 0xfd, 0x6, 0xfc, 0xa8, 0x8b,
    0xff, 0x40, 0x28, 0xce, 0xff, 0xd9, 0x20, 0x0,

    /* U+04E1 "ӡ" */
    0xf, 0xff, 0xff, 0xff, 0xa0, 0x4, 0x44, 0x44,
    0x9f, 0x80, 0x0, 0x0, 0x3, 0xfc, 0x0, 0x0,
    0x0, 0x1e, 0xe1, 0x0, 0x0, 0x0, 0xcf, 0x30,
    0x0, 0x0, 0xa, 0xf6, 0x0, 0x0, 0x0, 0xf,
    0xff, 0xd5, 0x0, 0x0, 0x5, 0x57, 0xdf, 0x70,
    0x0, 0x0, 0x0, 0xc, 0xf1, 0x0, 0x0, 0x0,
    0x6, 0xf5, 0x0, 0x0, 0x0, 0x7, 0xf5, 0x11,
    0x0, 0x0, 0x1e, 0xf1, 0x3f, 0xb9, 0x8a, 0xff,
    0x70, 0x18, 0xce, 0xfe, 0xb4, 0x0,

    /* U+04E2 "Ӣ" */
    0x0, 0x0, 0x0, 0x0, 0x0, 0x0, 0x0, 0xff,
    0xff, 0xf4, 0x0, 0x0, 0x3, 0x33, 0x33, 0x10,
    0x0, 0x0, 0x0, 0x0, 0x0, 0x0, 0x3f, 0x70,
    0x0, 0x0, 0xef, 0xb3, 0xf7, 0x0, 0x0, 0x7f,
    0xfb, 0x3f, 0x70, 0x0, 0x1f, 0xcf, 0xb3, 0xf7,
    0x0, 0x9, 0xf4, 0xfb, 0x3f, 0x70, 0x2, 0xfb,
    0xf, 0xb3, 0xf7, 0x0, 0xaf, 0x20, 0xfb, 0x3f,
    0x70, 0x2f, 0xa0, 0xf, 0xb3, 0xf7, 0xb, 0xf1,
    0x0, 0xfb, 0x3f, 0x73, 0xf8, 0x0, 0xf, 0xb3,
    0xf7, 0xcf, 0x10, 0x0, 0xfb, 0x3f, 0xcf, 0x70,
    0x0, 0xf, 0xb3, 0xff, 0xe0, 0x0, 0x0, 0xfb,
    0x3f, 0xf6, 0x0, 0x0, 0xf, 0xb0,

    /* U+04E3 "ӣ" */
    0x0, 0xdf, 0xff, 0xf6, 0x0, 0x0, 0x34, 0x44,
    0x41, 0x0, 0x0, 0x0, 0x0, 0x0, 0x0, 0x5f,
    0x40, 0x0, 0x5f, 0xf1, 0x5f, 0x40, 0x0, 0xdf,
    0xf1, 0x5f, 0x40, 0x7, 0xfb, 0xf1, 0x5f, 0x40,
    0x1f, 0x88, 0xf1, 0x5f, 0x40, 0xae, 0x8, 0xf1,
    0x5f, 0x44, 0xf5, 0x8, 0xf1, 0x5f, 0x4d, 0xc0,
    0x8, 0xf1, 0x5f, 0xbf, 0x30, 0x8, 0xf1, 0x5f,
    0xf9, 0x0, 0x8, 0xf1, 0x5f, 0xe1, 0x0, 0x8,
    0xf1,

    /* U+04E4 "Ӥ" */
    0x0, 0xf, 0xd0, 0x8f, 0x40, 0x0, 0x0, 0xba,
    0x6, 0xc3, 0x0, 0x0, 0x0, 0x0, 0x0, 0x0,
    0x3, 0xf7, 0x0, 0x0, 0xe, 0xfb, 0x3f, 0x70,
    0x0, 0x7, 0xff, 0xb3, 0xf7, 0x0, 0x1, 0xfc,
    0xfb, 0x3f, 0x70, 0x0, 0x9f, 0x4f, 0xb3, 0xf7,
    0x0, 0x2f, 0xb0, 0xfb, 0x3f, 0x70, 0xa, 0xf2,
    0xf, 0xb3, 0xf7, 0x2, 0xfa, 0x0, 0xfb, 0x3f,
    0x70, 0xbf, 0x10, 0xf, 0xb3, 0xf7, 0x3f, 0x80,
    0x0, 0xfb, 0x3f, 0x7c, 0xf1, 0x0, 0xf, 0xb3,
    0xfc, 0xf7, 0x0, 0x0, 0xfb, 0x3f, 0xfe, 0x0,
    0x0, 0xf, 0xb3, 0xff, 0x60, 0x0, 0x0, 0xfb,

    /* U+04E5 "ӥ" */
    0x0, 0xab, 0x4, 0xc4, 0x0, 0x0, 0xdf, 0x6,
    0xf6, 0x0, 0x0, 0x0, 0x0, 0x0, 0x0, 0x0,
    0x0, 0x0, 0x0, 0x0, 0x5f, 0x40, 0x0, 0x5f,
    0xf1, 0x5f, 0x40, 0x0, 0xdf, 0xf1, 0x5f, 0x40,
    0x7, 0xfb, 0xf1, 0x5f, 0x40, 0x1f, 0x88, 0xf1,
    0x5f, 0x40, 0xae, 0x8, 0xf1, 0x5f, 0x44, 0xf5,
    0x8, 0xf1, 0x5f, 0x4d, 0xc0, 0x8, 0xf1, 0x5f,
    0xbf, 0x30, 0x8, 0xf1, 0x5f, 0xf9, 0x0, 0x8,
    0xf1, 0x5f, 0xe1, 0x0, 0x8, 0xf1,

    /* U+04E6 "Ӧ" */
    0x0, 0x6, 0xc3, 0xc, 0x80, 0x0, 0x0, 0x0,
    0x8f, 0x41, 0xfb, 0x0, 0x0, 0x0, 0x0, 0x0,
    0x0, 0x0, 0x0, 0x0, 0x0, 0x0, 0x0, 0x0,
    0x0, 0x0, 0x0, 0x7, 0xcf, 0xfd, 0x81, 0x0,
    0x0, 0x2d, 0xfb, 0x77, 0xaf, 0xe3, 0x0, 0xd,
    0xf5, 0x0, 0x0, 0x3f, 0xe1, 0x6, 0xf9, 0x0,
    0x0, 0x0, 0x6f, 0x90, 0xbf, 0x20, 0x0, 0x0,
    0x0, 0xfe, 0xe, 0xf0, 0x0, 0x0, 0x0, 0xc,
    0xf1, 0xfe, 0x0, 0x0, 0x0, 0x0, 0xbf, 0x2e,
    0xf0, 0x0, 0x0, 0x0, 0xc, 0xf1, 0xbf, 0x20,
    0x0, 0x0, 0x0, 0xfe, 0x6, 0xf9, 0x0, 0x0,
    0x0, 0x6f, 0x90, 0xd, 0xf5, 0x0, 0x0, 0x3f,
    0xe1, 0x0, 0x2d, 0xfb, 0x77, 0xaf, 0xe3, 0x0,
    0x0, 0x7, 0xcf, 0xfd, 0x81, 0x0, 0x0,

    /* U+04E7 "ӧ" */
    0x1, 0xc8, 0x8, 0xc1, 0x0, 0x1, 0xfb, 0xa,
    0xf2, 0x0, 0x0, 0x0, 0x0, 0x0, 0x0, 0x0,
    0x0, 0x0, 0x0, 0x0, 0x1, 0x9e, 0xfe, 0x91,
    0x0, 0xd, 0xf9, 0x69, 0xfd, 0x10, 0x8f, 0x60,
    0x0, 0x6f, 0x80, 0xde, 0x0, 0x0, 0xe, 0xd0,
    0xfc, 0x0, 0x0, 0xc, 0xf0, 0xfc, 0x0, 0x0,
    0xc, 0xf0, 0xde, 0x0, 0x0, 0xe, 0xd0, 0x8f,
    0x60, 0x0, 0x6f, 0x80, 0xd, 0xf9, 0x69, 0xfd,
    0x10, 0x1, 0x9e, 0xfe, 0x91, 0x0,

    /* U+04E8 "Ө" */
    0x0, 0x7, 0xcf, 0xfd, 0x81, 0x0, 0x0, 0x2d,
    0xfb, 0x77, 0xaf, 0xe3, 0x0, 0xd, 0xf4, 0x0,
    0x0, 0x2e, 0xe1, 0x6, 0xf6, 0x0, 0x0, 0x0,
    0x3f, 0x90, 0xbf, 0x22, 0x22, 0x22, 0x22, 0xee,
    0xe, 0xff, 0xff, 0xff, 0xff, 0xff, 0xf1, 0xff,
    0x55, 0x55, 0x55, 0x55, 0xdf, 0x2e, 0xf0, 0x0,
    0x0, 0x0, 0xd, 0xf1, 0xbf, 0x40, 0x0, 0x0,
    0x1, 0xfe, 0x6, 0xfa, 0x0, 0x0, 0x0, 0x8f,
    0x90, 0xd, 0xf6, 0x0, 0x0, 0x4f, 0xe1, 0x0,
    0x2d, 0xfc, 0x77, 0xaf, 0xe3, 0x0, 0x0, 0x7,
    0xcf, 0xfd, 0x81, 0x0, 0x0,

    /* U+04E9 "ө" */
    0x1, 0x9e, 0xfe, 0x91, 0x0, 0xd, 0xf9, 0x69,
    0xfd, 0x10, 0x8f, 0x40, 0x0, 0x5f, 0x80, 0xde,
    0x22, 0x22, 0x2e, 0xd0, 0xff, 0xff, 0xff, 0xff,
    0xf0, 0xfd, 0x55, 0x55, 0x5d, 0xf0, 0xde, 0x0,
    0x0, 0xe, 0xd0, 0x8f, 0x60, 0x0, 0x6f, 0x80,
    0xd, 0xf9, 0x69, 0xfd, 0x10, 0x1, 0x9e, 0xfe,
    0x91, 0x0,

    /* U+04EA "Ӫ" */
    0x0, 0x6, 0xc3, 0xc, 0x80, 0x0, 0x0, 0x0,
    0x8f, 0x41, 0xfb, 0x0, 0x0, 0x0, 0x0, 0x0,
    0x0, 0x0, 0x0, 0x0, 0x0, 0x0, 0x0, 0x0,
    0x0, 0x0, 0x0, 0x7, 0xcf, 0xfd, 0x81, 0x0,
    0x0, 0x2d, 0xfb, 0x77, 0xaf, 0xe3, 0x0, 0xd,
    0xf4, 0x0, 0x0, 0x2e, 0xe1, 0x6, 0xf6, 0x0,
    0x0, 0x0, 0x3f, 0x90, 0xbf, 0x22, 0x22, 0x22,
    0x22, 0xee, 0xe, 0xff, 0xff, 0xff, 0xff, 0xff,
    0xf1, 0xff, 0x55, 0x55, 0x55, 0x55, 0xdf, 0x2e,
    0xf0, 0x0, 0x0, 0x0, 0xd, 0xf1, 0xbf, 0x40,
    0x0, 0x0, 0x1, 0xfe, 0x6, 0xfa, 0x0, 0x0,
    0x0, 0x8f, 0x90, 0xd, 0xf6, 0x0, 0x0, 0x4f,
    0xe1, 0x0, 0x2d, 0xfc, 0x77, 0xaf, 0xe3, 0x0,
    0x0, 0x7, 0xcf, 0xfd, 0x81, 0x0, 0x0,

    /* U+04EB "ӫ" */
    0x1, 0xc8, 0x8, 0xc1, 0x0, 0x1, 0xfb, 0xa,
    0xf2, 0x0, 0x0, 0x0, 0x0, 0x0, 0x0, 0x0,
    0x0, 0x0, 0x0, 0x0, 0x1, 0x9e, 0xfe, 0x91,
    0x0, 0xd, 0xf9, 0x69, 0xfd, 0x10, 0x8f, 0x40,
    0x0, 0x5f, 0x80, 0xde, 0x22, 0x22, 0x2e, 0xd0,
    0xff, 0xff, 0xff, 0xff, 0xf0, 0xfd, 0x55, 0x55,
    0x5d, 0xf0, 0xde, 0x0, 0x0, 0xe, 0xd0, 0x8f,
    0x60, 0x0, 0x6f, 0x80, 0xd, 0xf9, 0x69, 0xfd,
    0x10, 0x1, 0x9e, 0xfe, 0x91, 0x0,

    /* U+04EC "Ӭ" */
    0x0, 0x2c, 0x70, 0x9c, 0x0, 0x0, 0x0, 0x3f,
    0x90, 0xcf, 0x0, 0x0, 0x0, 0x0, 0x0, 0x0,
    0x0, 0x0, 0x0, 0x0, 0x0, 0x0, 0x0, 0x0,
    0x1, 0x8c, 0xff, 0xea, 0x30, 0x0, 0xf, 0xfa,
    0x77, 0x9e, 0xf8, 0x0, 0xa, 0x10, 0x0, 0x0,
    0xbf, 0x60, 0x0, 0x0, 0x0, 0x0, 0x1f, 0xe0,
    0x0, 0x0, 0x0, 0x0, 0x9, 0xf4, 0x0, 0x2,
    0x22, 0x22, 0x27, 0xf7, 0x0, 0x5f, 0xff, 0xff,
    0xff, 0xf8, 0x0, 0x15, 0x55, 0x55, 0x59, 0xf7,
    0x0, 0x0, 0x0, 0x0, 0x9, 0xf4, 0x0, 0x0,
    0x0, 0x0, 0x1e, 0xe0, 0x9, 0x10, 0x0, 0x0,
    0xaf, 0x60, 0xf, 0xfa, 0x77, 0x9e, 0xf8, 0x0,
    0x1, 0x8c, 0xff, 0xea, 0x30, 0x0,

    /* U+04ED "ӭ" */
    0x4c, 0x40, 0xba, 0x0, 0x6f, 0x60, 0xfd, 0x0,
    0x0, 0x0, 0x0, 0x0, 0x0, 0x0, 0x0, 0x0,
    0x8d, 0xff, 0xc5, 0x0, 0xd8, 0x66, 0xbf, 0x80,
    0x0, 0x0, 0xa, 0xf3, 0x0, 0x0, 0x2, 0xf9,
    0xe, 0xff, 0xff, 0xfb, 0x3, 0x33, 0x33, 0xfb,
    0x0, 0x0, 0x2, 0xf9, 0x0, 0x0, 0xa, 0xf3,
    0xe8, 0x67, 0xdf, 0x90, 0x8d, 0xff, 0xc6, 0x0,

    /* U+04EE "Ӯ" */
    0x0, 0x0, 0x0, 0x0, 0x0, 0x0, 0x2, 0xff,
    0xff, 0xf2, 0x0, 0x0, 0x3, 0x33, 0x33, 0x0,
    0x0, 0x0, 0x0, 0x0, 0x0, 0x0, 0x7f, 0x60,
    0x0, 0x0, 0x7f, 0x71, 0xfd, 0x0, 0x0, 0xe,
    0xf0, 0x9, 0xf4, 0x0, 0x5, 0xf9, 0x0, 0x3f,
    0xb0, 0x0, 0xcf, 0x20, 0x0, 0xcf, 0x20, 0x2f,
    0xb0, 0x0, 0x5, 0xf8, 0x9, 0xf4, 0x0, 0x0,
    0xe, 0xf2, 0xfd, 0x0, 0x0, 0x0, 0x7f, 0xdf,
    0x60, 0x0, 0x0, 0x1, 0xff, 0xf0, 0x0, 0x0,
    0x0, 0xa, 0xf9, 0x0, 0x0, 0x0, 0x0, 0xcf,
    0x20, 0x0, 0x0, 0x28, 0xbf, 0xb0, 0x0, 0x0,
    0x4, 0xfe, 0xa1, 0x0, 0x0, 0x0,

    /* U+04EF "ӯ" */
    0x0, 0x4f, 0xff, 0xff, 0x0, 0x0, 0x1, 0x44,
    0x44, 0x40, 0x0, 0x0, 0x0, 0x0, 0x0, 0x0,
    0x4, 0xf7, 0x0, 0x0, 0xc, 0xe0, 0xd, 0xd0,
    0x0, 0x2, 0xf8, 0x0, 0x7f, 0x30, 0x0, 0x8f,
    0x20, 0x1, 0xf9, 0x0, 0xe, 0xb0, 0x0, 0xa,
    0xf0, 0x5, 0xf5, 0x0, 0x0, 0x4f, 0x50, 0xbe,
    0x0, 0x0, 0x0, 0xec, 0x1f, 0x90, 0x0, 0x0,
    0x7, 0xfa, 0xf3, 0x0, 0x0, 0x0, 0x1f, 0xfc,
    0x0, 0x0, 0x0, 0x0, 0xbf, 0x60, 0x0, 0x0,
    0x0, 0xa, 0xf0, 0x0, 0x0, 0x0, 0x1, 0xf9,
    0x0, 0x0, 0x0, 0x35, 0xcf, 0x20, 0x0, 0x0,
    0x9, 0xfd, 0x50, 0x0, 0x0, 0x0,

    /* U+04F0 "Ӱ" */
    0x0, 0x1f, 0xa0, 0xaf, 0x10, 0x0, 0x1, 0xc8,
    0x8, 0xc1, 0x0, 0x0, 0x0, 0x0, 0x0, 0x0,
    0x7, 0xf6, 0x0, 0x0, 0x7, 0xf7, 0x1f, 0xd0,
    0x0, 0x0, 0xef, 0x0, 0x9f, 0x40, 0x0, 0x5f,
    0x90, 0x3, 0xfb, 0x0, 0xc, 0xf2, 0x0, 0xc,
    0xf2, 0x2, 0xfb, 0x0, 0x0, 0x5f, 0x80, 0x9f,
    0x40, 0x0, 0x0, 0xef, 0x2f, 0xd0, 0x0, 0x0,
    0x7, 0xfd, 0xf6, 0x0, 0x0, 0x0, 0x1f, 0xff,
    0x0, 0x0, 0x0, 0x0, 0xaf, 0x90, 0x0, 0x0,
    0x0, 0xc, 0xf2, 0x0, 0x0, 0x2, 0x8b, 0xfb,
    0x0, 0x0, 0x0, 0x4f, 0xea, 0x10, 0x0, 0x0,

    /* U+04F1 "ӱ" */
    0x0, 0x4f, 0x80, 0xdf, 0x0, 0x0, 0x3, 0xc6,
    0xa, 0xb0, 0x0, 0x0, 0x0, 0x0, 0x0, 0x0,
    0x4, 0xf7, 0x0, 0x0, 0xc, 0xe0, 0xd, 0xd0,
    0x0, 0x2, 0xf8, 0x0, 0x7f, 0x30, 0x0, 0x8f,
    0x20, 0x1, 0xf9, 0x0, 0xe, 0xb0, 0x0, 0xa,
    0xf0, 0x5, 0xf5, 0x0, 0x0, 0x4f, 0x50, 0xbe,
    0x0, 0x0, 0x0, 0xec, 0x1f, 0x90, 0x0, 0x0,
    0x7, 0xfa, 0xf3, 0x0, 0x0, 0x0, 0x1f, 0xfc,
    0x0, 0x0, 0x0, 0x0, 0xbf, 0x60, 0x0, 0x0,
    0x0, 0xa, 0xf0, 0x0, 0x0, 0x0, 0x1, 0xf9,
    0x0, 0x0, 0x0, 0x35, 0xcf, 0x20, 0x0, 0x0,
    0x9, 0xfd, 0x50, 0x0, 0x0, 0x0,

    /* U+04F2 "Ӳ" */
    0x0, 0x0, 0x14, 0x12, 0x40, 0x0, 0x0, 0xd,
    0xa0, 0xd9, 0x0, 0x0, 0x9, 0xc0, 0xab, 0x0,
    0x0, 0x0, 0x0, 0x0, 0x0, 0x0, 0x7f, 0x60,
    0x0, 0x0, 0x7f, 0x71, 0xfd, 0x0, 0x0, 0xe,
    0xf0, 0x9, 0xf4, 0x0, 0x5, 0xf9, 0x0, 0x3f,
    0xb0, 0x0, 0xcf, 0x20, 0x0, 0xcf, 0x20, 0x2f,
    0xb0, 0x0, 0x5, 0xf8, 0x9, 0xf4, 0x0, 0x0,
    0xe, 0xf2, 0xfd, 0x0, 0x0, 0x0, 0x7f, 0xdf,
    0x60, 0x0, 0x0, 0x1, 0xff, 0xf0, 0x0, 0x0,
    0x0, 0xa, 0xf9, 0x0, 0x0, 0x0, 0x0, 0xcf,
    0x20, 0x0, 0x0, 0x28, 0xbf, 0xb0, 0x0, 0x0,
    0x4, 0xfe, 0xa1, 0x0, 0x0, 0x0,

    /* U+04F3 "ӳ" */
    0x0, 0x0, 0xac, 0xb, 0xc0, 0x0, 0x0, 0x2f,
    0x34, 0xf2, 0x0, 0x0, 0xa, 0x90, 0xd7, 0x0,
    0x0, 0x0, 0x41, 0x4, 0x0, 0x0, 0x4f, 0x70,
    0x0, 0x0, 0xce, 0x0, 0xdd, 0x0, 0x0, 0x2f,
    0x80, 0x7, 0xf3, 0x0, 0x8, 0xf2, 0x0, 0x1f,
    0x90, 0x0, 0xeb, 0x0, 0x0, 0xaf, 0x0, 0x5f,
    0x50, 0x0, 0x4, 0xf5, 0xb, 0xe0, 0x0, 0x0,
    0xe, 0xc1, 0xf9, 0x0, 0x0, 0x0, 0x7f, 0xaf,
    0x30, 0x0, 0x0, 0x1, 0xff, 0xc0, 0x0, 0x0,
    0x0, 0xb, 0xf6, 0x0, 0x0, 0x0, 0x0, 0xaf,
    0x0, 0x0, 0x0, 0x0, 0x1f, 0x90, 0x0, 0x0,
    0x3, 0x5c, 0xf2, 0x0, 0x0, 0x0, 0x9f, 0xd5,
    0x0, 0x0, 0x0,

    /* U+04F4 "Ӵ" */
    0x0, 0x5f, 0x70, 0xee, 0x0, 0x0, 0x3c, 0x50,
    0xab, 0x0, 0x0, 0x0, 0x0, 0x0, 0x0, 0x7f,
    0x50, 0x0, 0x3, 0xf9, 0x7f, 0x50, 0x0, 0x3,
    0xf9, 0x7f, 0x50, 0x0, 0x3, 0xf9, 0x7f, 0x50,
    0x0, 0x3, 0xf9, 0x5f, 0x80, 0x0, 0x3, 0xf9,
    0x1e, 0xf6, 0x22, 0x25, 0xf9, 0x4, 0xef, 0xff,
    0xff, 0xf9, 0x0, 0x3, 0x55, 0x57, 0xf9, 0x0,
    0x0, 0x0, 0x3, 0xf9, 0x0, 0x0, 0x0, 0x3,
    0xf9, 0x0, 0x0, 0x0, 0x3, 0xf9, 0x0, 0x0,
    0x0, 0x3, 0xf9, 0x0, 0x0, 0x0, 0x3, 0xf9,

    /* U+04F5 "ӵ" */
    0x3, 0xc6, 0xa, 0xb0, 0x4, 0xf8, 0xd, 0xf0,
    0x0, 0x0, 0x0, 0x0, 0x0, 0x0, 0x0, 0x0,
    0xbf, 0x0, 0x0, 0x9f, 0xbf, 0x0, 0x0, 0x9f,
    0xaf, 0x0, 0x0, 0x9f, 0x9f, 0x0, 0x0, 0x9f,
    0x5f, 0x91, 0x0, 0xaf, 0x9, 0xff, 0xff, 0xff,
    0x0, 0x13, 0x33, 0xbf, 0x0, 0x0, 0x0, 0x9f,
    0x0, 0x0, 0x0, 0x9f, 0x0, 0x0, 0x0, 0x9f,

    /* U+04F6 "Ӷ" */
    0x3f, 0xff, 0xff, 0xff, 0xf3, 0xfc, 0x77, 0x77,
    0x77, 0x3f, 0x80, 0x0, 0x0, 0x3, 0xf8, 0x0,
    0x0, 0x0, 0x3f, 0x80, 0x0, 0x0, 0x3, 0xf8,
    0x0, 0x0, 0x0, 0x3f, 0x80, 0x0, 0x0, 0x3,
    0xf8, 0x0, 0x0, 0x0, 0x3f, 0x80, 0x0, 0x0,
    0x3, 0xf8, 0x0, 0x0, 0x0, 0x3f, 0x80, 0x0,
    0x0, 0x3, 0xfa, 0x41, 0x0, 0x0, 0x3f, 0xff,
    0x50, 0x0, 0x0, 0x7, 0xf5, 0x0, 0x0, 0x0,
    0x7f, 0x50, 0x0, 0x0, 0x7, 0xf5, 0x0, 0x0,

    /* U+04F7 "ӷ" */
    0x5f, 0xff, 0xff, 0xf9, 0x5f, 0x97, 0x77, 0x74,
    0x5f, 0x40, 0x0, 0x0, 0x5f, 0x40, 0x0, 0x0,
    0x5f, 0x40, 0x0, 0x0, 0x5f, 0x40, 0x0, 0x0,
    0x5f, 0x40, 0x0, 0x0, 0x5f, 0x40, 0x0, 0x0,
    0x5f, 0x40, 0x0, 0x0, 0x5f, 0xfe, 0x0, 0x0,
    0x0, 0xce, 0x0, 0x0, 0x0, 0xce, 0x0, 0x0,
    0x0, 0x9b, 0x0, 0x0,

    /* U+04F8 "Ӹ" */
    0x0, 0x0, 0x4f, 0x80, 0xdf, 0x0, 0x0, 0x0,
    0x0, 0x3c, 0x60, 0xac, 0x0, 0x0, 0x0, 0x0,
    0x0, 0x0, 0x0, 0x0, 0x0, 0x3f, 0x80, 0x0,
    0x0, 0x0, 0xa, 0xf1, 0x3f, 0x80, 0x0, 0x0,
    0x0, 0xa, 0xf1, 0x3f, 0x80, 0x0, 0x0, 0x0,
    0xa, 0xf1, 0x3f, 0x80, 0x0, 0x0, 0x0, 0xa,
    0xf1, 0x3f, 0x92, 0x21, 0x0, 0x0, 0xa, 0xf1,
    0x3f, 0xff, 0xff, 0xfd, 0x50, 0xa, 0xf1, 0x3f,
    0xb5, 0x55, 0x7e, 0xf6, 0xa, 0xf1, 0x3f, 0x80,
    0x0, 0x2, 0xfd, 0xa, 0xf1, 0x3f, 0x80, 0x0,
    0x0, 0xdf, 0xa, 0xf1, 0x3f, 0x80, 0x0, 0x0,
    0xef, 0xa, 0xf1, 0x3f, 0x80, 0x0, 0x3, 0xfd,
    0xa, 0xf1, 0x3f, 0xc7, 0x77, 0xaf, 0xf4, 0xa,
    0xf1, 0x3f, 0xff, 0xff, 0xeb, 0x30, 0xa, 0xf1,

    /* U+04F9 "ӹ" */
    0x0, 0x9, 0xc0, 0x4c, 0x50, 0x0, 0x0, 0xc,
    0xf0, 0x5f, 0x70, 0x0, 0x0, 0x0, 0x0, 0x0,
    0x0, 0x0, 0x0, 0x0, 0x0, 0x0, 0x0, 0x0,
    0x5f, 0x40, 0x0, 0x0, 0x0, 0xf9, 0x5f, 0x40,
    0x0, 0x0, 0x0, 0xf9, 0x5f, 0x40, 0x0, 0x0,
    0x0, 0xf9, 0x5f, 0x40, 0x0, 0x0, 0x0, 0xf9,
    0x5f, 0xff, 0xff, 0xc4, 0x0, 0xf9, 0x5f, 0x73,
    0x36, 0xdf, 0x30, 0xf9, 0x5f, 0x40, 0x0, 0x4f,
    0x70, 0xf9, 0x5f, 0x40, 0x0, 0x4f, 0x70, 0xf9,
    0x5f, 0x74, 0x46, 0xef, 0x20, 0xf9, 0x5f, 0xff,
    0xfe, 0xb3, 0x0, 0xf9,

    /* U+04FA "Ӻ" */
    0x0, 0x1f, 0xff, 0xff, 0xff, 0xf1, 0x0, 0x1f,
    0xd7, 0x77, 0x77, 0x70, 0x0, 0x1f, 0xb0, 0x0,
    0x0, 0x0, 0x0, 0x1f, 0xb0, 0x0, 0x0, 0x0,
    0x0, 0x1f, 0xb0, 0x0, 0x0, 0x0, 0x2, 0x3f,
    0xc2, 0x22, 0x21, 0x0, 0x6f, 0xff, 0xff, 0xff,
    0xf8, 0x0, 0x15, 0x5f, 0xc5, 0x55, 0x52, 0x0,
    0x0, 0x1f, 0xb0, 0x0, 0x0, 0x0, 0x0, 0x1f,
    0xb0, 0x0, 0x0, 0x0, 0x0, 0x1f, 0xb0, 0x0,
    0x0, 0x0, 0x0, 0x1f, 0xb1, 0x11, 0x0, 0x0,
    0x0, 0x1f, 0xff, 0xfe, 0x0, 0x0, 0x0, 0x0,
    0x0, 0xcd, 0x0, 0x0, 0x0, 0x0, 0x0, 0xdc,
    0x0, 0x0, 0x0, 0x25, 0x59, 0xf7, 0x0, 0x0,
    0x0, 0x6f, 0xfe, 0x90, 0x0, 0x0,

    /* U+04FB "ӻ" */
    0x0, 0x3f, 0xff, 0xff, 0xfc, 0x0, 0x3f, 0xa6,
    0x66, 0x64, 0x0, 0x3f, 0x60, 0x0, 0x0, 0x0,
    0x3f, 0x60, 0x0, 0x0, 0x12, 0x5f, 0x82, 0x22,
    0x0, 0x8f, 0xff, 0xff, 0xff, 0x10, 0x25, 0x7f,
    0x95, 0x55, 0x0, 0x0, 0x3f, 0x60, 0x0, 0x0,
    0x0, 0x3f, 0x71, 0x11, 0x0, 0x0, 0x3f, 0xff,
    0xfa, 0x0, 0x0, 0x0, 0x0, 0xf9, 0x0, 0x0,
    0x0, 0x1, 0xf8, 0x0, 0x0, 0x35, 0x6b, 0xf3,
    0x0, 0x0, 0xaf, 0xfe, 0x60, 0x0,

    /* U+04FC "Ӽ" */
    0x8, 0xf6, 0x0, 0x0, 0xc, 0xf2, 0x0, 0xdf,
    0x10, 0x0, 0x7f, 0x70, 0x0, 0x3f, 0xb0, 0x2,
    0xfc, 0x0, 0x0, 0x8, 0xf6, 0xc, 0xf2, 0x0,
    0x0, 0x0, 0xcf, 0x9f, 0x70, 0x0, 0x0, 0x0,
    0x2f, 0xfc, 0x0, 0x0, 0x0, 0x0, 0x2f, 0xf7,
    0x0, 0x0, 0x0, 0x0, 0xbf, 0xdf, 0x20, 0x0,
    0x0, 0x6, 0xf7, 0x2f, 0xc0, 0x0, 0x0, 0x2f,
    0xc0, 0x7, 0xf6, 0x0, 0x0, 0xcf, 0x20, 0x0,
    0xcf, 0x20, 0x7, 0xf7, 0x0, 0x0, 0x2f, 0xc0,
    0x2f, 0xc0, 0x0, 0x0, 0x7, 0xf6, 0x0, 0x0,
    0x0, 0x0, 0x3, 0xf8, 0x0, 0x0, 0x0, 0x0,
    0x8, 0xf5, 0x0, 0x0, 0x0, 0x6, 0xaf, 0xd0,
    0x0, 0x0, 0x0, 0xc, 0xfb, 0x20,

    /* U+04FD "ӽ" */
    0xc, 0xf2, 0x0, 0x6, 0xf8, 0x1, 0xed, 0x0,
    0x2f, 0xc0, 0x0, 0x5f, 0x90, 0xde, 0x10, 0x0,
    0x9, 0xfc, 0xf4, 0x0, 0x0, 0x0, 0xdf, 0x90,
    0x0, 0x0, 0x3, 0xff, 0xc0, 0x0, 0x0, 0xd,
    0xe7, 0xf7, 0x0, 0x0, 0xaf, 0x40, 0xaf, 0x30,
    0x6, 0xf8, 0x0, 0x1e, 0xd0, 0x2f, 0xc0, 0x0,
    0x3, 0xf8, 0x0, 0x0, 0x0, 0x0, 0xeb, 0x0,
    0x0, 0x0, 0x0, 0xf9, 0x0, 0x0, 0x5, 0x5a,
    0xf5, 0x0, 0x0, 0xf, 0xfe, 0x80,

    /* U+04FE "Ӿ" */
    0x8, 0xf5, 0x0, 0x0, 0xb, 0xf2, 0x0, 0xde,
    0x10, 0x0, 0x6f, 0x80, 0x0, 0x4f, 0xa0, 0x1,
    0xed, 0x0, 0x0, 0xa, 0xf4, 0xa, 0xf4, 0x0,
    0x0, 0x1, 0xed, 0x5f, 0x90, 0x0, 0x0, 0x0,
    0x6f, 0xfe, 0x10, 0x0, 0xa, 0xff, 0xff, 0xff,
    0xff, 0xf0, 0x2, 0x33, 0xbf, 0xfe, 0x43, 0x30,
    0x0, 0x4, 0xfa, 0x4f, 0x90, 0x0, 0x0, 0x1e,
    0xd0, 0x9, 0xf4, 0x0, 0x0, 0xaf, 0x30, 0x0,
    0xde, 0x10, 0x6, 0xf8, 0x0, 0x0, 0x3f, 0xb0,
    0x2f, 0xc0, 0x0, 0x0, 0x7, 0xf6,

    /* U+04FF "ӿ" */
    0xc, 0xf2, 0x0, 0x6, 0xf7, 0x0, 0x1e, 0xd0,
    0x3, 0xfb, 0x0, 0x0, 0x4f, 0xa1, 0xde, 0x10,
    0x0, 0x0, 0x8f, 0xdf, 0x40, 0x0, 0xa, 0xff,
    0xff, 0xff, 0xf3, 0x0, 0x23, 0x8f, 0xfe, 0x43,
    0x0, 0x0, 0x1e, 0xd5, 0xf9, 0x0, 0x0, 0xb,
    0xf3, 0x9, 0xf4, 0x0, 0x6, 0xf7, 0x0, 0xd,
    0xe1, 0x2, 0xfc, 0x0, 0x0, 0x3f, 0xb0,

    /* U+0500 "Ԁ" */
    0x0, 0x0, 0x0, 0x3, 0xf9, 0x0, 0x0, 0x0,
    0x3, 0xf9, 0x0, 0x0, 0x0, 0x3, 0xf9, 0x0,
    0x0, 0x0, 0x3, 0xf9, 0x0, 0x0, 0x12, 0x24,
    0xf9, 0x2, 0xbf, 0xff, 0xff, 0xf9, 0x1e, 0xf9,
    0x55, 0x57, 0xf9, 0x8f, 0x80, 0x0, 0x3, 0xf9,
    0xaf, 0x30, 0x0, 0x3, 0xf9, 0xaf, 0x30, 0x0,
    0x3, 0xf9, 0x7f, 0x90, 0x0, 0x3, 0xf9, 0x1e,
    0xfc, 0x87, 0x78, 0xf9, 0x1, 0x8d, 0xff, 0xff,
    0xf9,

    /* U+0501 "ԁ" */
    0x0, 0x0, 0x0, 0xbe, 0x0, 0x0, 0x0, 0xbe,
    0x0, 0x0, 0x0, 0xbe, 0x0, 0x0, 0x11, 0xbe,
    0x8, 0xef, 0xff, 0xfe, 0xaf, 0x94, 0x44, 0xce,
    0xfd, 0x0, 0x0, 0xbe, 0xfd, 0x0, 0x0, 0xbe,
    0x9f, 0xa6, 0x55, 0xce, 0x7, 0xdf, 0xff, 0xfe,

    /* U+0502 "Ԃ" */
    0x0, 0x0, 0x0, 0x3, 0xf9, 0x0, 0x0, 0x0,
    0x0, 0x0, 0x0, 0x3, 0xf9, 0x0, 0x0, 0x0,
    0x0, 0x0, 0x0, 0x3, 0xf9, 0x0, 0x0, 0x0,
    0x0, 0x0, 0x0, 0x3, 0xf9, 0x0, 0x7, 0xf5,
    0x0, 0x0, 0x12, 0x24, 0xf9, 0x0, 0x7, 0xf5,
    0x2, 0xaf, 0xff, 0xff, 0xf9, 0x0, 0x7, 0xf5,
    0x2f, 0xf9, 0x55, 0x57, 0xf9, 0x0, 0x7, 0xf5,
    0x8f, 0x70, 0x0, 0x3, 0xf9, 0x0, 0x7, 0xf5,
    0xbf, 0x30, 0x0, 0x3, 0xf9, 0x0, 0x7, 0xf5,
    0xaf, 0x30, 0x0, 0x6, 0xfa, 0x0, 0x8, 0xf4,
    0x6f, 0xa0, 0x0, 0xd, 0xfe, 0x0, 0xc, 0xf1,
    0xc, 0xfb, 0x67, 0xda, 0x7f, 0xb6, 0xaf, 0x90,
    0x0, 0x8d, 0xfe, 0x80, 0x8, 0xef, 0xe9, 0x0,

    /* U+0503 "ԃ" */
    0x0, 0x0, 0x0, 0xbe, 0x0, 0x0, 0x0, 0x0,
    0x0, 0x0, 0xbe, 0x0, 0x0, 0x0, 0x0, 0x0,
    0x0, 0xbe, 0x0, 0x0, 0x0, 0x0, 0x0, 0x11,
    0xbe, 0x0, 0x1, 0xf7, 0x8, 0xef, 0xff, 0xfe,
    0x0, 0x1, 0xf8, 0xaf, 0x94, 0x44, 0xce, 0x0,
    0x1, 0xf8, 0xfc, 0x0, 0x0, 0xcf, 0x0, 0x2,
    0xf7, 0xed, 0x0, 0x1, 0xff, 0x30, 0x7, 0xf5,
    0x8f, 0xb6, 0x7e, 0x9f, 0xe6, 0x7f, 0xe0, 0x8,
    0xef, 0xd6, 0x4, 0xcf, 0xfb, 0x20,

    /* U+0504 "Ԅ" */
    0x19, 0xde, 0xfd, 0xa3, 0x0, 0x0, 0x0, 0x3,
    0xda, 0x88, 0xaf, 0xf3, 0x0, 0x0, 0x0, 0x0,
    0x0, 0x0, 0x5f, 0xa0, 0x0, 0x0, 0x0, 0x0,
    0x0, 0x2, 0xf9, 0x0, 0x0, 0xfc, 0x0, 0x2,
    0x24, 0xce, 0x20, 0x0, 0xf, 0xc0, 0x5, 0xff,
    0xfd, 0x20, 0x0, 0x0, 0xfc, 0x0, 0x15, 0x58,
    0xfe, 0x20, 0x0, 0xf, 0xc0, 0x0, 0x0, 0x3,
    0xfb, 0x0, 0x0, 0xfc, 0x0, 0x0, 0x0, 0xd,
    0xf0, 0x0, 0xf, 0xc0, 0x0, 0x0, 0x0, 0xbf,
    0x10, 0x1, 0xfb, 0x0, 0x0, 0x0, 0x8, 0xf6,
    0x0, 0x5f, 0x80, 0x0, 0x0, 0x0, 0x1f, 0xf9,
    0x9f, 0xf1, 0x0, 0x0, 0x0, 0x0, 0x3c, 0xff,
    0xc3, 0x0,

    /* U+0505 "ԅ" */
    0x5c, 0xef, 0xea, 0x20, 0x0, 0x0, 0x0, 0x6a,
    0x76, 0x9f, 0xe0, 0x0, 0x0, 0x0, 0x0, 0x0,
    0x7, 0xf3, 0x0, 0x0, 0x0, 0x0, 0x1, 0x3c,
    0xd0, 0x0, 0x6, 0xd1, 0x0, 0xef, 0xfc, 0x10,
    0x0, 0x8, 0xf1, 0x0, 0x34, 0x6e, 0xd1, 0x0,
    0x8, 0xf1, 0x0, 0x0, 0x3, 0xf7, 0x0, 0x9,
    0xf1, 0x0, 0x0, 0x0, 0xfc, 0x0, 0xd, 0xe0,
    0x0, 0x0, 0x0, 0x9f, 0xb7, 0xbf, 0x80, 0x0,
    0x0, 0x0, 0x7, 0xdf, 0xe8, 0x0,

    /* U+0506 "Ԇ" */
    0x19, 0xde, 0xfd, 0x91, 0x0, 0x3, 0xfb, 0x88,
    0xbf, 0xe1, 0x0, 0x0, 0x0, 0x0, 0x7f, 0x80,
    0x0, 0x0, 0x0, 0x1, 0xfa, 0x0, 0x0, 0x0,
    0x0, 0x3f, 0x80, 0x0, 0x0, 0x22, 0x5d, 0xd1,
    0x0, 0x0, 0x5f, 0xff, 0xc2, 0x0, 0x0, 0x1,
    0x55, 0x8e, 0xe3, 0x0, 0x0, 0x0, 0x0, 0x2f,
    0xc0, 0x0, 0x0, 0x0, 0x0, 0xcf, 0x0, 0x0,
    0x0, 0x0, 0xc, 0xf0, 0x0, 0x0, 0x0, 0x0,
    0xcf, 0x32, 0x0, 0x0, 0x0, 0xc, 0xff, 0xc0,
    0x0, 0x0, 0x0, 0x0, 0xfc, 0x0, 0x0, 0x0,
    0x0, 0xf, 0xc0, 0x0, 0x0, 0x0, 0x0, 0xfc,
    0x0, 0x0, 0x0, 0x0, 0xf, 0xc0,

    /* U+0507 "ԇ" */
    0x5c, 0xef, 0xea, 0x20, 0x0, 0x6a, 0x76, 0x9f,
    0xe0, 0x0, 0x0, 0x0, 0x7, 0xf3, 0x0, 0x0,
    0x1, 0x3c, 0xd0, 0x0, 0x0, 0xef, 0xfc, 0x10,
    0x0, 0x0, 0x34, 0x6e, 0xc0, 0x0, 0x0, 0x0,
    0x3, 0xf6, 0x0, 0x0, 0x0, 0x1, 0xf8, 0x0,
    0x0, 0x0, 0x1, 0xf8, 0x0, 0x0, 0x0, 0x1,
    0xff, 0xf2, 0x0, 0x0, 0x0, 0x7, 0xf2, 0x0,
    0x0, 0x0, 0x7, 0xf2, 0x0, 0x0, 0x0, 0x7,
    0xf2, 0x0, 0x0, 0x0, 0x7, 0xf2,

    /* U+0508 "Ԉ" */
    0x0, 0x0, 0xff, 0xff, 0xff, 0xfc, 0x0, 0x0,
    0x0, 0x0, 0x0, 0xfd, 0x77, 0x77, 0xfc, 0x0,
    0x0, 0x0, 0x0, 0x0, 0xfb, 0x0, 0x0, 0xfc,
    0x0, 0x0, 0x0, 0x0, 0x1, 0xfb, 0x0, 0x0,
    0xfc, 0x0, 0x4, 0xf8, 0x0, 0x1, 0xfa, 0x0,
    0x0, 0xfc, 0x0, 0x4, 0xf8, 0x0, 0x3, 0xf9,
    0x0, 0x0, 0xfc, 0x0, 0x4, 0xf8, 0x0, 0x4,
    0xf8, 0x0, 0x0, 0xfc, 0x0, 0x4, 0xf8, 0x0,
    0x7, 0xf5, 0x0, 0x0, 0xfc, 0x0, 0x4, 0xf8,
    0x0, 0xb, 0xf2, 0x0, 0x0, 0xfc, 0x0, 0x4,
    0xf8, 0x0, 0xf, 0xd0, 0x0, 0x0, 0xfd, 0x0,
    0x5, 0xf7, 0x0, 0x9f, 0x70, 0x0, 0x0, 0xcf,
    0x20, 0x9, 0xf4, 0x4d, 0xfb, 0x0, 0x0, 0x0,
    0x5f, 0xe8, 0xaf, 0xc0, 0x7b, 0x60, 0x0, 0x0,
    0x0, 0x6, 0xdf, 0xea, 0x10,

    /* U+0509 "ԉ" */
    0x0, 0xa, 0xff, 0xff, 0xff, 0x0, 0x0, 0x0,
    0x0, 0xa, 0xf5, 0x55, 0xbf, 0x0, 0x0, 0x0,
    0x0, 0xa, 0xf0, 0x0, 0x9f, 0x0, 0x0, 0x0,
    0x0, 0xb, 0xe0, 0x0, 0x9f, 0x0, 0x0, 0xf9,
    0x0, 0xc, 0xd0, 0x0, 0x9f, 0x0, 0x0, 0xf9,
    0x0, 0xf, 0xa0, 0x0, 0x9f, 0x0, 0x0, 0xf9,
    0x0, 0x3f, 0x70, 0x0, 0x9f, 0x0, 0x1, 0xf8,
    0x0, 0xaf, 0x10, 0x0, 0x8f, 0x40, 0x5, 0xf6,
    0x3b, 0xf8, 0x0, 0x0, 0x2f, 0xe7, 0x8f, 0xe1,
    0x8c, 0x60, 0x0, 0x0, 0x3, 0xbf, 0xfb, 0x30,

    /* U+050A "Ԋ" */
    0x3f, 0x80, 0x0, 0x0, 0xf, 0xc0, 0x0, 0x0,
    0x0, 0x3f, 0x80, 0x0, 0x0, 0xf, 0xc0, 0x0,
    0x0, 0x0, 0x3f, 0x80, 0x0, 0x0, 0xf, 0xc0,
    0x0, 0x0, 0x0, 0x3f, 0x80, 0x0, 0x0, 0xf,
    0xc0, 0x0, 0x6, 0xf6, 0x3f, 0x92, 0x22, 0x22,
    0x2f, 0xc0, 0x0, 0x6, 0xf6, 0x3f, 0xff, 0xff,
    0xff, 0xff, 0xc0, 0x0, 0x6, 0xf6, 0x3f, 0xb5,
    0x55, 0x55, 0x5f, 0xc0, 0x0, 0x6, 0xf6, 0x3f,
    0x80, 0x0, 0x0, 0xf, 0xc0, 0x0, 0x6, 0xf6,
    0x3f, 0x80, 0x0, 0x0, 0xf, 0xc0, 0x0, 0x6,
    0xf6, 0x3f, 0x80, 0x0, 0x0, 0xf, 0xd0, 0x0,
    0x7, 0xf5, 0x3f, 0x80, 0x0, 0x0, 0xc, 0xf1,
    0x0, 0xb, 0xf2, 0x3f, 0x80, 0x0, 0x0, 0x6,
    0xfd, 0x77, 0xbf, 0xb0, 0x3f, 0x80, 0x0, 0x0,
    0x0, 0x6c, 0xff, 0xe9, 0x10,

    /* U+050B "ԋ" */
    0x4f, 0x50, 0x0, 0x6, 0xf3, 0x0, 0x0, 0x4,
    0xf5, 0x0, 0x0, 0x6f, 0x30, 0x0, 0x0, 0x4f,
    0x50, 0x0, 0x6, 0xf3, 0x0, 0x0, 0x4, 0xf5,
    0x0, 0x0, 0x7f, 0x30, 0x0, 0xdc, 0x4f, 0xff,
    0xff, 0xff, 0xf3, 0x0, 0xd, 0xc4, 0xf7, 0x33,
    0x33, 0x8f, 0x30, 0x0, 0xdc, 0x4f, 0x50, 0x0,
    0x6, 0xf3, 0x0, 0xe, 0xb4, 0xf5, 0x0, 0x0,
    0x5f, 0x70, 0x3, 0xf9, 0x4f, 0x50, 0x0, 0x0,
    0xdf, 0x87, 0xef, 0x34, 0xf5, 0x0, 0x0, 0x1,
    0xaf, 0xfc, 0x40,

    /* U+050C "Ԍ" */
    0x0, 0x6, 0xbe, 0xff, 0xc8, 0x10, 0x2, 0xdf,
    0xd8, 0x78, 0xbf, 0xf1, 0xd, 0xf6, 0x0, 0x0,
    0x1, 0x91, 0x6f, 0x80, 0x0, 0x0, 0x0, 0x0,
    0xbf, 0x20, 0x0, 0x0, 0x0, 0x21, 0xef, 0x0,
    0x0, 0x0, 0x5, 0xf7, 0xfe, 0x0, 0x0, 0x0,
    0x5, 0xf7, 0xef, 0x0, 0x0, 0x0, 0x5, 0xf7,
    0xbf, 0x20, 0x0, 0x0, 0x5, 0xf7, 0x6f, 0x80,
    0x0, 0x0, 0x6, 0xf6, 0xd, 0xf6, 0x0, 0x0,
    0xa, 0xf3, 0x2, 0xdf, 0xd8, 0x77, 0xbf, 0xd0,
    0x0, 0x6, 0xbe, 0xfe, 0xc9, 0x10,

    /* U+050D "ԍ" */
    0x0, 0x7d, 0xfe, 0xc6, 0x0, 0xcf, 0xa6, 0x69,
    0xe6, 0x7f, 0x70, 0x0, 0x0, 0x1d, 0xe0, 0x0,
    0x0, 0x0, 0xfc, 0x0, 0x0, 0xa, 0x6f, 0xc0,
    0x0, 0x0, 0xf9, 0xde, 0x0, 0x0, 0xf, 0x97,
    0xf7, 0x0, 0x4, 0xf6, 0xc, 0xfa, 0x67, 0xef,
    0x10, 0x7, 0xdf, 0xfb, 0x30,

    /* U+050E "Ԏ" */
    0xf, 0xff, 0xff, 0xff, 0xff, 0xff, 0x0, 0x7,
    0x77, 0x7a, 0xfa, 0x77, 0x77, 0x0, 0x0, 0x0,
    0x6, 0xf6, 0x0, 0x0, 0x0, 0x0, 0x0, 0x6,
    0xf6, 0x0, 0xa, 0xf2, 0x0, 0x0, 0x6, 0xf6,
    0x0, 0xa, 0xf2, 0x0, 0x0, 0x6, 0xf6, 0x0,
    0xa, 0xf2, 0x0, 0x0, 0x6, 0xf6, 0x0, 0xa,
    0xf2, 0x0, 0x0, 0x6, 0xf6, 0x0, 0xa, 0xf2,
    0x0, 0x0, 0x6, 0xf6, 0x0, 0xa, 0xf2, 0x0,
    0x0, 0x5, 0xf7, 0x0, 0xb, 0xf0, 0x0, 0x0,
    0x2, 0xfc, 0x0, 0x1f, 0xe0, 0x0, 0x0, 0x0,
    0xbf, 0xb8, 0xdf, 0x60, 0x0, 0x0, 0x0, 0x19,
    0xef, 0xd7, 0x0,

    /* U+050F "ԏ" */
    0xff, 0xff, 0xff, 0xff, 0xf7, 0x0, 0x77, 0x78,
    0xfc, 0x77, 0x73, 0x0, 0x0, 0x0, 0xf9, 0x0,
    0x0, 0x0, 0x0, 0x0, 0xf9, 0x0, 0x6, 0xf2,
    0x0, 0x0, 0xf9, 0x0, 0x7, 0xf2, 0x0, 0x0,
    0xf9, 0x0, 0x7, 0xf2, 0x0, 0x0, 0xf9, 0x0,
    0x8, 0xf1, 0x0, 0x0, 0xec, 0x0, 0xc, 0xf0,
    0x0, 0x0, 0x8f, 0xb7, 0xbf, 0x90, 0x0, 0x0,
    0x7, 0xdf, 0xe8, 0x0,

    /* U+0510 "Ԑ" */
    0x0, 0x6c, 0xef, 0xeb, 0x50, 0xa, 0xfd, 0x88,
    0x9c, 0xa0, 0x2f, 0xc0, 0x0, 0x0, 0x0, 0x3f,
    0x90, 0x0, 0x0, 0x0, 0xe, 0xf7, 0x32, 0x10,
    0x0, 0x2, 0xbf, 0xff, 0xd0, 0x0, 0x3, 0xcb,
    0x65, 0x40, 0x0, 0x1f, 0xa0, 0x0, 0x0, 0x0,
    0x7f, 0x40, 0x0, 0x0, 0x0, 0x8f, 0x50, 0x0,
    0x0, 0x0, 0x4f, 0xc0, 0x0, 0x0, 0x20, 0xb,
    0xfe, 0x98, 0x9c, 0xf1, 0x0, 0x6c, 0xef, 0xec,
    0x80,

    /* U+0511 "ԑ" */
    0x4, 0xce, 0xfe, 0xb1, 0x3f, 0xd7, 0x68, 0xb2,
    0x8f, 0x10, 0x0, 0x0, 0x4f, 0x82, 0x10, 0x0,
    0x4, 0xef, 0xf9, 0x0, 0x3f, 0xb5, 0x42, 0x0,
    0xbe, 0x0, 0x0, 0x0, 0xce, 0x0, 0x0, 0x0,
    0x6f, 0xd7, 0x56, 0x97, 0x4, 0xbe, 0xfe, 0xc4,

    /* U+0512 "Ԓ" */
    0x0, 0x0, 0xff, 0xff, 0xff, 0xfc, 0x0, 0x0,
    0xfd, 0x77, 0x77, 0xfc, 0x0, 0x0, 0xfb, 0x0,
    0x0, 0xfc, 0x0, 0x1, 0xfb, 0x0, 0x0, 0xfc,
    0x0, 0x1, 0xfa, 0x0, 0x0, 0xfc, 0x0, 0x2,
    0xfa, 0x0, 0x0, 0xfc, 0x0, 0x3, 0xf9, 0x0,
    0x0, 0xfc, 0x0, 0x5, 0xf7, 0x0, 0x0, 0xfc,
    0x0, 0x7, 0xf5, 0x0, 0x0, 0xfc, 0x0, 0xb,
    0xf2, 0x0, 0x0, 0xfc, 0x0, 0x2f, 0xd0, 0x0,
    0x0, 0xfc, 0x6, 0xef, 0x40, 0x0, 0x0, 0xfc,
    0x4f, 0xd4, 0x0, 0x0, 0x0, 0xfc, 0x12, 0x0,
    0x0, 0x0, 0x1, 0xfb, 0x0, 0x0, 0x0, 0x0,
    0x5, 0xf8, 0x0, 0x0, 0x0, 0x5, 0x9f, 0xf2,
    0x0, 0x0, 0x0, 0xb, 0xfc, 0x30,

    /* U+0513 "ԓ" */
    0x0, 0xa, 0xff, 0xff, 0xff, 0x0, 0x0, 0xaf,
    0x44, 0x4b, 0xf0, 0x0, 0xa, 0xf0, 0x0, 0x9f,
    0x0, 0x0, 0xae, 0x0, 0x9, 0xf0, 0x0, 0xb,
    0xe0, 0x0, 0x9f, 0x0, 0x0, 0xdc, 0x0, 0x9,
    0xf0, 0x0, 0xf, 0xa0, 0x0, 0x9f, 0x0, 0x5,
    0xf5, 0x0, 0x9, 0xf0, 0x17, 0xfd, 0x0, 0x0,
    0x9f, 0x5, 0xfa, 0x10, 0x0, 0x9, 0xf0, 0x0,
    0x0, 0x0, 0x0, 0x9f, 0x0, 0x0, 0x0, 0x0,
    0xb, 0xe0, 0x0, 0x0, 0x0, 0x38, 0xfa, 0x0,
    0x0, 0x0, 0xa, 0xea, 0x10,

    /* U+0514 "Ԕ" */
    0x0, 0x0, 0xff, 0xff, 0xff, 0xff, 0x20, 0x0,
    0x1, 0xed, 0x0, 0x0, 0xf, 0xd7, 0x77, 0x77,
    0xfc, 0x0, 0x0, 0xbf, 0x30, 0x0, 0x0, 0xfb,
    0x0, 0x0, 0x7, 0xf7, 0x0, 0x6f, 0x80, 0x0,
    0x0, 0x1f, 0xb0, 0x0, 0x0, 0xc, 0xf2, 0x1f,
    0xd0, 0x0, 0x0, 0x1, 0xfa, 0x0, 0x0, 0x0,
    0x2f, 0xcb, 0xf3, 0x0, 0x0, 0x0, 0x2f, 0xa0,
    0x0, 0x0, 0x0, 0x6f, 0xf8, 0x0, 0x0, 0x0,
    0x3, 0xf9, 0x0, 0x0, 0x0, 0x5, 0xff, 0x30,
    0x0, 0x0, 0x0, 0x5f, 0x70, 0x0, 0x0, 0x1,
    0xed, 0xfc, 0x0, 0x0, 0x0, 0x8, 0xf4, 0x0,
    0x0, 0x0, 0xbf, 0x36, 0xf7, 0x0, 0x0, 0x0,
    0xcf, 0x10, 0x0, 0x0, 0x5f, 0x80, 0xb, 0xf2,
    0x0, 0x0, 0x6f, 0xb0, 0x0, 0x0, 0x1e, 0xd0,
    0x0, 0x2f, 0xc0, 0x2, 0xbf, 0xe2, 0x0, 0x0,
    0xb, 0xf3, 0x0, 0x0, 0x6f, 0x70, 0x4d, 0x81,
    0x0, 0x0, 0x6, 0xf8, 0x0, 0x0, 0x0, 0xbf,
    0x20,

    /* U+0515 "ԕ" */
    0x0, 0xa, 0xff, 0xff, 0xff, 0x50, 0x0, 0x2f,
    0xb0, 0x0, 0xa, 0xf4, 0x44, 0x4c, 0xf2, 0x0,
    0xde, 0x10, 0x0, 0xa, 0xf0, 0x0, 0x1, 0xec,
    0x9, 0xf4, 0x0, 0x0, 0xb, 0xe0, 0x0, 0x0,
    0x5f, 0xcf, 0x80, 0x0, 0x0, 0xc, 0xe0, 0x0,
    0x0, 0xa, 0xfd, 0x0, 0x0, 0x0, 0xd, 0xc0,
    0x0, 0x0, 0x1e, 0xfe, 0x10, 0x0, 0x0, 0xf,
    0x90, 0x0, 0x0, 0xaf, 0x6f, 0xc0, 0x0, 0x0,
    0x6f, 0x50, 0x0, 0x6, 0xf7, 0x6, 0xf8, 0x0,
    0x29, 0xfc, 0x0, 0x0, 0x2f, 0xc0, 0x0, 0xaf,
    0x30, 0x5d, 0x80, 0x0, 0x0, 0xde, 0x10, 0x0,
    0x1e, 0xe1,

    /* U+0516 "Ԗ" */
    0x3f, 0xff, 0xff, 0xc6, 0x0, 0x1, 0xed, 0x3,
    0xfb, 0x77, 0x8e, 0xf9, 0x0, 0xbf, 0x30, 0x3f,
    0x80, 0x0, 0x1e, 0xf1, 0x7f, 0x70, 0x3, 0xf8,
    0x0, 0x0, 0xaf, 0x6f, 0xb0, 0x0, 0x3f, 0x80,
    0x0, 0xd, 0xff, 0xe1, 0x0, 0x3, 0xf9, 0x22,
    0x3a, 0xff, 0xf4, 0x0, 0x0, 0x3f, 0xff, 0xff,
    0xfb, 0x8f, 0x70, 0x0, 0x3, 0xfb, 0x54, 0x41,
    0x0, 0xcf, 0x20, 0x0, 0x3f, 0x80, 0x0, 0x0,
    0x3, 0xfb, 0x0, 0x3, 0xf8, 0x0, 0x0, 0x0,
    0x8, 0xf5, 0x0, 0x3f, 0x80, 0x0, 0x0, 0x0,
    0xe, 0xe1, 0x3, 0xf8, 0x0, 0x0, 0x0, 0x0,
    0x5f, 0x90, 0x3f, 0x80, 0x0, 0x0, 0x0, 0x0,
    0xbf, 0x30,

    /* U+0517 "ԗ" */
    0x5f, 0x58, 0xef, 0xd6, 0x0, 0x7, 0xf6, 0x5f,
    0xea, 0x22, 0xaf, 0x60, 0x4f, 0xa0, 0x5f, 0xd0,
    0x0, 0xc, 0xf2, 0xed, 0x0, 0x5f, 0x70, 0x0,
    0x6, 0xfe, 0xf3, 0x0, 0x5f, 0x40, 0x0, 0x4,
    0xff, 0x70, 0x0, 0x5f, 0x50, 0x0, 0x4, 0xff,
    0xc0, 0x0, 0x5f, 0x80, 0x0, 0x7, 0xfa, 0xf7,
    0x0, 0x5f, 0xe1, 0x0, 0xe, 0xe0, 0xaf, 0x30,
    0x5f, 0xcd, 0x77, 0xdf, 0x50, 0x1e, 0xd0, 0x5f,
    0x48, 0xef, 0xd5, 0x0, 0x4, 0xfa, 0x5f, 0x40,
    0x0, 0x0, 0x0, 0x0, 0x0, 0x5f, 0x40, 0x0,
    0x0, 0x0, 0x0, 0x0, 0x5f, 0x40, 0x0, 0x0,
    0x0, 0x0, 0x0, 0x5f, 0x40, 0x0, 0x0, 0x0,
    0x0, 0x0,

    /* U+0518 "Ԙ" */
    0x0, 0x7d, 0xff, 0xff, 0xff, 0xff, 0xff, 0xff,
    0x40, 0xbf, 0xe9, 0x77, 0x8f, 0xd7, 0x77, 0x77,
    0x71, 0x2f, 0xe1, 0x0, 0x0, 0xfb, 0x0, 0x0,
    0x0, 0x5, 0xfa, 0x0, 0x0, 0xf, 0xb0, 0x0,
    0x0, 0x0, 0x3f, 0xc0, 0x0, 0x0, 0xfc, 0x22,
    0x22, 0x22, 0x0, 0xcf, 0x93, 0x22, 0x2f, 0xff,
    0xff, 0xff, 0xf0, 0x0, 0x8e, 0xff, 0xff, 0xfd,
    0x55, 0x55, 0x55, 0x0, 0x0, 0x7f, 0x95, 0x5f,
    0xb0, 0x0, 0x0, 0x0, 0x0, 0x2f, 0xd0, 0x0,
    0xfb, 0x0, 0x0, 0x0, 0x0, 0xb, 0xf4, 0x0,
    0xf, 0xb0, 0x0, 0x0, 0x0, 0x4, 0xfa, 0x0,
    0x0, 0xfb, 0x0, 0x0, 0x0, 0x0, 0xdf, 0x10,
    0x0, 0xf, 0xd7, 0x77, 0x77, 0x73, 0x7f, 0x60,
    0x0, 0x0, 0xff, 0xff, 0xff, 0xff, 0x60,

    /* U+0519 "ԙ" */
    0x3, 0xbe, 0xff, 0xff, 0xff, 0xff, 0xe9, 0x10,
    0x1f, 0xd4, 0x22, 0x6f, 0xfc, 0x42, 0x5e, 0xd0,
    0x4f, 0x60, 0x0, 0x5f, 0xd0, 0x0, 0x3, 0xf6,
    0x3f, 0xc3, 0x0, 0x5f, 0x80, 0x0, 0x0, 0xeb,
    0x8, 0xff, 0xff, 0xff, 0xff, 0xff, 0xff, 0xfc,
    0x0, 0x3f, 0x83, 0x7f, 0x83, 0x33, 0x33, 0x32,
    0x0, 0xcd, 0x0, 0x1f, 0xa0, 0x0, 0x0, 0x0,
    0x6, 0xf4, 0x0, 0xa, 0xf3, 0x0, 0x0, 0x1,
    0x1f, 0xa0, 0x0, 0x1, 0xdf, 0x96, 0x79, 0xe6,
    0xaf, 0x10, 0x0, 0x0, 0x18, 0xdf, 0xfd, 0xa3,

    /* U+051A "Ԛ" */
    0x0, 0x7, 0xcf, 0xfd, 0x81, 0x0, 0x0, 0x2d,
    0xfb, 0x77, 0xaf, 0xe3, 0x0, 0xd, 0xf5, 0x0,
    0x0, 0x3f, 0xe1, 0x6, 0xf9, 0x0, 0x0, 0x0,
    0x6f, 0x90, 0xbf, 0x20, 0x0, 0x0, 0x0, 0xfe,
    0xe, 0xf0, 0x0, 0x0, 0x0, 0xc, 0xf1, 0xfe,
    0x0, 0x0, 0x0, 0x0, 0xbf, 0x2e, 0xf0, 0x0,
    0x0, 0x0, 0xc, 0xf0, 0xbf, 0x20, 0x0, 0x0,
    0x0, 0xfe, 0x6, 0xf8, 0x0, 0x0, 0x0, 0x6f,
    0x80, 0xd, 0xf5, 0x0, 0x0, 0x3e, 0xe1, 0x0,
    0x2d, 0xfb, 0x77, 0xaf, 0xe3, 0x0, 0x0, 0x7,
    0xcf, 0xff, 0xd1, 0x0, 0x0, 0x0, 0x0, 0x0,
    0xaf, 0x70, 0x0, 0x0, 0x0, 0x0, 0x0, 0xbf,
    0x70, 0x0,

    /* U+051B "ԛ" */
    0x1, 0xaf, 0xfb, 0x2d, 0xc1, 0xdf, 0x96, 0xae,
    0xec, 0x8f, 0x50, 0x0, 0x8f, 0xcd, 0xd0, 0x0,
    0x0, 0xfc, 0xfb, 0x0, 0x0, 0xe, 0xcf, 0xb0,
    0x0, 0x0, 0xec, 0xdd, 0x0, 0x0, 0xf, 0xc8,
    0xf5, 0x0, 0x8, 0xfc, 0x1e, 0xf8, 0x6a, 0xee,
    0xc0, 0x1a, 0xff, 0xb2, 0xdc, 0x0, 0x0, 0x0,
    0xd, 0xc0, 0x0, 0x0, 0x0, 0xdc, 0x0, 0x0,
    0x0, 0xd, 0xc0, 0x0, 0x0, 0x0, 0xdc,

    /* U+051C "Ԝ" */
    0x4f, 0x80, 0x0, 0x3, 0xff, 0x0, 0x0, 0xb,
    0xf1, 0xf, 0xc0, 0x0, 0x7, 0xff, 0x40, 0x0,
    0xf, 0xd0, 0xc, 0xf0, 0x0, 0xb, 0xbe, 0x80,
    0x0, 0x3f, 0x90, 0x8, 0xf4, 0x0, 0xf, 0x7a,
    0xc0, 0x0, 0x7f, 0x50, 0x4, 0xf8, 0x0, 0x3f,
    0x36, 0xf0, 0x0, 0xbf, 0x10, 0x0, 0xfc, 0x0,
    0x7f, 0x2, 0xf4, 0x0, 0xfc, 0x0, 0x0, 0xcf,
    0x0, 0xbb, 0x0, 0xe8, 0x3, 0xf8, 0x0, 0x0,
    0x8f, 0x40, 0xf7, 0x0, 0xac, 0x7, 0xf4, 0x0,
    0x0, 0x4f, 0x83, 0xf3, 0x0, 0x6f, 0xb, 0xf0,
    0x0, 0x0, 0xf, 0xc7, 0xf0, 0x0, 0x2f, 0x4f,
    0xc0, 0x0, 0x0, 0xb, 0xfc, 0xb0, 0x0, 0xe,
    0xcf, 0x80, 0x0, 0x0, 0x7, 0xff, 0x70, 0x0,
    0xa, 0xff, 0x40, 0x0, 0x0, 0x3, 0xff, 0x30,
    0x0, 0x7, 0xff, 0x0, 0x0,

    /* U+051D "ԝ" */
    0x1f, 0x80, 0x0, 0xbf, 0x70, 0x0, 0xcd, 0xd,
    0xc0, 0x0, 0xff, 0xb0, 0x0, 0xf9, 0x9, 0xf0,
    0x3, 0xfa, 0xf0, 0x4, 0xf5, 0x5, 0xf4, 0x8,
    0xe3, 0xf3, 0x8, 0xf1, 0x1, 0xf8, 0xc, 0xa0,
    0xe7, 0xd, 0xc0, 0x0, 0xdc, 0xf, 0x60, 0xab,
    0x1f, 0x80, 0x0, 0x9f, 0x5f, 0x20, 0x6f, 0x5f,
    0x40, 0x0, 0x5f, 0xde, 0x0, 0x2f, 0xdf, 0x0,
    0x0, 0x1f, 0xf9, 0x0, 0xe, 0xfc, 0x0, 0x0,
    0xc, 0xf5, 0x0, 0xa, 0xf8, 0x0,

    /* U+051E "Ԟ" */
    0x3f, 0x80, 0x24, 0x0, 0x9f, 0xa0, 0x3f, 0x80,
    0xb, 0x79, 0xfa, 0x0, 0x3f, 0x80, 0x0, 0xef,
    0xa0, 0x0, 0x3f, 0x80, 0x8, 0xfe, 0x70, 0x0,
    0x3f, 0x80, 0x8f, 0xb0, 0xa5, 0x0, 0x3f, 0x88,
    0xff, 0x50, 0x0, 0x0, 0x3f, 0xef, 0xbe, 0xe1,
    0x0, 0x0, 0x3f, 0xfb, 0x4, 0xfb, 0x0, 0x0,
    0x3f, 0xc0, 0x0, 0x9f, 0x50, 0x0, 0x3f, 0x80,
    0x0, 0xd, 0xe1, 0x0, 0x3f, 0x80, 0x0, 0x3,
    0xfb, 0x0, 0x3f, 0x80, 0x0, 0x0, 0x8f, 0x60,
    0x3f, 0x80, 0x0, 0x0, 0xd, 0xf2,

    /* U+051F "ԟ" */
    0x5f, 0x40, 0x64, 0xaf, 0x50, 0x5f, 0x40, 0x2f,
    0xf5, 0x0, 0x5f, 0x40, 0xaf, 0xd4, 0x0, 0x5f,
    0x4a, 0xf5, 0x14, 0x0, 0x5f, 0xcf, 0xf8, 0x0,
    0x0, 0x5f, 0xf6, 0x9f, 0x30, 0x0, 0x5f, 0x70,
    0xe, 0xd0, 0x0, 0x5f, 0x40, 0x4, 0xf9, 0x0,
    0x5f, 0x40, 0x0, 0x8f, 0x40, 0x5f, 0x40, 0x0,
    0xd, 0xe0,

    /* U+0520 "Ԡ" */
    0x0, 0x0, 0xff, 0xff, 0xff, 0xfc, 0x0, 0x0,
    0x0, 0x0, 0x0, 0x0, 0xfd, 0x77, 0x77, 0xfc,
    0x0, 0x0, 0x0, 0x0, 0x0, 0x0, 0xfb, 0x0,
    0x0, 0xfc, 0x0, 0x0, 0x0, 0x0, 0x0, 0x1,
    0xfb, 0x0, 0x0, 0xfc, 0x0, 0x0, 0x0, 0x0,
    0x0, 0x1, 0xfa, 0x0, 0x0, 0xfc, 0x0, 0x0,
    0x0, 0x0, 0x0, 0x2, 0xfa, 0x0, 0x0, 0xfc,
    0x22, 0x22, 0x0, 0x0, 0x0, 0x3, 0xf9, 0x0,
    0x0, 0xff, 0xff, 0xff, 0xf8, 0x0, 0x0, 0x5,
    0xf7, 0x0, 0x0, 0xfd, 0x55, 0x56, 0xdf, 0x70,
    0x0, 0x8, 0xf4, 0x0, 0x0, 0xfc, 0x0, 0x0,
    0x1f, 0xd0, 0x0, 0xb, 0xf1, 0x0, 0x0, 0xfc,
    0x0, 0x0, 0xd, 0xf0, 0x0, 0x4f, 0xb0, 0x0,
    0x0, 0xfc, 0x0, 0x0, 0xc, 0xf0, 0x19, 0xfe,
    0x20, 0x0, 0x0, 0xfc, 0x0, 0x0, 0xc, 0xf0,
    0x4d, 0x81, 0x0, 0x0, 0x0, 0xfc, 0x0, 0x0,
    0xc, 0xf0, 0x0, 0x0, 0x0, 0x0, 0x0, 0x0,
    0x0, 0x0, 0xd, 0xf0, 0x0, 0x0, 0x0, 0x0,
    0x0, 0x0, 0x0, 0x0, 0x1f, 0xc0, 0x0, 0x0,
    0x0, 0x0, 0x0, 0x0, 0x0, 0x38, 0xef, 0x60,
    0x0, 0x0, 0x0, 0x0, 0x0, 0x0, 0x0, 0x7f,
    0xd6, 0x0,

    /* U+0521 "ԡ" */
    0x0, 0xa, 0xff, 0xff, 0xff, 0x0, 0x0, 0x0,
    0x0, 0xa, 0xf4, 0x44, 0xbf, 0x0, 0x0, 0x0,
    0x0, 0xa, 0xf0, 0x0, 0x9f, 0x0, 0x0, 0x0,
    0x0, 0xa, 0xe0, 0x0, 0x9f, 0x0, 0x0, 0x0,
    0x0, 0xb, 0xe0, 0x0, 0x9f, 0x0, 0x0, 0x0,
    0x0, 0xd, 0xc0, 0x0, 0x9f, 0xff, 0xff, 0xb2,
    0x0, 0xf, 0x90, 0x0, 0x9f, 0x33, 0x36, 0xfa,
    0x0, 0x5f, 0x50, 0x0, 0x9f, 0x0, 0x0, 0xdd,
    0x17, 0xfc, 0x0, 0x0, 0x9f, 0x0, 0x0, 0xcd,
    0x5d, 0x80, 0x0, 0x0, 0x9f, 0x0, 0x0, 0xcd,
    0x0, 0x0, 0x0, 0x0, 0x0, 0x0, 0x0, 0xcd,
    0x0, 0x0, 0x0, 0x0, 0x0, 0x0, 0x0, 0xdb,
    0x0, 0x0, 0x0, 0x0, 0x0, 0x4, 0x58, 0xf7,
    0x0, 0x0, 0x0, 0x0, 0x0, 0xd, 0xfe, 0x90,

    /* U+0522 "Ԣ" */
    0x3f, 0x80, 0x0, 0x0, 0xf, 0xc0, 0x0, 0x0,
    0x0, 0x3, 0xf8, 0x0, 0x0, 0x0, 0xfc, 0x0,
    0x0, 0x0, 0x0, 0x3f, 0x80, 0x0, 0x0, 0xf,
    0xc0, 0x0, 0x0, 0x0, 0x3, 0xf8, 0x0, 0x0,
    0x0, 0xfc, 0x0, 0x0, 0x0, 0x0, 0x3f, 0x80,
    0x0, 0x0, 0xf, 0xc0, 0x0, 0x0, 0x0, 0x3,
    0xf9, 0x22, 0x22, 0x22, 0xfc, 0x22, 0x22, 0x0,
    0x0, 0x3f, 0xff, 0xff, 0xff, 0xff, 0xff, 0xff,
    0xff, 0x80, 0x3, 0xfb, 0x55, 0x55, 0x55, 0xfd,
    0x55, 0x56, 0xdf, 0x70, 0x3f, 0x80, 0x0, 0x0,
    0xf, 0xc0, 0x0, 0x1, 0xfd, 0x3, 0xf8, 0x0,
    0x0, 0x0, 0xfc, 0x0, 0x0, 0xd, 0xf0, 0x3f,
    0x80, 0x0, 0x0, 0xf, 0xc0, 0x0, 0x0, 0xcf,
    0x3, 0xf8, 0x0, 0x0, 0x0, 0xfc, 0x0, 0x0,
    0xc, 0xf0, 0x3f, 0x80, 0x0, 0x0, 0xf, 0xc0,
    0x0, 0x0, 0xcf, 0x0, 0x0, 0x0, 0x0, 0x0,
    0x0, 0x0, 0x0, 0xd, 0xf0, 0x0, 0x0, 0x0,
    0x0, 0x0, 0x0, 0x0, 0x1, 0xfc, 0x0, 0x0,
    0x0, 0x0, 0x0, 0x0, 0x0, 0x38, 0xdf, 0x60,
    0x0, 0x0, 0x0, 0x0, 0x0, 0x0, 0x7, 0xfd,
    0x70, 0x0,

    /* U+0523 "ԣ" */
    0x5f, 0x40, 0x0, 0x7, 0xf2, 0x0, 0x0, 0x5,
    0xf4, 0x0, 0x0, 0x7f, 0x20, 0x0, 0x0, 0x5f,
    0x40, 0x0, 0x7, 0xf2, 0x0, 0x0, 0x5, 0xf4,
    0x0, 0x0, 0x7f, 0x20, 0x0, 0x0, 0x5f, 0x40,
    0x0, 0x8, 0xf2, 0x0, 0x0, 0x5, 0xff, 0xff,
    0xff, 0xff, 0xff, 0xff, 0xc3, 0x5f, 0x63, 0x33,
    0x39, 0xf5, 0x33, 0x5e, 0xc5, 0xf4, 0x0, 0x0,
    0x7f, 0x20, 0x0, 0xbf, 0x5f, 0x40, 0x0, 0x7,
    0xf2, 0x0, 0xa, 0xf5, 0xf4, 0x0, 0x0, 0x7f,
    0x20, 0x0, 0xaf, 0x0, 0x0, 0x0, 0x0, 0x0,
    0x0, 0xa, 0xf0, 0x0, 0x0, 0x0, 0x0, 0x0,
    0x0, 0xbd, 0x0, 0x0, 0x0, 0x0, 0x0, 0x45,
    0x8f, 0x90, 0x0, 0x0, 0x0, 0x0, 0xb, 0xfe,
    0xa1,

    /* U+0524 "Ԥ" */
    0x3f, 0xff, 0xff, 0xff, 0xff, 0xc0, 0x3, 0xfc,
    0x77, 0x77, 0x77, 0xfc, 0x0, 0x3f, 0x80, 0x0,
    0x0, 0xf, 0xc0, 0x3, 0xf8, 0x0, 0x0, 0x0,
    0xfc, 0x0, 0x3f, 0x80, 0x0, 0x0, 0xf, 0xc0,
    0x3, 0xf8, 0x0, 0x0, 0x0, 0xfc, 0x0, 0x3f,
    0x80, 0x0, 0x0, 0xf, 0xc0, 0x3, 0xf8, 0x0,
    0x0, 0x0, 0xfc, 0x0, 0x3f, 0x80, 0x0, 0x0,
    0xf, 0xc0, 0x3, 0xf8, 0x0, 0x0, 0x0, 0xfc,
    0x0, 0x3f, 0x80, 0x0, 0x0, 0xf, 0xc0, 0x3,
    0xf8, 0x0, 0x0, 0x0, 0xfd, 0x42, 0x3f, 0x80,
    0x0, 0x0, 0xf, 0xff, 0x80, 0x0, 0x0, 0x0,
    0x0, 0x3, 0xf8, 0x0, 0x0, 0x0, 0x0, 0x0,
    0x3f, 0x80, 0x0, 0x0, 0x0, 0x0, 0x3, 0xf8,

    /* U+0525 "ԥ" */
    0x5f, 0xff, 0xff, 0xff, 0xf2, 0x5, 0xf7, 0x44,
    0x44, 0xaf, 0x20, 0x5f, 0x40, 0x0, 0x7, 0xf2,
    0x5, 0xf4, 0x0, 0x0, 0x7f, 0x20, 0x5f, 0x40,
    0x0, 0x7, 0xf2, 0x5, 0xf4, 0x0, 0x0, 0x7f,
    0x20, 0x5f, 0x40, 0x0, 0x7, 0xf2, 0x5, 0xf4,
    0x0, 0x0, 0x7f, 0x20, 0x5f, 0x40, 0x0, 0x7,
    0xf2, 0x5, 0xf4, 0x0, 0x0, 0x7f, 0xfc, 0x0,
    0x0, 0x0, 0x0, 0xd, 0xc0, 0x0, 0x0, 0x0,
    0x0, 0xdc, 0x0, 0x0, 0x0, 0x0, 0xa, 0x90,

    /* U+2010 "‐" */
    0x2, 0x22, 0x21, 0x2f, 0xff, 0xf9, 0x5, 0x55,
    0x53,

    /* U+2011 "‑" */
    0x2, 0x22, 0x21, 0x2f, 0xff, 0xf9, 0x5, 0x55,
    0x53,

    /* U+2012 "‒" */
    0x0, 0x0, 0x0, 0x0, 0x0, 0x2, 0xff, 0xff,
    0xff, 0xff, 0xf9, 0x3, 0x33, 0x33, 0x33, 0x33,
    0x20,

    /* U+2013 "–" */
    0x0, 0x0, 0x0, 0x0, 0x2, 0xff, 0xff, 0xff,
    0xf2, 0x3, 0x33, 0x33, 0x33, 0x0,

    /* U+2014 "—" */
    0x0, 0x0, 0x0, 0x0, 0x0, 0x0, 0x0, 0x0,
    0x0, 0x2f, 0xff, 0xff, 0xff, 0xff, 0xff, 0xff,
    0xff, 0xf2, 0x3, 0x33, 0x33, 0x33, 0x33, 0x33,
    0x33, 0x33, 0x30,

    /* U+2015 "―" */
    0x0, 0x0, 0x0, 0x0, 0x0, 0x0, 0x0, 0x0,
    0x0, 0xff, 0xff, 0xff, 0xff, 0xff, 0xff, 0xff,
    0xff, 0xff, 0x33, 0x33, 0x33, 0x33, 0x33, 0x33,
    0x33, 0x33, 0x33,

    /* U+2016 "‖" */
    0xbc, 0xd, 0xbb, 0xc0, 0xdb, 0xbc, 0xd, 0xbb,
    0xc0, 0xdb, 0xbc, 0xd, 0xbb, 0xc0, 0xdb, 0xbc,
    0xd, 0xbb, 0xc0, 0xdb, 0xbc, 0xd, 0xbb, 0xc0,
    0xdb, 0xbc, 0xd, 0xbb, 0xc0, 0xdb, 0xbc, 0xd,
    0xbb, 0xc0, 0xdb, 0xbc, 0xd, 0xbb, 0xc0, 0xdb,
    0xbc, 0xd, 0xbb, 0xc0, 0xdb,

    /* U+2017 "‗" */
    0x0, 0x0, 0x0, 0x0, 0x0, 0x2, 0xff, 0xff,
    0xff, 0xff, 0xf2, 0x3, 0x33, 0x33, 0x33, 0x33,
    0x0, 0x0, 0x0, 0x0, 0x0, 0x0, 0x2f, 0xff,
    0xff, 0xff, 0xff, 0x20, 0x33, 0x33, 0x33, 0x33,
    0x30,

    /* U+2018 "‘" */
    0x4, 0xf0, 0xc, 0xb0, 0x4f, 0x70, 0x7f, 0x60,
    0x24, 0x10,

    /* U+2019 "’" */
    0xb, 0xf2, 0xc, 0xf1, 0xf, 0x80, 0x4f, 0x10,
    0x1, 0x0,

    /* U+201A "‚" */
    0x3, 0x40, 0xc, 0xf1, 0xd, 0xe0, 0x1f, 0x60,
    0x5e, 0x0,

    /* U+201B "‛" */
    0x7f, 0x60, 0x5f, 0x70, 0xd, 0xb0, 0x5, 0xf0,
    0x0, 0x10,

    /* U+201C "“" */
    0x4, 0xf0, 0xa, 0x90, 0xcb, 0x3, 0xf5, 0x4f,
    0x70, 0xbf, 0x17, 0xf6, 0xd, 0xf0, 0x24, 0x10,
    0x34, 0x0,

    /* U+201D "”" */
    0xc, 0xf1, 0x2f, 0xb0, 0xcf, 0x12, 0xfa, 0xf,
    0x90, 0x6f, 0x34, 0xf1, 0xa, 0xa0, 0x13, 0x0,
    0x31, 0x0,

    /* U+201E "„" */
    0x3, 0x40, 0x4, 0x30, 0xcf, 0x12, 0xfb, 0xd,
    0xe0, 0x3f, 0x81, 0xf6, 0x7, 0xf1, 0x5e, 0x0,
    0xb8, 0x0,

    /* U+201F "‟" */
    0x7f, 0x60, 0xdf, 0x6, 0xf6, 0xc, 0xf0, 0xe,
    0xa0, 0x5f, 0x30, 0x7e, 0x0, 0xd8, 0x0, 0x40,
    0x2, 0x20,

    /* U+2020 "†" */
    0x0, 0x4, 0xf4, 0x0, 0x0, 0x0, 0x4f, 0x40,
    0x0, 0x0, 0x4, 0xf4, 0x0, 0x8, 0xff, 0xff,
    0xff, 0xf8, 0x25, 0x58, 0xf8, 0x55, 0x20, 0x0,
    0x4f, 0x40, 0x0, 0x0, 0x4, 0xf4, 0x0, 0x0,
    0x0, 0x4f, 0x40, 0x0, 0x0, 0x4, 0xf4, 0x0,
    0x0, 0x0, 0x4f, 0x40, 0x0, 0x0, 0x4, 0xf4,
    0x0, 0x0, 0x0, 0x4f, 0x40, 0x0, 0x0, 0x4,
    0xf4, 0x0, 0x0, 0x0, 0x3d, 0x30, 0x0,

    /* U+2021 "‡" */
    0x0, 0x4, 0xf4, 0x0, 0x0, 0x0, 0x4f, 0x40,
    0x0, 0x0, 0x4, 0xf4, 0x0, 0x8, 0xff, 0xff,
    0xff, 0xf8, 0x25, 0x58, 0xf8, 0x55, 0x20, 0x0,
    0x4f, 0x40, 0x0, 0x0, 0x4, 0xf4, 0x0, 0x0,
    0x0, 0x4f, 0x40, 0x0, 0x1, 0x15, 0xf5, 0x11,
    0x8, 0xff, 0xff, 0xff, 0xf8, 0x24, 0x47, 0xf7,
    0x44, 0x20, 0x0, 0x4f, 0x40, 0x0, 0x0, 0x4,
    0xf4, 0x0, 0x0, 0x0, 0x3d, 0x30, 0x0,

    /* U+2022 "•" */
    0x0, 0x1, 0x0, 0x6, 0xff, 0xd2, 0x1f, 0xff,
    0xfb, 0x3f, 0xff, 0xfd, 0x1f, 0xff, 0xfa, 0x4,
    0xdf, 0xa1,

    /* U+2023 "‣" */
    0x37, 0x0, 0x0, 0x4, 0xfe, 0x50, 0x0, 0x4f,
    0xff, 0xc4, 0x4, 0xff, 0xff, 0xe3, 0x4f, 0xff,
    0x80, 0x4, 0xfa, 0x10, 0x0, 0x23, 0x0, 0x0,
    0x0,

    /* U+2024 "․" */
    0x33, 0xef, 0xef,

    /* U+2025 "‥" */
    0x33, 0x0, 0x0, 0x33, 0xef, 0x0, 0x0, 0xff,
    0xef, 0x0, 0x0, 0xff,

    /* U+2026 "…" */
    0x33, 0x0, 0x0, 0x33, 0x0, 0x0, 0x33, 0xef,
    0x0, 0x0, 0xff, 0x0, 0x0, 0xfe, 0xef, 0x0,
    0x0, 0xff, 0x0, 0x0, 0xfe,

    /* U+2027 "‧" */
    0x3, 0x21, 0xfc, 0x1f, 0xc0,

    /* U+2116 "№" */
    0x0, 0x22, 0x0, 0x0, 0x0, 0x0, 0x0, 0x0,
    0x0, 0x1, 0xff, 0x90, 0x0, 0x0, 0x3d, 0xf1,
    0x0, 0x0, 0x1, 0xff, 0xf2, 0x0, 0x0, 0xcf,
    0x70, 0x0, 0x0, 0x1, 0xfc, 0xfa, 0x0, 0x0,
    0xed, 0x0, 0x0, 0x0, 0x1, 0xfa, 0x9f, 0x30,
    0x0, 0xed, 0x0, 0x0, 0x0, 0x1, 0xfa, 0x1f,
    0xb0, 0x0, 0xed, 0x0, 0x14, 0x0, 0x1, 0xfa,
    0x8, 0xf4, 0x0, 0xed, 0x2, 0xef, 0xd0, 0x1,
    0xfa, 0x1, 0xec, 0x0, 0xed, 0x9, 0xb0, 0xe6,
    0x1, 0xfa, 0x0, 0x7f, 0x50, 0xed, 0xb, 0x80,
    0xb8, 0x1, 0xfa, 0x0, 0xe, 0xd0, 0xed, 0x9,
    0xb0, 0xe6, 0x1, 0xfa, 0x0, 0x6, 0xf5, 0xed,
    0x2, 0xff, 0xe0, 0x1, 0xf9, 0x0, 0x0, 0xdd,
    0xfd, 0x0, 0x25, 0x10, 0x3b, 0xf6, 0x0, 0x0,
    0x5f, 0xfd, 0x0, 0x11, 0x10, 0x5e, 0x90, 0x0,
    0x0, 0xd, 0xfd, 0xc, 0xff, 0xf9
};


/*---------------------
 *  GLYPH DESCRIPTION
 *--------------------*/

static const lv_font_fmt_txt_glyph_dsc_t glyph_dsc[] = {
    {.bitmap_index = 0, .adv_w = 0, .box_w = 0, .box_h = 0, .ofs_x = 0, .ofs_y = 0} /* id = 0 reserved */,
    {.bitmap_index = 0, .adv_w = 92, .box_w = 0, .box_h = 0, .ofs_x = 0, .ofs_y = 0},
    {.bitmap_index = 0, .adv_w = 115, .box_w = 3, .box_h = 13, .ofs_x = 2, .ofs_y = 0},
    {.bitmap_index = 20, .adv_w = 132, .box_w = 6, .box_h = 5, .ofs_x = 1, .ofs_y = 8},
    {.bitmap_index = 35, .adv_w = 241, .box_w = 13, .box_h = 13, .ofs_x = 1, .ofs_y = 0},
    {.bitmap_index = 120, .adv_w = 183, .box_w = 9, .box_h = 17, .ofs_x = 1, .ofs_y = -3},
    {.bitmap_index = 197, .adv_w = 274, .box_w = 16, .box_h = 13, .ofs_x = 1, .ofs_y = 0},
    {.bitmap_index = 301, .adv_w = 225, .box_w = 13, .box_h = 13, .ofs_x = 1, .ofs_y = 0},
    {.bitmap_index = 386, .adv_w = 79, .box_w = 3, .box_h = 5, .ofs_x = 1, .ofs_y = 8},
    {.bitmap_index = 394, .adv_w = 112, .box_w = 5, .box_h = 16, .ofs_x = 1, .ofs_y = -2},
    {.bitmap_index = 434, .adv_w = 112, .box_w = 5, .box_h = 16, .ofs_x = 1, .ofs_y = -2},
    {.bitmap_index = 474, .adv_w = 144, .box_w = 9, .box_h = 9, .ofs_x = 0, .ofs_y = 4},
    {.bitmap_index = 515, .adv_w = 241, .box_w = 13, .box_h = 12, .ofs_x = 1, .ofs_y = 0},
    {.bitmap_index = 593, .adv_w = 92, .box_w = 3, .box_h = 5, .ofs_x = 1, .ofs_y = -2},
    {.bitmap_index = 601, .adv_w = 104, .box_w = 6, .box_h = 3, .ofs_x = 0, .ofs_y = 3},
    {.bitmap_index = 610, .adv_w = 92, .box_w = 3, .box_h = 3, .ofs_x = 1, .ofs_y = 0},
    {.bitmap_index = 615, .adv_w = 97, .box_w = 7, .box_h = 15, .ofs_x = 0, .ofs_y = -2},
    {.bitmap_index = 668, .adv_w = 183, .box_w = 10, .box_h = 13, .ofs_x = 1, .ofs_y = 0},
    {.bitmap_index = 733, .adv_w = 183, .box_w = 9, .box_h = 13, .ofs_x = 1, .ofs_y = 0},
    {.bitmap_index = 792, .adv_w = 183, .box_w = 9, .box_h = 13, .ofs_x = 1, .ofs_y = 0},
    {.bitmap_index = 851, .adv_w = 183, .box_w = 10, .box_h = 13, .ofs_x = 1, .ofs_y = 0},
    {.bitmap_index = 916, .adv_w = 183, .box_w = 11, .box_h = 13, .ofs_x = 0, .ofs_y = 0},
    {.bitmap_index = 988, .adv_w = 183, .box_w = 9, .box_h = 13, .ofs_x = 1, .ofs_y = 0},
    {.bitmap_index = 1047, .adv_w = 183, .box_w = 10, .box_h = 13, .ofs_x = 1, .ofs_y = 0},
    {.bitmap_index = 1112, .adv_w = 183, .box_w = 9, .box_h = 13, .ofs_x = 1, .ofs_y = 0},
    {.bitmap_index = 1171, .adv_w = 183, .box_w = 10, .box_h = 13, .ofs_x = 1, .ofs_y = 0},
    {.bitmap_index = 1236, .adv_w = 183, .box_w = 10, .box_h = 13, .ofs_x = 1, .ofs_y = 0},
    {.bitmap_index = 1301, .adv_w = 97, .box_w = 2, .box_h = 10, .ofs_x = 2, .ofs_y = 0},
    {.bitmap_index = 1311, .adv_w = 97, .box_w = 3, .box_h = 12, .ofs_x = 1, .ofs_y = -2},
    {.bitmap_index = 1329, .adv_w = 241, .box_w = 13, .box_h = 11, .ofs_x = 1, .ofs_y = 0},
    {.bitmap_index = 1401, .adv_w = 241, .box_w = 13, .box_h = 7, .ofs_x = 1, .ofs_y = 2},
    {.bitmap_index = 1447, .adv_w = 241, .box_w = 13, .box_h = 11, .ofs_x = 1, .ofs_y = 0},
    {.bitmap_index = 1519, .adv_w = 153, .box_w = 8, .box_h = 13, .ofs_x = 1, .ofs_y = 0},
    {.bitmap_index = 1571, .adv_w = 288, .box_w = 16, .box_h = 17, .ofs_x = 1, .ofs_y = -4},
    {.bitmap_index = 1707, .adv_w = 197, .box_w = 13, .box_h = 13, .ofs_x = 0, .ofs_y = 0},
    {.bitmap_index = 1792, .adv_w = 198, .box_w = 11, .box_h = 13, .ofs_x = 1, .ofs_y = 0},
    {.bitmap_index = 1864, .adv_w = 201, .box_w = 11, .box_h = 13, .ofs_x = 1, .ofs_y = 0},
    {.bitmap_index = 1936, .adv_w = 222, .box_w = 12, .box_h = 13, .ofs_x = 1, .ofs_y = 0},
    {.bitmap_index = 2014, .adv_w = 182, .box_w = 10, .box_h = 13, .ofs_x = 1, .ofs_y = 0},
    {.bitmap_index = 2079, .adv_w = 166, .box_w = 9, .box_h = 13, .ofs_x = 1, .ofs_y = 0},
    {.bitmap_index = 2138, .adv_w = 223, .box_w = 12, .box_h = 13, .ofs_x = 1, .ofs_y = 0},
    {.bitmap_index = 2216, .adv_w = 217, .box_w = 11, .box_h = 13, .ofs_x = 1, .ofs_y = 0},
    {.bitmap_index = 2288, .adv_w = 85, .box_w = 3, .box_h = 13, .ofs_x = 1, .ofs_y = 0},
    {.bitmap_index = 2308, .adv_w = 85, .box_w = 5, .box_h = 17, .ofs_x = -1, .ofs_y = -4},
    {.bitmap_index = 2351, .adv_w = 189, .box_w = 12, .box_h = 13, .ofs_x = 1, .ofs_y = 0},
    {.bitmap_index = 2429, .adv_w = 160, .box_w = 9, .box_h = 13, .ofs_x = 1, .ofs_y = 0},
    {.bitmap_index = 2488, .adv_w = 248, .box_w = 13, .box_h = 13, .ofs_x = 1, .ofs_y = 0},
    {.bitmap_index = 2573, .adv_w = 215, .box_w = 11, .box_h = 13, .ofs_x = 1, .ofs_y = 0},
    {.bitmap_index = 2645, .adv_w = 227, .box_w = 13, .box_h = 13, .ofs_x = 1, .ofs_y = 0},
    {.bitmap_index = 2730, .adv_w = 174, .box_w = 10, .box_h = 13, .ofs_x = 1, .ofs_y = 0},
    {.bitmap_index = 2795, .adv_w = 227, .box_w = 13, .box_h = 15, .ofs_x = 1, .ofs_y = -2},
    {.bitmap_index = 2893, .adv_w = 200, .box_w = 11, .box_h = 13, .ofs_x = 1, .ofs_y = 0},
    {.bitmap_index = 2965, .adv_w = 183, .box_w = 10, .box_h = 13, .ofs_x = 1, .ofs_y = 0},
    {.bitmap_index = 3030, .adv_w = 176, .box_w = 13, .box_h = 13, .ofs_x = -1, .ofs_y = 0},
    {.bitmap_index = 3115, .adv_w = 211, .box_w = 11, .box_h = 13, .ofs_x = 1, .ofs_y = 0},
    {.bitmap_index = 3187, .adv_w = 197, .box_w = 13, .box_h = 13, .ofs_x = 0, .ofs_y = 0},
    {.bitmap_index = 3272, .adv_w = 285, .box_w = 18, .box_h = 13, .ofs_x = 0, .ofs_y = 0},
    {.bitmap_index = 3389, .adv_w = 197, .box_w = 12, .box_h = 13, .ofs_x = 0, .ofs_y = 0},
    {.bitmap_index = 3467, .adv_w = 176, .box_w = 13, .box_h = 13, .ofs_x = -1, .ofs_y = 0},
    {.bitmap_index = 3552, .adv_w = 197, .box_w = 12, .box_h = 13, .ofs_x = 0, .ofs_y = 0},
    {.bitmap_index = 3630, .adv_w = 112, .box_w = 5, .box_h = 17, .ofs_x = 1, .ofs_y = -3},
    {.bitmap_index = 3673, .adv_w = 97, .box_w = 7, .box_h = 15, .ofs_x = 0, .ofs_y = -2},
    {.bitmap_index = 3726, .adv_w = 112, .box_w = 5, .box_h = 17, .ofs_x = 1, .ofs_y = -3},
    {.bitmap_index = 3769, .adv_w = 241, .box_w = 13, .box_h = 5, .ofs_x = 1, .ofs_y = 8},
    {.bitmap_index = 3802, .adv_w = 144, .box_w = 11, .box_h = 3, .ofs_x = -1, .ofs_y = -5},
    {.bitmap_index = 3819, .adv_w = 144, .box_w = 5, .box_h = 4, .ofs_x = 1, .ofs_y = 11},
    {.bitmap_index = 3829, .adv_w = 176, .box_w = 9, .box_h = 10, .ofs_x = 1, .ofs_y = 0},
    {.bitmap_index = 3874, .adv_w = 183, .box_w = 10, .box_h = 14, .ofs_x = 1, .ofs_y = 0},
    {.bitmap_index = 3944, .adv_w = 158, .box_w = 8, .box_h = 10, .ofs_x = 1, .ofs_y = 0},
    {.bitmap_index = 3984, .adv_w = 183, .box_w = 9, .box_h = 14, .ofs_x = 1, .ofs_y = 0},
    {.bitmap_index = 4047, .adv_w = 177, .box_w = 10, .box_h = 10, .ofs_x = 1, .ofs_y = 0},
    {.bitmap_index = 4097, .adv_w = 101, .box_w = 7, .box_h = 14, .ofs_x = 0, .ofs_y = 0},
    {.bitmap_index = 4146, .adv_w = 183, .box_w = 9, .box_h = 14, .ofs_x = 1, .ofs_y = -4},
    {.bitmap_index = 4209, .adv_w = 183, .box_w = 9, .box_h = 14, .ofs_x = 1, .ofs_y = 0},
    {.bitmap_index = 4272, .adv_w = 80, .box_w = 3, .box_h = 14, .ofs_x = 1, .ofs_y = 0},
    {.bitmap_index = 4293, .adv_w = 80, .box_w = 5, .box_h = 18, .ofs_x = -1, .ofs_y = -4},
    {.bitmap_index = 4338, .adv_w = 167, .box_w = 10, .box_h = 14, .ofs_x = 1, .ofs_y = 0},
    {.bitmap_index = 4408, .adv_w = 80, .box_w = 3, .box_h = 14, .ofs_x = 1, .ofs_y = 0},
    {.bitmap_index = 4429, .adv_w = 281, .box_w = 15, .box_h = 10, .ofs_x = 1, .ofs_y = 0},
    {.bitmap_index = 4504, .adv_w = 183, .box_w = 9, .box_h = 10, .ofs_x = 1, .ofs_y = 0},
    {.bitmap_index = 4549, .adv_w = 176, .box_w = 10, .box_h = 10, .ofs_x = 1, .ofs_y = 0},
    {.bitmap_index = 4599, .adv_w = 183, .box_w = 10, .box_h = 14, .ofs_x = 1, .ofs_y = -4},
    {.bitmap_index = 4669, .adv_w = 183, .box_w = 9, .box_h = 14, .ofs_x = 1, .ofs_y = -4},
    {.bitmap_index = 4732, .adv_w = 118, .box_w = 7, .box_h = 11, .ofs_x = 1, .ofs_y = 0},
    {.bitmap_index = 4771, .adv_w = 150, .box_w = 9, .box_h = 10, .ofs_x = 0, .ofs_y = 0},
    {.bitmap_index = 4816, .adv_w = 113, .box_w = 7, .box_h = 13, .ofs_x = 0, .ofs_y = 0},
    {.bitmap_index = 4862, .adv_w = 183, .box_w = 9, .box_h = 10, .ofs_x = 1, .ofs_y = 0},
    {.bitmap_index = 4907, .adv_w = 170, .box_w = 11, .box_h = 10, .ofs_x = 0, .ofs_y = 0},
    {.bitmap_index = 4962, .adv_w = 236, .box_w = 14, .box_h = 10, .ofs_x = 0, .ofs_y = 0},
    {.bitmap_index = 5032, .adv_w = 170, .box_w = 11, .box_h = 10, .ofs_x = 0, .ofs_y = 0},
    {.bitmap_index = 5087, .adv_w = 170, .box_w = 11, .box_h = 14, .ofs_x = 0, .ofs_y = -4},
    {.bitmap_index = 5164, .adv_w = 151, .box_w = 9, .box_h = 10, .ofs_x = 0, .ofs_y = 0},
    {.bitmap_index = 5209, .adv_w = 183, .box_w = 8, .box_h = 17, .ofs_x = 2, .ofs_y = -3},
    {.bitmap_index = 5277, .adv_w = 97, .box_w = 2, .box_h = 18, .ofs_x = 2, .ofs_y = -4},
    {.bitmap_index = 5295, .adv_w = 183, .box_w = 8, .box_h = 17, .ofs_x = 2, .ofs_y = -3},
    {.bitmap_index = 5363, .adv_w = 241, .box_w = 13, .box_h = 4, .ofs_x = 1, .ofs_y = 4},
    {.bitmap_index = 5389, .adv_w = 92, .box_w = 0, .box_h = 0, .ofs_x = 0, .ofs_y = 0},
    {.bitmap_index = 5389, .adv_w = 115, .box_w = 3, .box_h = 13, .ofs_x = 2, .ofs_y = -3},
    {.bitmap_index = 5409, .adv_w = 183, .box_w = 9, .box_h = 16, .ofs_x = 1, .ofs_y = -3},
    {.bitmap_index = 5481, .adv_w = 183, .box_w = 9, .box_h = 13, .ofs_x = 1, .ofs_y = 0},
    {.bitmap_index = 5540, .adv_w = 183, .box_w = 11, .box_h = 11, .ofs_x = 0, .ofs_y = 0},
    {.bitmap_index = 5601, .adv_w = 183, .box_w = 11, .box_h = 13, .ofs_x = 0, .ofs_y = 0},
    {.bitmap_index = 5673, .adv_w = 97, .box_w = 2, .box_h = 16, .ofs_x = 2, .ofs_y = -3},
    {.bitmap_index = 5689, .adv_w = 144, .box_w = 9, .box_h = 16, .ofs_x = 0, .ofs_y = -3},
    {.bitmap_index = 5761, .adv_w = 144, .box_w = 7, .box_h = 2, .ofs_x = 1, .ofs_y = 12},
    {.bitmap_index = 5768, .adv_w = 288, .box_w = 14, .box_h = 13, .ofs_x = 2, .ofs_y = 0},
    {.bitmap_index = 5859, .adv_w = 136, .box_w = 7, .box_h = 10, .ofs_x = 1, .ofs_y = 4},
    {.bitmap_index = 5894, .adv_w = 176, .box_w = 9, .box_h = 9, .ofs_x = 1, .ofs_y = 1},
    {.bitmap_index = 5935, .adv_w = 241, .box_w = 13, .box_h = 6, .ofs_x = 1, .ofs_y = 2},
    {.bitmap_index = 5974, .adv_w = 104, .box_w = 6, .box_h = 3, .ofs_x = 0, .ofs_y = 3},
    {.bitmap_index = 5983, .adv_w = 288, .box_w = 14, .box_h = 13, .ofs_x = 2, .ofs_y = 0},
    {.bitmap_index = 6074, .adv_w = 144, .box_w = 7, .box_h = 3, .ofs_x = 1, .ofs_y = 11},
    {.bitmap_index = 6085, .adv_w = 144, .box_w = 7, .box_h = 6, .ofs_x = 1, .ofs_y = 7},
    {.bitmap_index = 6106, .adv_w = 241, .box_w = 13, .box_h = 12, .ofs_x = 1, .ofs_y = 0},
    {.bitmap_index = 6184, .adv_w = 115, .box_w = 7, .box_h = 8, .ofs_x = 0, .ofs_y = 6},
    {.bitmap_index = 6212, .adv_w = 115, .box_w = 7, .box_h = 8, .ofs_x = 0, .ofs_y = 6},
    {.bitmap_index = 6240, .adv_w = 144, .box_w = 5, .box_h = 4, .ofs_x = 3, .ofs_y = 11},
    {.bitmap_index = 6250, .adv_w = 183, .box_w = 11, .box_h = 14, .ofs_x = 1, .ofs_y = -4},
    {.bitmap_index = 6327, .adv_w = 183, .box_w = 9, .box_h = 15, .ofs_x = 1, .ofs_y = -2},
    {.bitmap_index = 6395, .adv_w = 92, .box_w = 3, .box_h = 3, .ofs_x = 1, .ofs_y = 5},
    {.bitmap_index = 6400, .adv_w = 144, .box_w = 5, .box_h = 5, .ofs_x = 2, .ofs_y = -4},
    {.bitmap_index = 6413, .adv_w = 115, .box_w = 6, .box_h = 8, .ofs_x = 1, .ofs_y = 6},
    {.bitmap_index = 6437, .adv_w = 136, .box_w = 8, .box_h = 10, .ofs_x = 0, .ofs_y = 4},
    {.bitmap_index = 6477, .adv_w = 176, .box_w = 9, .box_h = 9, .ofs_x = 1, .ofs_y = 1},
    {.bitmap_index = 6518, .adv_w = 279, .box_w = 16, .box_h = 14, .ofs_x = 1, .ofs_y = 0},
    {.bitmap_index = 6630, .adv_w = 279, .box_w = 16, .box_h = 13, .ofs_x = 1, .ofs_y = 0},
    {.bitmap_index = 6734, .adv_w = 279, .box_w = 17, .box_h = 14, .ofs_x = 0, .ofs_y = 0},
    {.bitmap_index = 6853, .adv_w = 153, .box_w = 8, .box_h = 14, .ofs_x = 1, .ofs_y = -4},
    {.bitmap_index = 6909, .adv_w = 197, .box_w = 13, .box_h = 17, .ofs_x = 0, .ofs_y = 0},
    {.bitmap_index = 7020, .adv_w = 197, .box_w = 13, .box_h = 17, .ofs_x = 0, .ofs_y = 0},
    {.bitmap_index = 7131, .adv_w = 197, .box_w = 13, .box_h = 17, .ofs_x = 0, .ofs_y = 0},
    {.bitmap_index = 7242, .adv_w = 197, .box_w = 13, .box_h = 17, .ofs_x = 0, .ofs_y = 0},
    {.bitmap_index = 7353, .adv_w = 197, .box_w = 13, .box_h = 16, .ofs_x = 0, .ofs_y = 0},
    {.bitmap_index = 7457, .adv_w = 197, .box_w = 13, .box_h = 17, .ofs_x = 0, .ofs_y = 0},
    {.bitmap_index = 7568, .adv_w = 281, .box_w = 17, .box_h = 13, .ofs_x = 0, .ofs_y = 0},
    {.bitmap_index = 7679, .adv_w = 201, .box_w = 11, .box_h = 17, .ofs_x = 1, .ofs_y = -4},
    {.bitmap_index = 7773, .adv_w = 182, .box_w = 10, .box_h = 17, .ofs_x = 1, .ofs_y = 0},
    {.bitmap_index = 7858, .adv_w = 182, .box_w = 10, .box_h = 17, .ofs_x = 1, .ofs_y = 0},
    {.bitmap_index = 7943, .adv_w = 182, .box_w = 10, .box_h = 17, .ofs_x = 1, .ofs_y = 0},
    {.bitmap_index = 8028, .adv_w = 182, .box_w = 10, .box_h = 16, .ofs_x = 1, .ofs_y = 0},
    {.bitmap_index = 8108, .adv_w = 85, .box_w = 4, .box_h = 17, .ofs_x = 0, .ofs_y = 0},
    {.bitmap_index = 8142, .adv_w = 85, .box_w = 4, .box_h = 17, .ofs_x = 1, .ofs_y = 0},
    {.bitmap_index = 8176, .adv_w = 85, .box_w = 7, .box_h = 17, .ofs_x = -1, .ofs_y = 0},
    {.bitmap_index = 8236, .adv_w = 85, .box_w = 6, .box_h = 16, .ofs_x = 0, .ofs_y = 0},
    {.bitmap_index = 8284, .adv_w = 223, .box_w = 13, .box_h = 13, .ofs_x = 0, .ofs_y = 0},
    {.bitmap_index = 8369, .adv_w = 215, .box_w = 11, .box_h = 17, .ofs_x = 1, .ofs_y = 0},
    {.bitmap_index = 8463, .adv_w = 227, .box_w = 13, .box_h = 17, .ofs_x = 1, .ofs_y = 0},
    {.bitmap_index = 8574, .adv_w = 227, .box_w = 13, .box_h = 17, .ofs_x = 1, .ofs_y = 0},
    {.bitmap_index = 8685, .adv_w = 227, .box_w = 13, .box_h = 17, .ofs_x = 1, .ofs_y = 0},
    {.bitmap_index = 8796, .adv_w = 227, .box_w = 13, .box_h = 17, .ofs_x = 1, .ofs_y = 0},
    {.bitmap_index = 8907, .adv_w = 227, .box_w = 13, .box_h = 17, .ofs_x = 1, .ofs_y = 0},
    {.bitmap_index = 9018, .adv_w = 241, .box_w = 11, .box_h = 11, .ofs_x = 2, .ofs_y = 0},
    {.bitmap_index = 9079, .adv_w = 227, .box_w = 14, .box_h = 15, .ofs_x = 0, .ofs_y = -1},
    {.bitmap_index = 9184, .adv_w = 211, .box_w = 11, .box_h = 17, .ofs_x = 1, .ofs_y = 0},
    {.bitmap_index = 9278, .adv_w = 211, .box_w = 11, .box_h = 17, .ofs_x = 1, .ofs_y = 0},
    {.bitmap_index = 9372, .adv_w = 211, .box_w = 11, .box_h = 17, .ofs_x = 1, .ofs_y = 0},
    {.bitmap_index = 9466, .adv_w = 211, .box_w = 11, .box_h = 17, .ofs_x = 1, .ofs_y = 0},
    {.bitmap_index = 9560, .adv_w = 176, .box_w = 13, .box_h = 17, .ofs_x = -1, .ofs_y = 0},
    {.bitmap_index = 9671, .adv_w = 174, .box_w = 10, .box_h = 13, .ofs_x = 1, .ofs_y = 0},
    {.bitmap_index = 9736, .adv_w = 181, .box_w = 10, .box_h = 14, .ofs_x = 1, .ofs_y = 0},
    {.bitmap_index = 9806, .adv_w = 176, .box_w = 9, .box_h = 15, .ofs_x = 1, .ofs_y = 0},
    {.bitmap_index = 9874, .adv_w = 176, .box_w = 9, .box_h = 15, .ofs_x = 1, .ofs_y = 0},
    {.bitmap_index = 9942, .adv_w = 176, .box_w = 9, .box_h = 15, .ofs_x = 1, .ofs_y = 0},
    {.bitmap_index = 10010, .adv_w = 176, .box_w = 9, .box_h = 14, .ofs_x = 1, .ofs_y = 0},
    {.bitmap_index = 10073, .adv_w = 176, .box_w = 9, .box_h = 14, .ofs_x = 1, .ofs_y = 0},
    {.bitmap_index = 10136, .adv_w = 176, .box_w = 9, .box_h = 16, .ofs_x = 1, .ofs_y = 0},
    {.bitmap_index = 10208, .adv_w = 283, .box_w = 16, .box_h = 10, .ofs_x = 1, .ofs_y = 0},
    {.bitmap_index = 10288, .adv_w = 158, .box_w = 8, .box_h = 14, .ofs_x = 1, .ofs_y = -4},
    {.bitmap_index = 10344, .adv_w = 177, .box_w = 10, .box_h = 15, .ofs_x = 1, .ofs_y = 0},
    {.bitmap_index = 10419, .adv_w = 177, .box_w = 10, .box_h = 15, .ofs_x = 1, .ofs_y = 0},
    {.bitmap_index = 10494, .adv_w = 177, .box_w = 10, .box_h = 15, .ofs_x = 1, .ofs_y = 0},
    {.bitmap_index = 10569, .adv_w = 177, .box_w = 10, .box_h = 14, .ofs_x = 1, .ofs_y = 0},
    {.bitmap_index = 10639, .adv_w = 80, .box_w = 5, .box_h = 15, .ofs_x = -1, .ofs_y = 0},
    {.bitmap_index = 10677, .adv_w = 80, .box_w = 5, .box_h = 15, .ofs_x = 1, .ofs_y = 0},
    {.bitmap_index = 10715, .adv_w = 80, .box_w = 7, .box_h = 15, .ofs_x = -1, .ofs_y = 0},
    {.bitmap_index = 10768, .adv_w = 80, .box_w = 7, .box_h = 14, .ofs_x = -1, .ofs_y = 0},
    {.bitmap_index = 10817, .adv_w = 176, .box_w = 10, .box_h = 14, .ofs_x = 1, .ofs_y = 0},
    {.bitmap_index = 10887, .adv_w = 183, .box_w = 9, .box_h = 14, .ofs_x = 1, .ofs_y = 0},
    {.bitmap_index = 10950, .adv_w = 176, .box_w = 10, .box_h = 15, .ofs_x = 1, .ofs_y = 0},
    {.bitmap_index = 11025, .adv_w = 176, .box_w = 10, .box_h = 15, .ofs_x = 1, .ofs_y = 0},
    {.bitmap_index = 11100, .adv_w = 176, .box_w = 10, .box_h = 15, .ofs_x = 1, .ofs_y = 0},
    {.bitmap_index = 11175, .adv_w = 176, .box_w = 10, .box_h = 14, .ofs_x = 1, .ofs_y = 0},
    {.bitmap_index = 11245, .adv_w = 176, .box_w = 10, .box_h = 14, .ofs_x = 1, .ofs_y = 0},
    {.bitmap_index = 11315, .adv_w = 241, .box_w = 13, .box_h = 9, .ofs_x = 1, .ofs_y = 1},
    {.bitmap_index = 11374, .adv_w = 176, .box_w = 11, .box_h = 12, .ofs_x = 0, .ofs_y = -1},
    {.bitmap_index = 11440, .adv_w = 183, .box_w = 9, .box_h = 15, .ofs_x = 1, .ofs_y = 0},
    {.bitmap_index = 11508, .adv_w = 183, .box_w = 9, .box_h = 15, .ofs_x = 1, .ofs_y = 0},
    {.bitmap_index = 11576, .adv_w = 183, .box_w = 9, .box_h = 15, .ofs_x = 1, .ofs_y = 0},
    {.bitmap_index = 11644, .adv_w = 183, .box_w = 9, .box_h = 14, .ofs_x = 1, .ofs_y = 0},
    {.bitmap_index = 11707, .adv_w = 170, .box_w = 11, .box_h = 18, .ofs_x = 0, .ofs_y = -4},
    {.bitmap_index = 11806, .adv_w = 183, .box_w = 10, .box_h = 18, .ofs_x = 1, .ofs_y = -4},
    {.bitmap_index = 11896, .adv_w = 170, .box_w = 11, .box_h = 18, .ofs_x = 0, .ofs_y = -4},
    {.bitmap_index = 11995, .adv_w = 197, .box_w = 13, .box_h = 17, .ofs_x = 0, .ofs_y = 0},
    {.bitmap_index = 12106, .adv_w = 176, .box_w = 9, .box_h = 14, .ofs_x = 1, .ofs_y = 0},
    {.bitmap_index = 12169, .adv_w = 197, .box_w = 13, .box_h = 17, .ofs_x = 0, .ofs_y = 0},
    {.bitmap_index = 12280, .adv_w = 176, .box_w = 9, .box_h = 14, .ofs_x = 1, .ofs_y = 0},
    {.bitmap_index = 12343, .adv_w = 197, .box_w = 13, .box_h = 17, .ofs_x = 0, .ofs_y = -4},
    {.bitmap_index = 12454, .adv_w = 176, .box_w = 10, .box_h = 14, .ofs_x = 1, .ofs_y = -4},
    {.bitmap_index = 12524, .adv_w = 201, .box_w = 11, .box_h = 17, .ofs_x = 1, .ofs_y = 0},
    {.bitmap_index = 12618, .adv_w = 158, .box_w = 8, .box_h = 15, .ofs_x = 1, .ofs_y = 0},
    {.bitmap_index = 12678, .adv_w = 201, .box_w = 11, .box_h = 17, .ofs_x = 1, .ofs_y = 0},
    {.bitmap_index = 12772, .adv_w = 158, .box_w = 8, .box_h = 15, .ofs_x = 1, .ofs_y = 0},
    {.bitmap_index = 12832, .adv_w = 201, .box_w = 11, .box_h = 17, .ofs_x = 1, .ofs_y = 0},
    {.bitmap_index = 12926, .adv_w = 158, .box_w = 8, .box_h = 14, .ofs_x = 1, .ofs_y = 0},
    {.bitmap_index = 12982, .adv_w = 201, .box_w = 11, .box_h = 17, .ofs_x = 1, .ofs_y = 0},
    {.bitmap_index = 13076, .adv_w = 158, .box_w = 8, .box_h = 15, .ofs_x = 1, .ofs_y = 0},
    {.bitmap_index = 13136, .adv_w = 222, .box_w = 12, .box_h = 17, .ofs_x = 1, .ofs_y = 0},
    {.bitmap_index = 13238, .adv_w = 183, .box_w = 13, .box_h = 14, .ofs_x = 1, .ofs_y = 0},
    {.bitmap_index = 13329, .adv_w = 223, .box_w = 13, .box_h = 13, .ofs_x = 0, .ofs_y = 0},
    {.bitmap_index = 13414, .adv_w = 183, .box_w = 11, .box_h = 14, .ofs_x = 1, .ofs_y = 0},
    {.bitmap_index = 13491, .adv_w = 182, .box_w = 10, .box_h = 17, .ofs_x = 1, .ofs_y = 0},
    {.bitmap_index = 13576, .adv_w = 177, .box_w = 10, .box_h = 14, .ofs_x = 1, .ofs_y = 0},
    {.bitmap_index = 13646, .adv_w = 182, .box_w = 10, .box_h = 17, .ofs_x = 1, .ofs_y = 0},
    {.bitmap_index = 13731, .adv_w = 177, .box_w = 10, .box_h = 15, .ofs_x = 1, .ofs_y = 0},
    {.bitmap_index = 13806, .adv_w = 182, .box_w = 10, .box_h = 16, .ofs_x = 1, .ofs_y = 0},
    {.bitmap_index = 13886, .adv_w = 177, .box_w = 10, .box_h = 14, .ofs_x = 1, .ofs_y = 0},
    {.bitmap_index = 13956, .adv_w = 182, .box_w = 10, .box_h = 17, .ofs_x = 1, .ofs_y = -4},
    {.bitmap_index = 14041, .adv_w = 177, .box_w = 10, .box_h = 14, .ofs_x = 1, .ofs_y = -4},
    {.bitmap_index = 14111, .adv_w = 182, .box_w = 10, .box_h = 17, .ofs_x = 1, .ofs_y = 0},
    {.bitmap_index = 14196, .adv_w = 177, .box_w = 10, .box_h = 15, .ofs_x = 1, .ofs_y = 0},
    {.bitmap_index = 14271, .adv_w = 223, .box_w = 12, .box_h = 17, .ofs_x = 1, .ofs_y = 0},
    {.bitmap_index = 14373, .adv_w = 183, .box_w = 9, .box_h = 18, .ofs_x = 1, .ofs_y = -4},
    {.bitmap_index = 14454, .adv_w = 223, .box_w = 12, .box_h = 17, .ofs_x = 1, .ofs_y = 0},
    {.bitmap_index = 14556, .adv_w = 183, .box_w = 9, .box_h = 18, .ofs_x = 1, .ofs_y = -4},
    {.bitmap_index = 14637, .adv_w = 223, .box_w = 12, .box_h = 17, .ofs_x = 1, .ofs_y = 0},
    {.bitmap_index = 14739, .adv_w = 183, .box_w = 9, .box_h = 18, .ofs_x = 1, .ofs_y = -4},
    {.bitmap_index = 14820, .adv_w = 223, .box_w = 12, .box_h = 17, .ofs_x = 1, .ofs_y = -4},
    {.bitmap_index = 14922, .adv_w = 183, .box_w = 9, .box_h = 18, .ofs_x = 1, .ofs_y = -4},
    {.bitmap_index = 15003, .adv_w = 217, .box_w = 11, .box_h = 17, .ofs_x = 1, .ofs_y = 0},
    {.bitmap_index = 15097, .adv_w = 183, .box_w = 11, .box_h = 17, .ofs_x = -1, .ofs_y = 0},
    {.bitmap_index = 15191, .adv_w = 264, .box_w = 14, .box_h = 13, .ofs_x = 1, .ofs_y = 0},
    {.bitmap_index = 15282, .adv_w = 200, .box_w = 10, .box_h = 14, .ofs_x = 1, .ofs_y = 0},
    {.bitmap_index = 15352, .adv_w = 85, .box_w = 7, .box_h = 17, .ofs_x = -1, .ofs_y = 0},
    {.bitmap_index = 15412, .adv_w = 80, .box_w = 7, .box_h = 14, .ofs_x = -1, .ofs_y = 0},
    {.bitmap_index = 15461, .adv_w = 85, .box_w = 6, .box_h = 17, .ofs_x = 0, .ofs_y = 0},
    {.bitmap_index = 15512, .adv_w = 80, .box_w = 7, .box_h = 14, .ofs_x = -1, .ofs_y = 0},
    {.bitmap_index = 15561, .adv_w = 85, .box_w = 7, .box_h = 17, .ofs_x = -1, .ofs_y = 0},
    {.bitmap_index = 15621, .adv_w = 80, .box_w = 7, .box_h = 14, .ofs_x = -1, .ofs_y = 0},
    {.bitmap_index = 15670, .adv_w = 85, .box_w = 4, .box_h = 17, .ofs_x = 1, .ofs_y = -4},
    {.bitmap_index = 15704, .adv_w = 80, .box_w = 4, .box_h = 18, .ofs_x = 1, .ofs_y = -4},
    {.bitmap_index = 15740, .adv_w = 85, .box_w = 3, .box_h = 16, .ofs_x = 1, .ofs_y = 0},
    {.bitmap_index = 15764, .adv_w = 80, .box_w = 3, .box_h = 10, .ofs_x = 1, .ofs_y = 0},
    {.bitmap_index = 15779, .adv_w = 170, .box_w = 8, .box_h = 17, .ofs_x = 1, .ofs_y = -4},
    {.bitmap_index = 15847, .adv_w = 160, .box_w = 8, .box_h = 18, .ofs_x = 1, .ofs_y = -4},
    {.bitmap_index = 15919, .adv_w = 85, .box_w = 7, .box_h = 20, .ofs_x = -1, .ofs_y = -4},
    {.bitmap_index = 15989, .adv_w = 80, .box_w = 7, .box_h = 18, .ofs_x = -1, .ofs_y = -4},
    {.bitmap_index = 16052, .adv_w = 189, .box_w = 12, .box_h = 17, .ofs_x = 1, .ofs_y = -4},
    {.bitmap_index = 16154, .adv_w = 167, .box_w = 10, .box_h = 18, .ofs_x = 1, .ofs_y = -4},
    {.bitmap_index = 16244, .adv_w = 167, .box_w = 10, .box_h = 10, .ofs_x = 1, .ofs_y = 0},
    {.bitmap_index = 16294, .adv_w = 160, .box_w = 9, .box_h = 17, .ofs_x = 1, .ofs_y = 0},
    {.bitmap_index = 16371, .adv_w = 80, .box_w = 5, .box_h = 17, .ofs_x = 1, .ofs_y = 0},
    {.bitmap_index = 16414, .adv_w = 160, .box_w = 9, .box_h = 17, .ofs_x = 1, .ofs_y = -4},
    {.bitmap_index = 16491, .adv_w = 80, .box_w = 3, .box_h = 18, .ofs_x = 1, .ofs_y = -4},
    {.bitmap_index = 16518, .adv_w = 160, .box_w = 9, .box_h = 13, .ofs_x = 1, .ofs_y = 0},
    {.bitmap_index = 16577, .adv_w = 108, .box_w = 6, .box_h = 14, .ofs_x = 1, .ofs_y = 0},
    {.bitmap_index = 16619, .adv_w = 160, .box_w = 9, .box_h = 13, .ofs_x = 1, .ofs_y = 0},
    {.bitmap_index = 16678, .adv_w = 98, .box_w = 5, .box_h = 14, .ofs_x = 1, .ofs_y = 0},
    {.bitmap_index = 16713, .adv_w = 162, .box_w = 12, .box_h = 13, .ofs_x = -1, .ofs_y = 0},
    {.bitmap_index = 16791, .adv_w = 82, .box_w = 6, .box_h = 14, .ofs_x = 0, .ofs_y = 0},
    {.bitmap_index = 16833, .adv_w = 215, .box_w = 11, .box_h = 17, .ofs_x = 1, .ofs_y = 0},
    {.bitmap_index = 16927, .adv_w = 183, .box_w = 9, .box_h = 15, .ofs_x = 1, .ofs_y = 0},
    {.bitmap_index = 16995, .adv_w = 215, .box_w = 11, .box_h = 17, .ofs_x = 1, .ofs_y = -4},
    {.bitmap_index = 17089, .adv_w = 183, .box_w = 9, .box_h = 14, .ofs_x = 1, .ofs_y = -4},
    {.bitmap_index = 17152, .adv_w = 215, .box_w = 11, .box_h = 17, .ofs_x = 1, .ofs_y = 0},
    {.bitmap_index = 17246, .adv_w = 183, .box_w = 9, .box_h = 15, .ofs_x = 1, .ofs_y = 0},
    {.bitmap_index = 17314, .adv_w = 234, .box_w = 12, .box_h = 13, .ofs_x = 1, .ofs_y = 0},
    {.bitmap_index = 17392, .adv_w = 215, .box_w = 11, .box_h = 17, .ofs_x = 1, .ofs_y = -4},
    {.bitmap_index = 17486, .adv_w = 183, .box_w = 9, .box_h = 14, .ofs_x = 1, .ofs_y = -4},
    {.bitmap_index = 17549, .adv_w = 227, .box_w = 13, .box_h = 17, .ofs_x = 1, .ofs_y = 0},
    {.bitmap_index = 17660, .adv_w = 176, .box_w = 10, .box_h = 14, .ofs_x = 1, .ofs_y = 0},
    {.bitmap_index = 17730, .adv_w = 227, .box_w = 13, .box_h = 17, .ofs_x = 1, .ofs_y = 0},
    {.bitmap_index = 17841, .adv_w = 176, .box_w = 10, .box_h = 15, .ofs_x = 1, .ofs_y = 0},
    {.bitmap_index = 17916, .adv_w = 227, .box_w = 13, .box_h = 17, .ofs_x = 1, .ofs_y = 0},
    {.bitmap_index = 18027, .adv_w = 176, .box_w = 10, .box_h = 15, .ofs_x = 1, .ofs_y = 0},
    {.bitmap_index = 18102, .adv_w = 308, .box_w = 18, .box_h = 13, .ofs_x = 1, .ofs_y = 0},
    {.bitmap_index = 18219, .adv_w = 295, .box_w = 17, .box_h = 10, .ofs_x = 1, .ofs_y = 0},
    {.bitmap_index = 18304, .adv_w = 200, .box_w = 11, .box_h = 17, .ofs_x = 1, .ofs_y = 0},
    {.bitmap_index = 18398, .adv_w = 118, .box_w = 8, .box_h = 15, .ofs_x = 1, .ofs_y = 0},
    {.bitmap_index = 18458, .adv_w = 200, .box_w = 11, .box_h = 17, .ofs_x = 1, .ofs_y = -4},
    {.bitmap_index = 18552, .adv_w = 118, .box_w = 7, .box_h = 15, .ofs_x = 1, .ofs_y = -4},
    {.bitmap_index = 18605, .adv_w = 200, .box_w = 11, .box_h = 17, .ofs_x = 1, .ofs_y = 0},
    {.bitmap_index = 18699, .adv_w = 118, .box_w = 7, .box_h = 15, .ofs_x = 1, .ofs_y = 0},
    {.bitmap_index = 18752, .adv_w = 183, .box_w = 10, .box_h = 17, .ofs_x = 1, .ofs_y = 0},
    {.bitmap_index = 18837, .adv_w = 150, .box_w = 9, .box_h = 15, .ofs_x = 0, .ofs_y = 0},
    {.bitmap_index = 18905, .adv_w = 183, .box_w = 10, .box_h = 17, .ofs_x = 1, .ofs_y = 0},
    {.bitmap_index = 18990, .adv_w = 150, .box_w = 9, .box_h = 15, .ofs_x = 0, .ofs_y = 0},
    {.bitmap_index = 19058, .adv_w = 183, .box_w = 10, .box_h = 17, .ofs_x = 1, .ofs_y = -4},
    {.bitmap_index = 19143, .adv_w = 150, .box_w = 9, .box_h = 14, .ofs_x = 0, .ofs_y = -4},
    {.bitmap_index = 19206, .adv_w = 183, .box_w = 10, .box_h = 17, .ofs_x = 1, .ofs_y = 0},
    {.bitmap_index = 19291, .adv_w = 150, .box_w = 9, .box_h = 15, .ofs_x = 0, .ofs_y = 0},
    {.bitmap_index = 19359, .adv_w = 176, .box_w = 13, .box_h = 17, .ofs_x = -1, .ofs_y = -4},
    {.bitmap_index = 19470, .adv_w = 113, .box_w = 7, .box_h = 16, .ofs_x = 0, .ofs_y = -4},
    {.bitmap_index = 19526, .adv_w = 176, .box_w = 13, .box_h = 17, .ofs_x = -1, .ofs_y = 0},
    {.bitmap_index = 19637, .adv_w = 113, .box_w = 7, .box_h = 15, .ofs_x = 0, .ofs_y = 0},
    {.bitmap_index = 19690, .adv_w = 176, .box_w = 13, .box_h = 13, .ofs_x = -1, .ofs_y = 0},
    {.bitmap_index = 19775, .adv_w = 113, .box_w = 7, .box_h = 13, .ofs_x = 0, .ofs_y = 0},
    {.bitmap_index = 19821, .adv_w = 211, .box_w = 11, .box_h = 17, .ofs_x = 1, .ofs_y = 0},
    {.bitmap_index = 19915, .adv_w = 183, .box_w = 9, .box_h = 14, .ofs_x = 1, .ofs_y = 0},
    {.bitmap_index = 19978, .adv_w = 211, .box_w = 11, .box_h = 17, .ofs_x = 1, .ofs_y = 0},
    {.bitmap_index = 20072, .adv_w = 183, .box_w = 9, .box_h = 14, .ofs_x = 1, .ofs_y = 0},
    {.bitmap_index = 20135, .adv_w = 211, .box_w = 11, .box_h = 17, .ofs_x = 1, .ofs_y = 0},
    {.bitmap_index = 20229, .adv_w = 183, .box_w = 9, .box_h = 15, .ofs_x = 1, .ofs_y = 0},
    {.bitmap_index = 20297, .adv_w = 211, .box_w = 11, .box_h = 17, .ofs_x = 1, .ofs_y = 0},
    {.bitmap_index = 20391, .adv_w = 183, .box_w = 9, .box_h = 15, .ofs_x = 1, .ofs_y = 0},
    {.bitmap_index = 20459, .adv_w = 211, .box_w = 11, .box_h = 17, .ofs_x = 1, .ofs_y = 0},
    {.bitmap_index = 20553, .adv_w = 183, .box_w = 9, .box_h = 15, .ofs_x = 1, .ofs_y = 0},
    {.bitmap_index = 20621, .adv_w = 211, .box_w = 11, .box_h = 17, .ofs_x = 1, .ofs_y = -4},
    {.bitmap_index = 20715, .adv_w = 183, .box_w = 11, .box_h = 14, .ofs_x = 1, .ofs_y = -4},
    {.bitmap_index = 20792, .adv_w = 285, .box_w = 18, .box_h = 17, .ofs_x = 0, .ofs_y = 0},
    {.bitmap_index = 20945, .adv_w = 236, .box_w = 14, .box_h = 15, .ofs_x = 0, .ofs_y = 0},
    {.bitmap_index = 21050, .adv_w = 176, .box_w = 13, .box_h = 17, .ofs_x = -1, .ofs_y = 0},
    {.bitmap_index = 21161, .adv_w = 170, .box_w = 11, .box_h = 18, .ofs_x = 0, .ofs_y = -4},
    {.bitmap_index = 21260, .adv_w = 176, .box_w = 13, .box_h = 16, .ofs_x = -1, .ofs_y = 0},
    {.bitmap_index = 21364, .adv_w = 197, .box_w = 12, .box_h = 17, .ofs_x = 0, .ofs_y = 0},
    {.bitmap_index = 21466, .adv_w = 151, .box_w = 9, .box_h = 15, .ofs_x = 0, .ofs_y = 0},
    {.bitmap_index = 21534, .adv_w = 197, .box_w = 12, .box_h = 16, .ofs_x = 0, .ofs_y = 0},
    {.bitmap_index = 21630, .adv_w = 151, .box_w = 9, .box_h = 14, .ofs_x = 0, .ofs_y = 0},
    {.bitmap_index = 21693, .adv_w = 197, .box_w = 12, .box_h = 17, .ofs_x = 0, .ofs_y = 0},
    {.bitmap_index = 21795, .adv_w = 151, .box_w = 9, .box_h = 15, .ofs_x = 0, .ofs_y = 0},
    {.bitmap_index = 21863, .adv_w = 101, .box_w = 7, .box_h = 14, .ofs_x = 0, .ofs_y = 0},
    {.bitmap_index = 21912, .adv_w = 0, .box_w = 5, .box_h = 5, .ofs_x = -8, .ofs_y = 10},
    {.bitmap_index = 21925, .adv_w = 0, .box_w = 5, .box_h = 5, .ofs_x = -6, .ofs_y = 10},
    {.bitmap_index = 21938, .adv_w = 0, .box_w = 7, .box_h = 5, .ofs_x = -8, .ofs_y = 10},
    {.bitmap_index = 21956, .adv_w = 0, .box_w = 7, .box_h = 3, .ofs_x = -8, .ofs_y = 11},
    {.bitmap_index = 21967, .adv_w = 0, .box_w = 7, .box_h = 3, .ofs_x = -8, .ofs_y = 11},
    {.bitmap_index = 21978, .adv_w = 0, .box_w = 11, .box_h = 3, .ofs_x = -10, .ofs_y = 11},
    {.bitmap_index = 21995, .adv_w = 0, .box_w = 7, .box_h = 4, .ofs_x = -8, .ofs_y = 11},
    {.bitmap_index = 22009, .adv_w = 0, .box_w = 3, .box_h = 5, .ofs_x = -6, .ofs_y = 10},
    {.bitmap_index = 22017, .adv_w = 0, .box_w = 7, .box_h = 4, .ofs_x = -8, .ofs_y = 10},
    {.bitmap_index = 22031, .adv_w = 0, .box_w = 5, .box_h = 4, .ofs_x = -7, .ofs_y = 11},
    {.bitmap_index = 22041, .adv_w = 0, .box_w = 5, .box_h = 6, .ofs_x = -7, .ofs_y = 10},
    {.bitmap_index = 22056, .adv_w = 0, .box_w = 7, .box_h = 4, .ofs_x = -7, .ofs_y = 11},
    {.bitmap_index = 22070, .adv_w = 0, .box_w = 7, .box_h = 5, .ofs_x = -8, .ofs_y = 10},
    {.bitmap_index = 22088, .adv_w = 0, .box_w = 3, .box_h = 4, .ofs_x = -6, .ofs_y = 11},
    {.bitmap_index = 22094, .adv_w = 0, .box_w = 5, .box_h = 4, .ofs_x = -7, .ofs_y = 11},
    {.bitmap_index = 22104, .adv_w = 0, .box_w = 7, .box_h = 4, .ofs_x = -9, .ofs_y = 11},
    {.bitmap_index = 22118, .adv_w = 182, .box_w = 10, .box_h = 17, .ofs_x = 1, .ofs_y = 0},
    {.bitmap_index = 22203, .adv_w = 182, .box_w = 10, .box_h = 16, .ofs_x = 1, .ofs_y = 0},
    {.bitmap_index = 22283, .adv_w = 226, .box_w = 14, .box_h = 17, .ofs_x = -1, .ofs_y = -4},
    {.bitmap_index = 22402, .adv_w = 176, .box_w = 9, .box_h = 17, .ofs_x = 1, .ofs_y = 0},
    {.bitmap_index = 22479, .adv_w = 201, .box_w = 11, .box_h = 13, .ofs_x = 1, .ofs_y = 0},
    {.bitmap_index = 22551, .adv_w = 183, .box_w = 10, .box_h = 13, .ofs_x = 1, .ofs_y = 0},
    {.bitmap_index = 22616, .adv_w = 85, .box_w = 3, .box_h = 13, .ofs_x = 1, .ofs_y = 0},
    {.bitmap_index = 22636, .adv_w = 85, .box_w = 6, .box_h = 16, .ofs_x = 0, .ofs_y = 0},
    {.bitmap_index = 22684, .adv_w = 85, .box_w = 5, .box_h = 17, .ofs_x = -1, .ofs_y = -4},
    {.bitmap_index = 22727, .adv_w = 315, .box_w = 19, .box_h = 13, .ofs_x = 0, .ofs_y = 0},
    {.bitmap_index = 22851, .adv_w = 301, .box_w = 17, .box_h = 13, .ofs_x = 1, .ofs_y = 0},
    {.bitmap_index = 22962, .adv_w = 226, .box_w = 14, .box_h = 13, .ofs_x = -1, .ofs_y = 0},
    {.bitmap_index = 23053, .adv_w = 204, .box_w = 12, .box_h = 17, .ofs_x = 1, .ofs_y = 0},
    {.bitmap_index = 23155, .adv_w = 215, .box_w = 11, .box_h = 17, .ofs_x = 1, .ofs_y = 0},
    {.bitmap_index = 23249, .adv_w = 176, .box_w = 11, .box_h = 17, .ofs_x = 0, .ofs_y = 0},
    {.bitmap_index = 23343, .adv_w = 217, .box_w = 11, .box_h = 16, .ofs_x = 1, .ofs_y = -3},
    {.bitmap_index = 23431, .adv_w = 197, .box_w = 13, .box_h = 13, .ofs_x = 0, .ofs_y = 0},
    {.bitmap_index = 23516, .adv_w = 198, .box_w = 11, .box_h = 13, .ofs_x = 1, .ofs_y = 0},
    {.bitmap_index = 23588, .adv_w = 198, .box_w = 11, .box_h = 13, .ofs_x = 1, .ofs_y = 0},
    {.bitmap_index = 23660, .adv_w = 176, .box_w = 9, .box_h = 13, .ofs_x = 1, .ofs_y = 0},
    {.bitmap_index = 23719, .adv_w = 225, .box_w = 14, .box_h = 16, .ofs_x = 0, .ofs_y = -3},
    {.bitmap_index = 23831, .adv_w = 182, .box_w = 10, .box_h = 13, .ofs_x = 1, .ofs_y = 0},
    {.bitmap_index = 23896, .adv_w = 310, .box_w = 20, .box_h = 13, .ofs_x = 0, .ofs_y = 0},
    {.bitmap_index = 24026, .adv_w = 185, .box_w = 10, .box_h = 13, .ofs_x = 1, .ofs_y = 0},
    {.bitmap_index = 24091, .adv_w = 215, .box_w = 11, .box_h = 13, .ofs_x = 1, .ofs_y = 0},
    {.bitmap_index = 24163, .adv_w = 215, .box_w = 11, .box_h = 17, .ofs_x = 1, .ofs_y = 0},
    {.bitmap_index = 24257, .adv_w = 204, .box_w = 12, .box_h = 13, .ofs_x = 1, .ofs_y = 0},
    {.bitmap_index = 24335, .adv_w = 217, .box_w = 12, .box_h = 13, .ofs_x = 0, .ofs_y = 0},
    {.bitmap_index = 24413, .adv_w = 248, .box_w = 13, .box_h = 13, .ofs_x = 1, .ofs_y = 0},
    {.bitmap_index = 24498, .adv_w = 217, .box_w = 11, .box_h = 13, .ofs_x = 1, .ofs_y = 0},
    {.bitmap_index = 24570, .adv_w = 227, .box_w = 13, .box_h = 13, .ofs_x = 1, .ofs_y = 0},
    {.bitmap_index = 24655, .adv_w = 217, .box_w = 11, .box_h = 13, .ofs_x = 1, .ofs_y = 0},
    {.bitmap_index = 24727, .adv_w = 174, .box_w = 10, .box_h = 13, .ofs_x = 1, .ofs_y = 0},
    {.bitmap_index = 24792, .adv_w = 201, .box_w = 11, .box_h = 13, .ofs_x = 1, .ofs_y = 0},
    {.bitmap_index = 24864, .adv_w = 176, .box_w = 13, .box_h = 13, .ofs_x = -1, .ofs_y = 0},
    {.bitmap_index = 24949, .adv_w = 176, .box_w = 11, .box_h = 13, .ofs_x = 0, .ofs_y = 0},
    {.bitmap_index = 25021, .adv_w = 248, .box_w = 14, .box_h = 13, .ofs_x = 1, .ofs_y = 0},
    {.bitmap_index = 25112, .adv_w = 197, .box_w = 12, .box_h = 13, .ofs_x = 0, .ofs_y = 0},
    {.bitmap_index = 25190, .adv_w = 224, .box_w = 13, .box_h = 16, .ofs_x = 1, .ofs_y = -3},
    {.bitmap_index = 25294, .adv_w = 197, .box_w = 10, .box_h = 13, .ofs_x = 1, .ofs_y = 0},
    {.bitmap_index = 25359, .adv_w = 308, .box_w = 17, .box_h = 13, .ofs_x = 1, .ofs_y = 0},
    {.bitmap_index = 25470, .adv_w = 315, .box_w = 18, .box_h = 16, .ofs_x = 1, .ofs_y = -3},
    {.bitmap_index = 25614, .adv_w = 240, .box_w = 14, .box_h = 13, .ofs_x = 0, .ofs_y = 0},
    {.bitmap_index = 25705, .adv_w = 254, .box_w = 14, .box_h = 13, .ofs_x = 1, .ofs_y = 0},
    {.bitmap_index = 25796, .adv_w = 198, .box_w = 11, .box_h = 13, .ofs_x = 1, .ofs_y = 0},
    {.bitmap_index = 25868, .adv_w = 201, .box_w = 12, .box_h = 13, .ofs_x = 0, .ofs_y = 0},
    {.bitmap_index = 25946, .adv_w = 311, .box_w = 18, .box_h = 13, .ofs_x = 1, .ofs_y = 0},
    {.bitmap_index = 26063, .adv_w = 200, .box_w = 10, .box_h = 13, .ofs_x = 1, .ofs_y = 0},
    {.bitmap_index = 26128, .adv_w = 176, .box_w = 9, .box_h = 10, .ofs_x = 1, .ofs_y = 0},
    {.bitmap_index = 26173, .adv_w = 178, .box_w = 11, .box_h = 15, .ofs_x = 0, .ofs_y = 0},
    {.bitmap_index = 26256, .adv_w = 170, .box_w = 9, .box_h = 10, .ofs_x = 1, .ofs_y = 0},
    {.bitmap_index = 26301, .adv_w = 151, .box_w = 8, .box_h = 10, .ofs_x = 1, .ofs_y = 0},
    {.bitmap_index = 26341, .adv_w = 199, .box_w = 12, .box_h = 13, .ofs_x = 0, .ofs_y = -3},
    {.bitmap_index = 26419, .adv_w = 177, .box_w = 10, .box_h = 10, .ofs_x = 1, .ofs_y = 0},
    {.bitmap_index = 26469, .adv_w = 259, .box_w = 16, .box_h = 10, .ofs_x = 0, .ofs_y = 0},
    {.bitmap_index = 26549, .adv_w = 153, .box_w = 8, .box_h = 10, .ofs_x = 1, .ofs_y = 0},
    {.bitmap_index = 26589, .adv_w = 187, .box_w = 10, .box_h = 10, .ofs_x = 1, .ofs_y = 0},
    {.bitmap_index = 26639, .adv_w = 187, .box_w = 10, .box_h = 14, .ofs_x = 1, .ofs_y = 0},
    {.bitmap_index = 26709, .adv_w = 174, .box_w = 10, .box_h = 10, .ofs_x = 1, .ofs_y = 0},
    {.bitmap_index = 26759, .adv_w = 184, .box_w = 11, .box_h = 10, .ofs_x = 0, .ofs_y = 0},
    {.bitmap_index = 26814, .adv_w = 217, .box_w = 11, .box_h = 10, .ofs_x = 1, .ofs_y = 0},
    {.bitmap_index = 26869, .adv_w = 188, .box_w = 10, .box_h = 10, .ofs_x = 1, .ofs_y = 0},
    {.bitmap_index = 26919, .adv_w = 176, .box_w = 10, .box_h = 10, .ofs_x = 1, .ofs_y = 0},
    {.bitmap_index = 26969, .adv_w = 188, .box_w = 10, .box_h = 10, .ofs_x = 1, .ofs_y = 0},
    {.bitmap_index = 27019, .adv_w = 183, .box_w = 10, .box_h = 14, .ofs_x = 1, .ofs_y = -4},
    {.bitmap_index = 27089, .adv_w = 158, .box_w = 8, .box_h = 10, .ofs_x = 1, .ofs_y = 0},
    {.bitmap_index = 27129, .adv_w = 168, .box_w = 10, .box_h = 10, .ofs_x = 0, .ofs_y = 0},
    {.bitmap_index = 27179, .adv_w = 170, .box_w = 11, .box_h = 14, .ofs_x = 0, .ofs_y = -4},
    {.bitmap_index = 27256, .adv_w = 246, .box_w = 15, .box_h = 17, .ofs_x = 0, .ofs_y = -4},
    {.bitmap_index = 27384, .adv_w = 170, .box_w = 11, .box_h = 10, .ofs_x = 0, .ofs_y = 0},
    {.bitmap_index = 27439, .adv_w = 196, .box_w = 11, .box_h = 13, .ofs_x = 1, .ofs_y = -3},
    {.bitmap_index = 27511, .adv_w = 170, .box_w = 8, .box_h = 10, .ofs_x = 1, .ofs_y = 0},
    {.bitmap_index = 27551, .adv_w = 264, .box_w = 14, .box_h = 10, .ofs_x = 1, .ofs_y = 0},
    {.bitmap_index = 27621, .adv_w = 271, .box_w = 16, .box_h = 13, .ofs_x = 1, .ofs_y = -3},
    {.bitmap_index = 27725, .adv_w = 203, .box_w = 12, .box_h = 10, .ofs_x = 0, .ofs_y = 0},
    {.bitmap_index = 27785, .adv_w = 227, .box_w = 12, .box_h = 10, .ofs_x = 1, .ofs_y = 0},
    {.bitmap_index = 27845, .adv_w = 170, .box_w = 9, .box_h = 10, .ofs_x = 1, .ofs_y = 0},
    {.bitmap_index = 27890, .adv_w = 158, .box_w = 8, .box_h = 10, .ofs_x = 1, .ofs_y = 0},
    {.bitmap_index = 27930, .adv_w = 242, .box_w = 14, .box_h = 10, .ofs_x = 1, .ofs_y = 0},
    {.bitmap_index = 28000, .adv_w = 173, .box_w = 9, .box_h = 10, .ofs_x = 1, .ofs_y = 0},
    {.bitmap_index = 28045, .adv_w = 177, .box_w = 10, .box_h = 15, .ofs_x = 1, .ofs_y = 0},
    {.bitmap_index = 28120, .adv_w = 177, .box_w = 10, .box_h = 14, .ofs_x = 1, .ofs_y = 0},
    {.bitmap_index = 28190, .adv_w = 180, .box_w = 11, .box_h = 18, .ofs_x = 0, .ofs_y = -4},
    {.bitmap_index = 28289, .adv_w = 151, .box_w = 8, .box_h = 15, .ofs_x = 1, .ofs_y = 0},
    {.bitmap_index = 28349, .adv_w = 158, .box_w = 8, .box_h = 10, .ofs_x = 1, .ofs_y = 0},
    {.bitmap_index = 28389, .adv_w = 150, .box_w = 9, .box_h = 10, .ofs_x = 0, .ofs_y = 0},
    {.bitmap_index = 28434, .adv_w = 80, .box_w = 3, .box_h = 14, .ofs_x = 1, .ofs_y = 0},
    {.bitmap_index = 28455, .adv_w = 80, .box_w = 7, .box_h = 14, .ofs_x = -1, .ofs_y = 0},
    {.bitmap_index = 28504, .adv_w = 80, .box_w = 5, .box_h = 18, .ofs_x = -1, .ofs_y = -4},
    {.bitmap_index = 28549, .adv_w = 260, .box_w = 16, .box_h = 10, .ofs_x = 0, .ofs_y = 0},
    {.bitmap_index = 28629, .adv_w = 259, .box_w = 15, .box_h = 10, .ofs_x = 1, .ofs_y = 0},
    {.bitmap_index = 28704, .adv_w = 188, .box_w = 11, .box_h = 14, .ofs_x = 0, .ofs_y = 0},
    {.bitmap_index = 28781, .adv_w = 174, .box_w = 10, .box_h = 15, .ofs_x = 1, .ofs_y = 0},
    {.bitmap_index = 28856, .adv_w = 187, .box_w = 10, .box_h = 15, .ofs_x = 1, .ofs_y = 0},
    {.bitmap_index = 28931, .adv_w = 170, .box_w = 11, .box_h = 18, .ofs_x = 0, .ofs_y = -4},
    {.bitmap_index = 29030, .adv_w = 188, .box_w = 10, .box_h = 13, .ofs_x = 1, .ofs_y = -3},
    {.bitmap_index = 29095, .adv_w = 269, .box_w = 15, .box_h = 13, .ofs_x = 1, .ofs_y = 0},
    {.bitmap_index = 29193, .adv_w = 241, .box_w = 13, .box_h = 10, .ofs_x = 1, .ofs_y = 0},
    {.bitmap_index = 29258, .adv_w = 222, .box_w = 13, .box_h = 13, .ofs_x = 0, .ofs_y = 0},
    {.bitmap_index = 29343, .adv_w = 194, .box_w = 12, .box_h = 14, .ofs_x = 0, .ofs_y = 0},
    {.bitmap_index = 29427, .adv_w = 271, .box_w = 15, .box_h = 13, .ofs_x = 1, .ofs_y = 0},
    {.bitmap_index = 29525, .adv_w = 216, .box_w = 12, .box_h = 10, .ofs_x = 1, .ofs_y = 0},
    {.bitmap_index = 29585, .adv_w = 253, .box_w = 16, .box_h = 13, .ofs_x = 0, .ofs_y = 0},
    {.bitmap_index = 29689, .adv_w = 226, .box_w = 14, .box_h = 10, .ofs_x = 0, .ofs_y = 0},
    {.bitmap_index = 29759, .adv_w = 334, .box_w = 20, .box_h = 13, .ofs_x = 1, .ofs_y = 0},
    {.bitmap_index = 29889, .adv_w = 288, .box_w = 17, .box_h = 10, .ofs_x = 1, .ofs_y = 0},
    {.bitmap_index = 29974, .adv_w = 227, .box_w = 13, .box_h = 13, .ofs_x = 1, .ofs_y = 0},
    {.bitmap_index = 30059, .adv_w = 176, .box_w = 11, .box_h = 10, .ofs_x = 0, .ofs_y = 0},
    {.bitmap_index = 30114, .adv_w = 296, .box_w = 17, .box_h = 13, .ofs_x = 1, .ofs_y = 0},
    {.bitmap_index = 30225, .adv_w = 237, .box_w = 13, .box_h = 10, .ofs_x = 1, .ofs_y = 0},
    {.bitmap_index = 30290, .adv_w = 183, .box_w = 10, .box_h = 21, .ofs_x = 1, .ofs_y = -5},
    {.bitmap_index = 30395, .adv_w = 156, .box_w = 9, .box_h = 18, .ofs_x = 0, .ofs_y = -4},
    {.bitmap_index = 30476, .adv_w = 247, .box_w = 16, .box_h = 13, .ofs_x = 0, .ofs_y = 0},
    {.bitmap_index = 30580, .adv_w = 252, .box_w = 16, .box_h = 18, .ofs_x = 0, .ofs_y = -4},
    {.bitmap_index = 30724, .adv_w = 227, .box_w = 13, .box_h = 13, .ofs_x = 1, .ofs_y = 0},
    {.bitmap_index = 30809, .adv_w = 176, .box_w = 10, .box_h = 10, .ofs_x = 1, .ofs_y = 0},
    {.bitmap_index = 30859, .adv_w = 225, .box_w = 14, .box_h = 13, .ofs_x = 0, .ofs_y = 0},
    {.bitmap_index = 30950, .adv_w = 192, .box_w = 12, .box_h = 10, .ofs_x = 0, .ofs_y = 0},
    {.bitmap_index = 31010, .adv_w = 225, .box_w = 14, .box_h = 17, .ofs_x = 0, .ofs_y = 0},
    {.bitmap_index = 31129, .adv_w = 192, .box_w = 12, .box_h = 15, .ofs_x = 0, .ofs_y = 0},
    {.bitmap_index = 31219, .adv_w = 286, .box_w = 17, .box_h = 17, .ofs_x = 1, .ofs_y = -4},
    {.bitmap_index = 31364, .adv_w = 260, .box_w = 15, .box_h = 14, .ofs_x = 1, .ofs_y = -4},
    {.bitmap_index = 31469, .adv_w = 275, .box_w = 16, .box_h = 14, .ofs_x = 1, .ofs_y = 0},
    {.bitmap_index = 31581, .adv_w = 218, .box_w = 12, .box_h = 10, .ofs_x = 1, .ofs_y = 0},
    {.bitmap_index = 31641, .adv_w = 340, .box_w = 20, .box_h = 17, .ofs_x = 1, .ofs_y = 0},
    {.bitmap_index = 31811, .adv_w = 296, .box_w = 17, .box_h = 13, .ofs_x = 1, .ofs_y = 0},
    {.bitmap_index = 31922, .adv_w = 269, .box_w = 15, .box_h = 16, .ofs_x = 1, .ofs_y = 0},
    {.bitmap_index = 32042, .adv_w = 241, .box_w = 13, .box_h = 13, .ofs_x = 1, .ofs_y = 0},
    {.bitmap_index = 32127, .adv_w = 201, .box_w = 11, .box_h = 17, .ofs_x = 1, .ofs_y = -4},
    {.bitmap_index = 32221, .adv_w = 158, .box_w = 8, .box_h = 14, .ofs_x = 1, .ofs_y = -4},
    {.bitmap_index = 32277, .adv_w = 145, .box_w = 9, .box_h = 10, .ofs_x = 0, .ofs_y = -1},
    {.bitmap_index = 32322, .adv_w = 0, .box_w = 9, .box_h = 5, .ofs_x = -10, .ofs_y = 10},
    {.bitmap_index = 32345, .adv_w = 0, .box_w = 8, .box_h = 3, .ofs_x = -7, .ofs_y = 11},
    {.bitmap_index = 32357, .adv_w = 0, .box_w = 3, .box_h = 5, .ofs_x = -6, .ofs_y = 11},
    {.bitmap_index = 32365, .adv_w = 0, .box_w = 3, .box_h = 5, .ofs_x = -6, .ofs_y = 11},
    {.bitmap_index = 32373, .adv_w = 0, .box_w = 15, .box_h = 4, .ofs_x = -14, .ofs_y = 10},
    {.bitmap_index = 32403, .adv_w = 120, .box_w = 27, .box_h = 20, .ofs_x = -19, .ofs_y = -4},
    {.bitmap_index = 32673, .adv_w = 120, .box_w = 25, .box_h = 24, .ofs_x = -18, .ofs_y = -5},
    {.bitmap_index = 32973, .adv_w = 222, .box_w = 13, .box_h = 21, .ofs_x = 1, .ofs_y = -4},
    {.bitmap_index = 33110, .adv_w = 195, .box_w = 11, .box_h = 18, .ofs_x = 1, .ofs_y = -4},
    {.bitmap_index = 33209, .adv_w = 198, .box_w = 12, .box_h = 13, .ofs_x = 0, .ofs_y = 0},
    {.bitmap_index = 33287, .adv_w = 170, .box_w = 10, .box_h = 13, .ofs_x = 0, .ofs_y = 0},
    {.bitmap_index = 33352, .adv_w = 174, .box_w = 10, .box_h = 13, .ofs_x = 1, .ofs_y = 0},
    {.bitmap_index = 33417, .adv_w = 183, .box_w = 10, .box_h = 14, .ofs_x = 1, .ofs_y = -4},
    {.bitmap_index = 33487, .adv_w = 176, .box_w = 9, .box_h = 16, .ofs_x = 1, .ofs_y = 0},
    {.bitmap_index = 33559, .adv_w = 151, .box_w = 8, .box_h = 13, .ofs_x = 1, .ofs_y = 0},
    {.bitmap_index = 33611, .adv_w = 194, .box_w = 12, .box_h = 13, .ofs_x = 0, .ofs_y = 0},
    {.bitmap_index = 33689, .adv_w = 170, .box_w = 10, .box_h = 10, .ofs_x = 0, .ofs_y = 0},
    {.bitmap_index = 33739, .adv_w = 180, .box_w = 10, .box_h = 17, .ofs_x = 1, .ofs_y = -4},
    {.bitmap_index = 33824, .adv_w = 153, .box_w = 9, .box_h = 14, .ofs_x = 1, .ofs_y = -4},
    {.bitmap_index = 33887, .adv_w = 310, .box_w = 20, .box_h = 16, .ofs_x = 0, .ofs_y = -3},
    {.bitmap_index = 34047, .adv_w = 259, .box_w = 16, .box_h = 13, .ofs_x = 0, .ofs_y = -3},
    {.bitmap_index = 34151, .adv_w = 185, .box_w = 10, .box_h = 17, .ofs_x = 1, .ofs_y = -4},
    {.bitmap_index = 34236, .adv_w = 153, .box_w = 8, .box_h = 14, .ofs_x = 1, .ofs_y = -4},
    {.bitmap_index = 34292, .adv_w = 204, .box_w = 12, .box_h = 16, .ofs_x = 1, .ofs_y = -3},
    {.bitmap_index = 34388, .adv_w = 174, .box_w = 10, .box_h = 13, .ofs_x = 1, .ofs_y = -3},
    {.bitmap_index = 34453, .adv_w = 204, .box_w = 12, .box_h = 13, .ofs_x = 1, .ofs_y = 0},
    {.bitmap_index = 34531, .adv_w = 174, .box_w = 10, .box_h = 10, .ofs_x = 1, .ofs_y = 0},
    {.bitmap_index = 34581, .adv_w = 204, .box_w = 13, .box_h = 13, .ofs_x = 0, .ofs_y = 0},
    {.bitmap_index = 34666, .adv_w = 174, .box_w = 11, .box_h = 14, .ofs_x = 0, .ofs_y = 0},
    {.bitmap_index = 34743, .adv_w = 247, .box_w = 16, .box_h = 13, .ofs_x = 0, .ofs_y = 0},
    {.bitmap_index = 34847, .adv_w = 239, .box_w = 13, .box_h = 10, .ofs_x = 0, .ofs_y = 0},
    {.bitmap_index = 34912, .adv_w = 217, .box_w = 13, .box_h = 16, .ofs_x = 1, .ofs_y = -3},
    {.bitmap_index = 35016, .adv_w = 190, .box_w = 11, .box_h = 13, .ofs_x = 1, .ofs_y = -3},
    {.bitmap_index = 35088, .adv_w = 292, .box_w = 18, .box_h = 13, .ofs_x = 1, .ofs_y = 0},
    {.bitmap_index = 35205, .adv_w = 253, .box_w = 15, .box_h = 10, .ofs_x = 1, .ofs_y = 0},
    {.bitmap_index = 35280, .adv_w = 311, .box_w = 19, .box_h = 17, .ofs_x = 1, .ofs_y = -4},
    {.bitmap_index = 35442, .adv_w = 264, .box_w = 16, .box_h = 14, .ofs_x = 1, .ofs_y = -4},
    {.bitmap_index = 35554, .adv_w = 253, .box_w = 15, .box_h = 14, .ofs_x = 1, .ofs_y = 0},
    {.bitmap_index = 35659, .adv_w = 200, .box_w = 12, .box_h = 10, .ofs_x = 1, .ofs_y = 0},
    {.bitmap_index = 35719, .adv_w = 201, .box_w = 11, .box_h = 17, .ofs_x = 1, .ofs_y = -4},
    {.bitmap_index = 35813, .adv_w = 158, .box_w = 8, .box_h = 14, .ofs_x = 1, .ofs_y = -4},
    {.bitmap_index = 35869, .adv_w = 176, .box_w = 13, .box_h = 16, .ofs_x = -1, .ofs_y = -3},
    {.bitmap_index = 35973, .adv_w = 168, .box_w = 10, .box_h = 13, .ofs_x = 0, .ofs_y = -3},
    {.bitmap_index = 36038, .adv_w = 176, .box_w = 13, .box_h = 13, .ofs_x = -1, .ofs_y = 0},
    {.bitmap_index = 36123, .adv_w = 170, .box_w = 11, .box_h = 14, .ofs_x = 0, .ofs_y = -4},
    {.bitmap_index = 36200, .adv_w = 176, .box_w = 13, .box_h = 13, .ofs_x = -1, .ofs_y = 0},
    {.bitmap_index = 36285, .adv_w = 170, .box_w = 11, .box_h = 14, .ofs_x = 0, .ofs_y = -4},
    {.bitmap_index = 36362, .adv_w = 197, .box_w = 12, .box_h = 16, .ofs_x = 0, .ofs_y = -3},
    {.bitmap_index = 36458, .adv_w = 170, .box_w = 11, .box_h = 13, .ofs_x = 0, .ofs_y = -3},
    {.bitmap_index = 36530, .adv_w = 269, .box_w = 18, .box_h = 16, .ofs_x = -1, .ofs_y = -3},
    {.bitmap_index = 36674, .adv_w = 232, .box_w = 15, .box_h = 13, .ofs_x = 0, .ofs_y = -3},
    {.bitmap_index = 36772, .adv_w = 197, .box_w = 12, .box_h = 16, .ofs_x = 1, .ofs_y = -3},
    {.bitmap_index = 36868, .adv_w = 170, .box_w = 10, .box_h = 13, .ofs_x = 1, .ofs_y = -3},
    {.bitmap_index = 36933, .adv_w = 197, .box_w = 10, .box_h = 13, .ofs_x = 1, .ofs_y = 0},
    {.bitmap_index = 36998, .adv_w = 170, .box_w = 8, .box_h = 10, .ofs_x = 1, .ofs_y = 0},
    {.bitmap_index = 37038, .adv_w = 197, .box_w = 10, .box_h = 13, .ofs_x = 1, .ofs_y = 0},
    {.bitmap_index = 37103, .adv_w = 183, .box_w = 9, .box_h = 14, .ofs_x = 1, .ofs_y = 0},
    {.bitmap_index = 37166, .adv_w = 271, .box_w = 16, .box_h = 13, .ofs_x = 0, .ofs_y = 0},
    {.bitmap_index = 37270, .adv_w = 210, .box_w = 13, .box_h = 10, .ofs_x = 0, .ofs_y = 0},
    {.bitmap_index = 37335, .adv_w = 271, .box_w = 16, .box_h = 17, .ofs_x = 0, .ofs_y = -4},
    {.bitmap_index = 37471, .adv_w = 210, .box_w = 13, .box_h = 13, .ofs_x = 0, .ofs_y = -3},
    {.bitmap_index = 37556, .adv_w = 85, .box_w = 3, .box_h = 13, .ofs_x = 1, .ofs_y = 0},
    {.bitmap_index = 37576, .adv_w = 310, .box_w = 20, .box_h = 17, .ofs_x = 0, .ofs_y = 0},
    {.bitmap_index = 37746, .adv_w = 259, .box_w = 16, .box_h = 14, .ofs_x = 0, .ofs_y = 0},
    {.bitmap_index = 37858, .adv_w = 189, .box_w = 11, .box_h = 17, .ofs_x = 1, .ofs_y = -4},
    {.bitmap_index = 37952, .adv_w = 174, .box_w = 10, .box_h = 14, .ofs_x = 1, .ofs_y = -4},
    {.bitmap_index = 38022, .adv_w = 223, .box_w = 14, .box_h = 17, .ofs_x = 0, .ofs_y = -4},
    {.bitmap_index = 38141, .adv_w = 193, .box_w = 12, .box_h = 14, .ofs_x = 0, .ofs_y = -4},
    {.bitmap_index = 38225, .adv_w = 217, .box_w = 11, .box_h = 17, .ofs_x = 1, .ofs_y = -4},
    {.bitmap_index = 38319, .adv_w = 190, .box_w = 10, .box_h = 14, .ofs_x = 1, .ofs_y = -4},
    {.bitmap_index = 38389, .adv_w = 224, .box_w = 13, .box_h = 17, .ofs_x = 1, .ofs_y = -4},
    {.bitmap_index = 38500, .adv_w = 196, .box_w = 11, .box_h = 14, .ofs_x = 1, .ofs_y = -4},
    {.bitmap_index = 38577, .adv_w = 197, .box_w = 10, .box_h = 16, .ofs_x = 1, .ofs_y = -3},
    {.bitmap_index = 38657, .adv_w = 170, .box_w = 8, .box_h = 13, .ofs_x = 1, .ofs_y = -3},
    {.bitmap_index = 38709, .adv_w = 256, .box_w = 15, .box_h = 17, .ofs_x = 1, .ofs_y = -4},
    {.bitmap_index = 38837, .adv_w = 223, .box_w = 13, .box_h = 14, .ofs_x = 1, .ofs_y = -4},
    {.bitmap_index = 38928, .adv_w = 80, .box_w = 3, .box_h = 14, .ofs_x = 1, .ofs_y = 0},
    {.bitmap_index = 38949, .adv_w = 197, .box_w = 13, .box_h = 17, .ofs_x = 0, .ofs_y = 0},
    {.bitmap_index = 39060, .adv_w = 176, .box_w = 9, .box_h = 14, .ofs_x = 1, .ofs_y = 0},
    {.bitmap_index = 39123, .adv_w = 197, .box_w = 13, .box_h = 16, .ofs_x = 0, .ofs_y = 0},
    {.bitmap_index = 39227, .adv_w = 176, .box_w = 9, .box_h = 14, .ofs_x = 1, .ofs_y = 0},
    {.bitmap_index = 39290, .adv_w = 281, .box_w = 17, .box_h = 13, .ofs_x = 0, .ofs_y = 0},
    {.bitmap_index = 39401, .adv_w = 283, .box_w = 16, .box_h = 10, .ofs_x = 1, .ofs_y = 0},
    {.bitmap_index = 39481, .adv_w = 182, .box_w = 10, .box_h = 17, .ofs_x = 1, .ofs_y = 0},
    {.bitmap_index = 39566, .adv_w = 177, .box_w = 10, .box_h = 15, .ofs_x = 1, .ofs_y = 0},
    {.bitmap_index = 39641, .adv_w = 227, .box_w = 13, .box_h = 13, .ofs_x = 1, .ofs_y = 0},
    {.bitmap_index = 39726, .adv_w = 177, .box_w = 10, .box_h = 10, .ofs_x = 1, .ofs_y = 0},
    {.bitmap_index = 39776, .adv_w = 227, .box_w = 13, .box_h = 17, .ofs_x = 1, .ofs_y = 0},
    {.bitmap_index = 39887, .adv_w = 177, .box_w = 10, .box_h = 14, .ofs_x = 1, .ofs_y = 0},
    {.bitmap_index = 39957, .adv_w = 310, .box_w = 20, .box_h = 16, .ofs_x = 0, .ofs_y = 0},
    {.bitmap_index = 40117, .adv_w = 259, .box_w = 16, .box_h = 14, .ofs_x = 0, .ofs_y = 0},
    {.bitmap_index = 40229, .adv_w = 185, .box_w = 10, .box_h = 17, .ofs_x = 1, .ofs_y = 0},
    {.bitmap_index = 40314, .adv_w = 153, .box_w = 8, .box_h = 14, .ofs_x = 1, .ofs_y = 0},
    {.bitmap_index = 40370, .adv_w = 192, .box_w = 11, .box_h = 13, .ofs_x = 1, .ofs_y = 0},
    {.bitmap_index = 40442, .adv_w = 166, .box_w = 10, .box_h = 14, .ofs_x = 0, .ofs_y = -4},
    {.bitmap_index = 40512, .adv_w = 215, .box_w = 11, .box_h = 17, .ofs_x = 1, .ofs_y = 0},
    {.bitmap_index = 40606, .adv_w = 187, .box_w = 10, .box_h = 13, .ofs_x = 1, .ofs_y = 0},
    {.bitmap_index = 40671, .adv_w = 215, .box_w = 11, .box_h = 16, .ofs_x = 1, .ofs_y = 0},
    {.bitmap_index = 40759, .adv_w = 187, .box_w = 10, .box_h = 14, .ofs_x = 1, .ofs_y = 0},
    {.bitmap_index = 40829, .adv_w = 227, .box_w = 13, .box_h = 17, .ofs_x = 1, .ofs_y = 0},
    {.bitmap_index = 40940, .adv_w = 176, .box_w = 10, .box_h = 14, .ofs_x = 1, .ofs_y = 0},
    {.bitmap_index = 41010, .adv_w = 227, .box_w = 13, .box_h = 13, .ofs_x = 1, .ofs_y = 0},
    {.bitmap_index = 41095, .adv_w = 176, .box_w = 10, .box_h = 10, .ofs_x = 1, .ofs_y = 0},
    {.bitmap_index = 41145, .adv_w = 227, .box_w = 13, .box_h = 17, .ofs_x = 1, .ofs_y = 0},
    {.bitmap_index = 41256, .adv_w = 176, .box_w = 10, .box_h = 14, .ofs_x = 1, .ofs_y = 0},
    {.bitmap_index = 41326, .adv_w = 201, .box_w = 12, .box_h = 17, .ofs_x = 0, .ofs_y = 0},
    {.bitmap_index = 41428, .adv_w = 158, .box_w = 8, .box_h = 14, .ofs_x = 1, .ofs_y = 0},
    {.bitmap_index = 41484, .adv_w = 176, .box_w = 11, .box_h = 17, .ofs_x = 0, .ofs_y = 0},
    {.bitmap_index = 41578, .adv_w = 170, .box_w = 11, .box_h = 17, .ofs_x = 0, .ofs_y = -4},
    {.bitmap_index = 41672, .adv_w = 176, .box_w = 11, .box_h = 16, .ofs_x = 0, .ofs_y = 0},
    {.bitmap_index = 41760, .adv_w = 170, .box_w = 11, .box_h = 17, .ofs_x = 0, .ofs_y = -4},
    {.bitmap_index = 41854, .adv_w = 176, .box_w = 11, .box_h = 17, .ofs_x = 0, .ofs_y = 0},
    {.bitmap_index = 41948, .adv_w = 170, .box_w = 11, .box_h = 18, .ofs_x = 0, .ofs_y = -4},
    {.bitmap_index = 42047, .adv_w = 197, .box_w = 10, .box_h = 16, .ofs_x = 1, .ofs_y = 0},
    {.bitmap_index = 42127, .adv_w = 170, .box_w = 8, .box_h = 14, .ofs_x = 1, .ofs_y = 0},
    {.bitmap_index = 42183, .adv_w = 176, .box_w = 9, .box_h = 16, .ofs_x = 1, .ofs_y = -3},
    {.bitmap_index = 42255, .adv_w = 151, .box_w = 8, .box_h = 13, .ofs_x = 1, .ofs_y = -3},
    {.bitmap_index = 42307, .adv_w = 254, .box_w = 14, .box_h = 16, .ofs_x = 1, .ofs_y = 0},
    {.bitmap_index = 42419, .adv_w = 227, .box_w = 12, .box_h = 14, .ofs_x = 1, .ofs_y = 0},
    {.bitmap_index = 42503, .adv_w = 194, .box_w = 12, .box_h = 17, .ofs_x = 0, .ofs_y = -4},
    {.bitmap_index = 42605, .adv_w = 170, .box_w = 10, .box_h = 14, .ofs_x = 0, .ofs_y = -4},
    {.bitmap_index = 42675, .adv_w = 197, .box_w = 12, .box_h = 17, .ofs_x = 0, .ofs_y = -4},
    {.bitmap_index = 42777, .adv_w = 170, .box_w = 10, .box_h = 14, .ofs_x = 0, .ofs_y = -4},
    {.bitmap_index = 42847, .adv_w = 197, .box_w = 12, .box_h = 13, .ofs_x = 0, .ofs_y = 0},
    {.bitmap_index = 42925, .adv_w = 170, .box_w = 11, .box_h = 10, .ofs_x = 0, .ofs_y = 0},
    {.bitmap_index = 42980, .adv_w = 198, .box_w = 10, .box_h = 13, .ofs_x = 1, .ofs_y = 0},
    {.bitmap_index = 43045, .adv_w = 170, .box_w = 8, .box_h = 10, .ofs_x = 1, .ofs_y = 0},
    {.bitmap_index = 43085, .adv_w = 290, .box_w = 16, .box_h = 13, .ofs_x = 1, .ofs_y = 0},
    {.bitmap_index = 43189, .adv_w = 258, .box_w = 14, .box_h = 10, .ofs_x = 1, .ofs_y = 0},
    {.bitmap_index = 43259, .adv_w = 281, .box_w = 15, .box_h = 13, .ofs_x = 1, .ofs_y = 0},
    {.bitmap_index = 43357, .adv_w = 250, .box_w = 14, .box_h = 10, .ofs_x = 1, .ofs_y = 0},
    {.bitmap_index = 43427, .adv_w = 195, .box_w = 11, .box_h = 17, .ofs_x = 1, .ofs_y = -4},
    {.bitmap_index = 43521, .adv_w = 169, .box_w = 10, .box_h = 14, .ofs_x = 1, .ofs_y = -4},
    {.bitmap_index = 43591, .adv_w = 309, .box_w = 18, .box_h = 13, .ofs_x = 0, .ofs_y = 0},
    {.bitmap_index = 43708, .adv_w = 276, .box_w = 16, .box_h = 10, .ofs_x = 0, .ofs_y = 0},
    {.bitmap_index = 43788, .adv_w = 320, .box_w = 18, .box_h = 13, .ofs_x = 1, .ofs_y = 0},
    {.bitmap_index = 43905, .adv_w = 279, .box_w = 15, .box_h = 10, .ofs_x = 1, .ofs_y = 0},
    {.bitmap_index = 43980, .adv_w = 223, .box_w = 12, .box_h = 13, .ofs_x = 1, .ofs_y = 0},
    {.bitmap_index = 44058, .adv_w = 190, .box_w = 9, .box_h = 10, .ofs_x = 1, .ofs_y = 0},
    {.bitmap_index = 44103, .adv_w = 223, .box_w = 14, .box_h = 13, .ofs_x = -1, .ofs_y = 0},
    {.bitmap_index = 44194, .adv_w = 205, .box_w = 12, .box_h = 10, .ofs_x = 0, .ofs_y = 0},
    {.bitmap_index = 44254, .adv_w = 177, .box_w = 10, .box_h = 13, .ofs_x = 1, .ofs_y = 0},
    {.bitmap_index = 44319, .adv_w = 156, .box_w = 8, .box_h = 10, .ofs_x = 1, .ofs_y = 0},
    {.bitmap_index = 44359, .adv_w = 217, .box_w = 12, .box_h = 17, .ofs_x = 0, .ofs_y = -4},
    {.bitmap_index = 44461, .adv_w = 184, .box_w = 11, .box_h = 14, .ofs_x = 0, .ofs_y = -4},
    {.bitmap_index = 44538, .adv_w = 337, .box_w = 21, .box_h = 13, .ofs_x = 0, .ofs_y = 0},
    {.bitmap_index = 44675, .adv_w = 286, .box_w = 18, .box_h = 10, .ofs_x = 0, .ofs_y = 0},
    {.bitmap_index = 44765, .adv_w = 257, .box_w = 15, .box_h = 13, .ofs_x = 1, .ofs_y = 0},
    {.bitmap_index = 44863, .adv_w = 249, .box_w = 14, .box_h = 14, .ofs_x = 1, .ofs_y = -4},
    {.bitmap_index = 44961, .adv_w = 297, .box_w = 17, .box_h = 13, .ofs_x = 1, .ofs_y = 0},
    {.bitmap_index = 45072, .adv_w = 284, .box_w = 16, .box_h = 10, .ofs_x = 1, .ofs_y = 0},
    {.bitmap_index = 45152, .adv_w = 227, .box_w = 13, .box_h = 15, .ofs_x = 1, .ofs_y = -2},
    {.bitmap_index = 45250, .adv_w = 183, .box_w = 9, .box_h = 14, .ofs_x = 1, .ofs_y = -4},
    {.bitmap_index = 45313, .adv_w = 285, .box_w = 18, .box_h = 13, .ofs_x = 0, .ofs_y = 0},
    {.bitmap_index = 45430, .adv_w = 236, .box_w = 14, .box_h = 10, .ofs_x = 0, .ofs_y = 0},
    {.bitmap_index = 45500, .adv_w = 204, .box_w = 12, .box_h = 13, .ofs_x = 1, .ofs_y = 0},
    {.bitmap_index = 45578, .adv_w = 174, .box_w = 10, .box_h = 10, .ofs_x = 1, .ofs_y = 0},
    {.bitmap_index = 45628, .adv_w = 311, .box_w = 20, .box_h = 17, .ofs_x = 0, .ofs_y = -4},
    {.bitmap_index = 45798, .adv_w = 261, .box_w = 16, .box_h = 14, .ofs_x = 0, .ofs_y = -4},
    {.bitmap_index = 45910, .adv_w = 311, .box_w = 19, .box_h = 17, .ofs_x = 1, .ofs_y = -4},
    {.bitmap_index = 46072, .adv_w = 263, .box_w = 15, .box_h = 14, .ofs_x = 1, .ofs_y = -4},
    {.bitmap_index = 46177, .adv_w = 228, .box_w = 13, .box_h = 16, .ofs_x = 1, .ofs_y = -3},
    {.bitmap_index = 46281, .adv_w = 197, .box_w = 11, .box_h = 13, .ofs_x = 1, .ofs_y = -3},
    {.bitmap_index = 46353, .adv_w = 104, .box_w = 6, .box_h = 3, .ofs_x = 0, .ofs_y = 3},
    {.bitmap_index = 46362, .adv_w = 104, .box_w = 6, .box_h = 3, .ofs_x = 0, .ofs_y = 3},
    {.bitmap_index = 46371, .adv_w = 183, .box_w = 11, .box_h = 3, .ofs_x = 0, .ofs_y = 3},
    {.bitmap_index = 46388, .adv_w = 144, .box_w = 9, .box_h = 3, .ofs_x = 0, .ofs_y = 3},
    {.bitmap_index = 46402, .adv_w = 288, .box_w = 18, .box_h = 3, .ofs_x = 0, .ofs_y = 3},
    {.bitmap_index = 46429, .adv_w = 288, .box_w = 18, .box_h = 3, .ofs_x = 0, .ofs_y = 3},
    {.bitmap_index = 46456, .adv_w = 144, .box_w = 5, .box_h = 18, .ofs_x = 2, .ofs_y = -4},
    {.bitmap_index = 46501, .adv_w = 144, .box_w = 11, .box_h = 6, .ofs_x = -1, .ofs_y = -5},
    {.bitmap_index = 46534, .adv_w = 92, .box_w = 4, .box_h = 5, .ofs_x = 1, .ofs_y = 8},
    {.bitmap_index = 46544, .adv_w = 92, .box_w = 4, .box_h = 5, .ofs_x = 1, .ofs_y = 8},
    {.bitmap_index = 46554, .adv_w = 92, .box_w = 4, .box_h = 5, .ofs_x = 1, .ofs_y = -2},
    {.bitmap_index = 46564, .adv_w = 92, .box_w = 4, .box_h = 5, .ofs_x = 1, .ofs_y = 8},
    {.bitmap_index = 46574, .adv_w = 149, .box_w = 7, .box_h = 5, .ofs_x = 1, .ofs_y = 8},
    {.bitmap_index = 46592, .adv_w = 149, .box_w = 7, .box_h = 5, .ofs_x = 1, .ofs_y = 8},
    {.bitmap_index = 46610, .adv_w = 149, .box_w = 7, .box_h = 5, .ofs_x = 1, .ofs_y = -2},
    {.bitmap_index = 46628, .adv_w = 149, .box_w = 7, .box_h = 5, .ofs_x = 1, .ofs_y = 8},
    {.bitmap_index = 46646, .adv_w = 144, .box_w = 9, .box_h = 14, .ofs_x = 0, .ofs_y = -1},
    {.bitmap_index = 46709, .adv_w = 144, .box_w = 9, .box_h = 14, .ofs_x = 0, .ofs_y = -1},
    {.bitmap_index = 46772, .adv_w = 170, .box_w = 6, .box_h = 6, .ofs_x = 2, .ofs_y = 4},
    {.bitmap_index = 46790, .adv_w = 170, .box_w = 7, .box_h = 7, .ofs_x = 2, .ofs_y = 3},
    {.bitmap_index = 46815, .adv_w = 96, .box_w = 2, .box_h = 3, .ofs_x = 2, .ofs_y = 0},
    {.bitmap_index = 46818, .adv_w = 192, .box_w = 8, .box_h = 3, .ofs_x = 2, .ofs_y = 0},
    {.bitmap_index = 46830, .adv_w = 288, .box_w = 14, .box_h = 3, .ofs_x = 2, .ofs_y = 0},
    {.bitmap_index = 46851, .adv_w = 92, .box_w = 3, .box_h = 3, .ofs_x = 1, .ofs_y = 5},
    {.bitmap_index = 46856, .adv_w = 300, .box_w = 18, .box_h = 14, .ofs_x = 0, .ofs_y = 0}
};

/*---------------------
 *  CHARACTER MAPPING
 *--------------------*/



/*Collect the unicode lists and glyph_id offsets*/
static const lv_font_fmt_txt_cmap_t cmaps[] =
{
    {
        .range_start = 32, .range_length = 95, .glyph_id_start = 1,
        .unicode_list = NULL, .glyph_id_ofs_list = NULL, .list_length = 0, .type = LV_FONT_FMT_TXT_CMAP_FORMAT0_TINY
    },
    {
        .range_start = 160, .range_length = 224, .glyph_id_start = 96,
        .unicode_list = NULL, .glyph_id_ofs_list = NULL, .list_length = 0, .type = LV_FONT_FMT_TXT_CMAP_FORMAT0_TINY
    },
    {
        .range_start = 768, .range_length = 16, .glyph_id_start = 320,
        .unicode_list = NULL, .glyph_id_ofs_list = NULL, .list_length = 0, .type = LV_FONT_FMT_TXT_CMAP_FORMAT0_TINY
    },
    {
        .range_start = 1024, .range_length = 38, .glyph_id_start = 336,
        .unicode_list = NULL, .glyph_id_ofs_list = NULL, .list_length = 0, .type = LV_FONT_FMT_TXT_CMAP_FORMAT0_TINY
    },
    {
        .range_start = 1062, .range_length = 256, .glyph_id_start = 374,
        .unicode_list = NULL, .glyph_id_ofs_list = NULL, .list_length = 0, .type = LV_FONT_FMT_TXT_CMAP_FORMAT0_TINY
    },
    {
        .range_start = 8208, .range_length = 24, .glyph_id_start = 630,
        .unicode_list = NULL, .glyph_id_ofs_list = NULL, .list_length = 0, .type = LV_FONT_FMT_TXT_CMAP_FORMAT0_TINY
    },
    {
        .range_start = 8470, .range_length = 1, .glyph_id_start = 654,
        .unicode_list = NULL, .glyph_id_ofs_list = NULL, .list_length = 0, .type = LV_FONT_FMT_TXT_CMAP_FORMAT0_TINY
    }
};



/*--------------------
 *  ALL CUSTOM DATA
 *--------------------*/

#if LVGL_VERSION_MAJOR == 8
/*Store all the custom data of the font*/
static  lv_font_fmt_txt_glyph_cache_t cache;
#endif

#if LVGL_VERSION_MAJOR >= 8
static const lv_font_fmt_txt_dsc_t font_dsc = {
#else
static lv_font_fmt_txt_dsc_t font_dsc = {
#endif
    .glyph_bitmap = glyph_bitmap,
    .glyph_dsc = glyph_dsc,
    .cmaps = cmaps,
    .kern_dsc = NULL,
    .kern_scale = 0,
    .cmap_num = 7,
    .bpp = 4,
    .kern_classes = 0,
    .bitmap_format = 0,
#if LVGL_VERSION_MAJOR == 8
    .cache = &cache
#endif
};



/*-----------------
 *  PUBLIC FONT
 *----------------*/

/*Initialize a public general font descriptor*/
#if LVGL_VERSION_MAJOR >= 8
const lv_font_t ui_font_cyrillic_18 = {
#else
lv_font_t ui_font_cyrillic_18 = {
#endif
    .get_glyph_dsc = lv_font_get_glyph_dsc_fmt_txt,    /*Function pointer to get glyph's data*/
    .get_glyph_bitmap = lv_font_get_bitmap_fmt_txt,    /*Function pointer to get glyph's bitmap*/
    .line_height = 24,          /*The maximum line height required by the font*/
    .base_line = 5,             /*Baseline measured from the bottom of the line*/
#if !(LVGL_VERSION_MAJOR == 6 && LVGL_VERSION_MINOR == 0)
    .subpx = LV_FONT_SUBPX_NONE,
#endif
#if LV_VERSION_CHECK(7, 4, 0) || LVGL_VERSION_MAJOR >= 8
    .underline_position = 0,
    .underline_thickness = 1,
#endif
    .dsc = &font_dsc,          /*The custom font data. Will be accessed by `get_glyph_bitmap/dsc` */
#if LV_VERSION_CHECK(8, 2, 0) || LVGL_VERSION_MAJOR >= 9
    .fallback = NULL,
#endif
    .user_data = NULL,
};



#endif /*#if UI_FONT_CYRILLIC_18*/

