/* Generated by tools/gen_feed_icons.py - do not edit by hand.
 *
 * Alpha-only bitmaps for the home screen carousel. LVGL blends an A8 image
 * with the object's image_recolor, so one bitmap per size serves the accent
 * centre and both dimmed neighbours.
 */

#include "ui_feed_icon_bitmaps.h"

static const uint8_t s_podcasts_24[] = {
    0x00, 0x00, 0x00, 0x00, 0x00, 0x00, 0x03, 0x00, 0x00, 0x00, 0x02, 0x0F, 0x0F, 0x02, 0x00, 0x00,
    0x00, 0x03, 0x00, 0x00, 0x00, 0x00, 0x00, 0x00, 0x00, 0x00, 0x00, 0x00, 0x00, 0x02, 0x00, 0x0C,
    0x5A, 0xA5, 0xD4, 0xEB, 0xEB, 0xD4, 0xA5, 0x5A, 0x0B, 0x00, 0x02, 0x00, 0x00, 0x00, 0x00, 0x00,
    0x00, 0x00, 0x00, 0x01, 0x02, 0x00, 0x5B, 0xDB, 0xFF, 0xFF, 0xFF, 0xF7, 0xF7, 0xFF, 0xFF, 0xFF,
    0xDB, 0x5B, 0x00, 0x02, 0x01, 0x00, 0x00, 0x00, 0x00, 0x00, 0x01, 0x03, 0x00, 0x93, 0xFF, 0xFF,
    0xBC, 0x62, 0x2A, 0x10, 0x10, 0x2A, 0x62, 0xBD, 0xFF, 0xFF, 0x93, 0x00, 0x03, 0x01, 0x00, 0x00,
    0x00, 0x00, 0x03, 0x00, 0x93, 0xFF, 0xF1, 0x5E, 0x00, 0x00, 0x00, 0x08, 0x08, 0x00, 0x00, 0x00,
    0x5F, 0xF2, 0xFF, 0x93, 0x00, 0x03, 0x00, 0x00, 0x00, 0x03, 0x00, 0x57, 0xFF, 0xEF, 0x3D, 0x00,
    0x0C, 0x78, 0xC8, 0xED, 0xED, 0xC8, 0x78, 0x0C, 0x00, 0x3D, 0xEF, 0xFF, 0x57, 0x00, 0x03, 0x00,
    0x01, 0x01, 0x0B, 0xE0, 0xFF, 0x5C, 0x00, 0x24, 0xCE, 0xFF, 0xFF, 0xF9, 0xF9, 0xFF, 0xFF, 0xCE,
    0x24, 0x00, 0x5C, 0xFF, 0xE0, 0x0B, 0x01, 0x01, 0x04, 0x00, 0x5C, 0xFF, 0xC0, 0x00, 0x10, 0xD2,
    0xFF, 0xCF, 0x50, 0x16, 0x16, 0x50, 0xCF, 0xFF, 0xD2, 0x10, 0x00, 0xC0, 0xFF, 0x5B, 0x00, 0x04,
    0x03, 0x00, 0xAC, 0xFE, 0x5E, 0x01, 0x78, 0xFF, 0xCF, 0x11, 0x00, 0x03, 0x03, 0x00, 0x12, 0xCF,
    0xFF, 0x78, 0x01, 0x5E, 0xFE, 0xAC, 0x00, 0x03, 0x00, 0x03, 0xDC, 0xFF, 0x27, 0x00, 0xCD, 0xFE,
    0x4B, 0x00, 0x57, 0xE0, 0xE0, 0x57, 0x00, 0x4B, 0xFE, 0xCD, 0x00, 0x27, 0xFF, 0xDC, 0x03, 0x00,
    0x00, 0x0E, 0xF0, 0xF6, 0x0F, 0x08, 0xEF, 0xF8, 0x12, 0x07, 0xE8, 0xFF, 0xFF, 0xE8, 0x07, 0x12,
    0xF8, 0xEF, 0x08, 0x0F, 0xF6, 0xF0, 0x0E, 0x00, 0x00, 0x0E, 0xF0, 0xF7, 0x10, 0x07, 0xEF, 0xF8,
    0x12, 0x06, 0xE7, 0xFE, 0xFE, 0xE7, 0x06, 0x12, 0xF9, 0xEE, 0x07, 0x10, 0xF7, 0xF0, 0x0E, 0x00,
    0x00, 0x03, 0xDC, 0xFF, 0x29, 0x00, 0xCA, 0xFE, 0x4F, 0x00, 0x57, 0xFB, 0xFB, 0x59, 0x00, 0x50,
    0xFE, 0xCA, 0x00, 0x29, 0xFF, 0xDC, 0x03, 0x00, 0x03, 0x00, 0xAD, 0xFE, 0x65, 0x00, 0x70, 0xFF,
    0xCF, 0x01, 0x07, 0xF2, 0xF2, 0x07, 0x01, 0xCE, 0xFF, 0x71, 0x00, 0x64, 0xFE, 0xAC, 0x00, 0x03,
    0x04, 0x00, 0x5B, 0xFF, 0xC9, 0x00, 0x0A, 0xCC, 0xB9, 0x01, 0x13, 0xF3, 0xF3, 0x13, 0x01, 0xBD,
    0xCC, 0x0B, 0x00, 0xC7, 0xFF, 0x5B, 0x00, 0x04, 0x01, 0x01, 0x0B, 0xDF, 0xFF, 0x63, 0x00, 0x07,
    0x02, 0x00, 0x11, 0xF2, 0xF2, 0x11, 0x00, 0x03, 0x07, 0x00, 0x5D, 0xFF, 0xDF, 0x0B, 0x01, 0x01,
    0x00, 0x03, 0x00, 0x54, 0xFF, 0xFF, 0x18, 0x00, 0x02, 0x00, 0x10, 0xF2, 0xF2, 0x10, 0x00, 0x01,
    0x00, 0x12, 0xF7, 0xFF, 0x54, 0x00, 0x03, 0x00, 0x00, 0x00, 0x02, 0x00, 0x8A, 0xB2, 0x0B, 0x02,
    0x02, 0x00, 0x10, 0xF2, 0xF2, 0x10, 0x00, 0x02, 0x01, 0x09, 0xB3, 0x8B, 0x00, 0x02, 0x00, 0x00,
    0x00, 0x00, 0x00, 0x01, 0x00, 0x00, 0x00, 0x00, 0x01, 0x00, 0x10, 0xF0, 0xF0, 0x10, 0x00, 0x01,
    0x00, 0x00, 0x00, 0x00, 0x01, 0x00, 0x00, 0x00, 0x00, 0x00, 0x00, 0x00, 0x02, 0x02, 0x00, 0x00,
    0x01, 0x00, 0x11, 0xFB, 0xFA, 0x11, 0x00, 0x01, 0x00, 0x00, 0x02, 0x02, 0x00, 0x00, 0x00, 0x00,
    0x00, 0x00, 0x00, 0x00, 0x00, 0x00, 0x00, 0x00, 0x00, 0x01, 0x05, 0xC3, 0xC3, 0x05, 0x01, 0x00,
    0x00, 0x00, 0x00, 0x00, 0x00, 0x00, 0x00, 0x00, 0x00, 0x00, 0x00, 0x00, 0x00, 0x00, 0x00, 0x00,
    0x00, 0x00, 0x00, 0x03, 0x03, 0x00, 0x00, 0x00, 0x00, 0x00, 0x00, 0x00, 0x00, 0x00, 0x00, 0x00,
    0x00, 0x00, 0x00, 0x00, 0x00, 0x00, 0x00, 0x00, 0x00, 0x00, 0x00, 0x00, 0x00, 0x00, 0x00, 0x00,
    0x00, 0x00, 0x00, 0x00, 0x00, 0x00, 0x00, 0x00, 0x00, 0x00, 0x00, 0x00, 0x00, 0x00, 0x00, 0x00,
    0x00, 0x00, 0x00, 0x01, 0x01, 0x00, 0x00, 0x00, 0x00, 0x00, 0x00, 0x00, 0x00, 0x00, 0x00, 0x00,
};
const lv_image_dsc_t ui_feed_icon_podcasts_24 = {
    .header = {.magic = LV_IMAGE_HEADER_MAGIC, .cf = LV_COLOR_FORMAT_A8,
               .w = 24, .h = 24, .stride = 24},
    .data_size = sizeof(s_podcasts_24),
    .data = s_podcasts_24,
};

static const uint8_t s_podcasts_32[] = {
    0x00, 0x00, 0x00, 0x00, 0x00, 0x00, 0x00, 0x00, 0x00, 0x01, 0x04, 0x00, 0x00, 0x00, 0x00, 0x00,
    0x00, 0x00, 0x00, 0x00, 0x00, 0x04, 0x01, 0x00, 0x00, 0x00, 0x00, 0x00, 0x00, 0x00, 0x00, 0x00,
    0x00, 0x00, 0x00, 0x00, 0x00, 0x00, 0x00, 0x00, 0x03, 0x00, 0x00, 0x0A, 0x41, 0x76, 0x9A, 0xAC,
    0xAC, 0x9A, 0x76, 0x41, 0x0A, 0x00, 0x00, 0x03, 0x00, 0x00, 0x00, 0x00, 0x00, 0x00, 0x00, 0x00,
    0x00, 0x00, 0x00, 0x00, 0x00, 0x00, 0x01, 0x02, 0x00, 0x19, 0x84, 0xDE, 0xFF, 0xFF, 0xFF, 0xFF,
    0xFF, 0xFF, 0xFF, 0xFF, 0xDE, 0x84, 0x19, 0x00, 0x02, 0x01, 0x00, 0x00, 0x00, 0x00, 0x00, 0x00,
    0x00, 0x00, 0x00, 0x00, 0x00, 0x01, 0x01, 0x00, 0x67, 0xE8, 0xFF, 0xFF, 0xFF, 0xFF, 0xF2, 0xE6,
    0xE6, 0xF2, 0xFF, 0xFF, 0xFF, 0xFF, 0xE8, 0x67, 0x00, 0x01, 0x01, 0x00, 0x00, 0x00, 0x00, 0x00,
    0x00, 0x00, 0x00, 0x00, 0x01, 0x01, 0x04, 0xA0, 0xFF, 0xFF, 0xFF, 0xD8, 0x83, 0x41, 0x1F, 0x12,
    0x12, 0x1F, 0x41, 0x83, 0xD8, 0xFF, 0xFF, 0xFF, 0x9F, 0x04, 0x01, 0x01, 0x00, 0x00, 0x00, 0x00,
    0x00, 0x00, 0x00, 0x01, 0x03, 0x02, 0xAE, 0xFF, 0xFF, 0xF2, 0x71, 0x0B, 0x00, 0x00, 0x00, 0x00,
    0x00, 0x00, 0x00, 0x00, 0x0B, 0x71, 0xF2, 0xFF, 0xFF, 0xAE, 0x02, 0x03, 0x01, 0x00, 0x00, 0x00,
    0x00, 0x00, 0x00, 0x03, 0x00, 0x90, 0xFF, 0xFE, 0xDF, 0x31, 0x00, 0x00, 0x00, 0x15, 0x41, 0x5C,
    0x5C, 0x41, 0x15, 0x00, 0x00, 0x00, 0x31, 0xDF, 0xFE, 0xFF, 0x8F, 0x00, 0x03, 0x00, 0x00, 0x00,
    0x00, 0x00, 0x03, 0x00, 0x45, 0xFF, 0xFD, 0xE5, 0x22, 0x00, 0x00, 0x1C, 0x97, 0xE8, 0xFF, 0xFF,
    0xFF, 0xFF, 0xE8, 0x96, 0x1B, 0x00, 0x00, 0x22, 0xE6, 0xFD, 0xFF, 0x45, 0x00, 0x03, 0x00, 0x00,
    0x00, 0x00, 0x01, 0x04, 0xD2, 0xFE, 0xFB, 0x3E, 0x00, 0x00, 0x3F, 0xE6, 0xFF, 0xFF, 0xFF, 0xFF,
    0xFF, 0xFF, 0xFF, 0xFF, 0xE6, 0x3F, 0x00, 0x00, 0x3E, 0xFB, 0xFE, 0xD1, 0x04, 0x01, 0x00, 0x00,
    0x00, 0x04, 0x00, 0x4F, 0xFF, 0xFF, 0x98, 0x00, 0x00, 0x33, 0xF5, 0xFF, 0xFF, 0xDA, 0x82, 0x55,
    0x55, 0x82, 0xDA, 0xFF, 0xFF, 0xF5, 0x33, 0x00, 0x00, 0x99, 0xFF, 0xFF, 0x4F, 0x00, 0x04, 0x00,
    0x00, 0x03, 0x00, 0xAE, 0xFE, 0xF7, 0x24, 0x02, 0x0A, 0xD8, 0xFF, 0xFF, 0x9C, 0x0C, 0x00, 0x00,
    0x00, 0x00, 0x0C, 0x9D, 0xFF, 0xFF, 0xD8, 0x0A, 0x02, 0x24, 0xF7, 0xFE, 0xAE, 0x00, 0x03, 0x00,
    0x01, 0x00, 0x0D, 0xE6, 0xFF, 0xBF, 0x00, 0x00, 0x64, 0xFF, 0xFF, 0xB0, 0x00, 0x00, 0x00, 0x13,
    0x13, 0x00, 0x00, 0x00, 0xB0, 0xFF, 0xFF, 0x64, 0x00, 0x00, 0xBF, 0xFF, 0xE6, 0x0D, 0x00, 0x01,
    0x03, 0x00, 0x31, 0xFD, 0xFF, 0x85, 0x00, 0x00, 0xBA, 0xFE, 0xF5, 0x21, 0x01, 0x04, 0x8A, 0xEA,
    0xEA, 0x8A, 0x04, 0x01, 0x22, 0xF5, 0xFE, 0xBA, 0x00, 0x00, 0x86, 0xFF, 0xFD, 0x31, 0x00, 0x03,
    0x04, 0x00, 0x4B, 0xFF, 0xFF, 0x64, 0x00, 0x0B, 0xDF, 0xFF, 0xC3, 0x00, 0x00, 0x65, 0xFF, 0xFF,
    0xFF, 0xFF, 0x65, 0x00, 0x00, 0xC3, 0xFF, 0xDF, 0x0A, 0x00, 0x64, 0xFF, 0xFF, 0x4B, 0x00, 0x04,
    0x04, 0x00, 0x56, 0xFF, 0xFF, 0x57, 0x00, 0x15, 0xE9, 0xFF, 0xA8, 0x01, 0x00, 0xAD, 0xFA, 0xF9,
    0xF9, 0xFA, 0xAC, 0x00, 0x01, 0xA8, 0xFF, 0xE9, 0x15, 0x00, 0x58, 0xFF, 0xFF, 0x56, 0x00, 0x04,
    0x04, 0x00, 0x4F, 0xFF, 0xFF, 0x5F, 0x00, 0x0D, 0xE2, 0xFF, 0xB9, 0x00, 0x00, 0x81, 0xFF, 0xFB,
    0xFB, 0xFF, 0x82, 0x00, 0x00, 0xBA, 0xFF, 0xE2, 0x0D, 0x00, 0x5F, 0xFF, 0xFF, 0x4F, 0x00, 0x04,
    0x03, 0x00, 0x39, 0xFF, 0xFF, 0x7D, 0x01, 0x00, 0xC2, 0xFE, 0xED, 0x14, 0x00, 0x10, 0xC3, 0xFF,
    0xFF, 0xC5, 0x12, 0x00, 0x15, 0xEE, 0xFE, 0xC2, 0x00, 0x01, 0x7D, 0xFF, 0xFF, 0x39, 0x00, 0x03,
    0x01, 0x00, 0x16, 0xEF, 0xFF, 0xB5, 0x00, 0x00, 0x73, 0xFF, 0xFF, 0x85, 0x00, 0x00, 0x4F, 0xFF,
    0xFF, 0x4F, 0x00, 0x00, 0x85, 0xFF, 0xFF, 0x75, 0x00, 0x00, 0xB4, 0xFF, 0xEF, 0x15, 0x00, 0x01,
    0x00, 0x02, 0x00, 0xC1, 0xFE, 0xF1, 0x1A, 0x01, 0x13, 0xE9, 0xFF, 0xE6, 0x05, 0x01, 0x58, 0xFF,
    0xFF, 0x58, 0x01, 0x06, 0xE7, 0xFF, 0xEB, 0x14, 0x01, 0x1A, 0xF1, 0xFE, 0xC0, 0x00, 0x02, 0x00,
    0x00, 0x04, 0x00, 0x69, 0xFF, 0xFF, 0x84, 0x00, 0x00, 0x51, 0xE1, 0x7E, 0x01, 0x00, 0x56, 0xFF,
    0xFF, 0x56, 0x00, 0x01, 0x84, 0xE1, 0x51, 0x00, 0x00, 0x80, 0xFF, 0xFF, 0x68, 0x00, 0x04, 0x00,
    0x00, 0x01, 0x01, 0x0F, 0xE8, 0xFD, 0xF4, 0x27, 0x00, 0x00, 0x08, 0x00, 0x04, 0x00, 0x56, 0xFF,
    0xFF, 0x56, 0x00, 0x04, 0x00, 0x08, 0x00, 0x00, 0x21, 0xF1, 0xFD, 0xE8, 0x0F, 0x01, 0x01, 0x00,
    0x00, 0x00, 0x03, 0x00, 0x69, 0xFF, 0xFD, 0xC8, 0x0A, 0x04, 0x00, 0x02, 0x04, 0x00, 0x56, 0xFF,
    0xFF, 0x56, 0x00, 0x04, 0x01, 0x00, 0x04, 0x06, 0xBD, 0xFE, 0xFF, 0x68, 0x00, 0x03, 0x00, 0x00,
    0x00, 0x00, 0x01, 0x03, 0x01, 0xB9, 0xFF, 0xFF, 0x25, 0x00, 0x03, 0x00, 0x04, 0x00, 0x56, 0xFF,
    0xFF, 0x56, 0x00, 0x04, 0x00, 0x03, 0x00, 0x1C, 0xFF, 0xFF, 0xB9, 0x01, 0x03, 0x01, 0x00, 0x00,
    0x00, 0x00, 0x00, 0x02, 0x00, 0x13, 0xA6, 0x79, 0x02, 0x02, 0x00, 0x00, 0x04, 0x00, 0x56, 0xFF,
    0xFF, 0x56, 0x00, 0x04, 0x00, 0x00, 0x02, 0x02, 0x7B, 0xA9, 0x13, 0x00, 0x02, 0x00, 0x00, 0x00,
    0x00, 0x00, 0x00, 0x00, 0x00, 0x00, 0x00, 0x00, 0x00, 0x00, 0x00, 0x00, 0x04, 0x00, 0x56, 0xFF,
    0xFF, 0x56, 0x00, 0x04, 0x00, 0x00, 0x00, 0x00, 0x00, 0x00, 0x00, 0x00, 0x00, 0x00, 0x00, 0x00,
    0x00, 0x00, 0x00, 0x00, 0x00, 0x01, 0x03, 0x03, 0x00, 0x00, 0x00, 0x00, 0x04, 0x00, 0x56, 0xFD,
    0xFD, 0x56, 0x00, 0x04, 0x00, 0x00, 0x00, 0x00, 0x03, 0x03, 0x01, 0x00, 0x00, 0x00, 0x00, 0x00,
    0x00, 0x00, 0x00, 0x00, 0x00, 0x00, 0x00, 0x00, 0x00, 0x00, 0x00, 0x00, 0x04, 0x00, 0x57, 0xFF,
    0xFF, 0x57, 0x00, 0x04, 0x00, 0x00, 0x00, 0x00, 0x00, 0x00, 0x00, 0x00, 0x00, 0x00, 0x00, 0x00,
    0x00, 0x00, 0x00, 0x00, 0x00, 0x00, 0x00, 0x00, 0x00, 0x00, 0x00, 0x00, 0x01, 0x01, 0x1B, 0xCD,
    0xCD, 0x1B, 0x01, 0x01, 0x00, 0x00, 0x00, 0x00, 0x00, 0x00, 0x00, 0x00, 0x00, 0x00, 0x00, 0x00,
    0x00, 0x00, 0x00, 0x00, 0x00, 0x00, 0x00, 0x00, 0x00, 0x00, 0x00, 0x00, 0x00, 0x00, 0x00, 0x00,
    0x00, 0x00, 0x00, 0x00, 0x00, 0x00, 0x00, 0x00, 0x00, 0x00, 0x00, 0x00, 0x00, 0x00, 0x00, 0x00,
    0x00, 0x00, 0x00, 0x00, 0x00, 0x00, 0x00, 0x00, 0x00, 0x00, 0x00, 0x00, 0x00, 0x00, 0x01, 0x00,
    0x00, 0x01, 0x00, 0x00, 0x00, 0x00, 0x00, 0x00, 0x00, 0x00, 0x00, 0x00, 0x00, 0x00, 0x00, 0x00,
    0x00, 0x00, 0x00, 0x00, 0x00, 0x00, 0x00, 0x00, 0x00, 0x00, 0x00, 0x00, 0x00, 0x00, 0x00, 0x01,
    0x01, 0x00, 0x00, 0x00, 0x00, 0x00, 0x00, 0x00, 0x00, 0x00, 0x00, 0x00, 0x00, 0x00, 0x00, 0x00,
    0x00, 0x00, 0x00, 0x00, 0x00, 0x00, 0x00, 0x00, 0x00, 0x00, 0x00, 0x00, 0x00, 0x00, 0x00, 0x00,
    0x00, 0x00, 0x00, 0x00, 0x00, 0x00, 0x00, 0x00, 0x00, 0x00, 0x00, 0x00, 0x00, 0x00, 0x00, 0x00,
};
const lv_image_dsc_t ui_feed_icon_podcasts_32 = {
    .header = {.magic = LV_IMAGE_HEADER_MAGIC, .cf = LV_COLOR_FORMAT_A8,
               .w = 32, .h = 32, .stride = 32},
    .data_size = sizeof(s_podcasts_32),
    .data = s_podcasts_32,
};

static const uint8_t s_podcasts_44[] = {
    0x00, 0x00, 0x00, 0x00, 0x00, 0x00, 0x00, 0x00, 0x00, 0x00, 0x00, 0x00, 0x00, 0x00, 0x00, 0x01,
    0x04, 0x03, 0x00, 0x00, 0x00, 0x00, 0x00, 0x00, 0x00, 0x00, 0x03, 0x04, 0x01, 0x00, 0x00, 0x00,
    0x00, 0x00, 0x00, 0x00, 0x00, 0x00, 0x00, 0x00, 0x00, 0x00, 0x00, 0x00, 0x00, 0x00, 0x00, 0x00,
    0x00, 0x00, 0x00, 0x00, 0x00, 0x00, 0x00, 0x00, 0x00, 0x02, 0x03, 0x00, 0x00, 0x00, 0x02, 0x18,
    0x2B, 0x36, 0x36, 0x2B, 0x18, 0x02, 0x00, 0x00, 0x00, 0x03, 0x02, 0x00, 0x00, 0x00, 0x00, 0x00,
    0x00, 0x00, 0x00, 0x00, 0x00, 0x00, 0x00, 0x00, 0x00, 0x00, 0x00, 0x00, 0x00, 0x00, 0x00, 0x00,
    0x00, 0x00, 0x00, 0x01, 0x03, 0x00, 0x00, 0x19, 0x60, 0xA6, 0xD8, 0xF4, 0xFF, 0xFF, 0xFF, 0xFF,
    0xF4, 0xD8, 0xA6, 0x60, 0x18, 0x00, 0x00, 0x03, 0x01, 0x00, 0x00, 0x00, 0x00, 0x00, 0x00, 0x00,
    0x00, 0x00, 0x00, 0x00, 0x00, 0x00, 0x00, 0x00, 0x00, 0x00, 0x00, 0x00, 0x00, 0x00, 0x02, 0x00,
    0x00, 0x2A, 0x99, 0xED, 0xFF, 0xFF, 0xFF, 0xFF, 0xFB, 0xFA, 0xFA, 0xFB, 0xFF, 0xFF, 0xFF, 0xFF,
    0xED, 0x99, 0x2A, 0x00, 0x00, 0x02, 0x00, 0x00, 0x00, 0x00, 0x00, 0x00, 0x00, 0x00, 0x00, 0x00,
    0x00, 0x00, 0x00, 0x00, 0x00, 0x00, 0x00, 0x00, 0x00, 0x04, 0x00, 0x0D, 0x8B, 0xF7, 0xFF, 0xFF,
    0xF8, 0xFD, 0xFF, 0xFF, 0xFF, 0xFF, 0xFF, 0xFF, 0xFF, 0xFF, 0xFD, 0xF8, 0xFF, 0xFF, 0xF7, 0x8B,
    0x0D, 0x00, 0x04, 0x00, 0x00, 0x00, 0x00, 0x00, 0x00, 0x00, 0x00, 0x00, 0x00, 0x00, 0x00, 0x00,
    0x00, 0x00, 0x00, 0x00, 0x04, 0x00, 0x36, 0xD5, 0xFF, 0xFF, 0xF8, 0xFF, 0xFF, 0xFB, 0xD1, 0xA7,
    0x88, 0x79, 0x79, 0x88, 0xA7, 0xD1, 0xFB, 0xFF, 0xFF, 0xF8, 0xFF, 0xFF, 0xD5, 0x36, 0x00, 0x04,
    0x00, 0x00, 0x00, 0x00, 0x00, 0x00, 0x00, 0x00, 0x00, 0x00, 0x00, 0x00, 0x00, 0x00, 0x00, 0x04,
    0x00, 0x52, 0xF6, 0xFF, 0xF8, 0xFF, 0xFF, 0xD9, 0x76, 0x28, 0x00, 0x00, 0x00, 0x00, 0x00, 0x00,
    0x00, 0x00, 0x28, 0x76, 0xD9, 0xFF, 0xFF, 0xF8, 0xFF, 0xF6, 0x52, 0x00, 0x04, 0x00, 0x00, 0x00,
    0x00, 0x00, 0x00, 0x00, 0x00, 0x00, 0x00, 0x00, 0x00, 0x00, 0x03, 0x00, 0x53, 0xFF, 0xFF, 0xF9,
    0xFF, 0xF2, 0x73, 0x0A, 0x00, 0x00, 0x03, 0x07, 0x06, 0x04, 0x04, 0x06, 0x07, 0x03, 0x00, 0x00,
    0x0A, 0x73, 0xF2, 0xFF, 0xF9, 0xFF, 0xFE, 0x53, 0x00, 0x03, 0x00, 0x00, 0x00, 0x00, 0x00, 0x00,
    0x00, 0x00, 0x00, 0x00, 0x00, 0x03, 0x00, 0x38, 0xF9, 0xFE, 0xFA, 0xFF, 0xD0, 0x2B, 0x00, 0x00,
    0x07, 0x00, 0x00, 0x00, 0x00, 0x00, 0x00, 0x00, 0x00, 0x00, 0x00, 0x07, 0x00, 0x00, 0x2B, 0xD0,
    0xFF, 0xFA, 0xFE, 0xF9, 0x38, 0x00, 0x03, 0x00, 0x00, 0x00, 0x00, 0x00, 0x00, 0x00, 0x00, 0x00,
    0x01, 0x02, 0x10, 0xE0, 0xFF, 0xF9, 0xFF, 0xC1, 0x10, 0x00, 0x06, 0x01, 0x00, 0x0F, 0x57, 0x9A,
    0xC2, 0xD5, 0xD5, 0xC2, 0x9A, 0x57, 0x0F, 0x00, 0x01, 0x06, 0x00, 0x10, 0xC2, 0xFF, 0xF9, 0xFF,
    0xE0, 0x10, 0x02, 0x01, 0x00, 0x00, 0x00, 0x00, 0x00, 0x00, 0x00, 0x00, 0x03, 0x00, 0x99, 0xFF,
    0xF9, 0xFF, 0xCF, 0x0D, 0x00, 0x05, 0x00, 0x01, 0x71, 0xE2, 0xFF, 0xFF, 0xFF, 0xFF, 0xFF, 0xFF,
    0xFF, 0xFF, 0xE2, 0x71, 0x01, 0x00, 0x05, 0x00, 0x0D, 0xD0, 0xFF, 0xF9, 0xFF, 0x99, 0x00, 0x03,
    0x00, 0x00, 0x00, 0x00, 0x00, 0x00, 0x00, 0x03, 0x00, 0x31, 0xFD, 0xFB, 0xFC, 0xF0, 0x22, 0x00,
    0x05, 0x00, 0x17, 0xBC, 0xFF, 0xFF, 0xF9, 0xFA, 0xFF, 0xFF, 0xFF, 0xFF, 0xFA, 0xF9, 0xFF, 0xFF,
    0xBC, 0x17, 0x00, 0x05, 0x00, 0x22, 0xF0, 0xFC, 0xFB, 0xFD, 0x31, 0x00, 0x03, 0x00, 0x00, 0x00,
    0x00, 0x00, 0x00, 0x03, 0x00, 0xAC, 0xFF, 0xF9, 0xFF, 0x66, 0x00, 0x06, 0x00, 0x18, 0xD6, 0xFF,
    0xF9, 0xFC, 0xFF, 0xFF, 0xE4, 0xCB, 0xCB, 0xE4, 0xFF, 0xFF, 0xFC, 0xF9, 0xFF, 0xD5, 0x17, 0x00,
    0x06, 0x00, 0x66, 0xFF, 0xF9, 0xFF, 0xAC, 0x00, 0x03, 0x00, 0x00, 0x00, 0x00, 0x00, 0x02, 0x00,
    0x22, 0xF9, 0xFC, 0xFF, 0xD1, 0x02, 0x04, 0x03, 0x05, 0xC5, 0xFF, 0xF9, 0xFF, 0xFF, 0xA9, 0x3E,
    0x0C, 0x00, 0x00, 0x0C, 0x3E, 0xA9, 0xFF, 0xFF, 0xF9, 0xFF, 0xC5, 0x05, 0x03, 0x04, 0x02, 0xD1,
    0xFF, 0xFC, 0xF9, 0x22, 0x00, 0x02, 0x00, 0x00, 0x00, 0x00, 0x04, 0x00, 0x76, 0xFF, 0xF8, 0xFF,
    0x62, 0x00, 0x07, 0x00, 0x7C, 0xFF, 0xF9, 0xFD, 0xFA, 0x5E, 0x00, 0x00, 0x00, 0x05, 0x05, 0x00,
    0x00, 0x00, 0x5F, 0xFA, 0xFD, 0xF9, 0xFF, 0x7C, 0x00, 0x07, 0x00, 0x62, 0xFF, 0xF8, 0xFF, 0x76,
    0x00, 0x04, 0x00, 0x00, 0x00, 0x00, 0x02, 0x00, 0xBE, 0xFF, 0xFE, 0xF1, 0x14, 0x01, 0x01, 0x17,
    0xF2, 0xFD, 0xFB, 0xFF, 0x59, 0x00, 0x05, 0x05, 0x00, 0x00, 0x00, 0x00, 0x05, 0x05, 0x00, 0x59,
    0xFF, 0xFB, 0xFD, 0xF1, 0x17, 0x01, 0x01, 0x14, 0xF1, 0xFE, 0xFF, 0xBE, 0x00, 0x02, 0x00, 0x00,
    0x00, 0x01, 0x00, 0x0E, 0xEB, 0xFF, 0xFF, 0xBC, 0x00, 0x06, 0x00, 0x6D, 0xFF, 0xF8, 0xFF, 0xA0,
    0x00, 0x06, 0x02, 0x00, 0x3A, 0x7F, 0x7F, 0x3A, 0x00, 0x02, 0x06, 0x00, 0xA0, 0xFF, 0xF8, 0xFF,
    0x6C, 0x00, 0x06, 0x00, 0xBC, 0xFF, 0xFF, 0xEB, 0x0E, 0x00, 0x01, 0x00, 0x00, 0x02, 0x00, 0x2D,
    0xFE, 0xFB, 0xFF, 0x8B, 0x01, 0x07, 0x00, 0xB4, 0xFE, 0xFC, 0xFA, 0x27, 0x01, 0x04, 0x00, 0x83,
    0xFF, 0xFF, 0xFF, 0xFF, 0x83, 0x00, 0x04, 0x01, 0x27, 0xFA, 0xFC, 0xFE, 0xB4, 0x00, 0x07, 0x01,
    0x8B, 0xFF, 0xFB, 0xFE, 0x2D, 0x00, 0x02, 0x00, 0x00, 0x03, 0x00, 0x45, 0xFF, 0xF9, 0xFF, 0x6A,
    0x00, 0x03, 0x04, 0xDB, 0xFF, 0xFF, 0xD1, 0x00, 0x03, 0x00, 0x48, 0xFF, 0xFC, 0xFA, 0xFA, 0xFC,
    0xFF, 0x47, 0x00, 0x03, 0x00, 0xD1, 0xFF, 0xFF, 0xDA, 0x03, 0x03, 0x00, 0x6A, 0xFF, 0xF9, 0xFF,
    0x45, 0x00, 0x03, 0x00, 0x00, 0x03, 0x00, 0x53, 0xFF, 0xF8, 0xFF, 0x59, 0x00, 0x00, 0x0F, 0xEB,
    0xFF, 0xFF, 0xAF, 0x00, 0x07, 0x00, 0x9E, 0xFD, 0xFA, 0xFF, 0xFF, 0xFA, 0xFD, 0x9E, 0x00, 0x07,
    0x00, 0xAF, 0xFF, 0xFF, 0xEB, 0x0F, 0x00, 0x00, 0x59, 0xFF, 0xF8, 0xFF, 0x53, 0x00, 0x03, 0x00,
    0x00, 0x03, 0x00, 0x54, 0xFF, 0xF8, 0xFF, 0x57, 0x00, 0x00, 0x10, 0xEC, 0xFF, 0xFF, 0xAC, 0x01,
    0x07, 0x00, 0xA6, 0xFD, 0xFB, 0xFF, 0xFF, 0xFB, 0xFD, 0xA6, 0x00, 0x07, 0x01, 0xAC, 0xFF, 0xFF,
    0xEC, 0x10, 0x00, 0x00, 0x58, 0xFF, 0xF8, 0xFF, 0x54, 0x00, 0x03, 0x00, 0x00, 0x03, 0x00, 0x4A,
    0xFF, 0xF8, 0xFF, 0x65, 0x00, 0x02, 0x06, 0xDF, 0xFF, 0xFF, 0xC8, 0x00, 0x05, 0x00, 0x63, 0xFF,
    0xFC, 0xFF, 0xFF, 0xFC, 0xFF, 0x64, 0x00, 0x05, 0x00, 0xC9, 0xFF, 0xFF, 0xDF, 0x06, 0x02, 0x00,
    0x65, 0xFF, 0xF8, 0xFF, 0x49, 0x00, 0x03, 0x00, 0x00, 0x03, 0x00, 0x34, 0xFF, 0xFA, 0xFF, 0x84,
    0x01, 0x07, 0x00, 0xBC, 0xFE, 0xFD, 0xF6, 0x1C, 0x01, 0x03, 0x05, 0xB3, 0xFF, 0xFD, 0xFD, 0xFF,
    0xB8, 0x07, 0x03, 0x01, 0x1E, 0xF6, 0xFD, 0xFE, 0xBC, 0x00, 0x07, 0x01, 0x84, 0xFF, 0xFA, 0xFF,
    0x34, 0x00, 0x03, 0x00, 0x00, 0x01, 0x00, 0x16, 0xF3, 0xFE, 0xFF, 0xB4, 0x00, 0x07, 0x00, 0x76,
    0xFF, 0xF7, 0xFF, 0x86, 0x00, 0x05, 0x00, 0x03, 0xD9, 0xFE, 0xFE, 0xDA, 0x05, 0x00, 0x05, 0x00,
    0x87, 0xFF, 0xF7, 0xFF, 0x78, 0x00, 0x07, 0x00, 0xB4, 0xFF, 0xFE, 0xF3, 0x16, 0x00, 0x01, 0x00,
    0x00, 0x00, 0x01, 0x00, 0xCC, 0xFF, 0xFF, 0xEC, 0x0F, 0x01, 0x00, 0x1D, 0xF6, 0xFC, 0xFD, 0xF4,
    0x23, 0x00, 0x03, 0x00, 0xCD, 0xFF, 0xFF, 0xCD, 0x00, 0x03, 0x00, 0x23, 0xF4, 0xFD, 0xFC, 0xF8,
    0x1F, 0x00, 0x01, 0x0E, 0xEB, 0xFF, 0xFF, 0xCC, 0x00, 0x01, 0x00, 0x00, 0x00, 0x00, 0x04, 0x00,
    0x8A, 0xFF, 0xF8, 0xFF, 0x57, 0x00, 0x07, 0x00, 0x92, 0xFF, 0xF3, 0xFF, 0x63, 0x00, 0x04, 0x01,
    0xCF, 0xFF, 0xFF, 0xCF, 0x01, 0x04, 0x00, 0x64, 0xFF, 0xF3, 0xFF, 0x96, 0x00, 0x07, 0x00, 0x55,
    0xFF, 0xF8, 0xFF, 0x8A, 0x00, 0x04, 0x00, 0x00, 0x00, 0x00, 0x03, 0x00, 0x35, 0xFF, 0xFB, 0xFF,
    0xC6, 0x00, 0x04, 0x02, 0x12, 0xE0, 0xFF, 0xF6, 0x2C, 0x01, 0x02, 0x00, 0xCF, 0xFF, 0xFF, 0xCF,
    0x00, 0x03, 0x00, 0x30, 0xFA, 0xFF, 0xE0, 0x13, 0x02, 0x04, 0x00, 0xC2, 0xFF, 0xFB, 0xFF, 0x34,
    0x00, 0x03, 0x00, 0x00, 0x00, 0x00, 0x00, 0x02, 0x01, 0xC6, 0xFF, 0xFA, 0xFF, 0x53, 0x00, 0x05,
    0x00, 0x25, 0x74, 0x32, 0x00, 0x01, 0x00, 0x00, 0xCF, 0xFF, 0xFF, 0xCF, 0x00, 0x00, 0x01, 0x00,
    0x3A, 0x74, 0x22, 0x00, 0x05, 0x00, 0x4A, 0xFF, 0xFA, 0xFF, 0xC6, 0x00, 0x02, 0x00, 0x00, 0x00,
    0x00, 0x00, 0x00, 0x03, 0x00, 0x4D, 0xFF, 0xFA, 0xFE, 0xE4, 0x14, 0x00, 0x03, 0x00, 0x00, 0x00,
    0x01, 0x00, 0x00, 0x00, 0xCF, 0xFF, 0xFF, 0xCF, 0x00, 0x00, 0x00, 0x01, 0x00, 0x00, 0x00, 0x02,
    0x01, 0x0C, 0xDC, 0xFE, 0xFA, 0xFF, 0x4C, 0x00, 0x03, 0x00, 0x00, 0x00, 0x00, 0x00, 0x00, 0x00,
    0x02, 0x00, 0xBC, 0xFF, 0xF9, 0xFF, 0xB2, 0x02, 0x02, 0x02, 0x04, 0x02, 0x00, 0x00, 0x00, 0x00,
    0xCF, 0xFF, 0xFF, 0xCF, 0x00, 0x00, 0x00, 0x00, 0x03, 0x04, 0x02, 0x02, 0x00, 0xA0, 0xFF, 0xF8,
    0xFF, 0xBC, 0x00, 0x02, 0x00, 0x00, 0x00, 0x00, 0x00, 0x00, 0x00, 0x00, 0x02, 0x01, 0x27, 0xF6,
    0xFC, 0xF8, 0xFF, 0x30, 0x00, 0x02, 0x00, 0x00, 0x00, 0x00, 0x00, 0x00, 0xCF, 0xFF, 0xFF, 0xCF,
    0x00, 0x00, 0x00, 0x00, 0x00, 0x00, 0x02, 0x00, 0x21, 0xFF, 0xF9, 0xFB, 0xF6, 0x26, 0x01, 0x02,
    0x00, 0x00, 0x00, 0x00, 0x00, 0x00, 0x00, 0x00, 0x00, 0x03, 0x00, 0x60, 0xFF, 0xFF, 0xF5, 0x1E,
    0x01, 0x02, 0x00, 0x00, 0x00, 0x00, 0x00, 0x00, 0xCF, 0xFF, 0xFF, 0xCF, 0x00, 0x00, 0x00, 0x00,
    0x00, 0x00, 0x01, 0x01, 0x16, 0xF1, 0xFF, 0xFF, 0x60, 0x00, 0x03, 0x00, 0x00, 0x00, 0x00, 0x00,
    0x00, 0x00, 0x00, 0x00, 0x00, 0x00, 0x03, 0x00, 0x5F, 0x9A, 0x3C, 0x00, 0x02, 0x00, 0x00, 0x00,
    0x00, 0x00, 0x00, 0x00, 0xCF, 0xFF, 0xFF, 0xCF, 0x00, 0x00, 0x00, 0x00, 0x00, 0x00, 0x00, 0x02,
    0x00, 0x3E, 0xA0, 0x60, 0x00, 0x03, 0x00, 0x00, 0x00, 0x00, 0x00, 0x00, 0x00, 0x00, 0x00, 0x00,
    0x00, 0x00, 0x00, 0x01, 0x00, 0x00, 0x00, 0x01, 0x00, 0x00, 0x00, 0x00, 0x00, 0x00, 0x00, 0x00,
    0xCF, 0xFF, 0xFF, 0xCF, 0x00, 0x00, 0x00, 0x00, 0x00, 0x00, 0x00, 0x00, 0x00, 0x00, 0x00, 0x00,
    0x01, 0x00, 0x00, 0x00, 0x00, 0x00, 0x00, 0x00, 0x00, 0x00, 0x00, 0x00, 0x00, 0x00, 0x00, 0x00,
    0x03, 0x04, 0x03, 0x00, 0x00, 0x00, 0x00, 0x00, 0x00, 0x00, 0x00, 0x00, 0xCF, 0xFF, 0xFF, 0xCF,
    0x00, 0x00, 0x00, 0x00, 0x00, 0x00, 0x00, 0x00, 0x00, 0x03, 0x04, 0x03, 0x00, 0x00, 0x00, 0x00,
    0x00, 0x00, 0x00, 0x00, 0x00, 0x00, 0x00, 0x00, 0x00, 0x00, 0x00, 0x00, 0x00, 0x00, 0x00, 0x00,
    0x00, 0x00, 0x00, 0x00, 0x00, 0x00, 0x00, 0x00, 0xCE, 0xFF, 0xFF, 0xCE, 0x00, 0x00, 0x00, 0x00,
    0x00, 0x00, 0x00, 0x00, 0x00, 0x00, 0x00, 0x00, 0x00, 0x00, 0x00, 0x00, 0x00, 0x00, 0x00, 0x00,
    0x00, 0x00, 0x00, 0x00, 0x00, 0x00, 0x00, 0x00, 0x00, 0x00, 0x00, 0x00, 0x00, 0x00, 0x00, 0x00,
    0x00, 0x00, 0x00, 0x00, 0xD4, 0xFC, 0xFC, 0xD4, 0x00, 0x00, 0x00, 0x00, 0x00, 0x00, 0x00, 0x00,
    0x00, 0x00, 0x00, 0x00, 0x00, 0x00, 0x00, 0x00, 0x00, 0x00, 0x00, 0x00, 0x00, 0x00, 0x00, 0x00,
    0x00, 0x00, 0x00, 0x00, 0x00, 0x00, 0x00, 0x00, 0x00, 0x00, 0x00, 0x00, 0x00, 0x00, 0x03, 0x00,
    0x94, 0xFF, 0xFF, 0x94, 0x00, 0x03, 0x00, 0x00, 0x00, 0x00, 0x00, 0x00, 0x00, 0x00, 0x00, 0x00,
    0x00, 0x00, 0x00, 0x00, 0x00, 0x00, 0x00, 0x00, 0x00, 0x00, 0x00, 0x00, 0x00, 0x00, 0x00, 0x00,
    0x00, 0x00, 0x00, 0x00, 0x00, 0x00, 0x00, 0x00, 0x00, 0x00, 0x01, 0x00, 0x05, 0x61, 0x61, 0x05,
    0x00, 0x01, 0x00, 0x00, 0x00, 0x00, 0x00, 0x00, 0x00, 0x00, 0x00, 0x00, 0x00, 0x00, 0x00, 0x00,
    0x00, 0x00, 0x00, 0x00, 0x00, 0x00, 0x00, 0x00, 0x00, 0x00, 0x00, 0x00, 0x00, 0x00, 0x00, 0x00,
    0x00, 0x00, 0x00, 0x00, 0x00, 0x00, 0x00, 0x00, 0x00, 0x00, 0x00, 0x00, 0x00, 0x00, 0x00, 0x00,
    0x00, 0x00, 0x00, 0x00, 0x00, 0x00, 0x00, 0x00, 0x00, 0x00, 0x00, 0x00, 0x00, 0x00, 0x00, 0x00,
    0x00, 0x00, 0x00, 0x00, 0x00, 0x00, 0x00, 0x00, 0x00, 0x00, 0x00, 0x00, 0x00, 0x00, 0x00, 0x00,
    0x00, 0x00, 0x00, 0x00, 0x01, 0x04, 0x04, 0x01, 0x00, 0x00, 0x00, 0x00, 0x00, 0x00, 0x00, 0x00,
    0x00, 0x00, 0x00, 0x00, 0x00, 0x00, 0x00, 0x00, 0x00, 0x00, 0x00, 0x00, 0x00, 0x00, 0x00, 0x00,
    0x00, 0x00, 0x00, 0x00, 0x00, 0x00, 0x00, 0x00, 0x00, 0x00, 0x00, 0x00, 0x00, 0x00, 0x00, 0x00,
    0x00, 0x00, 0x00, 0x00, 0x00, 0x00, 0x00, 0x00, 0x00, 0x00, 0x00, 0x00, 0x00, 0x00, 0x00, 0x00,
    0x00, 0x00, 0x00, 0x00, 0x00, 0x00, 0x00, 0x00, 0x00, 0x00, 0x00, 0x00, 0x00, 0x00, 0x00, 0x00,
    0x00, 0x00, 0x00, 0x00, 0x00, 0x00, 0x00, 0x00, 0x00, 0x00, 0x00, 0x00, 0x00, 0x00, 0x00, 0x00,
    0x00, 0x00, 0x00, 0x00, 0x00, 0x00, 0x00, 0x00, 0x00, 0x00, 0x00, 0x00, 0x00, 0x00, 0x00, 0x00,
    0x00, 0x00, 0x00, 0x00, 0x00, 0x00, 0x00, 0x00, 0x00, 0x00, 0x00, 0x00, 0x00, 0x00, 0x00, 0x00,
    0x00, 0x00, 0x00, 0x00, 0x00, 0x00, 0x00, 0x00, 0x00, 0x00, 0x00, 0x00, 0x00, 0x00, 0x00, 0x00,
    0x00, 0x00, 0x00, 0x00, 0x00, 0x00, 0x00, 0x00, 0x00, 0x00, 0x00, 0x00, 0x00, 0x00, 0x00, 0x00,
};
const lv_image_dsc_t ui_feed_icon_podcasts_44 = {
    .header = {.magic = LV_IMAGE_HEADER_MAGIC, .cf = LV_COLOR_FORMAT_A8,
               .w = 44, .h = 44, .stride = 44},
    .data_size = sizeof(s_podcasts_44),
    .data = s_podcasts_44,
};

static const uint8_t s_podcasts_48[] = {
    0x00, 0x00, 0x00, 0x00, 0x00, 0x00, 0x00, 0x00, 0x00, 0x00, 0x00, 0x00, 0x00, 0x00, 0x00, 0x00,
    0x00, 0x01, 0x03, 0x04, 0x03, 0x00, 0x00, 0x00, 0x00, 0x00, 0x00, 0x03, 0x04, 0x03, 0x01, 0x00,
    0x00, 0x00, 0x00, 0x00, 0x00, 0x00, 0x00, 0x00, 0x00, 0x00, 0x00, 0x00, 0x00, 0x00, 0x00, 0x00,
    0x00, 0x00, 0x00, 0x00, 0x00, 0x00, 0x00, 0x00, 0x00, 0x00, 0x00, 0x00, 0x00, 0x00, 0x00, 0x02,
    0x03, 0x00, 0x00, 0x00, 0x00, 0x00, 0x09, 0x10, 0x10, 0x09, 0x00, 0x00, 0x00, 0x00, 0x00, 0x03,
    0x02, 0x00, 0x00, 0x00, 0x00, 0x00, 0x00, 0x00, 0x00, 0x00, 0x00, 0x00, 0x00, 0x00, 0x00, 0x00,
    0x00, 0x00, 0x00, 0x00, 0x00, 0x00, 0x00, 0x00, 0x00, 0x00, 0x00, 0x00, 0x00, 0x01, 0x03, 0x00,
    0x00, 0x0A, 0x41, 0x7F, 0xB0, 0xD1, 0xE4, 0xED, 0xED, 0xE4, 0xD1, 0xB0, 0x7F, 0x41, 0x09, 0x00,
    0x00, 0x03, 0x01, 0x00, 0x00, 0x00, 0x00, 0x00, 0x00, 0x00, 0x00, 0x00, 0x00, 0x00, 0x00, 0x00,
    0x00, 0x00, 0x00, 0x00, 0x00, 0x00, 0x00, 0x00, 0x00, 0x00, 0x00, 0x00, 0x03, 0x00, 0x00, 0x27,
    0x8A, 0xDE, 0xFF, 0xFF, 0xFF, 0xFF, 0xFF, 0xFF, 0xFF, 0xFF, 0xFF, 0xFF, 0xFF, 0xFF, 0xDE, 0x8A,
    0x27, 0x00, 0x00, 0x03, 0x00, 0x00, 0x00, 0x00, 0x00, 0x00, 0x00, 0x00, 0x00, 0x00, 0x00, 0x00,
    0x00, 0x00, 0x00, 0x00, 0x00, 0x00, 0x00, 0x00, 0x00, 0x00, 0x01, 0x03, 0x00, 0x1B, 0x96, 0xF6,
    0xFF, 0xFF, 0xFC, 0xF7, 0xF8, 0xFC, 0xFF, 0xFF, 0xFF, 0xFF, 0xFC, 0xF8, 0xF7, 0xFC, 0xFF, 0xFF,
    0xF6, 0x96, 0x1B, 0x00, 0x03, 0x01, 0x00, 0x00, 0x00, 0x00, 0x00, 0x00, 0x00, 0x00, 0x00, 0x00,
    0x00, 0x00, 0x00, 0x00, 0x00, 0x00, 0x00, 0x00, 0x00, 0x01, 0x01, 0x00, 0x5F, 0xE9, 0xFF, 0xFF,
    0xF9, 0xFB, 0xFF, 0xFF, 0xFF, 0xFF, 0xF7, 0xEF, 0xEF, 0xF7, 0xFF, 0xFF, 0xFF, 0xFF, 0xFB, 0xF9,
    0xFF, 0xFF, 0xE9, 0x5F, 0x00, 0x01, 0x01, 0x00, 0x00, 0x00, 0x00, 0x00, 0x00, 0x00, 0x00, 0x00,
    0x00, 0x00, 0x00, 0x00, 0x00, 0x00, 0x00, 0x00, 0x02, 0x00, 0x04, 0x99, 0xFF, 0xFF, 0xFA, 0xFC,
    0xFF, 0xFF, 0xDC, 0x97, 0x5B, 0x33, 0x1E, 0x13, 0x13, 0x1E, 0x33, 0x5B, 0x97, 0xDC, 0xFF, 0xFF,
    0xFC, 0xFA, 0xFF, 0xFF, 0x99, 0x04, 0x00, 0x02, 0x00, 0x00, 0x00, 0x00, 0x00, 0x00, 0x00, 0x00,
    0x00, 0x00, 0x00, 0x00, 0x00, 0x00, 0x00, 0x01, 0x01, 0x09, 0xB6, 0xFF, 0xFB, 0xFB, 0xFF, 0xFF,
    0xC1, 0x51, 0x08, 0x00, 0x00, 0x00, 0x00, 0x00, 0x00, 0x00, 0x00, 0x00, 0x00, 0x08, 0x51, 0xC1,
    0xFF, 0xFF, 0xFB, 0xFB, 0xFF, 0xB6, 0x09, 0x01, 0x01, 0x00, 0x00, 0x00, 0x00, 0x00, 0x00, 0x00,
    0x00, 0x00, 0x00, 0x00, 0x00, 0x00, 0x01, 0x03, 0x04, 0xB7, 0xFF, 0xFA, 0xFC, 0xFF, 0xEC, 0x60,
    0x00, 0x00, 0x00, 0x06, 0x08, 0x04, 0x00, 0x00, 0x00, 0x00, 0x04, 0x08, 0x06, 0x00, 0x00, 0x00,
    0x60, 0xEC, 0xFF, 0xFC, 0xFA, 0xFF, 0xB7, 0x03, 0x03, 0x01, 0x00, 0x00, 0x00, 0x00, 0x00, 0x00,
    0x00, 0x00, 0x00, 0x00, 0x00, 0x00, 0x04, 0x00, 0x9A, 0xFF, 0xFA, 0xFC, 0xFF, 0xCB, 0x23, 0x00,
    0x02, 0x05, 0x02, 0x00, 0x00, 0x00, 0x06, 0x10, 0x10, 0x06, 0x00, 0x00, 0x00, 0x02, 0x05, 0x02,
    0x00, 0x23, 0xCB, 0xFF, 0xFC, 0xFA, 0xFF, 0x9A, 0x00, 0x04, 0x00, 0x00, 0x00, 0x00, 0x00, 0x00,
    0x00, 0x00, 0x00, 0x00, 0x00, 0x03, 0x00, 0x5D, 0xFF, 0xFA, 0xFC, 0xFF, 0xBF, 0x0D, 0x00, 0x04,
    0x03, 0x00, 0x00, 0x33, 0x82, 0xBD, 0xDE, 0xEC, 0xEC, 0xDE, 0xBD, 0x82, 0x33, 0x00, 0x00, 0x03,
    0x04, 0x00, 0x0D, 0xBF, 0xFF, 0xFC, 0xFA, 0xFF, 0x5D, 0x00, 0x03, 0x00, 0x00, 0x00, 0x00, 0x00,
    0x00, 0x00, 0x00, 0x00, 0x02, 0x01, 0x18, 0xEE, 0xFD, 0xFB, 0xFF, 0xCD, 0x0C, 0x00, 0x03, 0x03,
    0x00, 0x2E, 0xB1, 0xFE, 0xFF, 0xFF, 0xFF, 0xFF, 0xFF, 0xFF, 0xFF, 0xFF, 0xFE, 0xB1, 0x2E, 0x00,
    0x03, 0x03, 0x00, 0x0C, 0xCD, 0xFF, 0xFB, 0xFD, 0xEE, 0x18, 0x02, 0x02, 0x00, 0x00, 0x00, 0x00,
    0x00, 0x00, 0x00, 0x00, 0x03, 0x00, 0x98, 0xFF, 0xFA, 0xFD, 0xEE, 0x20, 0x00, 0x03, 0x03, 0x00,
    0x67, 0xF7, 0xFF, 0xFE, 0xF9, 0xF9, 0xFE, 0xFF, 0xFF, 0xFE, 0xF9, 0xF9, 0xFE, 0xFF, 0xF7, 0x67,
    0x00, 0x03, 0x03, 0x00, 0x20, 0xEE, 0xFD, 0xFA, 0xFF, 0x98, 0x00, 0x03, 0x00, 0x00, 0x00, 0x00,
    0x00, 0x00, 0x00, 0x02, 0x00, 0x23, 0xF8, 0xFD, 0xFB, 0xFF, 0x5E, 0x00, 0x05, 0x03, 0x00, 0x7D,
    0xFF, 0xFF, 0xFB, 0xFC, 0xFF, 0xFF, 0xFF, 0xF0, 0xF0, 0xFF, 0xFF, 0xFF, 0xFC, 0xFB, 0xFF, 0xFF,
    0x7D, 0x00, 0x03, 0x05, 0x00, 0x5E, 0xFF, 0xFB, 0xFD, 0xF8, 0x23, 0x00, 0x02, 0x00, 0x00, 0x00,
    0x00, 0x00, 0x00, 0x04, 0x00, 0x8B, 0xFF, 0xF8, 0xFF, 0xC6, 0x00, 0x03, 0x03, 0x00, 0x66, 0xFF,
    0xFB, 0xFD, 0xFF, 0xFF, 0xC4, 0x65, 0x2C, 0x15, 0x15, 0x2C, 0x65, 0xC4, 0xFF, 0xFF, 0xFD, 0xFB,
    0xFF, 0x66, 0x00, 0x03, 0x03, 0x00, 0xC6, 0xFF, 0xF8, 0xFF, 0x8B, 0x00, 0x04, 0x00, 0x00, 0x00,
    0x00, 0x00, 0x01, 0x00, 0x09, 0xE2, 0xFF, 0xFB, 0xFF, 0x4C, 0x00, 0x06, 0x01, 0x2A, 0xF9, 0xFC,
    0xFC, 0xFF, 0xF8, 0x67, 0x00, 0x00, 0x00, 0x00, 0x00, 0x00, 0x00, 0x00, 0x67, 0xF8, 0xFF, 0xFC,
    0xFC, 0xF9, 0x2A, 0x01, 0x06, 0x00, 0x4D, 0xFF, 0xFB, 0xFF, 0xE2, 0x09, 0x00, 0x01, 0x00, 0x00,
    0x00, 0x00, 0x03, 0x00, 0x40, 0xFF, 0xFC, 0xFF, 0xDE, 0x06, 0x01, 0x03, 0x00, 0xB5, 0xFF, 0xFA,
    0xFD, 0xF8, 0x46, 0x00, 0x02, 0x06, 0x04, 0x00, 0x00, 0x04, 0x06, 0x02, 0x00, 0x46, 0xF8, 0xFD,
    0xFA, 0xFF, 0xB5, 0x00, 0x03, 0x01, 0x06, 0xDE, 0xFF, 0xFC, 0xFF, 0x40, 0x00, 0x03, 0x00, 0x00,
    0x00, 0x00, 0x04, 0x00, 0x80, 0xFE, 0xF7, 0xFF, 0x96, 0x00, 0x06, 0x00, 0x30, 0xFE, 0xFD, 0xFC,
    0xFF, 0x66, 0x00, 0x06, 0x02, 0x00, 0x00, 0x0C, 0x0C, 0x00, 0x00, 0x02, 0x06, 0x00, 0x66, 0xFF,
    0xFC, 0xFD, 0xFE, 0x2F, 0x00, 0x06, 0x00, 0x96, 0xFF, 0xF7, 0xFE, 0x7F, 0x00, 0x04, 0x00, 0x00,
    0x00, 0x00, 0x03, 0x00, 0xB2, 0xFF, 0xF8, 0xFF, 0x59, 0x00, 0x08, 0x00, 0x84, 0xFF, 0xF8, 0xFF,
    0xC7, 0x00, 0x04, 0x02, 0x00, 0x2C, 0xAF, 0xE6, 0xE6, 0xAF, 0x2B, 0x00, 0x02, 0x04, 0x00, 0xC7,
    0xFF, 0xF8, 0xFF, 0x84, 0x00, 0x08, 0x00, 0x59, 0xFF, 0xF8, 0xFF, 0xB1, 0x00, 0x03, 0x00, 0x00,
    0x00, 0x00, 0x00, 0x01, 0xD2, 0xFF, 0xFC, 0xFF, 0x31, 0x00, 0x04, 0x00, 0xC0, 0xFF, 0xF8, 0xFF,
    0x61, 0x01, 0x06, 0x01, 0x2B, 0xEE, 0xFF, 0xFF, 0xFF, 0xFF, 0xEE, 0x2A, 0x01, 0x06, 0x01, 0x61,
    0xFF, 0xF8, 0xFF, 0xBF, 0x00, 0x04, 0x00, 0x32, 0xFF, 0xFC, 0xFF, 0xD2, 0x00, 0x00, 0x00, 0x00,
    0x00, 0x01, 0x00, 0x09, 0xE4, 0xFF, 0xFF, 0xF7, 0x1C, 0x00, 0x00, 0x06, 0xDF, 0xFF, 0xFE, 0xFD,
    0x29, 0x00, 0x04, 0x00, 0xB4, 0xFF, 0xF8, 0xFE, 0xFE, 0xF8, 0xFF, 0xB4, 0x00, 0x04, 0x00, 0x29,
    0xFD, 0xFE, 0xFF, 0xDF, 0x06, 0x00, 0x00, 0x1C, 0xF7, 0xFF, 0xFF, 0xE4, 0x09, 0x00, 0x01, 0x00,
    0x00, 0x01, 0x00, 0x10, 0xEC, 0xFF, 0xFF, 0xEF, 0x13, 0x00, 0x00, 0x10, 0xEC, 0xFF, 0xFF, 0xF0,
    0x14, 0x00, 0x00, 0x0C, 0xE9, 0xFE, 0xFE, 0xFF, 0xFF, 0xFE, 0xFE, 0xE9, 0x0C, 0x00, 0x00, 0x14,
    0xF0, 0xFF, 0xFF, 0xEC, 0x10, 0x00, 0x00, 0x13, 0xEF, 0xFF, 0xFF, 0xEC, 0x10, 0x00, 0x01, 0x00,
    0x00, 0x01, 0x00, 0x10, 0xEC, 0xFF, 0xFF, 0xEF, 0x13, 0x00, 0x00, 0x10, 0xEC, 0xFF, 0xFF, 0xF1,
    0x14, 0x00, 0x00, 0x0C, 0xEA, 0xFE, 0xFE, 0xFF, 0xFF, 0xFE, 0xFE, 0xEA, 0x0C, 0x00, 0x00, 0x15,
    0xF1, 0xFF, 0xFF, 0xEC, 0x10, 0x00, 0x00, 0x13, 0xEF, 0xFF, 0xFF, 0xEC, 0x10, 0x00, 0x01, 0x00,
    0x00, 0x01, 0x00, 0x09, 0xE4, 0xFF, 0xFF, 0xF8, 0x1D, 0x00, 0x00, 0x05, 0xDE, 0xFF, 0xFD, 0xFD,
    0x2A, 0x00, 0x04, 0x00, 0xB4, 0xFF, 0xFB, 0xFF, 0xFF, 0xFB, 0xFF, 0xB6, 0x00, 0x04, 0x00, 0x2C,
    0xFD, 0xFD, 0xFF, 0xDE, 0x05, 0x00, 0x00, 0x1D, 0xF8, 0xFF, 0xFF, 0xE4, 0x09, 0x00, 0x01, 0x00,
    0x00, 0x00, 0x00, 0x00, 0xD2, 0xFF, 0xFC, 0xFF, 0x34, 0x00, 0x05, 0x00, 0xBB, 0xFF, 0xF8, 0xFF,
    0x69, 0x00, 0x06, 0x01, 0x29, 0xEA, 0xFF, 0xFE, 0xFE, 0xFF, 0xED, 0x2C, 0x01, 0x06, 0x00, 0x6B,
    0xFF, 0xF8, 0xFF, 0xBB, 0x00, 0x05, 0x00, 0x34, 0xFF, 0xFC, 0xFF, 0xD2, 0x00, 0x00, 0x00, 0x00,
    0x00, 0x00, 0x03, 0x00, 0xB2, 0xFF, 0xF8, 0xFF, 0x5F, 0x01, 0x08, 0x00, 0x7A, 0xFF, 0xF9, 0xFF,
    0xD1, 0x02, 0x01, 0x03, 0x00, 0x30, 0xF5, 0xFE, 0xFE, 0xF5, 0x33, 0x00, 0x03, 0x01, 0x02, 0xD1,
    0xFF, 0xF9, 0xFF, 0x7B, 0x00, 0x08, 0x01, 0x5F, 0xFF, 0xF8, 0xFF, 0xB2, 0x00, 0x03, 0x00, 0x00,
    0x00, 0x00, 0x04, 0x00, 0x80, 0xFE, 0xF7, 0xFF, 0xA0, 0x00, 0x05, 0x00, 0x23, 0xFA, 0xFD, 0xFB,
    0xFF, 0x66, 0x00, 0x04, 0x02, 0x0B, 0xED, 0xFF, 0xFF, 0xED, 0x0A, 0x02, 0x04, 0x00, 0x66, 0xFF,
    0xFC, 0xFD, 0xFA, 0x25, 0x00, 0x06, 0x00, 0x9F, 0xFF, 0xF7, 0xFE, 0x80, 0x00, 0x04, 0x00, 0x00,
    0x00, 0x00, 0x03, 0x00, 0x40, 0xFF, 0xFC, 0xFF, 0xE8, 0x0C, 0x01, 0x04, 0x00, 0xA4, 0xFF, 0xF7,
    0xFC, 0xD1, 0x00, 0x02, 0x00, 0x13, 0xEE, 0xFF, 0xFF, 0xEE, 0x13, 0x00, 0x02, 0x00, 0xD1, 0xFC,
    0xF7, 0xFF, 0xA7, 0x00, 0x04, 0x01, 0x0B, 0xE7, 0xFF, 0xFC, 0xFF, 0x40, 0x00, 0x03, 0x00, 0x00,
    0x00, 0x00, 0x01, 0x00, 0x09, 0xE2, 0xFF, 0xFA, 0xFF, 0x5F, 0x00, 0x06, 0x01, 0x20, 0xF5, 0xFF,
    0xFF, 0xCB, 0x00, 0x02, 0x00, 0x11, 0xEE, 0xFF, 0xFF, 0xEE, 0x11, 0x00, 0x02, 0x00, 0xCF, 0xFF,
    0xFF, 0xF6, 0x22, 0x01, 0x06, 0x00, 0x5B, 0xFF, 0xFA, 0xFF, 0xE2, 0x09, 0x00, 0x01, 0x00, 0x00,
    0x00, 0x00, 0x00, 0x04, 0x00, 0x8A, 0xFF, 0xF9, 0xFE, 0xD6, 0x04, 0x03, 0x03, 0x00, 0x5A, 0xEA,
    0xD7, 0x3B, 0x01, 0x03, 0x00, 0x11, 0xEE, 0xFF, 0xFF, 0xEE, 0x11, 0x00, 0x04, 0x00, 0x43, 0xDE,
    0xE8, 0x58, 0x00, 0x03, 0x03, 0x02, 0xD0, 0xFF, 0xF9, 0xFF, 0x8A, 0x00, 0x04, 0x00, 0x00, 0x00,
    0x00, 0x00, 0x00, 0x02, 0x00, 0x22, 0xF8, 0xFD, 0xFB, 0xFF, 0x74, 0x00, 0x04, 0x01, 0x00, 0x0F,
    0x05, 0x00, 0x00, 0x01, 0x00, 0x11, 0xEE, 0xFF, 0xFF, 0xEE, 0x11, 0x00, 0x01, 0x00, 0x00, 0x08,
    0x0D, 0x00, 0x01, 0x04, 0x00, 0x67, 0xFF, 0xFB, 0xFD, 0xF8, 0x22, 0x00, 0x02, 0x00, 0x00, 0x00,
    0x00, 0x00, 0x00, 0x00, 0x03, 0x00, 0x97, 0xFF, 0xFA, 0xFC, 0xF6, 0x30, 0x00, 0x02, 0x02, 0x00,
    0x00, 0x02, 0x00, 0x01, 0x00, 0x11, 0xEE, 0xFF, 0xFF, 0xEE, 0x11, 0x00, 0x01, 0x00, 0x02, 0x00,
    0x00, 0x02, 0x02, 0x00, 0x23, 0xF0, 0xFD, 0xFA, 0xFF, 0x96, 0x00, 0x03, 0x00, 0x00, 0x00, 0x00,
    0x00, 0x00, 0x00, 0x00, 0x02, 0x02, 0x17, 0xED, 0xFD, 0xFB, 0xFF, 0xD5, 0x0B, 0x01, 0x01, 0x01,
    0x01, 0x00, 0x00, 0x01, 0x00, 0x11, 0xEE, 0xFF, 0xFF, 0xEE, 0x11, 0x00, 0x01, 0x00, 0x00, 0x01,
    0x01, 0x00, 0x02, 0x05, 0xC4, 0xFF, 0xFA, 0xFD, 0xEC, 0x17, 0x02, 0x02, 0x00, 0x00, 0x00, 0x00,
    0x00, 0x00, 0x00, 0x00, 0x00, 0x03, 0x00, 0x5A, 0xFF, 0xF9, 0xF9, 0xFF, 0x3A, 0x00, 0x03, 0x00,
    0x00, 0x00, 0x00, 0x01, 0x00, 0x11, 0xEE, 0xFF, 0xFF, 0xEE, 0x11, 0x00, 0x01, 0x00, 0x00, 0x00,
    0x00, 0x02, 0x00, 0x29, 0xFF, 0xFA, 0xF9, 0xFF, 0x5A, 0x00, 0x03, 0x00, 0x00, 0x00, 0x00, 0x00,
    0x00, 0x00, 0x00, 0x00, 0x00, 0x00, 0x03, 0x00, 0x97, 0xFF, 0xFF, 0xEE, 0x1A, 0x01, 0x01, 0x00,
    0x00, 0x00, 0x00, 0x01, 0x00, 0x11, 0xEE, 0xFF, 0xFF, 0xEE, 0x11, 0x00, 0x01, 0x00, 0x00, 0x00,
    0x00, 0x01, 0x01, 0x13, 0xEB, 0xFF, 0xFF, 0x97, 0x00, 0x03, 0x00, 0x00, 0x00, 0x00, 0x00, 0x00,
    0x00, 0x00, 0x00, 0x00, 0x00, 0x00, 0x01, 0x02, 0x02, 0x7B, 0x9C, 0x33, 0x00, 0x02, 0x00, 0x00,
    0x00, 0x00, 0x00, 0x01, 0x00, 0x11, 0xEE, 0xFF, 0xFF, 0xEE, 0x11, 0x00, 0x01, 0x00, 0x00, 0x00,
    0x00, 0x00, 0x02, 0x00, 0x35, 0xA2, 0x7E, 0x02, 0x02, 0x01, 0x00, 0x00, 0x00, 0x00, 0x00, 0x00,
    0x00, 0x00, 0x00, 0x00, 0x00, 0x00, 0x00, 0x00, 0x00, 0x00, 0x00, 0x00, 0x01, 0x00, 0x00, 0x00,
    0x00, 0x00, 0x00, 0x01, 0x00, 0x11, 0xEE, 0xFF, 0xFF, 0xEE, 0x11, 0x00, 0x01, 0x00, 0x00, 0x00,
    0x00, 0x00, 0x00, 0x01, 0x00, 0x00, 0x00, 0x00, 0x00, 0x00, 0x00, 0x00, 0x00, 0x00, 0x00, 0x00,
    0x00, 0x00, 0x00, 0x00, 0x00, 0x00, 0x00, 0x00, 0x01, 0x04, 0x04, 0x02, 0x00, 0x00, 0x00, 0x00,
    0x00, 0x00, 0x00, 0x01, 0x00, 0x11, 0xEE, 0xFF, 0xFF, 0xEE, 0x11, 0x00, 0x01, 0x00, 0x00, 0x00,
    0x00, 0x00, 0x00, 0x00, 0x02, 0x04, 0x04, 0x01, 0x00, 0x00, 0x00, 0x00, 0x00, 0x00, 0x00, 0x00,
    0x00, 0x00, 0x00, 0x00, 0x00, 0x00, 0x00, 0x00, 0x00, 0x00, 0x00, 0x00, 0x00, 0x00, 0x00, 0x00,
    0x00, 0x00, 0x00, 0x01, 0x00, 0x11, 0xED, 0xFF, 0xFF, 0xED, 0x11, 0x00, 0x01, 0x00, 0x00, 0x00,
    0x00, 0x00, 0x00, 0x00, 0x00, 0x00, 0x00, 0x00, 0x00, 0x00, 0x00, 0x00, 0x00, 0x00, 0x00, 0x00,
    0x00, 0x00, 0x00, 0x00, 0x00, 0x00, 0x00, 0x00, 0x00, 0x00, 0x00, 0x00, 0x00, 0x00, 0x00, 0x00,
    0x00, 0x00, 0x00, 0x01, 0x00, 0x12, 0xEE, 0xFD, 0xFD, 0xEE, 0x12, 0x00, 0x01, 0x00, 0x00, 0x00,
    0x00, 0x00, 0x00, 0x00, 0x00, 0x00, 0x00, 0x00, 0x00, 0x00, 0x00, 0x00, 0x00, 0x00, 0x00, 0x00,
    0x00, 0x00, 0x00, 0x00, 0x00, 0x00, 0x00, 0x00, 0x00, 0x00, 0x00, 0x00, 0x00, 0x00, 0x00, 0x00,
    0x00, 0x00, 0x00, 0x01, 0x01, 0x08, 0xE8, 0xFF, 0xFF, 0xE7, 0x08, 0x01, 0x01, 0x00, 0x00, 0x00,
    0x00, 0x00, 0x00, 0x00, 0x00, 0x00, 0x00, 0x00, 0x00, 0x00, 0x00, 0x00, 0x00, 0x00, 0x00, 0x00,
    0x00, 0x00, 0x00, 0x00, 0x00, 0x00, 0x00, 0x00, 0x00, 0x00, 0x00, 0x00, 0x00, 0x00, 0x00, 0x00,
    0x00, 0x00, 0x00, 0x00, 0x02, 0x00, 0x56, 0xE0, 0xE0, 0x55, 0x00, 0x02, 0x00, 0x00, 0x00, 0x00,
    0x00, 0x00, 0x00, 0x00, 0x00, 0x00, 0x00, 0x00, 0x00, 0x00, 0x00, 0x00, 0x00, 0x00, 0x00, 0x00,
    0x00, 0x00, 0x00, 0x00, 0x00, 0x00, 0x00, 0x00, 0x00, 0x00, 0x00, 0x00, 0x00, 0x00, 0x00, 0x00,
    0x00, 0x00, 0x00, 0x00, 0x00, 0x00, 0x00, 0x08, 0x08, 0x00, 0x00, 0x00, 0x00, 0x00, 0x00, 0x00,
    0x00, 0x00, 0x00, 0x00, 0x00, 0x00, 0x00, 0x00, 0x00, 0x00, 0x00, 0x00, 0x00, 0x00, 0x00, 0x00,
    0x00, 0x00, 0x00, 0x00, 0x00, 0x00, 0x00, 0x00, 0x00, 0x00, 0x00, 0x00, 0x00, 0x00, 0x00, 0x00,
    0x00, 0x00, 0x00, 0x00, 0x00, 0x00, 0x02, 0x00, 0x00, 0x02, 0x00, 0x00, 0x00, 0x00, 0x00, 0x00,
    0x00, 0x00, 0x00, 0x00, 0x00, 0x00, 0x00, 0x00, 0x00, 0x00, 0x00, 0x00, 0x00, 0x00, 0x00, 0x00,
    0x00, 0x00, 0x00, 0x00, 0x00, 0x00, 0x00, 0x00, 0x00, 0x00, 0x00, 0x00, 0x00, 0x00, 0x00, 0x00,
    0x00, 0x00, 0x00, 0x00, 0x00, 0x00, 0x00, 0x01, 0x01, 0x00, 0x00, 0x00, 0x00, 0x00, 0x00, 0x00,
    0x00, 0x00, 0x00, 0x00, 0x00, 0x00, 0x00, 0x00, 0x00, 0x00, 0x00, 0x00, 0x00, 0x00, 0x00, 0x00,
    0x00, 0x00, 0x00, 0x00, 0x00, 0x00, 0x00, 0x00, 0x00, 0x00, 0x00, 0x00, 0x00, 0x00, 0x00, 0x00,
    0x00, 0x00, 0x00, 0x00, 0x00, 0x00, 0x00, 0x00, 0x00, 0x00, 0x00, 0x00, 0x00, 0x00, 0x00, 0x00,
    0x00, 0x00, 0x00, 0x00, 0x00, 0x00, 0x00, 0x00, 0x00, 0x00, 0x00, 0x00, 0x00, 0x00, 0x00, 0x00,
    0x00, 0x00, 0x00, 0x00, 0x00, 0x00, 0x00, 0x00, 0x00, 0x00, 0x00, 0x00, 0x00, 0x00, 0x00, 0x00,
    0x00, 0x00, 0x00, 0x00, 0x00, 0x00, 0x00, 0x00, 0x00, 0x00, 0x00, 0x00, 0x00, 0x00, 0x00, 0x00,
    0x00, 0x00, 0x00, 0x00, 0x00, 0x00, 0x00, 0x00, 0x00, 0x00, 0x00, 0x00, 0x00, 0x00, 0x00, 0x00,
    0x00, 0x00, 0x00, 0x00, 0x00, 0x00, 0x00, 0x00, 0x00, 0x00, 0x00, 0x00, 0x00, 0x00, 0x00, 0x00,
    0x00, 0x00, 0x00, 0x00, 0x00, 0x00, 0x00, 0x00, 0x00, 0x00, 0x00, 0x00, 0x00, 0x00, 0x00, 0x00,
    0x00, 0x00, 0x00, 0x00, 0x00, 0x00, 0x00, 0x00, 0x00, 0x00, 0x00, 0x00, 0x00, 0x00, 0x00, 0x00,
};
const lv_image_dsc_t ui_feed_icon_podcasts_48 = {
    .header = {.magic = LV_IMAGE_HEADER_MAGIC, .cf = LV_COLOR_FORMAT_A8,
               .w = 48, .h = 48, .stride = 48},
    .data_size = sizeof(s_podcasts_48),
    .data = s_podcasts_48,
};

static const uint8_t s_podcasts_64[] = {
    0x00, 0x00, 0x00, 0x00, 0x00, 0x00, 0x00, 0x00, 0x00, 0x00, 0x00, 0x00, 0x00, 0x00, 0x00, 0x00,
    0x00, 0x00, 0x00, 0x00, 0x00, 0x00, 0x00, 0x00, 0x00, 0x00, 0x00, 0x01, 0x02, 0x03, 0x03, 0x04,
    0x04, 0x03, 0x03, 0x02, 0x01, 0x00, 0x00, 0x00, 0x00, 0x00, 0x00, 0x00, 0x00, 0x00, 0x00, 0x00,
    0x00, 0x00, 0x00, 0x00, 0x00, 0x00, 0x00, 0x00, 0x00, 0x00, 0x00, 0x00, 0x00, 0x00, 0x00, 0x00,
    0x00, 0x00, 0x00, 0x00, 0x00, 0x00, 0x00, 0x00, 0x00, 0x00, 0x00, 0x00, 0x00, 0x00, 0x00, 0x00,
    0x00, 0x00, 0x00, 0x00, 0x00, 0x00, 0x00, 0x01, 0x03, 0x04, 0x02, 0x00, 0x00, 0x00, 0x00, 0x00,
    0x00, 0x00, 0x00, 0x00, 0x00, 0x02, 0x04, 0x03, 0x01, 0x00, 0x00, 0x00, 0x00, 0x00, 0x00, 0x00,
    0x00, 0x00, 0x00, 0x00, 0x00, 0x00, 0x00, 0x00, 0x00, 0x00, 0x00, 0x00, 0x00, 0x00, 0x00, 0x00,
    0x00, 0x00, 0x00, 0x00, 0x00, 0x00, 0x00, 0x00, 0x00, 0x00, 0x00, 0x00, 0x00, 0x00, 0x00, 0x00,
    0x00, 0x00, 0x00, 0x00, 0x00, 0x02, 0x04, 0x00, 0x00, 0x00, 0x00, 0x07, 0x1D, 0x32, 0x42, 0x4A,
    0x4A, 0x42, 0x32, 0x1D, 0x07, 0x00, 0x00, 0x00, 0x00, 0x04, 0x02, 0x00, 0x00, 0x00, 0x00, 0x00,
    0x00, 0x00, 0x00, 0x00, 0x00, 0x00, 0x00, 0x00, 0x00, 0x00, 0x00, 0x00, 0x00, 0x00, 0x00, 0x00,
    0x00, 0x00, 0x00, 0x00, 0x00, 0x00, 0x00, 0x00, 0x00, 0x00, 0x00, 0x00, 0x00, 0x00, 0x00, 0x00,
    0x00, 0x00, 0x00, 0x02, 0x02, 0x00, 0x00, 0x09, 0x40, 0x81, 0xB9, 0xE0, 0xF7, 0xFF, 0xFF, 0xFF,
    0xFF, 0xFF, 0xFF, 0xF7, 0xE0, 0xB9, 0x81, 0x40, 0x09, 0x00, 0x00, 0x02, 0x02, 0x00, 0x00, 0x00,
    0x00, 0x00, 0x00, 0x00, 0x00, 0x00, 0x00, 0x00, 0x00, 0x00, 0x00, 0x00, 0x00, 0x00, 0x00, 0x00,
    0x00, 0x00, 0x00, 0x00, 0x00, 0x00, 0x00, 0x00, 0x00, 0x00, 0x00, 0x00, 0x00, 0x00, 0x00, 0x00,
    0x00, 0x01, 0x03, 0x00, 0x00, 0x2E, 0x8D, 0xDD, 0xFF, 0xFF, 0xFF, 0xFF, 0xFF, 0xFE, 0xFD, 0xFC,
    0xFC, 0xFD, 0xFE, 0xFF, 0xFF, 0xFF, 0xFF, 0xFF, 0xDD, 0x8D, 0x2E, 0x00, 0x00, 0x03, 0x01, 0x00,
    0x00, 0x00, 0x00, 0x00, 0x00, 0x00, 0x00, 0x00, 0x00, 0x00, 0x00, 0x00, 0x00, 0x00, 0x00, 0x00,
    0x00, 0x00, 0x00, 0x00, 0x00, 0x00, 0x00, 0x00, 0x00, 0x00, 0x00, 0x00, 0x00, 0x00, 0x00, 0x00,
    0x03, 0x00, 0x00, 0x36, 0xAB, 0xFB, 0xFF, 0xFF, 0xFD, 0xFB, 0xFC, 0xFD, 0xFE, 0xFE, 0xFE, 0xFE,
    0xFE, 0xFE, 0xFE, 0xFE, 0xFD, 0xFC, 0xFB, 0xFD, 0xFF, 0xFF, 0xFB, 0xAB, 0x36, 0x00, 0x00, 0x03,
    0x00, 0x00, 0x00, 0x00, 0x00, 0x00, 0x00, 0x00, 0x00, 0x00, 0x00, 0x00, 0x00, 0x00, 0x00, 0x00,
    0x00, 0x00, 0x00, 0x00, 0x00, 0x00, 0x00, 0x00, 0x00, 0x00, 0x00, 0x00, 0x00, 0x00, 0x01, 0x03,
    0x00, 0x1A, 0x9C, 0xFE, 0xFF, 0xFF, 0xFB, 0xFD, 0xFF, 0xFE, 0xFC, 0xFB, 0xFC, 0xFE, 0xFF, 0xFF,
    0xFF, 0xFF, 0xFE, 0xFC, 0xFB, 0xFC, 0xFE, 0xFF, 0xFD, 0xFB, 0xFF, 0xFF, 0xFE, 0x9B, 0x1A, 0x00,
    0x03, 0x01, 0x00, 0x00, 0x00, 0x00, 0x00, 0x00, 0x00, 0x00, 0x00, 0x00, 0x00, 0x00, 0x00, 0x00,
    0x00, 0x00, 0x00, 0x00, 0x00, 0x00, 0x00, 0x00, 0x00, 0x00, 0x00, 0x00, 0x00, 0x01, 0x01, 0x00,
    0x58, 0xE7, 0xFF, 0xFE, 0xFC, 0xFE, 0xFE, 0xFC, 0xFD, 0xFF, 0xFF, 0xFF, 0xFF, 0xFF, 0xFA, 0xF5,
    0xF5, 0xFA, 0xFF, 0xFF, 0xFF, 0xFF, 0xFF, 0xFD, 0xFC, 0xFE, 0xFE, 0xFC, 0xFE, 0xFF, 0xE7, 0x58,
    0x00, 0x01, 0x01, 0x00, 0x00, 0x00, 0x00, 0x00, 0x00, 0x00, 0x00, 0x00, 0x00, 0x00, 0x00, 0x00,
    0x00, 0x00, 0x00, 0x00, 0x00, 0x00, 0x00, 0x00, 0x00, 0x00, 0x00, 0x00, 0x02, 0x00, 0x02, 0x92,
    0xFF, 0xFF, 0xFB, 0xFF, 0xFF, 0xFC, 0xFF, 0xFF, 0xFF, 0xE7, 0xB1, 0x7A, 0x4F, 0x32, 0x22, 0x1A,
    0x1A, 0x22, 0x32, 0x4F, 0x7A, 0xB1, 0xE7, 0xFF, 0xFF, 0xFF, 0xFC, 0xFF, 0xFF, 0xFB, 0xFF, 0xFF,
    0x91, 0x02, 0x00, 0x02, 0x00, 0x00, 0x00, 0x00, 0x00, 0x00, 0x00, 0x00, 0x00, 0x00, 0x00, 0x00,
    0x00, 0x00, 0x00, 0x00, 0x00, 0x00, 0x00, 0x00, 0x00, 0x00, 0x00, 0x02, 0x00, 0x0C, 0xB6, 0xFF,
    0xFC, 0xFE, 0xFF, 0xFE, 0xFD, 0xFF, 0xFD, 0xB0, 0x51, 0x10, 0x00, 0x00, 0x00, 0x00, 0x00, 0x00,
    0x00, 0x00, 0x00, 0x00, 0x00, 0x00, 0x10, 0x51, 0xB0, 0xFD, 0xFF, 0xFD, 0xFE, 0xFF, 0xFE, 0xFC,
    0xFF, 0xB6, 0x0C, 0x00, 0x02, 0x00, 0x00, 0x00, 0x00, 0x00, 0x00, 0x00, 0x00, 0x00, 0x00, 0x00,
    0x00, 0x00, 0x00, 0x00, 0x00, 0x00, 0x00, 0x00, 0x00, 0x00, 0x02, 0x00, 0x0E, 0xC5, 0xFF, 0xFA,
    0xFF, 0xFF, 0xFC, 0xFF, 0xFF, 0xAC, 0x33, 0x00, 0x00, 0x00, 0x03, 0x04, 0x03, 0x02, 0x02, 0x02,
    0x02, 0x02, 0x02, 0x03, 0x04, 0x03, 0x00, 0x00, 0x00, 0x33, 0xAC, 0xFF, 0xFF, 0xFC, 0xFF, 0xFF,
    0xFA, 0xFF, 0xC5, 0x0E, 0x00, 0x02, 0x00, 0x00, 0x00, 0x00, 0x00, 0x00, 0x00, 0x00, 0x00, 0x00,
    0x00, 0x00, 0x00, 0x00, 0x00, 0x00, 0x00, 0x00, 0x00, 0x01, 0x03, 0x06, 0xBF, 0xFF, 0xFA, 0xFF,
    0xFF, 0xFB, 0xFF, 0xE2, 0x51, 0x00, 0x00, 0x03, 0x03, 0x01, 0x00, 0x01, 0x03, 0x04, 0x04, 0x04,
    0x04, 0x04, 0x04, 0x03, 0x01, 0x00, 0x01, 0x03, 0x03, 0x00, 0x00, 0x51, 0xE2, 0xFF, 0xFB, 0xFF,
    0xFF, 0xFA, 0xFF, 0xBF, 0x06, 0x03, 0x01, 0x00, 0x00, 0x00, 0x00, 0x00, 0x00, 0x00, 0x00, 0x00,
    0x00, 0x00, 0x00, 0x00, 0x00, 0x00, 0x00, 0x00, 0x00, 0x04, 0x00, 0xA4, 0xFF, 0xFA, 0xFF, 0xFF,
    0xFB, 0xFF, 0xB9, 0x19, 0x00, 0x03, 0x02, 0x00, 0x01, 0x03, 0x02, 0x00, 0x00, 0x00, 0x00, 0x00,
    0x00, 0x00, 0x00, 0x00, 0x00, 0x02, 0x03, 0x01, 0x00, 0x02, 0x03, 0x00, 0x19, 0xB9, 0xFF, 0xFB,
    0xFF, 0xFF, 0xFA, 0xFF, 0xA4, 0x00, 0x04, 0x00, 0x00, 0x00, 0x00, 0x00, 0x00, 0x00, 0x00, 0x00,
    0x00, 0x00, 0x00, 0x00, 0x00, 0x00, 0x00, 0x00, 0x03, 0x00, 0x6E, 0xFF, 0xFA, 0xFF, 0xFF, 0xFB,
    0xFF, 0x9E, 0x02, 0x00, 0x04, 0x00, 0x00, 0x03, 0x00, 0x00, 0x00, 0x17, 0x47, 0x71, 0x8D, 0x9D,
    0x9D, 0x8D, 0x71, 0x47, 0x17, 0x00, 0x00, 0x00, 0x03, 0x00, 0x00, 0x04, 0x00, 0x02, 0x9E, 0xFF,
    0xFB, 0xFF, 0xFF, 0xFA, 0xFF, 0x6E, 0x00, 0x03, 0x00, 0x00, 0x00, 0x00, 0x00, 0x00, 0x00, 0x00,
    0x00, 0x00, 0x00, 0x00, 0x00, 0x00, 0x00, 0x02, 0x00, 0x2B, 0xF8, 0xFC, 0xFE, 0xFF, 0xFB, 0xFF,
    0x9A, 0x00, 0x02, 0x02, 0x00, 0x00, 0x03, 0x00, 0x01, 0x51, 0xB1, 0xEF, 0xFF, 0xFF, 0xFF, 0xFF,
    0xFF, 0xFF, 0xFF, 0xFF, 0xEF, 0xB1, 0x51, 0x01, 0x00, 0x03, 0x00, 0x00, 0x02, 0x02, 0x00, 0x9A,
    0xFF, 0xFB, 0xFF, 0xFE, 0xFC, 0xF8, 0x2B, 0x00, 0x02, 0x00, 0x00, 0x00, 0x00, 0x00, 0x00, 0x00,
    0x00, 0x00, 0x00, 0x00, 0x00, 0x00, 0x00, 0x02, 0x01, 0xC2, 0xFF, 0xFC, 0xFF, 0xFC, 0xFF, 0xAE,
    0x00, 0x03, 0x02, 0x00, 0x01, 0x01, 0x00, 0x44, 0xC8, 0xFF, 0xFF, 0xFF, 0xFD, 0xFB, 0xFB, 0xFB,
    0xFB, 0xFB, 0xFB, 0xFD, 0xFF, 0xFF, 0xFF, 0xC8, 0x44, 0x00, 0x01, 0x01, 0x00, 0x02, 0x03, 0x00,
    0xAF, 0xFF, 0xFC, 0xFF, 0xFC, 0xFF, 0xC2, 0x01, 0x02, 0x00, 0x00, 0x00, 0x00, 0x00, 0x00, 0x00,
    0x00, 0x00, 0x00, 0x00, 0x00, 0x00, 0x03, 0x00, 0x58, 0xFF, 0xFB, 0xFF, 0xFD, 0xFF, 0xD6, 0x0B,
    0x02, 0x02, 0x00, 0x01, 0x00, 0x01, 0x89, 0xFF, 0xFF, 0xFC, 0xFC, 0xFE, 0xFF, 0xFE, 0xFC, 0xFC,
    0xFC, 0xFC, 0xFE, 0xFF, 0xFE, 0xFC, 0xFC, 0xFF, 0xFF, 0x89, 0x01, 0x00, 0x01, 0x00, 0x02, 0x02,
    0x0B, 0xD6, 0xFF, 0xFD, 0xFF, 0xFB, 0xFF, 0x58, 0x00, 0x03, 0x00, 0x00, 0x00, 0x00, 0x00, 0x00,
    0x00, 0x00, 0x00, 0x00, 0x00, 0x01, 0x01, 0x06, 0xD9, 0xFE, 0xFD, 0xFE, 0xFC, 0xFA, 0x32, 0x00,
    0x03, 0x00, 0x01, 0x01, 0x08, 0xB1, 0xFF, 0xFD, 0xFC, 0xFF, 0xFF, 0xFC, 0xFD, 0xFF, 0xFF, 0xFF,
    0xFF, 0xFF, 0xFF, 0xFD, 0xFC, 0xFF, 0xFF, 0xFC, 0xFD, 0xFF, 0xB0, 0x08, 0x01, 0x01, 0x00, 0x03,
    0x00, 0x32, 0xFA, 0xFC, 0xFE, 0xFD, 0xFE, 0xD9, 0x06, 0x01, 0x01, 0x00, 0x00, 0x00, 0x00, 0x00,
    0x00, 0x00, 0x00, 0x00, 0x00, 0x04, 0x00, 0x59, 0xFF, 0xFC, 0xFF, 0xFC, 0xFF, 0x89, 0x00, 0x04,
    0x00, 0x01, 0x03, 0x05, 0xB7, 0xFF, 0xFA, 0xFF, 0xFF, 0xFD, 0xFE, 0xFF, 0xFF, 0xEB, 0xCA, 0xB7,
    0xB7, 0xCA, 0xEB, 0xFF, 0xFF, 0xFE, 0xFD, 0xFF, 0xFF, 0xFA, 0xFF, 0xB7, 0x04, 0x03, 0x01, 0x00,
    0x04, 0x00, 0x89, 0xFF, 0xFC, 0xFF, 0xFC, 0xFF, 0x58, 0x00, 0x04, 0x00, 0x00, 0x00, 0x00, 0x00,
    0x00, 0x00, 0x00, 0x00, 0x00, 0x02, 0x00, 0xC6, 0xFE, 0xFC, 0xFD, 0xFE, 0xE8, 0x0F, 0x02, 0x01,
    0x00, 0x03, 0x00, 0x9E, 0xFF, 0xFA, 0xFF, 0xFF, 0xFC, 0xFF, 0xFF, 0xAC, 0x4B, 0x13, 0x00, 0x00,
    0x00, 0x00, 0x13, 0x4B, 0xAC, 0xFF, 0xFF, 0xFC, 0xFF, 0xFF, 0xFA, 0xFF, 0x9D, 0x00, 0x03, 0x00,
    0x01, 0x02, 0x0F, 0xE8, 0xFE, 0xFE, 0xFC, 0xFE, 0xC6, 0x00, 0x02, 0x00, 0x00, 0x00, 0x00, 0x00,
    0x00, 0x00, 0x00, 0x00, 0x02, 0x00, 0x2F, 0xFD, 0xFE, 0xFF, 0xFB, 0xFF, 0x7D, 0x00, 0x04, 0x00,
    0x03, 0x00, 0x5D, 0xFF, 0xFA, 0xFF, 0xFF, 0xFC, 0xFF, 0xD8, 0x42, 0x00, 0x00, 0x00, 0x01, 0x02,
    0x02, 0x01, 0x00, 0x00, 0x00, 0x42, 0xD8, 0xFF, 0xFC, 0xFF, 0xFF, 0xFA, 0xFF, 0x5D, 0x00, 0x03,
    0x00, 0x04, 0x00, 0x7E, 0xFF, 0xFB, 0xFF, 0xFE, 0xFD, 0x2E, 0x00, 0x02, 0x00, 0x00, 0x00, 0x00,
    0x00, 0x00, 0x00, 0x00, 0x04, 0x00, 0x80, 0xFF, 0xFB, 0xFE, 0xFF, 0xF5, 0x1C, 0x01, 0x02, 0x01,
    0x01, 0x14, 0xEB, 0xFD, 0xFD, 0xFF, 0xFC, 0xFF, 0xC1, 0x13, 0x00, 0x03, 0x03, 0x01, 0x01, 0x01,
    0x01, 0x01, 0x01, 0x03, 0x03, 0x00, 0x13, 0xC1, 0xFF, 0xFC, 0xFF, 0xFD, 0xFD, 0xEB, 0x14, 0x01,
    0x01, 0x02, 0x01, 0x1C, 0xF6, 0xFF, 0xFE, 0xFB, 0xFF, 0x80, 0x00, 0x04, 0x00, 0x00, 0x00, 0x00,
    0x00, 0x00, 0x00, 0x00, 0x01, 0x00, 0xC5, 0xFF, 0xFC, 0xFC, 0xFF, 0xB6, 0x00, 0x02, 0x00, 0x04,
    0x00, 0x83, 0xFF, 0xFB, 0xFF, 0xFD, 0xFF, 0xCE, 0x0C, 0x00, 0x04, 0x00, 0x00, 0x03, 0x02, 0x00,
    0x00, 0x02, 0x03, 0x00, 0x00, 0x04, 0x00, 0x0C, 0xCF, 0xFF, 0xFD, 0xFF, 0xFB, 0xFF, 0x82, 0x00,
    0x04, 0x00, 0x02, 0x00, 0xB6, 0xFF, 0xFC, 0xFC, 0xFF, 0xC5, 0x00, 0x01, 0x00, 0x00, 0x00, 0x00,
    0x00, 0x00, 0x00, 0x01, 0x00, 0x16, 0xF3, 0xFF, 0xFE, 0xFB, 0xFF, 0x6A, 0x01, 0x04, 0x01, 0x00,
    0x0B, 0xE6, 0xFE, 0xFD, 0xFE, 0xFD, 0xF3, 0x25, 0x00, 0x03, 0x00, 0x00, 0x01, 0x00, 0x00, 0x08,
    0x08, 0x00, 0x00, 0x01, 0x00, 0x00, 0x03, 0x00, 0x25, 0xF3, 0xFD, 0xFE, 0xFD, 0xFE, 0xE6, 0x0B,
    0x00, 0x01, 0x04, 0x01, 0x6B, 0xFF, 0xFB, 0xFE, 0xFF, 0xF3, 0x16, 0x00, 0x01, 0x00, 0x00, 0x00,
    0x00, 0x00, 0x00, 0x03, 0x00, 0x3F, 0xFF, 0xFD, 0xFE, 0xFE, 0xFF, 0x32, 0x00, 0x02, 0x03, 0x00,
    0x4C, 0xFF, 0xFC, 0xFF, 0xFB, 0xFF, 0x7F, 0x00, 0x04, 0x00, 0x01, 0x01, 0x00, 0x57, 0xB9, 0xE0,
    0xE0, 0xB9, 0x57, 0x00, 0x01, 0x01, 0x00, 0x04, 0x00, 0x80, 0xFF, 0xFB, 0xFF, 0xFC, 0xFF, 0x4B,
    0x00, 0x03, 0x02, 0x00, 0x32, 0xFF, 0xFE, 0xFE, 0xFD, 0xFF, 0x3F, 0x00, 0x03, 0x00, 0x00, 0x00,
    0x00, 0x00, 0x00, 0x04, 0x00, 0x65, 0xFF, 0xFB, 0xFE, 0xFF, 0xEB, 0x0F, 0x00, 0x01, 0x04, 0x00,
    0x90, 0xFE, 0xFB, 0xFE, 0xFF, 0xF1, 0x16, 0x01, 0x02, 0x01, 0x02, 0x01, 0x99, 0xFF, 0xFF, 0xFF,
    0xFF, 0xFF, 0xFF, 0x99, 0x01, 0x02, 0x01, 0x02, 0x01, 0x16, 0xF1, 0xFF, 0xFE, 0xFB, 0xFE, 0x90,
    0x00, 0x04, 0x01, 0x00, 0x0F, 0xEC, 0xFF, 0xFE, 0xFB, 0xFF, 0x65, 0x00, 0x04, 0x00, 0x00, 0x00,
    0x00, 0x00, 0x00, 0x04, 0x00, 0x84, 0xFF, 0xFB, 0xFD, 0xFF, 0xD0, 0x00, 0x00, 0x01, 0x02, 0x00,
    0xC0, 0xFF, 0xFC, 0xFC, 0xFF, 0xB3, 0x00, 0x02, 0x00, 0x03, 0x00, 0x78, 0xFF, 0xFA, 0xFC, 0xFD,
    0xFD, 0xFC, 0xFA, 0xFF, 0x78, 0x00, 0x03, 0x00, 0x02, 0x00, 0xB3, 0xFF, 0xFC, 0xFC, 0xFF, 0xC0,
    0x00, 0x02, 0x01, 0x00, 0x00, 0xD0, 0xFF, 0xFD, 0xFB, 0xFF, 0x84, 0x00, 0x04, 0x00, 0x00, 0x00,
    0x00, 0x00, 0x00, 0x04, 0x00, 0x9A, 0xFF, 0xFB, 0xFC, 0xFF, 0xBB, 0x00, 0x02, 0x01, 0x00, 0x04,
    0xDC, 0xFF, 0xFD, 0xFB, 0xFF, 0x7C, 0x01, 0x04, 0x01, 0x00, 0x12, 0xF0, 0xFD, 0xFD, 0xFF, 0xFF,
    0xFF, 0xFF, 0xFD, 0xFD, 0xF0, 0x12, 0x00, 0x01, 0x04, 0x01, 0x7C, 0xFF, 0xFB, 0xFD, 0xFF, 0xDC,
    0x04, 0x00, 0x01, 0x02, 0x00, 0xBB, 0xFF, 0xFC, 0xFB, 0xFF, 0x9A, 0x00, 0x04, 0x00, 0x00, 0x00,
    0x00, 0x00, 0x00, 0x03, 0x00, 0xA6, 0xFF, 0xFB, 0xFC, 0xFF, 0xAE, 0x00, 0x03, 0x01, 0x00, 0x0E,
    0xEA, 0xFF, 0xFE, 0xFB, 0xFF, 0x5E, 0x00, 0x04, 0x03, 0x00, 0x45, 0xFF, 0xFD, 0xFF, 0xFF, 0xFF,
    0xFF, 0xFF, 0xFF, 0xFD, 0xFF, 0x45, 0x00, 0x03, 0x04, 0x00, 0x5E, 0xFF, 0xFB, 0xFE, 0xFF, 0xEA,
    0x0E, 0x00, 0x01, 0x03, 0x00, 0xAE, 0xFF, 0xFC, 0xFB, 0xFF, 0xA6, 0x00, 0x03, 0x00, 0x00, 0x00,
    0x00, 0x00, 0x00, 0x03, 0x00, 0xA8, 0xFF, 0xFB, 0xFB, 0xFF, 0xAA, 0x00, 0x03, 0x01, 0x00, 0x11,
    0xED, 0xFF, 0xFE, 0xFC, 0xFF, 0x57, 0x00, 0x04, 0x04, 0x00, 0x56, 0xFD, 0xFC, 0xFF, 0xFF, 0xFF,
    0xFF, 0xFF, 0xFF, 0xFC, 0xFE, 0x56, 0x00, 0x04, 0x04, 0x00, 0x57, 0xFF, 0xFC, 0xFE, 0xFF, 0xED,
    0x11, 0x00, 0x01, 0x03, 0x00, 0xAA, 0xFF, 0xFB, 0xFB, 0xFF, 0xA8, 0x00, 0x03, 0x00, 0x00, 0x00,
    0x00, 0x00, 0x00, 0x04, 0x00, 0xA3, 0xFF, 0xFB, 0xFC, 0xFF, 0xB0, 0x00, 0x03, 0x01, 0x00, 0x0B,
    0xE7, 0xFF, 0xFE, 0xFB, 0xFF, 0x65, 0x00, 0x04, 0x03, 0x00, 0x3B, 0xFF, 0xFD, 0xFF, 0xFF, 0xFF,
    0xFF, 0xFF, 0xFF, 0xFD, 0xFF, 0x3B, 0x00, 0x03, 0x04, 0x00, 0x66, 0xFF, 0xFB, 0xFE, 0xFF, 0xE7,
    0x0B, 0x00, 0x01, 0x03, 0x00, 0xB1, 0xFF, 0xFC, 0xFB, 0xFF, 0xA2, 0x00, 0x04, 0x00, 0x00, 0x00,
    0x00, 0x00, 0x00, 0x04, 0x00, 0x95, 0xFF, 0xFB, 0xFC, 0xFF, 0xC1, 0x00, 0x02, 0x01, 0x00, 0x01,
    0xD5, 0xFF, 0xFD, 0xFB, 0xFF, 0x8B, 0x00, 0x04, 0x01, 0x01, 0x08, 0xDF, 0xFF, 0xFC, 0xFF, 0xFF,
    0xFF, 0xFF, 0xFC, 0xFE, 0xE0, 0x09, 0x01, 0x01, 0x04, 0x00, 0x8E, 0xFF, 0xFB, 0xFD, 0xFF, 0xD5,
    0x01, 0x00, 0x01, 0x02, 0x00, 0xC1, 0xFF, 0xFC, 0xFB, 0xFF, 0x94, 0x00, 0x04, 0x00, 0x00, 0x00,
    0x00, 0x00, 0x00, 0x04, 0x00, 0x7D, 0xFF, 0xFB, 0xFD, 0xFF, 0xDA, 0x03, 0x00, 0x01, 0x03, 0x00,
    0xB1, 0xFF, 0xFC, 0xFD, 0xFF, 0xCC, 0x00, 0x01, 0x00, 0x03, 0x00, 0x4C, 0xFF, 0xFF, 0xFE, 0xFF,
    0xFF, 0xFE, 0xFF, 0xFF, 0x53, 0x00, 0x03, 0x00, 0x01, 0x01, 0xCF, 0xFF, 0xFD, 0xFC, 0xFF, 0xB1,
    0x00, 0x03, 0x01, 0x00, 0x03, 0xD9, 0xFF, 0xFD, 0xFB, 0xFF, 0x7D, 0x00, 0x04, 0x00, 0x00, 0x00,
    0x00, 0x00, 0x00, 0x04, 0x00, 0x5C, 0xFF, 0xFB, 0xFE, 0xFF, 0xF5, 0x1A, 0x00, 0x01, 0x04, 0x00,
    0x76, 0xFF, 0xFB, 0xFF, 0xFD, 0xFD, 0x34, 0x01, 0x03, 0x00, 0x03, 0x00, 0x5C, 0xEF, 0xFD, 0xFE,
    0xFE, 0xFD, 0xF0, 0x65, 0x00, 0x02, 0x00, 0x03, 0x01, 0x36, 0xFE, 0xFD, 0xFF, 0xFB, 0xFF, 0x77,
    0x00, 0x04, 0x01, 0x00, 0x1A, 0xF5, 0xFF, 0xFE, 0xFB, 0xFF, 0x5B, 0x00, 0x04, 0x00, 0x00, 0x00,
    0x00, 0x00, 0x00, 0x02, 0x00, 0x34, 0xFF, 0xFE, 0xFF, 0xFD, 0xFF, 0x47, 0x00, 0x03, 0x02, 0x00,
    0x2B, 0xFD, 0xFE, 0xFF, 0xFC, 0xFF, 0xB0, 0x00, 0x03, 0x00, 0x00, 0x05, 0x00, 0xA8, 0xFF, 0xFB,
    0xFB, 0xFF, 0xA9, 0x00, 0x04, 0x00, 0x00, 0x03, 0x00, 0xB0, 0xFF, 0xFC, 0xFF, 0xFE, 0xFD, 0x2D,
    0x00, 0x02, 0x03, 0x00, 0x46, 0xFF, 0xFD, 0xFF, 0xFE, 0xFF, 0x34, 0x00, 0x02, 0x00, 0x00, 0x00,
    0x00, 0x00, 0x00, 0x01, 0x00, 0x0D, 0xEA, 0xFF, 0xFE, 0xFB, 0xFF, 0x8A, 0x00, 0x04, 0x00, 0x02,
    0x00, 0xC0, 0xFE, 0xFC, 0xFF, 0xFD, 0xFF, 0x49, 0x00, 0x03, 0x00, 0x03, 0x03, 0xA9, 0xFF, 0xFB,
    0xFB, 0xFF, 0xA9, 0x03, 0x03, 0x00, 0x03, 0x00, 0x49, 0xFF, 0xFD, 0xFF, 0xFC, 0xFE, 0xC5, 0x00,
    0x02, 0x00, 0x04, 0x00, 0x89, 0xFF, 0xFB, 0xFE, 0xFF, 0xEA, 0x0D, 0x00, 0x01, 0x00, 0x00, 0x00,
    0x00, 0x00, 0x00, 0x00, 0x02, 0x00, 0xB5, 0xFE, 0xFC, 0xFD, 0xFF, 0xD8, 0x04, 0x01, 0x00, 0x04,
    0x00, 0x4C, 0xFF, 0xFC, 0xFF, 0xFB, 0xFF, 0xB9, 0x00, 0x03, 0x00, 0x03, 0x00, 0xA9, 0xFF, 0xFB,
    0xFB, 0xFF, 0xA9, 0x00, 0x03, 0x00, 0x03, 0x00, 0xB9, 0xFF, 0xFB, 0xFF, 0xFC, 0xFF, 0x51, 0x00,
    0x04, 0x00, 0x01, 0x03, 0xD6, 0xFF, 0xFD, 0xFC, 0xFE, 0xB5, 0x00, 0x02, 0x00, 0x00, 0x00, 0x00,
    0x00, 0x00, 0x00, 0x00, 0x04, 0x00, 0x6A, 0xFF, 0xFB, 0xFF, 0xFD, 0xFF, 0x43, 0x01, 0x03, 0x00,
    0x02, 0x00, 0xC1, 0xFF, 0xFB, 0xFC, 0xFC, 0xD1, 0x00, 0x01, 0x00, 0x03, 0x00, 0xA9, 0xFF, 0xFB,
    0xFB, 0xFF, 0xA9, 0x00, 0x03, 0x00, 0x01, 0x00, 0xD1, 0xFC, 0xFC, 0xFB, 0xFF, 0xC5, 0x01, 0x02,
    0x00, 0x03, 0x01, 0x3F, 0xFF, 0xFD, 0xFF, 0xFB, 0xFF, 0x6A, 0x00, 0x04, 0x00, 0x00, 0x00, 0x00,
    0x00, 0x00, 0x00, 0x00, 0x01, 0x00, 0x1C, 0xF6, 0xFE, 0xFE, 0xFC, 0xFF, 0xB4, 0x00, 0x03, 0x00,
    0x02, 0x00, 0x2C, 0xFB, 0xFF, 0xFE, 0xFF, 0x8F, 0x00, 0x04, 0x00, 0x03, 0x00, 0xA9, 0xFF, 0xFB,
    0xFB, 0xFF, 0xA9, 0x00, 0x03, 0x00, 0x04, 0x00, 0x97, 0xFF, 0xFD, 0xFF, 0xFB, 0x2E, 0x00, 0x02,
    0x00, 0x03, 0x00, 0xAE, 0xFF, 0xFB, 0xFE, 0xFE, 0xF6, 0x1C, 0x00, 0x01, 0x00, 0x00, 0x00, 0x00,
    0x00, 0x00, 0x00, 0x00, 0x00, 0x03, 0x00, 0xAB, 0xFF, 0xFB, 0xFF, 0xFD, 0xFE, 0x3A, 0x00, 0x03,
    0x00, 0x03, 0x00, 0x5E, 0xE9, 0xF1, 0xA3, 0x0C, 0x01, 0x01, 0x00, 0x03, 0x00, 0xA9, 0xFF, 0xFB,
    0xFB, 0xFF, 0xA9, 0x00, 0x03, 0x00, 0x01, 0x01, 0x12, 0xB1, 0xF3, 0xE4, 0x5B, 0x00, 0x02, 0x00,
    0x03, 0x00, 0x30, 0xFC, 0xFD, 0xFF, 0xFB, 0xFF, 0xAB, 0x00, 0x03, 0x00, 0x00, 0x00, 0x00, 0x00,
    0x00, 0x00, 0x00, 0x00, 0x00, 0x03, 0x00, 0x3C, 0xFF, 0xFD, 0xFF, 0xFC, 0xFF, 0xC8, 0x01, 0x04,
    0x01, 0x00, 0x02, 0x00, 0x11, 0x17, 0x00, 0x00, 0x00, 0x00, 0x00, 0x03, 0x00, 0xA9, 0xFF, 0xFB,
    0xFB, 0xFF, 0xA9, 0x00, 0x03, 0x00, 0x00, 0x00, 0x00, 0x00, 0x1A, 0x0D, 0x00, 0x02, 0x00, 0x00,
    0x04, 0x00, 0xBC, 0xFF, 0xFC, 0xFF, 0xFD, 0xFF, 0x3C, 0x00, 0x03, 0x00, 0x00, 0x00, 0x00, 0x00,
    0x00, 0x00, 0x00, 0x00, 0x00, 0x00, 0x02, 0x00, 0xBD, 0xFF, 0xFC, 0xFF, 0xFC, 0xFF, 0x77, 0x00,
    0x04, 0x00, 0x00, 0x02, 0x00, 0x00, 0x02, 0x01, 0x00, 0x00, 0x00, 0x03, 0x00, 0xA9, 0xFF, 0xFB,
    0xFB, 0xFF, 0xA9, 0x00, 0x03, 0x00, 0x00, 0x00, 0x01, 0x01, 0x00, 0x00, 0x02, 0x00, 0x00, 0x03,
    0x00, 0x62, 0xFF, 0xFC, 0xFF, 0xFC, 0xFF, 0xBD, 0x00, 0x02, 0x00, 0x00, 0x00, 0x00, 0x00, 0x00,
    0x00, 0x00, 0x00, 0x00, 0x00, 0x00, 0x03, 0x00, 0x37, 0xFE, 0xFC, 0xFF, 0xFE, 0xFC, 0xFB, 0x3D,
    0x00, 0x03, 0x00, 0x00, 0x01, 0x01, 0x00, 0x00, 0x00, 0x00, 0x00, 0x03, 0x00, 0xA9, 0xFF, 0xFB,
    0xFB, 0xFF, 0xA9, 0x00, 0x03, 0x00, 0x00, 0x00, 0x00, 0x00, 0x01, 0x01, 0x00, 0x00, 0x02, 0x00,
    0x29, 0xF3, 0xFD, 0xFE, 0xFF, 0xFC, 0xFE, 0x36, 0x00, 0x03, 0x00, 0x00, 0x00, 0x00, 0x00, 0x00,
    0x00, 0x00, 0x00, 0x00, 0x00, 0x00, 0x00, 0x03, 0x00, 0x9B, 0xFF, 0xFB, 0xFF, 0xFD, 0xFF, 0xE0,
    0x0D, 0x01, 0x01, 0x00, 0x00, 0x00, 0x00, 0x00, 0x00, 0x00, 0x00, 0x03, 0x00, 0xA9, 0xFF, 0xFB,
    0xFB, 0xFF, 0xA9, 0x00, 0x03, 0x00, 0x00, 0x00, 0x00, 0x00, 0x00, 0x00, 0x00, 0x00, 0x02, 0x04,
    0xCA, 0xFF, 0xFC, 0xFF, 0xFB, 0xFF, 0x9B, 0x00, 0x03, 0x00, 0x00, 0x00, 0x00, 0x00, 0x00, 0x00,
    0x00, 0x00, 0x00, 0x00, 0x00, 0x00, 0x00, 0x01, 0x02, 0x10, 0xE2, 0xFF, 0xFD, 0xFF, 0xFC, 0xFF,
    0x46, 0x00, 0x03, 0x00, 0x00, 0x00, 0x00, 0x00, 0x00, 0x00, 0x00, 0x03, 0x00, 0xA9, 0xFF, 0xFB,
    0xFB, 0xFF, 0xA9, 0x00, 0x03, 0x00, 0x00, 0x00, 0x00, 0x00, 0x00, 0x00, 0x00, 0x02, 0x00, 0x2F,
    0xFF, 0xFD, 0xFF, 0xFD, 0xFF, 0xE2, 0x10, 0x02, 0x01, 0x00, 0x00, 0x00, 0x00, 0x00, 0x00, 0x00,
    0x00, 0x00, 0x00, 0x00, 0x00, 0x00, 0x00, 0x00, 0x03, 0x00, 0x40, 0xFF, 0xFB, 0xFA, 0xFA, 0xFF,
    0x3F, 0x00, 0x03, 0x00, 0x00, 0x00, 0x00, 0x00, 0x00, 0x00, 0x00, 0x03, 0x00, 0xA9, 0xFF, 0xFB,
    0xFB, 0xFF, 0xA9, 0x00, 0x03, 0x00, 0x00, 0x00, 0x00, 0x00, 0x00, 0x00, 0x00, 0x02, 0x00, 0x2C,
    0xFF, 0xFB, 0xFA, 0xFB, 0xFF, 0x40, 0x00, 0x03, 0x00, 0x00, 0x00, 0x00, 0x00, 0x00, 0x00, 0x00,
    0x00, 0x00, 0x00, 0x00, 0x00, 0x00, 0x00, 0x00, 0x00, 0x04, 0x00, 0x6F, 0xFF, 0xFF, 0xFF, 0xB5,
    0x05, 0x02, 0x00, 0x00, 0x00, 0x00, 0x00, 0x00, 0x00, 0x00, 0x00, 0x03, 0x00, 0xA9, 0xFF, 0xFB,
    0xFB, 0xFF, 0xA9, 0x00, 0x03, 0x00, 0x00, 0x00, 0x00, 0x00, 0x00, 0x00, 0x00, 0x00, 0x02, 0x02,
    0xB0, 0xFF, 0xFF, 0xFF, 0x6F, 0x00, 0x04, 0x00, 0x00, 0x00, 0x00, 0x00, 0x00, 0x00, 0x00, 0x00,
    0x00, 0x00, 0x00, 0x00, 0x00, 0x00, 0x00, 0x00, 0x00, 0x00, 0x03, 0x00, 0x4D, 0x8D, 0x68, 0x06,
    0x00, 0x01, 0x00, 0x00, 0x00, 0x00, 0x00, 0x00, 0x00, 0x00, 0x00, 0x03, 0x00, 0xA9, 0xFF, 0xFB,
    0xFB, 0xFF, 0xA9, 0x00, 0x03, 0x00, 0x00, 0x00, 0x00, 0x00, 0x00, 0x00, 0x00, 0x00, 0x01, 0x00,
    0x08, 0x71, 0x96, 0x50, 0x00, 0x03, 0x00, 0x00, 0x00, 0x00, 0x00, 0x00, 0x00, 0x00, 0x00, 0x00,
    0x00, 0x00, 0x00, 0x00, 0x00, 0x00, 0x00, 0x00, 0x00, 0x00, 0x00, 0x01, 0x00, 0x00, 0x00, 0x00,
    0x00, 0x00, 0x00, 0x00, 0x00, 0x00, 0x00, 0x00, 0x00, 0x00, 0x00, 0x03, 0x00, 0xA9, 0xFF, 0xFB,
    0xFB, 0xFF, 0xA9, 0x00, 0x03, 0x00, 0x00, 0x00, 0x00, 0x00, 0x00, 0x00, 0x00, 0x00, 0x00, 0x00,
    0x00, 0x00, 0x00, 0x00, 0x01, 0x00, 0x00, 0x00, 0x00, 0x00, 0x00, 0x00, 0x00, 0x00, 0x00, 0x00,
    0x00, 0x00, 0x00, 0x00, 0x00, 0x00, 0x00, 0x00, 0x00, 0x00, 0x00, 0x00, 0x03, 0x04, 0x04, 0x01,
    0x00, 0x00, 0x00, 0x00, 0x00, 0x00, 0x00, 0x00, 0x00, 0x00, 0x00, 0x03, 0x00, 0xA9, 0xFF, 0xFB,
    0xFB, 0xFF, 0xA9, 0x00, 0x03, 0x00, 0x00, 0x00, 0x00, 0x00, 0x00, 0x00, 0x00, 0x00, 0x00, 0x00,
    0x01, 0x04, 0x04, 0x03, 0x00, 0x00, 0x00, 0x00, 0x00, 0x00, 0x00, 0x00, 0x00, 0x00, 0x00, 0x00,
    0x00, 0x00, 0x00, 0x00, 0x00, 0x00, 0x00, 0x00, 0x00, 0x00, 0x00, 0x00, 0x00, 0x00, 0x00, 0x00,
    0x00, 0x00, 0x00, 0x00, 0x00, 0x00, 0x00, 0x00, 0x00, 0x00, 0x00, 0x03, 0x00, 0xA9, 0xFF, 0xFB,
    0xFB, 0xFF, 0xA9, 0x00, 0x03, 0x00, 0x00, 0x00, 0x00, 0x00, 0x00, 0x00, 0x00, 0x00, 0x00, 0x00,
    0x00, 0x00, 0x00, 0x00, 0x00, 0x00, 0x00, 0x00, 0x00, 0x00, 0x00, 0x00, 0x00, 0x00, 0x00, 0x00,
    0x00, 0x00, 0x00, 0x00, 0x00, 0x00, 0x00, 0x00, 0x00, 0x00, 0x00, 0x00, 0x00, 0x00, 0x00, 0x00,
    0x00, 0x00, 0x00, 0x00, 0x00, 0x00, 0x00, 0x00, 0x00, 0x00, 0x00, 0x03, 0x00, 0xA9, 0xFF, 0xFB,
    0xFB, 0xFF, 0xA9, 0x00, 0x03, 0x00, 0x00, 0x00, 0x00, 0x00, 0x00, 0x00, 0x00, 0x00, 0x00, 0x00,
    0x00, 0x00, 0x00, 0x00, 0x00, 0x00, 0x00, 0x00, 0x00, 0x00, 0x00, 0x00, 0x00, 0x00, 0x00, 0x00,
    0x00, 0x00, 0x00, 0x00, 0x00, 0x00, 0x00, 0x00, 0x00, 0x00, 0x00, 0x00, 0x00, 0x00, 0x00, 0x00,
    0x00, 0x00, 0x00, 0x00, 0x00, 0x00, 0x00, 0x00, 0x00, 0x00, 0x00, 0x03, 0x00, 0xA9, 0xFF, 0xFB,
    0xFB, 0xFF, 0xA9, 0x00, 0x03, 0x00, 0x00, 0x00, 0x00, 0x00, 0x00, 0x00, 0x00, 0x00, 0x00, 0x00,
    0x00, 0x00, 0x00, 0x00, 0x00, 0x00, 0x00, 0x00, 0x00, 0x00, 0x00, 0x00, 0x00, 0x00, 0x00, 0x00,
    0x00, 0x00, 0x00, 0x00, 0x00, 0x00, 0x00, 0x00, 0x00, 0x00, 0x00, 0x00, 0x00, 0x00, 0x00, 0x00,
    0x00, 0x00, 0x00, 0x00, 0x00, 0x00, 0x00, 0x00, 0x00, 0x00, 0x00, 0x03, 0x00, 0xAA, 0xFC, 0xFA,
    0xFA, 0xFC, 0xAA, 0x00, 0x03, 0x00, 0x00, 0x00, 0x00, 0x00, 0x00, 0x00, 0x00, 0x00, 0x00, 0x00,
    0x00, 0x00, 0x00, 0x00, 0x00, 0x00, 0x00, 0x00, 0x00, 0x00, 0x00, 0x00, 0x00, 0x00, 0x00, 0x00,
    0x00, 0x00, 0x00, 0x00, 0x00, 0x00, 0x00, 0x00, 0x00, 0x00, 0x00, 0x00, 0x00, 0x00, 0x00, 0x00,
    0x00, 0x00, 0x00, 0x00, 0x00, 0x00, 0x00, 0x00, 0x00, 0x00, 0x00, 0x04, 0x00, 0x69, 0xFF, 0xFF,
    0xFF, 0xFF, 0x69, 0x00, 0x04, 0x00, 0x00, 0x00, 0x00, 0x00, 0x00, 0x00, 0x00, 0x00, 0x00, 0x00,
    0x00, 0x00, 0x00, 0x00, 0x00, 0x00, 0x00, 0x00, 0x00, 0x00, 0x00, 0x00, 0x00, 0x00, 0x00, 0x00,
    0x00, 0x00, 0x00, 0x00, 0x00, 0x00, 0x00, 0x00, 0x00, 0x00, 0x00, 0x00, 0x00, 0x00, 0x00, 0x00,
    0x00, 0x00, 0x00, 0x00, 0x00, 0x00, 0x00, 0x00, 0x00, 0x00, 0x00, 0x00, 0x02, 0x04, 0x90, 0xEB,
    0xEB, 0x8F, 0x04, 0x02, 0x00, 0x00, 0x00, 0x00, 0x00, 0x00, 0x00, 0x00, 0x00, 0x00, 0x00, 0x00,
    0x00, 0x00, 0x00, 0x00, 0x00, 0x00, 0x00, 0x00, 0x00, 0x00, 0x00, 0x00, 0x00, 0x00, 0x00, 0x00,
    0x00, 0x00, 0x00, 0x00, 0x00, 0x00, 0x00, 0x00, 0x00, 0x00, 0x00, 0x00, 0x00, 0x00, 0x00, 0x00,
    0x00, 0x00, 0x00, 0x00, 0x00, 0x00, 0x00, 0x00, 0x00, 0x00, 0x00, 0x00, 0x00, 0x00, 0x00, 0x10,
    0x10, 0x00, 0x00, 0x00, 0x00, 0x00, 0x00, 0x00, 0x00, 0x00, 0x00, 0x00, 0x00, 0x00, 0x00, 0x00,
    0x00, 0x00, 0x00, 0x00, 0x00, 0x00, 0x00, 0x00, 0x00, 0x00, 0x00, 0x00, 0x00, 0x00, 0x00, 0x00,
    0x00, 0x00, 0x00, 0x00, 0x00, 0x00, 0x00, 0x00, 0x00, 0x00, 0x00, 0x00, 0x00, 0x00, 0x00, 0x00,
    0x00, 0x00, 0x00, 0x00, 0x00, 0x00, 0x00, 0x00, 0x00, 0x00, 0x00, 0x00, 0x00, 0x00, 0x03, 0x00,
    0x00, 0x03, 0x00, 0x00, 0x00, 0x00, 0x00, 0x00, 0x00, 0x00, 0x00, 0x00, 0x00, 0x00, 0x00, 0x00,
    0x00, 0x00, 0x00, 0x00, 0x00, 0x00, 0x00, 0x00, 0x00, 0x00, 0x00, 0x00, 0x00, 0x00, 0x00, 0x00,
    0x00, 0x00, 0x00, 0x00, 0x00, 0x00, 0x00, 0x00, 0x00, 0x00, 0x00, 0x00, 0x00, 0x00, 0x00, 0x00,
    0x00, 0x00, 0x00, 0x00, 0x00, 0x00, 0x00, 0x00, 0x00, 0x00, 0x00, 0x00, 0x00, 0x00, 0x00, 0x01,
    0x01, 0x00, 0x00, 0x00, 0x00, 0x00, 0x00, 0x00, 0x00, 0x00, 0x00, 0x00, 0x00, 0x00, 0x00, 0x00,
    0x00, 0x00, 0x00, 0x00, 0x00, 0x00, 0x00, 0x00, 0x00, 0x00, 0x00, 0x00, 0x00, 0x00, 0x00, 0x00,
    0x00, 0x00, 0x00, 0x00, 0x00, 0x00, 0x00, 0x00, 0x00, 0x00, 0x00, 0x00, 0x00, 0x00, 0x00, 0x00,
    0x00, 0x00, 0x00, 0x00, 0x00, 0x00, 0x00, 0x00, 0x00, 0x00, 0x00, 0x00, 0x00, 0x00, 0x00, 0x00,
    0x00, 0x00, 0x00, 0x00, 0x00, 0x00, 0x00, 0x00, 0x00, 0x00, 0x00, 0x00, 0x00, 0x00, 0x00, 0x00,
    0x00, 0x00, 0x00, 0x00, 0x00, 0x00, 0x00, 0x00, 0x00, 0x00, 0x00, 0x00, 0x00, 0x00, 0x00, 0x00,
    0x00, 0x00, 0x00, 0x00, 0x00, 0x00, 0x00, 0x00, 0x00, 0x00, 0x00, 0x00, 0x00, 0x00, 0x00, 0x00,
    0x00, 0x00, 0x00, 0x00, 0x00, 0x00, 0x00, 0x00, 0x00, 0x00, 0x00, 0x00, 0x00, 0x00, 0x00, 0x00,
    0x00, 0x00, 0x00, 0x00, 0x00, 0x00, 0x00, 0x00, 0x00, 0x00, 0x00, 0x00, 0x00, 0x00, 0x00, 0x00,
    0x00, 0x00, 0x00, 0x00, 0x00, 0x00, 0x00, 0x00, 0x00, 0x00, 0x00, 0x00, 0x00, 0x00, 0x00, 0x00,
    0x00, 0x00, 0x00, 0x00, 0x00, 0x00, 0x00, 0x00, 0x00, 0x00, 0x00, 0x00, 0x00, 0x00, 0x00, 0x00,
    0x00, 0x00, 0x00, 0x00, 0x00, 0x00, 0x00, 0x00, 0x00, 0x00, 0x00, 0x00, 0x00, 0x00, 0x00, 0x00,
    0x00, 0x00, 0x00, 0x00, 0x00, 0x00, 0x00, 0x00, 0x00, 0x00, 0x00, 0x00, 0x00, 0x00, 0x00, 0x00,
    0x00, 0x00, 0x00, 0x00, 0x00, 0x00, 0x00, 0x00, 0x00, 0x00, 0x00, 0x00, 0x00, 0x00, 0x00, 0x00,
    0x00, 0x00, 0x00, 0x00, 0x00, 0x00, 0x00, 0x00, 0x00, 0x00, 0x00, 0x00, 0x00, 0x00, 0x00, 0x00,
    0x00, 0x00, 0x00, 0x00, 0x00, 0x00, 0x00, 0x00, 0x00, 0x00, 0x00, 0x00, 0x00, 0x00, 0x00, 0x00,
    0x00, 0x00, 0x00, 0x00, 0x00, 0x00, 0x00, 0x00, 0x00, 0x00, 0x00, 0x00, 0x00, 0x00, 0x00, 0x00,
    0x00, 0x00, 0x00, 0x00, 0x00, 0x00, 0x00, 0x00, 0x00, 0x00, 0x00, 0x00, 0x00, 0x00, 0x00, 0x00,
    0x00, 0x00, 0x00, 0x00, 0x00, 0x00, 0x00, 0x00, 0x00, 0x00, 0x00, 0x00, 0x00, 0x00, 0x00, 0x00,
    0x00, 0x00, 0x00, 0x00, 0x00, 0x00, 0x00, 0x00, 0x00, 0x00, 0x00, 0x00, 0x00, 0x00, 0x00, 0x00,
    0x00, 0x00, 0x00, 0x00, 0x00, 0x00, 0x00, 0x00, 0x00, 0x00, 0x00, 0x00, 0x00, 0x00, 0x00, 0x00,
    0x00, 0x00, 0x00, 0x00, 0x00, 0x00, 0x00, 0x00, 0x00, 0x00, 0x00, 0x00, 0x00, 0x00, 0x00, 0x00,
};
const lv_image_dsc_t ui_feed_icon_podcasts_64 = {
    .header = {.magic = LV_IMAGE_HEADER_MAGIC, .cf = LV_COLOR_FORMAT_A8,
               .w = 64, .h = 64, .stride = 64},
    .data_size = sizeof(s_podcasts_64),
    .data = s_podcasts_64,
};

static const uint8_t s_usb_stick_24[] = {
    0x00, 0x00, 0x00, 0x00, 0x00, 0x00, 0x00, 0x00, 0x01, 0x00, 0x00, 0x00, 0x00, 0x00, 0x00, 0x01,
    0x00, 0x00, 0x00, 0x00, 0x00, 0x00, 0x00, 0x00, 0x00, 0x00, 0x00, 0x00, 0x00, 0x00, 0x00, 0x00,
    0x00, 0x00, 0x00, 0x00, 0x00, 0x00, 0x00, 0x00, 0x00, 0x00, 0x00, 0x00, 0x00, 0x00, 0x00, 0x00,
    0x00, 0x00, 0x00, 0x00, 0x00, 0x00, 0x02, 0x00, 0x2F, 0xD0, 0xE0, 0xDD, 0xDD, 0xE0, 0xD0, 0x2F,
    0x00, 0x02, 0x00, 0x00, 0x00, 0x00, 0x00, 0x00, 0x00, 0x00, 0x00, 0x00, 0x00, 0x00, 0x04, 0x00,
    0x67, 0xFF, 0xDE, 0xF3, 0xF3, 0xDE, 0xFF, 0x67, 0x00, 0x04, 0x00, 0x00, 0x00, 0x00, 0x00, 0x00,
    0x00, 0x00, 0x00, 0x00, 0x00, 0x00, 0x04, 0x00, 0x68, 0xEB, 0x00, 0x6F, 0x6F, 0x00, 0xEB, 0x68,
    0x00, 0x04, 0x00, 0x00, 0x00, 0x00, 0x00, 0x00, 0x00, 0x00, 0x00, 0x00, 0x00, 0x00, 0x04, 0x00,
    0x69, 0xED, 0x00, 0x71, 0x71, 0x00, 0xED, 0x69, 0x01, 0x04, 0x00, 0x00, 0x00, 0x00, 0x00, 0x00,
    0x00, 0x00, 0x00, 0x00, 0x00, 0x00, 0x04, 0x00, 0x61, 0xFC, 0xD5, 0xE9, 0xE9, 0xD5, 0xFC, 0x61,
    0x00, 0x04, 0x00, 0x00, 0x00, 0x00, 0x00, 0x00, 0x00, 0x00, 0x00, 0x00, 0x00, 0x00, 0x04, 0x00,
    0x60, 0xFF, 0xFF, 0xFF, 0xFF, 0xFF, 0xFF, 0x60, 0x00, 0x04, 0x00, 0x00, 0x00, 0x00, 0x00, 0x00,
    0x00, 0x00, 0x00, 0x00, 0x01, 0x00, 0x0F, 0xC9, 0xE7, 0xFF, 0xFD, 0xFE, 0xFE, 0xFD, 0xFF, 0xE7,
    0xD8, 0x22, 0x00, 0x02, 0x00, 0x00, 0x00, 0x00, 0x00, 0x00, 0x00, 0x00, 0x01, 0x00, 0x11, 0xF6,
    0xFF, 0xFE, 0xFF, 0xFF, 0xFF, 0xFF, 0xFE, 0xFF, 0xFF, 0x28, 0x00, 0x02, 0x00, 0x00, 0x00, 0x00,
    0x00, 0x00, 0x00, 0x00, 0x01, 0x00, 0x10, 0xEF, 0xF3, 0x34, 0x27, 0x28, 0x28, 0x27, 0x27, 0xDD,
    0xFD, 0x25, 0x00, 0x02, 0x00, 0x00, 0x00, 0x00, 0x00, 0x00, 0x00, 0x00, 0x01, 0x00, 0x10, 0xF2,
    0xF1, 0x07, 0x00, 0x00, 0x00, 0x00, 0x00, 0xD4, 0xFF, 0x25, 0x00, 0x02, 0x00, 0x00, 0x00, 0x00,
    0x00, 0x00, 0x00, 0x00, 0x01, 0x00, 0x11, 0xEF, 0xFC, 0xD7, 0xD8, 0xD8, 0xD7, 0xD8, 0xD1, 0xF3,
    0xFF, 0x26, 0x00, 0x02, 0x00, 0x00, 0x00, 0x00, 0x00, 0x00, 0x00, 0x00, 0x01, 0x00, 0x11, 0xEE,
    0xFF, 0xFF, 0xFF, 0xFF, 0xFF, 0xFF, 0xFF, 0xFF, 0xFF, 0x27, 0x00, 0x02, 0x00, 0x00, 0x00, 0x00,
    0x00, 0x00, 0x00, 0x00, 0x01, 0x00, 0x10, 0xF1, 0xF4, 0x49, 0x40, 0x40, 0x40, 0x40, 0x3B, 0xDE,
    0xFF, 0x25, 0x00, 0x02, 0x00, 0x00, 0x00, 0x00, 0x00, 0x00, 0x00, 0x00, 0x01, 0x00, 0x10, 0xF2,
    0xF2, 0x04, 0x00, 0x00, 0x00, 0x00, 0x00, 0xD7, 0xFF, 0x25, 0x00, 0x02, 0x00, 0x00, 0x00, 0x00,
    0x00, 0x00, 0x00, 0x00, 0x01, 0x00, 0x10, 0xF2, 0xF2, 0x13, 0x03, 0x04, 0x04, 0x03, 0x03, 0xD8,
    0xFF, 0x25, 0x00, 0x02, 0x00, 0x00, 0x00, 0x00, 0x00, 0x00, 0x00, 0x00, 0x01, 0x00, 0x10, 0xF2,
    0xF2, 0x14, 0x04, 0x05, 0x05, 0x04, 0x04, 0xD9, 0xFF, 0x25, 0x00, 0x02, 0x00, 0x00, 0x00, 0x00,
    0x00, 0x00, 0x00, 0x00, 0x01, 0x00, 0x11, 0xF2, 0xF1, 0x00, 0x00, 0x00, 0x00, 0x00, 0x00, 0xD5,
    0xFE, 0x26, 0x00, 0x02, 0x00, 0x00, 0x00, 0x00, 0x00, 0x00, 0x00, 0x00, 0x01, 0x00, 0x0C, 0xF2,
    0xF7, 0x85, 0x7B, 0x7C, 0x7C, 0x7B, 0x7D, 0xEB, 0xFF, 0x20, 0x00, 0x02, 0x00, 0x00, 0x00, 0x00,
    0x00, 0x00, 0x00, 0x00, 0x00, 0x03, 0x00, 0x8D, 0xFF, 0xFF, 0xFF, 0xFF, 0xFF, 0xFF, 0xFF, 0xFF,
    0xAB, 0x02, 0x02, 0x00, 0x00, 0x00, 0x00, 0x00, 0x00, 0x00, 0x00, 0x00, 0x00, 0x01, 0x01, 0x00,
    0x57, 0x7C, 0x7B, 0x7C, 0x7C, 0x7B, 0x7B, 0x62, 0x06, 0x00, 0x01, 0x00, 0x00, 0x00, 0x00, 0x00,
    0x00, 0x00, 0x00, 0x00, 0x00, 0x00, 0x00, 0x00, 0x00, 0x00, 0x00, 0x00, 0x00, 0x00, 0x00, 0x00,
    0x00, 0x00, 0x00, 0x00, 0x00, 0x00, 0x00, 0x00, 0x00, 0x00, 0x00, 0x00, 0x00, 0x00, 0x00, 0x00,
    0x04, 0x05, 0x05, 0x05, 0x05, 0x05, 0x05, 0x04, 0x01, 0x00, 0x00, 0x00, 0x00, 0x00, 0x00, 0x00,
};
const lv_image_dsc_t ui_feed_icon_usb_stick_24 = {
    .header = {.magic = LV_IMAGE_HEADER_MAGIC, .cf = LV_COLOR_FORMAT_A8,
               .w = 24, .h = 24, .stride = 24},
    .data_size = sizeof(s_usb_stick_24),
    .data = s_usb_stick_24,
};

static const uint8_t s_usb_stick_32[] = {
    0x00, 0x00, 0x00, 0x00, 0x00, 0x00, 0x00, 0x00, 0x00, 0x00, 0x00, 0x00, 0x02, 0x02, 0x02, 0x02,
    0x02, 0x02, 0x02, 0x02, 0x00, 0x00, 0x00, 0x00, 0x00, 0x00, 0x00, 0x00, 0x00, 0x00, 0x00, 0x00,
    0x00, 0x00, 0x00, 0x00, 0x00, 0x00, 0x00, 0x00, 0x00, 0x00, 0x00, 0x01, 0x00, 0x00, 0x00, 0x00,
    0x00, 0x00, 0x00, 0x00, 0x01, 0x00, 0x00, 0x00, 0x00, 0x00, 0x00, 0x00, 0x00, 0x00, 0x00, 0x00,
    0x00, 0x00, 0x00, 0x00, 0x00, 0x00, 0x00, 0x00, 0x00, 0x00, 0x00, 0x00, 0x21, 0x27, 0x27, 0x27,
    0x27, 0x27, 0x27, 0x21, 0x00, 0x00, 0x00, 0x00, 0x00, 0x00, 0x00, 0x00, 0x00, 0x00, 0x00, 0x00,
    0x00, 0x00, 0x00, 0x00, 0x00, 0x00, 0x00, 0x00, 0x00, 0x03, 0x00, 0x55, 0xF9, 0xFA, 0xFC, 0xFE,
    0xFE, 0xFC, 0xFA, 0xF9, 0x55, 0x00, 0x03, 0x00, 0x00, 0x00, 0x00, 0x00, 0x00, 0x00, 0x00, 0x00,
    0x00, 0x00, 0x00, 0x00, 0x00, 0x00, 0x00, 0x00, 0x00, 0x04, 0x00, 0x86, 0xFF, 0xFF, 0xFF, 0xFF,
    0xFF, 0xFF, 0xFF, 0xFF, 0x86, 0x00, 0x04, 0x00, 0x00, 0x00, 0x00, 0x00, 0x00, 0x00, 0x00, 0x00,
    0x00, 0x00, 0x00, 0x00, 0x00, 0x00, 0x00, 0x00, 0x00, 0x04, 0x00, 0x7E, 0xFE, 0x5E, 0x42, 0xAF,
    0xAF, 0x42, 0x5E, 0xFE, 0x7E, 0x00, 0x04, 0x00, 0x00, 0x00, 0x00, 0x00, 0x00, 0x00, 0x00, 0x00,
    0x00, 0x00, 0x00, 0x00, 0x00, 0x00, 0x00, 0x00, 0x00, 0x04, 0x00, 0x80, 0xFF, 0x1B, 0x00, 0x8E,
    0x8E, 0x00, 0x1B, 0xFF, 0x80, 0x00, 0x04, 0x00, 0x00, 0x00, 0x00, 0x00, 0x00, 0x00, 0x00, 0x00,
    0x00, 0x00, 0x00, 0x00, 0x00, 0x00, 0x00, 0x00, 0x00, 0x04, 0x00, 0x80, 0xFF, 0x2A, 0x03, 0x95,
    0x95, 0x03, 0x2A, 0xFF, 0x80, 0x00, 0x04, 0x00, 0x00, 0x00, 0x00, 0x00, 0x00, 0x00, 0x00, 0x00,
    0x00, 0x00, 0x00, 0x00, 0x00, 0x00, 0x00, 0x00, 0x00, 0x05, 0x02, 0x80, 0xFF, 0xDA, 0xD8, 0xEF,
    0xEF, 0xD8, 0xDA, 0xFF, 0x80, 0x02, 0x05, 0x00, 0x00, 0x00, 0x00, 0x00, 0x00, 0x00, 0x00, 0x00,
    0x00, 0x00, 0x00, 0x00, 0x00, 0x00, 0x00, 0x00, 0x00, 0x00, 0x00, 0x7B, 0xFF, 0xFF, 0xFF, 0xFF,
    0xFF, 0xFF, 0xFF, 0xFF, 0x7B, 0x00, 0x00, 0x00, 0x00, 0x00, 0x00, 0x00, 0x00, 0x00, 0x00, 0x00,
    0x00, 0x00, 0x00, 0x00, 0x00, 0x00, 0x00, 0x00, 0x00, 0x20, 0x27, 0x92, 0xFF, 0xFA, 0xFD, 0xFE,
    0xFE, 0xFD, 0xFA, 0xFF, 0x92, 0x27, 0x20, 0x00, 0x00, 0x00, 0x00, 0x00, 0x00, 0x00, 0x00, 0x00,
    0x00, 0x00, 0x00, 0x00, 0x00, 0x00, 0x00, 0x02, 0x00, 0xBD, 0xFF, 0xFB, 0xFB, 0xFB, 0xFB, 0xFB,
    0xFB, 0xFB, 0xFB, 0xFB, 0xFB, 0xFF, 0xBD, 0x00, 0x02, 0x00, 0x00, 0x00, 0x00, 0x00, 0x00, 0x00,
    0x00, 0x00, 0x00, 0x00, 0x00, 0x00, 0x00, 0x02, 0x00, 0xBE, 0xFF, 0xFF, 0xFF, 0xFF, 0xFF, 0xFF,
    0xFF, 0xFF, 0xFF, 0xFF, 0xFF, 0xFF, 0xBE, 0x00, 0x02, 0x00, 0x00, 0x00, 0x00, 0x00, 0x00, 0x00,
    0x00, 0x00, 0x00, 0x00, 0x00, 0x00, 0x00, 0x02, 0x00, 0xBC, 0xFE, 0xE8, 0x80, 0x80, 0x80, 0x80,
    0x80, 0x80, 0x80, 0x80, 0xE8, 0xFE, 0xBC, 0x00, 0x02, 0x00, 0x00, 0x00, 0x00, 0x00, 0x00, 0x00,
    0x00, 0x00, 0x00, 0x00, 0x00, 0x00, 0x00, 0x02, 0x00, 0xBB, 0xFF, 0xD3, 0x00, 0x00, 0x00, 0x00,
    0x00, 0x00, 0x00, 0x00, 0xD3, 0xFF, 0xBB, 0x00, 0x02, 0x00, 0x00, 0x00, 0x00, 0x00, 0x00, 0x00,
    0x00, 0x00, 0x00, 0x00, 0x00, 0x00, 0x00, 0x02, 0x00, 0xBB, 0xFF, 0xD3, 0x00, 0x00, 0x00, 0x00,
    0x00, 0x00, 0x00, 0x00, 0xD3, 0xFF, 0xBB, 0x00, 0x02, 0x00, 0x00, 0x00, 0x00, 0x00, 0x00, 0x00,
    0x00, 0x00, 0x00, 0x00, 0x00, 0x00, 0x00, 0x02, 0x00, 0xBC, 0xFF, 0xE9, 0xB2, 0xBC, 0xBC, 0xBC,
    0xBC, 0xBC, 0xBC, 0xB2, 0xE9, 0xFF, 0xBC, 0x00, 0x02, 0x00, 0x00, 0x00, 0x00, 0x00, 0x00, 0x00,
    0x00, 0x00, 0x00, 0x00, 0x00, 0x00, 0x00, 0x02, 0x00, 0xBD, 0xFF, 0xFF, 0xFF, 0xFF, 0xFF, 0xFF,
    0xFF, 0xFF, 0xFF, 0xFF, 0xFF, 0xFF, 0xBD, 0x00, 0x02, 0x00, 0x00, 0x00, 0x00, 0x00, 0x00, 0x00,
    0x00, 0x00, 0x00, 0x00, 0x00, 0x00, 0x00, 0x02, 0x00, 0xBD, 0xFF, 0xF2, 0xE3, 0xEB, 0xEA, 0xEB,
    0xEB, 0xEA, 0xEB, 0xE3, 0xF2, 0xFF, 0xBD, 0x00, 0x02, 0x00, 0x00, 0x00, 0x00, 0x00, 0x00, 0x00,
    0x00, 0x00, 0x00, 0x00, 0x00, 0x00, 0x00, 0x02, 0x00, 0xBB, 0xFF, 0xD3, 0x0C, 0x11, 0x12, 0x11,
    0x11, 0x12, 0x11, 0x0C, 0xD3, 0xFF, 0xBB, 0x00, 0x02, 0x00, 0x00, 0x00, 0x00, 0x00, 0x00, 0x00,
    0x00, 0x00, 0x00, 0x00, 0x00, 0x00, 0x00, 0x02, 0x00, 0xBB, 0xFF, 0xD5, 0x00, 0x00, 0x00, 0x00,
    0x00, 0x00, 0x00, 0x00, 0xD5, 0xFF, 0xBB, 0x00, 0x02, 0x00, 0x00, 0x00, 0x00, 0x00, 0x00, 0x00,
    0x00, 0x00, 0x00, 0x00, 0x00, 0x00, 0x00, 0x02, 0x00, 0xBB, 0xFF, 0xD5, 0x01, 0x01, 0x02, 0x01,
    0x01, 0x02, 0x01, 0x01, 0xD5, 0xFF, 0xBB, 0x00, 0x02, 0x00, 0x00, 0x00, 0x00, 0x00, 0x00, 0x00,
    0x00, 0x00, 0x00, 0x00, 0x00, 0x00, 0x00, 0x02, 0x00, 0xBB, 0xFF, 0xD5, 0x00, 0x00, 0x01, 0x00,
    0x00, 0x01, 0x00, 0x00, 0xD5, 0xFF, 0xBB, 0x00, 0x02, 0x00, 0x00, 0x00, 0x00, 0x00, 0x00, 0x00,
    0x00, 0x00, 0x00, 0x00, 0x00, 0x00, 0x00, 0x02, 0x00, 0xBB, 0xFF, 0xD5, 0x01, 0x01, 0x02, 0x01,
    0x01, 0x02, 0x01, 0x01, 0xD5, 0xFF, 0xBB, 0x00, 0x02, 0x00, 0x00, 0x00, 0x00, 0x00, 0x00, 0x00,
    0x00, 0x00, 0x00, 0x00, 0x00, 0x00, 0x00, 0x02, 0x00, 0xBA, 0xFF, 0xD4, 0x00, 0x00, 0x00, 0x00,
    0x00, 0x00, 0x00, 0x00, 0xD4, 0xFF, 0xBA, 0x00, 0x02, 0x00, 0x00, 0x00, 0x00, 0x00, 0x00, 0x00,
    0x00, 0x00, 0x00, 0x00, 0x00, 0x00, 0x00, 0x02, 0x00, 0xBE, 0xFE, 0xDA, 0x13, 0x11, 0x12, 0x11,
    0x11, 0x12, 0x11, 0x13, 0xDA, 0xFE, 0xBE, 0x00, 0x02, 0x00, 0x00, 0x00, 0x00, 0x00, 0x00, 0x00,
    0x00, 0x00, 0x00, 0x00, 0x00, 0x00, 0x00, 0x04, 0x00, 0x9D, 0xFF, 0xF6, 0xEB, 0xEA, 0xEA, 0xEA,
    0xEA, 0xEA, 0xEA, 0xEB, 0xF6, 0xFF, 0x9D, 0x00, 0x04, 0x00, 0x00, 0x00, 0x00, 0x00, 0x00, 0x00,
    0x00, 0x00, 0x00, 0x00, 0x00, 0x00, 0x00, 0x02, 0x01, 0x23, 0xE4, 0xFF, 0xFF, 0xFF, 0xFF, 0xFF,
    0xFF, 0xFF, 0xFF, 0xFF, 0xFF, 0xE4, 0x23, 0x01, 0x02, 0x00, 0x00, 0x00, 0x00, 0x00, 0x00, 0x00,
    0x00, 0x00, 0x00, 0x00, 0x00, 0x00, 0x00, 0x00, 0x01, 0x00, 0x1D, 0x83, 0x9D, 0x9D, 0x9E, 0x9E,
    0x9E, 0x9E, 0x9D, 0x9D, 0x83, 0x1D, 0x00, 0x01, 0x00, 0x00, 0x00, 0x00, 0x00, 0x00, 0x00, 0x00,
    0x00, 0x00, 0x00, 0x00, 0x00, 0x00, 0x00, 0x00, 0x00, 0x01, 0x00, 0x00, 0x00, 0x00, 0x00, 0x00,
    0x00, 0x00, 0x00, 0x00, 0x00, 0x00, 0x01, 0x00, 0x00, 0x00, 0x00, 0x00, 0x00, 0x00, 0x00, 0x00,
    0x00, 0x00, 0x00, 0x00, 0x00, 0x00, 0x00, 0x00, 0x00, 0x00, 0x02, 0x04, 0x04, 0x04, 0x04, 0x04,
    0x04, 0x04, 0x04, 0x04, 0x04, 0x02, 0x00, 0x00, 0x00, 0x00, 0x00, 0x00, 0x00, 0x00, 0x00, 0x00,
    0x00, 0x00, 0x00, 0x00, 0x00, 0x00, 0x00, 0x00, 0x00, 0x00, 0x00, 0x00, 0x00, 0x00, 0x00, 0x00,
    0x00, 0x00, 0x00, 0x00, 0x00, 0x00, 0x00, 0x00, 0x00, 0x00, 0x00, 0x00, 0x00, 0x00, 0x00, 0x00,
};
const lv_image_dsc_t ui_feed_icon_usb_stick_32 = {
    .header = {.magic = LV_IMAGE_HEADER_MAGIC, .cf = LV_COLOR_FORMAT_A8,
               .w = 32, .h = 32, .stride = 32},
    .data_size = sizeof(s_usb_stick_32),
    .data = s_usb_stick_32,
};

static const uint8_t s_usb_stick_44[] = {
    0x00, 0x00, 0x00, 0x00, 0x00, 0x00, 0x00, 0x00, 0x00, 0x00, 0x00, 0x00, 0x00, 0x00, 0x00, 0x00,
    0x00, 0x00, 0x00, 0x00, 0x00, 0x00, 0x00, 0x00, 0x00, 0x00, 0x00, 0x00, 0x00, 0x00, 0x00, 0x00,
    0x00, 0x00, 0x00, 0x00, 0x00, 0x00, 0x00, 0x00, 0x00, 0x00, 0x00, 0x00, 0x00, 0x00, 0x00, 0x00,
    0x00, 0x00, 0x00, 0x00, 0x00, 0x00, 0x00, 0x00, 0x00, 0x00, 0x00, 0x00, 0x00, 0x01, 0x01, 0x01,
    0x01, 0x01, 0x01, 0x01, 0x01, 0x01, 0x01, 0x00, 0x00, 0x00, 0x00, 0x00, 0x00, 0x00, 0x00, 0x00,
    0x00, 0x00, 0x00, 0x00, 0x00, 0x00, 0x00, 0x00, 0x00, 0x00, 0x00, 0x00, 0x00, 0x00, 0x00, 0x00,
    0x00, 0x00, 0x00, 0x00, 0x00, 0x00, 0x00, 0x00, 0x02, 0x00, 0x00, 0x00, 0x00, 0x00, 0x00, 0x00,
    0x00, 0x00, 0x00, 0x02, 0x00, 0x00, 0x00, 0x00, 0x00, 0x00, 0x00, 0x00, 0x00, 0x00, 0x00, 0x00,
    0x00, 0x00, 0x00, 0x00, 0x00, 0x00, 0x00, 0x00, 0x00, 0x00, 0x00, 0x00, 0x00, 0x00, 0x00, 0x00,
    0x00, 0x00, 0x00, 0x00, 0x00, 0x10, 0x11, 0x11, 0x11, 0x11, 0x11, 0x11, 0x11, 0x11, 0x10, 0x00,
    0x00, 0x00, 0x00, 0x00, 0x00, 0x00, 0x00, 0x00, 0x00, 0x00, 0x00, 0x00, 0x00, 0x00, 0x00, 0x00,
    0x00, 0x00, 0x00, 0x00, 0x00, 0x00, 0x00, 0x00, 0x00, 0x00, 0x00, 0x00, 0x00, 0x00, 0x02, 0x04,
    0x99, 0xEC, 0xEB, 0xED, 0xED, 0xEE, 0xEE, 0xED, 0xED, 0xEB, 0xEC, 0x99, 0x04, 0x02, 0x00, 0x00,
    0x00, 0x00, 0x00, 0x00, 0x00, 0x00, 0x00, 0x00, 0x00, 0x00, 0x00, 0x00, 0x00, 0x00, 0x00, 0x00,
    0x00, 0x00, 0x00, 0x00, 0x00, 0x00, 0x00, 0x00, 0x00, 0x02, 0x00, 0x24, 0xFF, 0xFF, 0xFF, 0xFF,
    0xFF, 0xFF, 0xFF, 0xFF, 0xFF, 0xFF, 0xFF, 0xFF, 0x24, 0x00, 0x02, 0x00, 0x00, 0x00, 0x00, 0x00,
    0x00, 0x00, 0x00, 0x00, 0x00, 0x00, 0x00, 0x00, 0x00, 0x00, 0x00, 0x00, 0x00, 0x00, 0x00, 0x00,
    0x00, 0x00, 0x00, 0x00, 0x00, 0x02, 0x00, 0x28, 0xFD, 0xFE, 0xFC, 0xFD, 0xFD, 0xFE, 0xFE, 0xFD,
    0xFD, 0xFC, 0xFE, 0xFD, 0x28, 0x00, 0x02, 0x00, 0x00, 0x00, 0x00, 0x00, 0x00, 0x00, 0x00, 0x00,
    0x00, 0x00, 0x00, 0x00, 0x00, 0x00, 0x00, 0x00, 0x00, 0x00, 0x00, 0x00, 0x00, 0x00, 0x00, 0x00,
    0x00, 0x02, 0x00, 0x27, 0xFF, 0xFF, 0x48, 0x27, 0x27, 0xBD, 0xBD, 0x27, 0x27, 0x48, 0xFF, 0xFF,
    0x27, 0x00, 0x02, 0x00, 0x00, 0x00, 0x00, 0x00, 0x00, 0x00, 0x00, 0x00, 0x00, 0x00, 0x00, 0x00,
    0x00, 0x00, 0x00, 0x00, 0x00, 0x00, 0x00, 0x00, 0x00, 0x00, 0x00, 0x00, 0x00, 0x02, 0x00, 0x27,
    0xFF, 0xFF, 0x20, 0x00, 0x00, 0xAE, 0xAE, 0x00, 0x00, 0x20, 0xFF, 0xFF, 0x27, 0x00, 0x02, 0x00,
    0x00, 0x00, 0x00, 0x00, 0x00, 0x00, 0x00, 0x00, 0x00, 0x00, 0x00, 0x00, 0x00, 0x00, 0x00, 0x00,
    0x00, 0x00, 0x00, 0x00, 0x00, 0x00, 0x00, 0x00, 0x00, 0x02, 0x00, 0x27, 0xFF, 0xFF, 0x28, 0x02,
    0x02, 0xB1, 0xB1, 0x02, 0x02, 0x28, 0xFF, 0xFF, 0x27, 0x00, 0x02, 0x00, 0x00, 0x00, 0x00, 0x00,
    0x00, 0x00, 0x00, 0x00, 0x00, 0x00, 0x00, 0x00, 0x00, 0x00, 0x00, 0x00, 0x00, 0x00, 0x00, 0x00,
    0x00, 0x00, 0x00, 0x00, 0x00, 0x02, 0x00, 0x27, 0xFF, 0xFF, 0x27, 0x00, 0x00, 0xB1, 0xB1, 0x00,
    0x00, 0x27, 0xFF, 0xFF, 0x27, 0x00, 0x02, 0x00, 0x00, 0x00, 0x00, 0x00, 0x00, 0x00, 0x00, 0x00,
    0x00, 0x00, 0x00, 0x00, 0x00, 0x00, 0x00, 0x00, 0x00, 0x00, 0x00, 0x00, 0x00, 0x00, 0x00, 0x00,
    0x00, 0x02, 0x00, 0x27, 0xFF, 0xFF, 0xDD, 0xD8, 0xD8, 0xF3, 0xF3, 0xD8, 0xD8, 0xDD, 0xFF, 0xFF,
    0x27, 0x00, 0x02, 0x00, 0x00, 0x00, 0x00, 0x00, 0x00, 0x00, 0x00, 0x00, 0x00, 0x00, 0x00, 0x00,
    0x00, 0x00, 0x00, 0x00, 0x00, 0x00, 0x00, 0x00, 0x00, 0x00, 0x00, 0x00, 0x00, 0x03, 0x01, 0x28,
    0xFF, 0xFF, 0xFF, 0xFF, 0xFF, 0xFF, 0xFF, 0xFF, 0xFF, 0xFF, 0xFF, 0xFF, 0x28, 0x01, 0x03, 0x00,
    0x00, 0x00, 0x00, 0x00, 0x00, 0x00, 0x00, 0x00, 0x00, 0x00, 0x00, 0x00, 0x00, 0x00, 0x00, 0x00,
    0x00, 0x00, 0x00, 0x00, 0x00, 0x00, 0x00, 0x00, 0x00, 0x00, 0x00, 0x23, 0xFF, 0xFF, 0xFC, 0xFD,
    0xFD, 0xFE, 0xFE, 0xFD, 0xFD, 0xFC, 0xFF, 0xFF, 0x23, 0x00, 0x00, 0x00, 0x00, 0x00, 0x00, 0x00,
    0x00, 0x00, 0x00, 0x00, 0x00, 0x00, 0x00, 0x00, 0x00, 0x00, 0x00, 0x00, 0x00, 0x00, 0x00, 0x00,
    0x00, 0x00, 0x00, 0x00, 0x04, 0x13, 0x11, 0x36, 0xFF, 0xFF, 0xFE, 0xFF, 0xFF, 0xFF, 0xFF, 0xFF,
    0xFF, 0xFE, 0xFF, 0xFF, 0x36, 0x11, 0x13, 0x04, 0x00, 0x00, 0x00, 0x00, 0x00, 0x00, 0x00, 0x00,
    0x00, 0x00, 0x00, 0x00, 0x00, 0x00, 0x00, 0x00, 0x00, 0x00, 0x00, 0x00, 0x00, 0x00, 0x03, 0x00,
    0x3E, 0xEE, 0xEC, 0xF0, 0xFF, 0xFF, 0xFF, 0xFF, 0xFF, 0xFF, 0xFF, 0xFF, 0xFF, 0xFF, 0xFF, 0xFF,
    0xF0, 0xEC, 0xEE, 0x3E, 0x00, 0x03, 0x00, 0x00, 0x00, 0x00, 0x00, 0x00, 0x00, 0x00, 0x00, 0x00,
    0x00, 0x00, 0x00, 0x00, 0x00, 0x00, 0x00, 0x00, 0x00, 0x00, 0x03, 0x00, 0x43, 0xFF, 0xFF, 0xFF,
    0xFD, 0xFB, 0xFB, 0xFB, 0xFB, 0xFB, 0xFB, 0xFB, 0xFB, 0xFB, 0xFB, 0xFD, 0xFF, 0xFF, 0xFF, 0x43,
    0x00, 0x03, 0x00, 0x00, 0x00, 0x00, 0x00, 0x00, 0x00, 0x00, 0x00, 0x00, 0x00, 0x00, 0x00, 0x00,
    0x00, 0x00, 0x00, 0x00, 0x00, 0x00, 0x03, 0x00, 0x42, 0xFE, 0xFC, 0xFE, 0xFF, 0xFF, 0xFF, 0xFF,
    0xFF, 0xFF, 0xFF, 0xFF, 0xFF, 0xFF, 0xFF, 0xFF, 0xFE, 0xFC, 0xFE, 0x42, 0x00, 0x03, 0x00, 0x00,
    0x00, 0x00, 0x00, 0x00, 0x00, 0x00, 0x00, 0x00, 0x00, 0x00, 0x00, 0x00, 0x00, 0x00, 0x00, 0x00,
    0x00, 0x00, 0x03, 0x00, 0x42, 0xFF, 0xFB, 0xFF, 0xC3, 0x9F, 0xA1, 0x9F, 0x9F, 0x9F, 0x9F, 0x9F,
    0x9F, 0xA1, 0x9F, 0xC3, 0xFF, 0xFB, 0xFF, 0x42, 0x00, 0x03, 0x00, 0x00, 0x00, 0x00, 0x00, 0x00,
    0x00, 0x00, 0x00, 0x00, 0x00, 0x00, 0x00, 0x00, 0x00, 0x00, 0x00, 0x00, 0x00, 0x00, 0x03, 0x00,
    0x42, 0xFF, 0xF9, 0xFF, 0x55, 0x00, 0x00, 0x00, 0x00, 0x00, 0x00, 0x00, 0x00, 0x00, 0x00, 0x55,
    0xFF, 0xF9, 0xFF, 0x42, 0x00, 0x03, 0x00, 0x00, 0x00, 0x00, 0x00, 0x00, 0x00, 0x00, 0x00, 0x00,
    0x00, 0x00, 0x00, 0x00, 0x00, 0x00, 0x00, 0x00, 0x00, 0x00, 0x03, 0x00, 0x42, 0xFF, 0xF9, 0xFF,
    0x65, 0x06, 0x0A, 0x06, 0x06, 0x06, 0x06, 0x06, 0x06, 0x0A, 0x06, 0x65, 0xFF, 0xF9, 0xFF, 0x42,
    0x00, 0x03, 0x00, 0x00, 0x00, 0x00, 0x00, 0x00, 0x00, 0x00, 0x00, 0x00, 0x00, 0x00, 0x00, 0x00,
    0x00, 0x00, 0x00, 0x00, 0x00, 0x00, 0x03, 0x00, 0x42, 0xFF, 0xF9, 0xFF, 0x55, 0x00, 0x00, 0x00,
    0x00, 0x00, 0x00, 0x00, 0x00, 0x00, 0x00, 0x55, 0xFF, 0xF9, 0xFF, 0x42, 0x00, 0x03, 0x00, 0x00,
    0x00, 0x00, 0x00, 0x00, 0x00, 0x00, 0x00, 0x00, 0x00, 0x00, 0x00, 0x00, 0x00, 0x00, 0x00, 0x00,
    0x00, 0x00, 0x03, 0x00, 0x42, 0xFF, 0xFB, 0xFF, 0xB6, 0xB8, 0xBE, 0xBD, 0xBD, 0xBD, 0xBD, 0xBD,
    0xBD, 0xBE, 0xB8, 0xB6, 0xFF, 0xFB, 0xFF, 0x42, 0x00, 0x03, 0x00, 0x00, 0x00, 0x00, 0x00, 0x00,
    0x00, 0x00, 0x00, 0x00, 0x00, 0x00, 0x00, 0x00, 0x00, 0x00, 0x00, 0x00, 0x00, 0x00, 0x03, 0x00,
    0x42, 0xFF, 0xFD, 0xFF, 0xFF, 0xFF, 0xFF, 0xFF, 0xFF, 0xFF, 0xFF, 0xFF, 0xFF, 0xFF, 0xFF, 0xFF,
    0xFF, 0xFD, 0xFF, 0x42, 0x00, 0x03, 0x00, 0x00, 0x00, 0x00, 0x00, 0x00, 0x00, 0x00, 0x00, 0x00,
    0x00, 0x00, 0x00, 0x00, 0x00, 0x00, 0x00, 0x00, 0x00, 0x00, 0x03, 0x00, 0x42, 0xFF, 0xFD, 0xFF,
    0xFF, 0xFD, 0xFD, 0xFD, 0xFC, 0xFC, 0xFC, 0xFC, 0xFD, 0xFD, 0xFD, 0xFF, 0xFF, 0xFD, 0xFF, 0x42,
    0x00, 0x03, 0x00, 0x00, 0x00, 0x00, 0x00, 0x00, 0x00, 0x00, 0x00, 0x00, 0x00, 0x00, 0x00, 0x00,
    0x00, 0x00, 0x00, 0x00, 0x00, 0x00, 0x03, 0x00, 0x42, 0xFF, 0xFD, 0xFF, 0xEA, 0xFC, 0xFF, 0xFE,
    0xFF, 0xFF, 0xFF, 0xFF, 0xFE, 0xFF, 0xFC, 0xEA, 0xFF, 0xFD, 0xFF, 0x42, 0x00, 0x03, 0x00, 0x00,
    0x00, 0x00, 0x00, 0x00, 0x00, 0x00, 0x00, 0x00, 0x00, 0x00, 0x00, 0x00, 0x00, 0x00, 0x00, 0x00,
    0x00, 0x00, 0x03, 0x00, 0x42, 0xFF, 0xF9, 0xFF, 0x65, 0x24, 0x2B, 0x27, 0x27, 0x27, 0x27, 0x27,
    0x27, 0x2B, 0x24, 0x65, 0xFF, 0xF9, 0xFF, 0x42, 0x00, 0x03, 0x00, 0x00, 0x00, 0x00, 0x00, 0x00,
    0x00, 0x00, 0x00, 0x00, 0x00, 0x00, 0x00, 0x00, 0x00, 0x00, 0x00, 0x00, 0x00, 0x00, 0x03, 0x00,
    0x42, 0xFF, 0xF9, 0xFF, 0x5F, 0x00, 0x00, 0x00, 0x00, 0x00, 0x00, 0x00, 0x00, 0x00, 0x00, 0x5F,
    0xFF, 0xF9, 0xFF, 0x42, 0x00, 0x03, 0x00, 0x00, 0x00, 0x00, 0x00, 0x00, 0x00, 0x00, 0x00, 0x00,
    0x00, 0x00, 0x00, 0x00, 0x00, 0x00, 0x00, 0x00, 0x00, 0x00, 0x03, 0x00, 0x42, 0xFF, 0xF9, 0xFF,
    0x60, 0x02, 0x06, 0x02, 0x02, 0x02, 0x02, 0x02, 0x02, 0x06, 0x02, 0x60, 0xFF, 0xF9, 0xFF, 0x42,
    0x00, 0x03, 0x00, 0x00, 0x00, 0x00, 0x00, 0x00, 0x00, 0x00, 0x00, 0x00, 0x00, 0x00, 0x00, 0x00,
    0x00, 0x00, 0x00, 0x00, 0x00, 0x00, 0x03, 0x00, 0x42, 0xFF, 0xF9, 0xFF, 0x60, 0x00, 0x04, 0x00,
    0x00, 0x00, 0x00, 0x00, 0x00, 0x04, 0x00, 0x60, 0xFF, 0xF9, 0xFF, 0x42, 0x00, 0x03, 0x00, 0x00,
    0x00, 0x00, 0x00, 0x00, 0x00, 0x00, 0x00, 0x00, 0x00, 0x00, 0x00, 0x00, 0x00, 0x00, 0x00, 0x00,
    0x00, 0x00, 0x03, 0x00, 0x42, 0xFF, 0xF9, 0xFF, 0x60, 0x00, 0x04, 0x00, 0x00, 0x00, 0x00, 0x00,
    0x00, 0x04, 0x00, 0x60, 0xFF, 0xF9, 0xFF, 0x42, 0x00, 0x03, 0x00, 0x00, 0x00, 0x00, 0x00, 0x00,
    0x00, 0x00, 0x00, 0x00, 0x00, 0x00, 0x00, 0x00, 0x00, 0x00, 0x00, 0x00, 0x00, 0x00, 0x03, 0x00,
    0x42, 0xFF, 0xF9, 0xFF, 0x60, 0x00, 0x04, 0x00, 0x00, 0x00, 0x00, 0x00, 0x00, 0x04, 0x00, 0x60,
    0xFF, 0xF9, 0xFF, 0x42, 0x00, 0x03, 0x00, 0x00, 0x00, 0x00, 0x00, 0x00, 0x00, 0x00, 0x00, 0x00,
    0x00, 0x00, 0x00, 0x00, 0x00, 0x00, 0x00, 0x00, 0x00, 0x00, 0x03, 0x00, 0x42, 0xFF, 0xF9, 0xFF,
    0x60, 0x00, 0x04, 0x00, 0x00, 0x00, 0x00, 0x00, 0x00, 0x04, 0x00, 0x60, 0xFF, 0xF9, 0xFF, 0x42,
    0x00, 0x03, 0x00, 0x00, 0x00, 0x00, 0x00, 0x00, 0x00, 0x00, 0x00, 0x00, 0x00, 0x00, 0x00, 0x00,
    0x00, 0x00, 0x00, 0x00, 0x00, 0x00, 0x03, 0x00, 0x42, 0xFF, 0xF9, 0xFF, 0x62, 0x04, 0x08, 0x04,
    0x04, 0x04, 0x04, 0x04, 0x04, 0x08, 0x04, 0x62, 0xFF, 0xF9, 0xFF, 0x42, 0x00, 0x03, 0x00, 0x00,
    0x00, 0x00, 0x00, 0x00, 0x00, 0x00, 0x00, 0x00, 0x00, 0x00, 0x00, 0x00, 0x00, 0x00, 0x00, 0x00,
    0x00, 0x00, 0x03, 0x00, 0x42, 0xFE, 0xF9, 0xFF, 0x55, 0x00, 0x00, 0x00, 0x00, 0x00, 0x00, 0x00,
    0x00, 0x00, 0x00, 0x55, 0xFF, 0xF9, 0xFE, 0x42, 0x00, 0x03, 0x00, 0x00, 0x00, 0x00, 0x00, 0x00,
    0x00, 0x00, 0x00, 0x00, 0x00, 0x00, 0x00, 0x00, 0x00, 0x00, 0x00, 0x00, 0x00, 0x00, 0x03, 0x00,
    0x40, 0xFF, 0xFB, 0xFF, 0xA7, 0x60, 0x62, 0x60, 0x60, 0x60, 0x60, 0x60, 0x60, 0x62, 0x60, 0xA7,
    0xFF, 0xFB, 0xFF, 0x40, 0x00, 0x03, 0x00, 0x00, 0x00, 0x00, 0x00, 0x00, 0x00, 0x00, 0x00, 0x00,
    0x00, 0x00, 0x00, 0x00, 0x00, 0x00, 0x00, 0x00, 0x00, 0x00, 0x01, 0x00, 0x15, 0xF5, 0xFD, 0xFC,
    0xFF, 0xFF, 0xFF, 0xFF, 0xFF, 0xFF, 0xFF, 0xFF, 0xFF, 0xFF, 0xFF, 0xFF, 0xFC, 0xFD, 0xF5, 0x15,
    0x00, 0x01, 0x00, 0x00, 0x00, 0x00, 0x00, 0x00, 0x00, 0x00, 0x00, 0x00, 0x00, 0x00, 0x00, 0x00,
    0x00, 0x00, 0x00, 0x00, 0x00, 0x00, 0x00, 0x03, 0x00, 0x79, 0xFF, 0xFF, 0xFA, 0xF9, 0xF9, 0xF9,
    0xF9, 0xF9, 0xF9, 0xF9, 0xF9, 0xF9, 0xF9, 0xFA, 0xFF, 0xFF, 0x79, 0x00, 0x03, 0x00, 0x00, 0x00,
    0x00, 0x00, 0x00, 0x00, 0x00, 0x00, 0x00, 0x00, 0x00, 0x00, 0x00, 0x00, 0x00, 0x00, 0x00, 0x00,
    0x00, 0x00, 0x00, 0x00, 0x02, 0x00, 0x7C, 0xED, 0xFF, 0xFF, 0xFF, 0xFF, 0xFF, 0xFF, 0xFF, 0xFF,
    0xFF, 0xFF, 0xFF, 0xFF, 0xED, 0x7C, 0x00, 0x02, 0x00, 0x00, 0x00, 0x00, 0x00, 0x00, 0x00, 0x00,
    0x00, 0x00, 0x00, 0x00, 0x00, 0x00, 0x00, 0x00, 0x00, 0x00, 0x00, 0x00, 0x00, 0x00, 0x00, 0x00,
    0x00, 0x01, 0x00, 0x14, 0x3E, 0x41, 0x42, 0x42, 0x42, 0x42, 0x42, 0x42, 0x42, 0x42, 0x41, 0x3E,
    0x14, 0x00, 0x01, 0x00, 0x00, 0x00, 0x00, 0x00, 0x00, 0x00, 0x00, 0x00, 0x00, 0x00, 0x00, 0x00,
    0x00, 0x00, 0x00, 0x00, 0x00, 0x00, 0x00, 0x00, 0x00, 0x00, 0x00, 0x00, 0x00, 0x00, 0x03, 0x00,
    0x00, 0x00, 0x00, 0x00, 0x00, 0x00, 0x00, 0x00, 0x00, 0x00, 0x00, 0x00, 0x00, 0x03, 0x00, 0x00,
    0x00, 0x00, 0x00, 0x00, 0x00, 0x00, 0x00, 0x00, 0x00, 0x00, 0x00, 0x00, 0x00, 0x00, 0x00, 0x00,
    0x00, 0x00, 0x00, 0x00, 0x00, 0x00, 0x00, 0x00, 0x00, 0x00, 0x00, 0x01, 0x03, 0x03, 0x03, 0x03,
    0x03, 0x03, 0x03, 0x03, 0x03, 0x03, 0x03, 0x03, 0x01, 0x00, 0x00, 0x00, 0x00, 0x00, 0x00, 0x00,
    0x00, 0x00, 0x00, 0x00, 0x00, 0x00, 0x00, 0x00, 0x00, 0x00, 0x00, 0x00, 0x00, 0x00, 0x00, 0x00,
    0x00, 0x00, 0x00, 0x00, 0x00, 0x00, 0x00, 0x00, 0x00, 0x00, 0x00, 0x00, 0x00, 0x00, 0x00, 0x00,
    0x00, 0x00, 0x00, 0x00, 0x00, 0x00, 0x00, 0x00, 0x00, 0x00, 0x00, 0x00, 0x00, 0x00, 0x00, 0x00,
    0x00, 0x00, 0x00, 0x00, 0x00, 0x00, 0x00, 0x00, 0x00, 0x00, 0x00, 0x00, 0x00, 0x00, 0x00, 0x00,
    0x00, 0x00, 0x00, 0x00, 0x00, 0x00, 0x00, 0x00, 0x00, 0x00, 0x00, 0x00, 0x00, 0x00, 0x00, 0x00,
    0x00, 0x00, 0x00, 0x00, 0x00, 0x00, 0x00, 0x00, 0x00, 0x00, 0x00, 0x00, 0x00, 0x00, 0x00, 0x00,
};
const lv_image_dsc_t ui_feed_icon_usb_stick_44 = {
    .header = {.magic = LV_IMAGE_HEADER_MAGIC, .cf = LV_COLOR_FORMAT_A8,
               .w = 44, .h = 44, .stride = 44},
    .data_size = sizeof(s_usb_stick_44),
    .data = s_usb_stick_44,
};

static const uint8_t s_usb_stick_48[] = {
    0x00, 0x00, 0x00, 0x00, 0x00, 0x00, 0x00, 0x00, 0x00, 0x00, 0x00, 0x00, 0x00, 0x00, 0x00, 0x00,
    0x00, 0x00, 0x00, 0x00, 0x00, 0x00, 0x00, 0x00, 0x00, 0x00, 0x00, 0x00, 0x00, 0x00, 0x00, 0x00,
    0x00, 0x00, 0x00, 0x00, 0x00, 0x00, 0x00, 0x00, 0x00, 0x00, 0x00, 0x00, 0x00, 0x00, 0x00, 0x00,
    0x00, 0x00, 0x00, 0x00, 0x00, 0x00, 0x00, 0x00, 0x00, 0x00, 0x00, 0x00, 0x00, 0x00, 0x00, 0x00,
    0x00, 0x00, 0x00, 0x00, 0x00, 0x00, 0x00, 0x00, 0x00, 0x00, 0x00, 0x00, 0x00, 0x00, 0x00, 0x00,
    0x00, 0x00, 0x00, 0x00, 0x00, 0x00, 0x00, 0x00, 0x00, 0x00, 0x00, 0x00, 0x00, 0x00, 0x00, 0x00,
    0x00, 0x00, 0x00, 0x00, 0x00, 0x00, 0x00, 0x00, 0x00, 0x00, 0x00, 0x00, 0x00, 0x00, 0x00, 0x00,
    0x00, 0x01, 0x04, 0x04, 0x04, 0x04, 0x04, 0x04, 0x04, 0x04, 0x04, 0x04, 0x04, 0x04, 0x01, 0x00,
    0x00, 0x00, 0x00, 0x00, 0x00, 0x00, 0x00, 0x00, 0x00, 0x00, 0x00, 0x00, 0x00, 0x00, 0x00, 0x00,
    0x00, 0x00, 0x00, 0x00, 0x00, 0x00, 0x00, 0x00, 0x00, 0x00, 0x00, 0x00, 0x00, 0x00, 0x00, 0x00,
    0x00, 0x00, 0x00, 0x00, 0x00, 0x00, 0x00, 0x00, 0x00, 0x00, 0x00, 0x00, 0x00, 0x00, 0x00, 0x00,
    0x00, 0x00, 0x00, 0x00, 0x00, 0x00, 0x00, 0x00, 0x00, 0x00, 0x00, 0x00, 0x00, 0x00, 0x00, 0x00,
    0x00, 0x00, 0x00, 0x00, 0x00, 0x00, 0x00, 0x00, 0x00, 0x00, 0x00, 0x00, 0x00, 0x00, 0x00, 0x01,
    0x01, 0x0B, 0x7F, 0x9F, 0x9E, 0x9F, 0x9F, 0x9F, 0x9F, 0x9F, 0x9F, 0x9E, 0x9F, 0x7F, 0x0B, 0x01,
    0x01, 0x00, 0x00, 0x00, 0x00, 0x00, 0x00, 0x00, 0x00, 0x00, 0x00, 0x00, 0x00, 0x00, 0x00, 0x00,
    0x00, 0x00, 0x00, 0x00, 0x00, 0x00, 0x00, 0x00, 0x00, 0x00, 0x00, 0x00, 0x00, 0x00, 0x00, 0x04,
    0x00, 0x80, 0xFF, 0xFF, 0xFF, 0xFF, 0xFF, 0xFF, 0xFF, 0xFF, 0xFF, 0xFF, 0xFF, 0xFF, 0x80, 0x00,
    0x04, 0x00, 0x00, 0x00, 0x00, 0x00, 0x00, 0x00, 0x00, 0x00, 0x00, 0x00, 0x00, 0x00, 0x00, 0x00,
    0x00, 0x00, 0x00, 0x00, 0x00, 0x00, 0x00, 0x00, 0x00, 0x00, 0x00, 0x00, 0x00, 0x00, 0x00, 0x04,
    0x00, 0xA4, 0xFB, 0xF9, 0xFF, 0xFF, 0xFF, 0xFD, 0xFD, 0xFF, 0xFF, 0xFF, 0xF9, 0xFB, 0xA4, 0x00,
    0x04, 0x00, 0x00, 0x00, 0x00, 0x00, 0x00, 0x00, 0x00, 0x00, 0x00, 0x00, 0x00, 0x00, 0x00, 0x00,
    0x00, 0x00, 0x00, 0x00, 0x00, 0x00, 0x00, 0x00, 0x00, 0x00, 0x00, 0x00, 0x00, 0x00, 0x00, 0x04,
    0x00, 0x9D, 0xFF, 0xF1, 0xD8, 0xD8, 0xD8, 0xF7, 0xF7, 0xD8, 0xD8, 0xD8, 0xF1, 0xFF, 0x9D, 0x00,
    0x04, 0x00, 0x00, 0x00, 0x00, 0x00, 0x00, 0x00, 0x00, 0x00, 0x00, 0x00, 0x00, 0x00, 0x00, 0x00,
    0x00, 0x00, 0x00, 0x00, 0x00, 0x00, 0x00, 0x00, 0x00, 0x00, 0x00, 0x00, 0x00, 0x00, 0x00, 0x04,
    0x00, 0x9C, 0xFF, 0xB9, 0x00, 0x04, 0x00, 0xCB, 0xCB, 0x00, 0x04, 0x00, 0xB9, 0xFF, 0x9C, 0x00,
    0x04, 0x00, 0x00, 0x00, 0x00, 0x00, 0x00, 0x00, 0x00, 0x00, 0x00, 0x00, 0x00, 0x00, 0x00, 0x00,
    0x00, 0x00, 0x00, 0x00, 0x00, 0x00, 0x00, 0x00, 0x00, 0x00, 0x00, 0x00, 0x00, 0x00, 0x00, 0x04,
    0x00, 0x9C, 0xFF, 0xB9, 0x00, 0x04, 0x00, 0xCB, 0xCB, 0x00, 0x04, 0x00, 0xB9, 0xFF, 0x9C, 0x00,
    0x04, 0x00, 0x00, 0x00, 0x00, 0x00, 0x00, 0x00, 0x00, 0x00, 0x00, 0x00, 0x00, 0x00, 0x00, 0x00,
    0x00, 0x00, 0x00, 0x00, 0x00, 0x00, 0x00, 0x00, 0x00, 0x00, 0x00, 0x00, 0x00, 0x00, 0x00, 0x04,
    0x00, 0x9C, 0xFF, 0xB9, 0x00, 0x04, 0x00, 0xCB, 0xCB, 0x00, 0x04, 0x00, 0xB9, 0xFF, 0x9C, 0x00,
    0x04, 0x00, 0x00, 0x00, 0x00, 0x00, 0x00, 0x00, 0x00, 0x00, 0x00, 0x00, 0x00, 0x00, 0x00, 0x00,
    0x00, 0x00, 0x00, 0x00, 0x00, 0x00, 0x00, 0x00, 0x00, 0x00, 0x00, 0x00, 0x00, 0x00, 0x00, 0x04,
    0x00, 0x9C, 0xFF, 0xB9, 0x00, 0x04, 0x00, 0xCB, 0xCB, 0x00, 0x04, 0x00, 0xB9, 0xFF, 0x9C, 0x00,
    0x04, 0x00, 0x00, 0x00, 0x00, 0x00, 0x00, 0x00, 0x00, 0x00, 0x00, 0x00, 0x00, 0x00, 0x00, 0x00,
    0x00, 0x00, 0x00, 0x00, 0x00, 0x00, 0x00, 0x00, 0x00, 0x00, 0x00, 0x00, 0x00, 0x00, 0x00, 0x04,
    0x00, 0x9F, 0xFF, 0xF1, 0xD8, 0xD8, 0xD8, 0xF7, 0xF7, 0xD8, 0xD8, 0xD8, 0xF1, 0xFF, 0x9F, 0x00,
    0x04, 0x00, 0x00, 0x00, 0x00, 0x00, 0x00, 0x00, 0x00, 0x00, 0x00, 0x00, 0x00, 0x00, 0x00, 0x00,
    0x00, 0x00, 0x00, 0x00, 0x00, 0x00, 0x00, 0x00, 0x00, 0x00, 0x00, 0x00, 0x00, 0x00, 0x00, 0x04,
    0x00, 0x9F, 0xFF, 0xFD, 0xFF, 0xFF, 0xFF, 0xFF, 0xFF, 0xFF, 0xFF, 0xFF, 0xFD, 0xFF, 0x9F, 0x00,
    0x04, 0x00, 0x00, 0x00, 0x00, 0x00, 0x00, 0x00, 0x00, 0x00, 0x00, 0x00, 0x00, 0x00, 0x00, 0x00,
    0x00, 0x00, 0x00, 0x00, 0x00, 0x00, 0x00, 0x00, 0x00, 0x00, 0x00, 0x00, 0x00, 0x00, 0x04, 0x08,
    0x04, 0xA0, 0xFF, 0xFB, 0xFD, 0xFD, 0xFD, 0xFF, 0xFF, 0xFD, 0xFD, 0xFD, 0xFB, 0xFF, 0xA0, 0x04,
    0x08, 0x04, 0x01, 0x00, 0x00, 0x00, 0x00, 0x00, 0x00, 0x00, 0x00, 0x00, 0x00, 0x00, 0x00, 0x00,
    0x00, 0x00, 0x00, 0x00, 0x00, 0x00, 0x00, 0x00, 0x00, 0x00, 0x00, 0x00, 0x00, 0x00, 0x00, 0x00,
    0x00, 0x99, 0xFF, 0xFB, 0xFF, 0xFF, 0xFF, 0xFF, 0xFF, 0xFF, 0xFF, 0xFF, 0xFB, 0xFF, 0x99, 0x00,
    0x00, 0x00, 0x00, 0x00, 0x00, 0x00, 0x00, 0x00, 0x00, 0x00, 0x00, 0x00, 0x00, 0x00, 0x00, 0x00,
    0x00, 0x00, 0x00, 0x00, 0x00, 0x00, 0x00, 0x00, 0x00, 0x00, 0x00, 0x01, 0x00, 0x0B, 0x95, 0xA1,
    0x9F, 0xDB, 0xFF, 0xFD, 0xFF, 0xFF, 0xFF, 0xFF, 0xFF, 0xFF, 0xFF, 0xFF, 0xFD, 0xFF, 0xDB, 0x9F,
    0xA1, 0x9F, 0x18, 0x00, 0x01, 0x00, 0x00, 0x00, 0x00, 0x00, 0x00, 0x00, 0x00, 0x00, 0x00, 0x00,
    0x00, 0x00, 0x00, 0x00, 0x00, 0x00, 0x00, 0x00, 0x00, 0x00, 0x00, 0x01, 0x00, 0x12, 0xFE, 0xFF,
    0xFF, 0xFF, 0xFF, 0xFF, 0xFF, 0xFF, 0xFF, 0xFF, 0xFF, 0xFF, 0xFF, 0xFF, 0xFF, 0xFF, 0xFF, 0xFF,
    0xFF, 0xFF, 0x2A, 0x00, 0x02, 0x00, 0x00, 0x00, 0x00, 0x00, 0x00, 0x00, 0x00, 0x00, 0x00, 0x00,
    0x00, 0x00, 0x00, 0x00, 0x00, 0x00, 0x00, 0x00, 0x00, 0x00, 0x00, 0x01, 0x00, 0x11, 0xEA, 0xFB,
    0xFA, 0xFD, 0xFB, 0xFB, 0xFB, 0xFB, 0xFB, 0xFB, 0xFB, 0xFB, 0xFB, 0xFB, 0xFB, 0xFB, 0xFD, 0xFA,
    0xFB, 0xFB, 0x26, 0x00, 0x02, 0x00, 0x00, 0x00, 0x00, 0x00, 0x00, 0x00, 0x00, 0x00, 0x00, 0x00,
    0x00, 0x00, 0x00, 0x00, 0x00, 0x00, 0x00, 0x00, 0x00, 0x00, 0x00, 0x01, 0x00, 0x11, 0xEE, 0xFF,
    0xFE, 0xFF, 0xFF, 0xFF, 0xFF, 0xFF, 0xFF, 0xFF, 0xFF, 0xFF, 0xFF, 0xFF, 0xFF, 0xFF, 0xFF, 0xFE,
    0xFF, 0xFF, 0x27, 0x00, 0x02, 0x00, 0x00, 0x00, 0x00, 0x00, 0x00, 0x00, 0x00, 0x00, 0x00, 0x00,
    0x00, 0x00, 0x00, 0x00, 0x00, 0x00, 0x00, 0x00, 0x00, 0x00, 0x00, 0x01, 0x00, 0x11, 0xEE, 0xFF,
    0xFF, 0xF4, 0x6A, 0x60, 0x60, 0x60, 0x60, 0x60, 0x60, 0x60, 0x60, 0x60, 0x60, 0x60, 0xE7, 0xFF,
    0xFE, 0xFF, 0x27, 0x00, 0x02, 0x00, 0x00, 0x00, 0x00, 0x00, 0x00, 0x00, 0x00, 0x00, 0x00, 0x00,
    0x00, 0x00, 0x00, 0x00, 0x00, 0x00, 0x00, 0x00, 0x00, 0x00, 0x00, 0x01, 0x00, 0x11, 0xEE, 0xFF,
    0xFF, 0xED, 0x01, 0x00, 0x00, 0x00, 0x00, 0x00, 0x00, 0x00, 0x00, 0x00, 0x00, 0x00, 0xD5, 0xFF,
    0xFD, 0xFF, 0x27, 0x00, 0x02, 0x00, 0x00, 0x00, 0x00, 0x00, 0x00, 0x00, 0x00, 0x00, 0x00, 0x00,
    0x00, 0x00, 0x00, 0x00, 0x00, 0x00, 0x00, 0x00, 0x00, 0x00, 0x00, 0x01, 0x00, 0x11, 0xEE, 0xFF,
    0xFF, 0xEF, 0x18, 0x08, 0x09, 0x08, 0x08, 0x08, 0x08, 0x08, 0x08, 0x09, 0x08, 0x08, 0xD9, 0xFF,
    0xFD, 0xFF, 0x27, 0x00, 0x02, 0x00, 0x00, 0x00, 0x00, 0x00, 0x00, 0x00, 0x00, 0x00, 0x00, 0x00,
    0x00, 0x00, 0x00, 0x00, 0x00, 0x00, 0x00, 0x00, 0x00, 0x00, 0x00, 0x01, 0x00, 0x11, 0xEE, 0xFF,
    0xFF, 0xED, 0x01, 0x00, 0x00, 0x00, 0x00, 0x00, 0x00, 0x00, 0x00, 0x00, 0x00, 0x00, 0xD6, 0xFF,
    0xFD, 0xFF, 0x27, 0x00, 0x02, 0x00, 0x00, 0x00, 0x00, 0x00, 0x00, 0x00, 0x00, 0x00, 0x00, 0x00,
    0x00, 0x00, 0x00, 0x00, 0x00, 0x00, 0x00, 0x00, 0x00, 0x00, 0x00, 0x01, 0x00, 0x11, 0xEE, 0xFF,
    0xFF, 0xF1, 0x92, 0x9F, 0x9F, 0x9F, 0x9F, 0x9F, 0x9F, 0x9F, 0x9F, 0x9F, 0x9F, 0x85, 0xE0, 0xFF,
    0xFE, 0xFF, 0x27, 0x00, 0x02, 0x00, 0x00, 0x00, 0x00, 0x00, 0x00, 0x00, 0x00, 0x00, 0x00, 0x00,
    0x00, 0x00, 0x00, 0x00, 0x00, 0x00, 0x00, 0x00, 0x00, 0x00, 0x00, 0x01, 0x00, 0x11, 0xEE, 0xFF,
    0xFE, 0xFF, 0xFF, 0xFF, 0xFF, 0xFF, 0xFF, 0xFF, 0xFF, 0xFF, 0xFF, 0xFF, 0xFF, 0xFF, 0xFF, 0xFE,
    0xFF, 0xFF, 0x27, 0x00, 0x02, 0x00, 0x00, 0x00, 0x00, 0x00, 0x00, 0x00, 0x00, 0x00, 0x00, 0x00,
    0x00, 0x00, 0x00, 0x00, 0x00, 0x00, 0x00, 0x00, 0x00, 0x00, 0x00, 0x01, 0x00, 0x11, 0xEE, 0xFF,
    0xFE, 0xFF, 0xF8, 0xF7, 0xF7, 0xF7, 0xF7, 0xF7, 0xF7, 0xF7, 0xF7, 0xF7, 0xF7, 0xF8, 0xFF, 0xFE,
    0xFF, 0xFF, 0x27, 0x00, 0x02, 0x00, 0x00, 0x00, 0x00, 0x00, 0x00, 0x00, 0x00, 0x00, 0x00, 0x00,
    0x00, 0x00, 0x00, 0x00, 0x00, 0x00, 0x00, 0x00, 0x00, 0x00, 0x00, 0x01, 0x00, 0x11, 0xEE, 0xFF,
    0xFE, 0xFF, 0xFF, 0xFF, 0xFF, 0xFF, 0xFF, 0xFF, 0xFF, 0xFF, 0xFF, 0xFF, 0xFF, 0xFF, 0xFF, 0xFE,
    0xFF, 0xFF, 0x27, 0x00, 0x02, 0x00, 0x00, 0x00, 0x00, 0x00, 0x00, 0x00, 0x00, 0x00, 0x00, 0x00,
    0x00, 0x00, 0x00, 0x00, 0x00, 0x00, 0x00, 0x00, 0x00, 0x00, 0x00, 0x01, 0x00, 0x11, 0xEE, 0xFF,
    0xFF, 0xEF, 0x75, 0x7F, 0x7F, 0x7F, 0x7F, 0x7F, 0x7F, 0x7F, 0x7F, 0x7F, 0x7F, 0x66, 0xDC, 0xFF,
    0xFE, 0xFF, 0x27, 0x00, 0x02, 0x00, 0x00, 0x00, 0x00, 0x00, 0x00, 0x00, 0x00, 0x00, 0x00, 0x00,
    0x00, 0x00, 0x00, 0x00, 0x00, 0x00, 0x00, 0x00, 0x00, 0x00, 0x00, 0x01, 0x00, 0x11, 0xEE, 0xFF,
    0xFF, 0xED, 0x01, 0x00, 0x00, 0x00, 0x00, 0x00, 0x00, 0x00, 0x00, 0x00, 0x00, 0x00, 0xD7, 0xFF,
    0xFD, 0xFF, 0x27, 0x00, 0x02, 0x00, 0x00, 0x00, 0x00, 0x00, 0x00, 0x00, 0x00, 0x00, 0x00, 0x00,
    0x00, 0x00, 0x00, 0x00, 0x00, 0x00, 0x00, 0x00, 0x00, 0x00, 0x00, 0x01, 0x00, 0x11, 0xEE, 0xFF,
    0xFF, 0xEE, 0x15, 0x04, 0x05, 0x04, 0x04, 0x04, 0x04, 0x04, 0x04, 0x05, 0x04, 0x04, 0xD8, 0xFF,
    0xFD, 0xFF, 0x27, 0x00, 0x02, 0x00, 0x00, 0x00, 0x00, 0x00, 0x00, 0x00, 0x00, 0x00, 0x00, 0x00,
    0x00, 0x00, 0x00, 0x00, 0x00, 0x00, 0x00, 0x00, 0x00, 0x00, 0x00, 0x01, 0x00, 0x11, 0xEE, 0xFF,
    0xFF, 0xEE, 0x11, 0x00, 0x01, 0x00, 0x00, 0x00, 0x00, 0x00, 0x00, 0x01, 0x00, 0x00, 0xD8, 0xFF,
    0xFD, 0xFF, 0x27, 0x00, 0x02, 0x00, 0x00, 0x00, 0x00, 0x00, 0x00, 0x00, 0x00, 0x00, 0x00, 0x00,
    0x00, 0x00, 0x00, 0x00, 0x00, 0x00, 0x00, 0x00, 0x00, 0x00, 0x00, 0x01, 0x00, 0x11, 0xEE, 0xFF,
    0xFF, 0xEE, 0x11, 0x00, 0x01, 0x00, 0x00, 0x00, 0x00, 0x00, 0x00, 0x01, 0x00, 0x00, 0xD8, 0xFF,
    0xFD, 0xFF, 0x27, 0x00, 0x02, 0x00, 0x00, 0x00, 0x00, 0x00, 0x00, 0x00, 0x00, 0x00, 0x00, 0x00,
    0x00, 0x00, 0x00, 0x00, 0x00, 0x00, 0x00, 0x00, 0x00, 0x00, 0x00, 0x01, 0x00, 0x11, 0xEE, 0xFF,
    0xFF, 0xEE, 0x11, 0x00, 0x01, 0x00, 0x00, 0x00, 0x00, 0x00, 0x00, 0x01, 0x00, 0x00, 0xD8, 0xFF,
    0xFD, 0xFF, 0x27, 0x00, 0x02, 0x00, 0x00, 0x00, 0x00, 0x00, 0x00, 0x00, 0x00, 0x00, 0x00, 0x00,
    0x00, 0x00, 0x00, 0x00, 0x00, 0x00, 0x00, 0x00, 0x00, 0x00, 0x00, 0x01, 0x00, 0x11, 0xEE, 0xFF,
    0xFF, 0xEE, 0x11, 0x00, 0x01, 0x00, 0x00, 0x00, 0x00, 0x00, 0x00, 0x01, 0x00, 0x00, 0xD8, 0xFF,
    0xFD, 0xFF, 0x27, 0x00, 0x02, 0x00, 0x00, 0x00, 0x00, 0x00, 0x00, 0x00, 0x00, 0x00, 0x00, 0x00,
    0x00, 0x00, 0x00, 0x00, 0x00, 0x00, 0x00, 0x00, 0x00, 0x00, 0x00, 0x01, 0x00, 0x11, 0xEE, 0xFF,
    0xFF, 0xEE, 0x11, 0x00, 0x01, 0x00, 0x00, 0x00, 0x00, 0x00, 0x00, 0x01, 0x00, 0x00, 0xD8, 0xFF,
    0xFD, 0xFF, 0x27, 0x00, 0x02, 0x00, 0x00, 0x00, 0x00, 0x00, 0x00, 0x00, 0x00, 0x00, 0x00, 0x00,
    0x00, 0x00, 0x00, 0x00, 0x00, 0x00, 0x00, 0x00, 0x00, 0x00, 0x00, 0x01, 0x00, 0x11, 0xEE, 0xFF,
    0xFF, 0xEE, 0x13, 0x02, 0x03, 0x02, 0x02, 0x02, 0x02, 0x02, 0x02, 0x03, 0x02, 0x02, 0xD9, 0xFF,
    0xFD, 0xFF, 0x27, 0x00, 0x02, 0x00, 0x00, 0x00, 0x00, 0x00, 0x00, 0x00, 0x00, 0x00, 0x00, 0x00,
    0x00, 0x00, 0x00, 0x00, 0x00, 0x00, 0x00, 0x00, 0x00, 0x00, 0x00, 0x01, 0x00, 0x11, 0xEE, 0xFF,
    0xFF, 0xED, 0x07, 0x00, 0x00, 0x00, 0x00, 0x00, 0x00, 0x00, 0x00, 0x00, 0x00, 0x00, 0xD6, 0xFF,
    0xFD, 0xFF, 0x27, 0x00, 0x02, 0x00, 0x00, 0x00, 0x00, 0x00, 0x00, 0x00, 0x00, 0x00, 0x00, 0x00,
    0x00, 0x00, 0x00, 0x00, 0x00, 0x00, 0x00, 0x00, 0x00, 0x00, 0x00, 0x01, 0x00, 0x11, 0xEE, 0xFF,
    0xFF, 0xF4, 0x3D, 0x27, 0x28, 0x27, 0x27, 0x27, 0x27, 0x27, 0x27, 0x28, 0x27, 0x2D, 0xE5, 0xFF,
    0xFE, 0xFF, 0x28, 0x00, 0x02, 0x00, 0x00, 0x00, 0x00, 0x00, 0x00, 0x00, 0x00, 0x00, 0x00, 0x00,
    0x00, 0x00, 0x00, 0x00, 0x00, 0x00, 0x00, 0x00, 0x00, 0x00, 0x00, 0x01, 0x01, 0x03, 0xD9, 0xFD,
    0xFC, 0xFF, 0xFF, 0xFF, 0xFF, 0xFF, 0xFF, 0xFF, 0xFF, 0xFF, 0xFF, 0xFF, 0xFF, 0xFF, 0xFF, 0xFE,
    0xFD, 0xEF, 0x10, 0x00, 0x01, 0x00, 0x00, 0x00, 0x00, 0x00, 0x00, 0x00, 0x00, 0x00, 0x00, 0x00,
    0x00, 0x00, 0x00, 0x00, 0x00, 0x00, 0x00, 0x00, 0x00, 0x00, 0x00, 0x00, 0x04, 0x00, 0x77, 0xFF,
    0xF9, 0xFC, 0xFD, 0xFD, 0xFD, 0xFD, 0xFD, 0xFD, 0xFD, 0xFD, 0xFD, 0xFD, 0xFD, 0xFD, 0xFC, 0xF8,
    0xFF, 0x97, 0x00, 0x03, 0x00, 0x00, 0x00, 0x00, 0x00, 0x00, 0x00, 0x00, 0x00, 0x00, 0x00, 0x00,
    0x00, 0x00, 0x00, 0x00, 0x00, 0x00, 0x00, 0x00, 0x00, 0x00, 0x00, 0x00, 0x01, 0x02, 0x04, 0xA6,
    0xFF, 0xFF, 0xFF, 0xFF, 0xFF, 0xFF, 0xFF, 0xFF, 0xFF, 0xFF, 0xFF, 0xFF, 0xFF, 0xFF, 0xFF, 0xFF,
    0xBD, 0x0D, 0x02, 0x01, 0x00, 0x00, 0x00, 0x00, 0x00, 0x00, 0x00, 0x00, 0x00, 0x00, 0x00, 0x00,
    0x00, 0x00, 0x00, 0x00, 0x00, 0x00, 0x00, 0x00, 0x00, 0x00, 0x00, 0x00, 0x00, 0x01, 0x00, 0x00,
    0x69, 0xBF, 0xD7, 0xD7, 0xD8, 0xD8, 0xD8, 0xD8, 0xD8, 0xD8, 0xD8, 0xD8, 0xD7, 0xD7, 0xC2, 0x6E,
    0x07, 0x00, 0x01, 0x00, 0x00, 0x00, 0x00, 0x00, 0x00, 0x00, 0x00, 0x00, 0x00, 0x00, 0x00, 0x00,
    0x00, 0x00, 0x00, 0x00, 0x00, 0x00, 0x00, 0x00, 0x00, 0x00, 0x00, 0x00, 0x00, 0x00, 0x01, 0x00,
    0x00, 0x00, 0x01, 0x00, 0x00, 0x00, 0x00, 0x00, 0x00, 0x00, 0x00, 0x00, 0x00, 0x01, 0x00, 0x00,
    0x00, 0x01, 0x00, 0x00, 0x00, 0x00, 0x00, 0x00, 0x00, 0x00, 0x00, 0x00, 0x00, 0x00, 0x00, 0x00,
    0x00, 0x00, 0x00, 0x00, 0x00, 0x00, 0x00, 0x00, 0x00, 0x00, 0x00, 0x00, 0x00, 0x00, 0x00, 0x00,
    0x04, 0x02, 0x00, 0x00, 0x00, 0x00, 0x00, 0x00, 0x00, 0x00, 0x00, 0x00, 0x00, 0x00, 0x01, 0x04,
    0x01, 0x00, 0x00, 0x00, 0x00, 0x00, 0x00, 0x00, 0x00, 0x00, 0x00, 0x00, 0x00, 0x00, 0x00, 0x00,
    0x00, 0x00, 0x00, 0x00, 0x00, 0x00, 0x00, 0x00, 0x00, 0x00, 0x00, 0x00, 0x00, 0x00, 0x00, 0x00,
    0x00, 0x00, 0x01, 0x01, 0x01, 0x01, 0x01, 0x01, 0x01, 0x01, 0x01, 0x01, 0x01, 0x01, 0x00, 0x00,
    0x00, 0x00, 0x00, 0x00, 0x00, 0x00, 0x00, 0x00, 0x00, 0x00, 0x00, 0x00, 0x00, 0x00, 0x00, 0x00,
    0x00, 0x00, 0x00, 0x00, 0x00, 0x00, 0x00, 0x00, 0x00, 0x00, 0x00, 0x00, 0x00, 0x00, 0x00, 0x00,
    0x00, 0x00, 0x00, 0x00, 0x00, 0x00, 0x00, 0x00, 0x00, 0x00, 0x00, 0x00, 0x00, 0x00, 0x00, 0x00,
    0x00, 0x00, 0x00, 0x00, 0x00, 0x00, 0x00, 0x00, 0x00, 0x00, 0x00, 0x00, 0x00, 0x00, 0x00, 0x00,
    0x00, 0x00, 0x00, 0x00, 0x00, 0x00, 0x00, 0x00, 0x00, 0x00, 0x00, 0x00, 0x00, 0x00, 0x00, 0x00,
    0x00, 0x00, 0x00, 0x00, 0x00, 0x00, 0x00, 0x00, 0x00, 0x00, 0x00, 0x00, 0x00, 0x00, 0x00, 0x00,
    0x00, 0x00, 0x00, 0x00, 0x00, 0x00, 0x00, 0x00, 0x00, 0x00, 0x00, 0x00, 0x00, 0x00, 0x00, 0x00,
};
const lv_image_dsc_t ui_feed_icon_usb_stick_48 = {
    .header = {.magic = LV_IMAGE_HEADER_MAGIC, .cf = LV_COLOR_FORMAT_A8,
               .w = 48, .h = 48, .stride = 48},
    .data_size = sizeof(s_usb_stick_48),
    .data = s_usb_stick_48,
};

static const uint8_t s_usb_stick_64[] = {
    0x00, 0x00, 0x00, 0x00, 0x00, 0x00, 0x00, 0x00, 0x00, 0x00, 0x00, 0x00, 0x00, 0x00, 0x00, 0x00,
    0x00, 0x00, 0x00, 0x00, 0x00, 0x00, 0x00, 0x00, 0x00, 0x00, 0x00, 0x00, 0x00, 0x00, 0x00, 0x00,
    0x00, 0x00, 0x00, 0x00, 0x00, 0x00, 0x00, 0x00, 0x00, 0x00, 0x00, 0x00, 0x00, 0x00, 0x00, 0x00,
    0x00, 0x00, 0x00, 0x00, 0x00, 0x00, 0x00, 0x00, 0x00, 0x00, 0x00, 0x00, 0x00, 0x00, 0x00, 0x00,
    0x00, 0x00, 0x00, 0x00, 0x00, 0x00, 0x00, 0x00, 0x00, 0x00, 0x00, 0x00, 0x00, 0x00, 0x00, 0x00,
    0x00, 0x00, 0x00, 0x00, 0x00, 0x00, 0x00, 0x00, 0x00, 0x00, 0x00, 0x00, 0x00, 0x00, 0x00, 0x00,
    0x00, 0x00, 0x00, 0x00, 0x00, 0x00, 0x00, 0x00, 0x00, 0x00, 0x00, 0x00, 0x00, 0x00, 0x00, 0x00,
    0x00, 0x00, 0x00, 0x00, 0x00, 0x00, 0x00, 0x00, 0x00, 0x00, 0x00, 0x00, 0x00, 0x00, 0x00, 0x00,
    0x00, 0x00, 0x00, 0x00, 0x00, 0x00, 0x00, 0x00, 0x00, 0x00, 0x00, 0x00, 0x00, 0x00, 0x00, 0x00,
    0x00, 0x00, 0x00, 0x00, 0x00, 0x00, 0x00, 0x00, 0x00, 0x00, 0x00, 0x00, 0x00, 0x00, 0x00, 0x00,
    0x00, 0x00, 0x00, 0x00, 0x00, 0x00, 0x00, 0x00, 0x00, 0x00, 0x00, 0x00, 0x00, 0x00, 0x00, 0x00,
    0x00, 0x00, 0x00, 0x00, 0x00, 0x00, 0x00, 0x00, 0x00, 0x00, 0x00, 0x00, 0x00, 0x00, 0x00, 0x00,
    0x00, 0x00, 0x00, 0x00, 0x00, 0x00, 0x00, 0x00, 0x00, 0x00, 0x00, 0x00, 0x00, 0x00, 0x00, 0x00,
    0x00, 0x00, 0x00, 0x00, 0x00, 0x00, 0x00, 0x00, 0x02, 0x03, 0x03, 0x03, 0x03, 0x03, 0x03, 0x03,
    0x03, 0x03, 0x03, 0x03, 0x03, 0x03, 0x03, 0x02, 0x00, 0x00, 0x00, 0x00, 0x00, 0x00, 0x00, 0x00,
    0x00, 0x00, 0x00, 0x00, 0x00, 0x00, 0x00, 0x00, 0x00, 0x00, 0x00, 0x00, 0x00, 0x00, 0x00, 0x00,
    0x00, 0x00, 0x00, 0x00, 0x00, 0x00, 0x00, 0x00, 0x00, 0x00, 0x00, 0x00, 0x00, 0x00, 0x00, 0x00,
    0x00, 0x00, 0x00, 0x00, 0x00, 0x00, 0x00, 0x02, 0x00, 0x00, 0x00, 0x00, 0x00, 0x00, 0x00, 0x00,
    0x00, 0x00, 0x00, 0x00, 0x00, 0x00, 0x00, 0x00, 0x02, 0x00, 0x00, 0x00, 0x00, 0x00, 0x00, 0x00,
    0x00, 0x00, 0x00, 0x00, 0x00, 0x00, 0x00, 0x00, 0x00, 0x00, 0x00, 0x00, 0x00, 0x00, 0x00, 0x00,
    0x00, 0x00, 0x00, 0x00, 0x00, 0x00, 0x00, 0x00, 0x00, 0x00, 0x00, 0x00, 0x00, 0x00, 0x00, 0x00,
    0x00, 0x00, 0x00, 0x00, 0x00, 0x00, 0x01, 0x00, 0x1E, 0x42, 0x41, 0x42, 0x42, 0x42, 0x42, 0x42,
    0x42, 0x42, 0x42, 0x42, 0x42, 0x41, 0x42, 0x1E, 0x00, 0x01, 0x00, 0x00, 0x00, 0x00, 0x00, 0x00,
    0x00, 0x00, 0x00, 0x00, 0x00, 0x00, 0x00, 0x00, 0x00, 0x00, 0x00, 0x00, 0x00, 0x00, 0x00, 0x00,
    0x00, 0x00, 0x00, 0x00, 0x00, 0x00, 0x00, 0x00, 0x00, 0x00, 0x00, 0x00, 0x00, 0x00, 0x00, 0x00,
    0x00, 0x00, 0x00, 0x00, 0x00, 0x03, 0x01, 0x4D, 0xF2, 0xFF, 0xFF, 0xFF, 0xFF, 0xFF, 0xFF, 0xFF,
    0xFF, 0xFF, 0xFF, 0xFF, 0xFF, 0xFF, 0xFF, 0xF2, 0x4D, 0x01, 0x03, 0x00, 0x00, 0x00, 0x00, 0x00,
    0x00, 0x00, 0x00, 0x00, 0x00, 0x00, 0x00, 0x00, 0x00, 0x00, 0x00, 0x00, 0x00, 0x00, 0x00, 0x00,
    0x00, 0x00, 0x00, 0x00, 0x00, 0x00, 0x00, 0x00, 0x00, 0x00, 0x00, 0x00, 0x00, 0x00, 0x00, 0x00,
    0x00, 0x00, 0x00, 0x00, 0x00, 0x02, 0x00, 0xCE, 0xFF, 0xFA, 0xFD, 0xFD, 0xFD, 0xFD, 0xFD, 0xFD,
    0xFD, 0xFD, 0xFD, 0xFD, 0xFD, 0xFD, 0xFA, 0xFF, 0xCE, 0x00, 0x02, 0x00, 0x00, 0x00, 0x00, 0x00,
    0x00, 0x00, 0x00, 0x00, 0x00, 0x00, 0x00, 0x00, 0x00, 0x00, 0x00, 0x00, 0x00, 0x00, 0x00, 0x00,
    0x00, 0x00, 0x00, 0x00, 0x00, 0x00, 0x00, 0x00, 0x00, 0x00, 0x00, 0x00, 0x00, 0x00, 0x00, 0x00,
    0x00, 0x00, 0x00, 0x00, 0x01, 0x00, 0x00, 0xD9, 0xFE, 0xFD, 0xFC, 0xFB, 0xFB, 0xFB, 0xFB, 0xFF,
    0xFF, 0xFB, 0xFB, 0xFB, 0xFB, 0xFC, 0xFD, 0xFE, 0xD9, 0x00, 0x00, 0x01, 0x00, 0x00, 0x00, 0x00,
    0x00, 0x00, 0x00, 0x00, 0x00, 0x00, 0x00, 0x00, 0x00, 0x00, 0x00, 0x00, 0x00, 0x00, 0x00, 0x00,
    0x00, 0x00, 0x00, 0x00, 0x00, 0x00, 0x00, 0x00, 0x00, 0x00, 0x00, 0x00, 0x00, 0x00, 0x00, 0x00,
    0x00, 0x00, 0x00, 0x00, 0x01, 0x00, 0x00, 0xD7, 0xFF, 0xFD, 0xFF, 0xFF, 0xFF, 0xFF, 0xFF, 0xFF,
    0xFF, 0xFF, 0xFF, 0xFF, 0xFF, 0xFF, 0xFD, 0xFF, 0xD7, 0x00, 0x00, 0x01, 0x00, 0x00, 0x00, 0x00,
    0x00, 0x00, 0x00, 0x00, 0x00, 0x00, 0x00, 0x00, 0x00, 0x00, 0x00, 0x00, 0x00, 0x00, 0x00, 0x00,
    0x00, 0x00, 0x00, 0x00, 0x00, 0x00, 0x00, 0x00, 0x00, 0x00, 0x00, 0x00, 0x00, 0x00, 0x00, 0x00,
    0x00, 0x00, 0x00, 0x00, 0x01, 0x00, 0x00, 0xD8, 0xFF, 0xFE, 0xA0, 0x7F, 0x81, 0x7F, 0x87, 0xF8,
    0xF8, 0x87, 0x7F, 0x81, 0x7F, 0xA0, 0xFE, 0xFF, 0xD8, 0x00, 0x00, 0x01, 0x00, 0x00, 0x00, 0x00,
    0x00, 0x00, 0x00, 0x00, 0x00, 0x00, 0x00, 0x00, 0x00, 0x00, 0x00, 0x00, 0x00, 0x00, 0x00, 0x00,
    0x00, 0x00, 0x00, 0x00, 0x00, 0x00, 0x00, 0x00, 0x00, 0x00, 0x00, 0x00, 0x00, 0x00, 0x00, 0x00,
    0x00, 0x00, 0x00, 0x00, 0x01, 0x00, 0x00, 0xD8, 0xFF, 0xFF, 0x34, 0x00, 0x00, 0x00, 0x00, 0xF1,
    0xF1, 0x00, 0x00, 0x00, 0x00, 0x34, 0xFF, 0xFF, 0xD8, 0x00, 0x00, 0x01, 0x00, 0x00, 0x00, 0x00,
    0x00, 0x00, 0x00, 0x00, 0x00, 0x00, 0x00, 0x00, 0x00, 0x00, 0x00, 0x00, 0x00, 0x00, 0x00, 0x00,
    0x00, 0x00, 0x00, 0x00, 0x00, 0x00, 0x00, 0x00, 0x00, 0x00, 0x00, 0x00, 0x00, 0x00, 0x00, 0x00,
    0x00, 0x00, 0x00, 0x00, 0x01, 0x00, 0x00, 0xD8, 0xFF, 0xFF, 0x45, 0x04, 0x08, 0x04, 0x14, 0xF2,
    0xF2, 0x14, 0x04, 0x08, 0x04, 0x45, 0xFF, 0xFF, 0xD8, 0x00, 0x00, 0x01, 0x00, 0x00, 0x00, 0x00,
    0x00, 0x00, 0x00, 0x00, 0x00, 0x00, 0x00, 0x00, 0x00, 0x00, 0x00, 0x00, 0x00, 0x00, 0x00, 0x00,
    0x00, 0x00, 0x00, 0x00, 0x00, 0x00, 0x00, 0x00, 0x00, 0x00, 0x00, 0x00, 0x00, 0x00, 0x00, 0x00,
    0x00, 0x00, 0x00, 0x00, 0x01, 0x00, 0x00, 0xD8, 0xFF, 0xFF, 0x42, 0x00, 0x04, 0x00, 0x10, 0xF2,
    0xF2, 0x10, 0x00, 0x04, 0x00, 0x42, 0xFF, 0xFF, 0xD8, 0x00, 0x00, 0x01, 0x00, 0x00, 0x00, 0x00,
    0x00, 0x00, 0x00, 0x00, 0x00, 0x00, 0x00, 0x00, 0x00, 0x00, 0x00, 0x00, 0x00, 0x00, 0x00, 0x00,
    0x00, 0x00, 0x00, 0x00, 0x00, 0x00, 0x00, 0x00, 0x00, 0x00, 0x00, 0x00, 0x00, 0x00, 0x00, 0x00,
    0x00, 0x00, 0x00, 0x00, 0x01, 0x00, 0x00, 0xD8, 0xFF, 0xFF, 0x44, 0x02, 0x06, 0x02, 0x12, 0xF2,
    0xF2, 0x12, 0x02, 0x06, 0x02, 0x44, 0xFF, 0xFF, 0xD8, 0x00, 0x00, 0x01, 0x00, 0x00, 0x00, 0x00,
    0x00, 0x00, 0x00, 0x00, 0x00, 0x00, 0x00, 0x00, 0x00, 0x00, 0x00, 0x00, 0x00, 0x00, 0x00, 0x00,
    0x00, 0x00, 0x00, 0x00, 0x00, 0x00, 0x00, 0x00, 0x00, 0x00, 0x00, 0x00, 0x00, 0x00, 0x00, 0x00,
    0x00, 0x00, 0x00, 0x00, 0x01, 0x00, 0x00, 0xD8, 0xFF, 0xFF, 0x3A, 0x00, 0x00, 0x00, 0x06, 0xF1,
    0xF1, 0x06, 0x00, 0x00, 0x00, 0x3A, 0xFF, 0xFF, 0xD8, 0x00, 0x00, 0x01, 0x00, 0x00, 0x00, 0x00,
    0x00, 0x00, 0x00, 0x00, 0x00, 0x00, 0x00, 0x00, 0x00, 0x00, 0x00, 0x00, 0x00, 0x00, 0x00, 0x00,
    0x00, 0x00, 0x00, 0x00, 0x00, 0x00, 0x00, 0x00, 0x00, 0x00, 0x00, 0x00, 0x00, 0x00, 0x00, 0x00,
    0x00, 0x00, 0x00, 0x00, 0x01, 0x00, 0x00, 0xD8, 0xFF, 0xFE, 0xCE, 0xBD, 0xBE, 0xBD, 0xC1, 0xFC,
    0xFC, 0xC1, 0xBD, 0xBE, 0xBD, 0xCE, 0xFE, 0xFF, 0xD8, 0x00, 0x00, 0x01, 0x00, 0x00, 0x00, 0x00,
    0x00, 0x00, 0x00, 0x00, 0x00, 0x00, 0x00, 0x00, 0x00, 0x00, 0x00, 0x00, 0x00, 0x00, 0x00, 0x00,
    0x00, 0x00, 0x00, 0x00, 0x00, 0x00, 0x00, 0x00, 0x00, 0x00, 0x00, 0x00, 0x00, 0x00, 0x00, 0x00,
    0x00, 0x00, 0x00, 0x00, 0x01, 0x00, 0x00, 0xD8, 0xFF, 0xFD, 0xFF, 0xFF, 0xFF, 0xFF, 0xFF, 0xFF,
    0xFF, 0xFF, 0xFF, 0xFF, 0xFF, 0xFF, 0xFD, 0xFF, 0xD8, 0x00, 0x00, 0x01, 0x00, 0x00, 0x00, 0x00,
    0x00, 0x00, 0x00, 0x00, 0x00, 0x00, 0x00, 0x00, 0x00, 0x00, 0x00, 0x00, 0x00, 0x00, 0x00, 0x00,
    0x00, 0x00, 0x00, 0x00, 0x00, 0x00, 0x00, 0x00, 0x00, 0x00, 0x00, 0x00, 0x00, 0x00, 0x00, 0x00,
    0x00, 0x00, 0x00, 0x00, 0x01, 0x00, 0x00, 0xD8, 0xFF, 0xFD, 0xFD, 0xFC, 0xFC, 0xFC, 0xFC, 0xFF,
    0xFF, 0xFC, 0xFC, 0xFC, 0xFC, 0xFD, 0xFD, 0xFF, 0xD8, 0x00, 0x00, 0x01, 0x00, 0x00, 0x00, 0x00,
    0x00, 0x00, 0x00, 0x00, 0x00, 0x00, 0x00, 0x00, 0x00, 0x00, 0x00, 0x00, 0x00, 0x00, 0x00, 0x00,
    0x00, 0x00, 0x00, 0x00, 0x00, 0x00, 0x00, 0x00, 0x00, 0x00, 0x00, 0x00, 0x00, 0x00, 0x00, 0x00,
    0x00, 0x00, 0x01, 0x03, 0x04, 0x03, 0x03, 0xD8, 0xFF, 0xFD, 0xFF, 0xFF, 0xFF, 0xFF, 0xFF, 0xFF,
    0xFF, 0xFF, 0xFF, 0xFF, 0xFF, 0xFF, 0xFD, 0xFF, 0xD8, 0x03, 0x03, 0x04, 0x03, 0x01, 0x00, 0x00,
    0x00, 0x00, 0x00, 0x00, 0x00, 0x00, 0x00, 0x00, 0x00, 0x00, 0x00, 0x00, 0x00, 0x00, 0x00, 0x00,
    0x00, 0x00, 0x00, 0x00, 0x00, 0x00, 0x00, 0x00, 0x00, 0x00, 0x00, 0x00, 0x00, 0x00, 0x00, 0x00,
    0x00, 0x00, 0x00, 0x00, 0x00, 0x00, 0x00, 0xD6, 0xFF, 0xFD, 0xFF, 0xFF, 0xFF, 0xFF, 0xFF, 0xFF,
    0xFF, 0xFF, 0xFF, 0xFF, 0xFF, 0xFF, 0xFD, 0xFF, 0xD6, 0x00, 0x00, 0x00, 0x00, 0x00, 0x00, 0x00,
    0x00, 0x00, 0x00, 0x00, 0x00, 0x00, 0x00, 0x00, 0x00, 0x00, 0x00, 0x00, 0x00, 0x00, 0x00, 0x00,
    0x00, 0x00, 0x00, 0x00, 0x00, 0x00, 0x00, 0x00, 0x00, 0x00, 0x00, 0x00, 0x00, 0x00, 0x00, 0x00,
    0x01, 0x00, 0x19, 0x42, 0x42, 0x42, 0x42, 0xE2, 0xFF, 0xFE, 0xFF, 0xFF, 0xFF, 0xFF, 0xFF, 0xFF,
    0xFF, 0xFF, 0xFF, 0xFF, 0xFF, 0xFF, 0xFE, 0xFF, 0xE2, 0x42, 0x42, 0x42, 0x42, 0x19, 0x00, 0x01,
    0x00, 0x00, 0x00, 0x00, 0x00, 0x00, 0x00, 0x00, 0x00, 0x00, 0x00, 0x00, 0x00, 0x00, 0x00, 0x00,
    0x00, 0x00, 0x00, 0x00, 0x00, 0x00, 0x00, 0x00, 0x00, 0x00, 0x00, 0x00, 0x00, 0x00, 0x00, 0x00,
    0x04, 0x00, 0x64, 0xFF, 0xFF, 0xFF, 0xFF, 0xFF, 0xFF, 0xFF, 0xFF, 0xFF, 0xFF, 0xFF, 0xFF, 0xFF,
    0xFF, 0xFF, 0xFF, 0xFF, 0xFF, 0xFF, 0xFF, 0xFF, 0xFF, 0xFF, 0xFF, 0xFF, 0xFF, 0x64, 0x00, 0x04,
    0x00, 0x00, 0x00, 0x00, 0x00, 0x00, 0x00, 0x00, 0x00, 0x00, 0x00, 0x00, 0x00, 0x00, 0x00, 0x00,
    0x00, 0x00, 0x00, 0x00, 0x00, 0x00, 0x00, 0x00, 0x00, 0x00, 0x00, 0x00, 0x00, 0x00, 0x00, 0x00,
    0x04, 0x00, 0x5F, 0xFD, 0xF9, 0xFD, 0xFD, 0xFF, 0xFF, 0xFF, 0xFF, 0xFF, 0xFF, 0xFF, 0xFF, 0xFF,
    0xFF, 0xFF, 0xFF, 0xFF, 0xFF, 0xFF, 0xFF, 0xFF, 0xFF, 0xFD, 0xFD, 0xF9, 0xFD, 0x5F, 0x00, 0x04,
    0x00, 0x00, 0x00, 0x00, 0x00, 0x00, 0x00, 0x00, 0x00, 0x00, 0x00, 0x00, 0x00, 0x00, 0x00, 0x00,
    0x00, 0x00, 0x00, 0x00, 0x00, 0x00, 0x00, 0x00, 0x00, 0x00, 0x00, 0x00, 0x00, 0x00, 0x00, 0x00,
    0x04, 0x00, 0x60, 0xFF, 0xFB, 0xFF, 0xFF, 0xFF, 0xFF, 0xFE, 0xFE, 0xFE, 0xFE, 0xFE, 0xFE, 0xFE,
    0xFE, 0xFE, 0xFE, 0xFE, 0xFE, 0xFE, 0xFE, 0xFF, 0xFF, 0xFF, 0xFF, 0xFB, 0xFF, 0x60, 0x00, 0x04,
    0x00, 0x00, 0x00, 0x00, 0x00, 0x00, 0x00, 0x00, 0x00, 0x00, 0x00, 0x00, 0x00, 0x00, 0x00, 0x00,
    0x00, 0x00, 0x00, 0x00, 0x00, 0x00, 0x00, 0x00, 0x00, 0x00, 0x00, 0x00, 0x00, 0x00, 0x00, 0x00,
    0x04, 0x00, 0x60, 0xFF, 0xFB, 0xFF, 0xFF, 0xFF, 0xFF, 0xFF, 0xFF, 0xFF, 0xFF, 0xFF, 0xFF, 0xFF,
    0xFF, 0xFF, 0xFF, 0xFF, 0xFF, 0xFF, 0xFF, 0xFF, 0xFF, 0xFF, 0xFF, 0xFB, 0xFF, 0x60, 0x00, 0x04,
    0x00, 0x00, 0x00, 0x00, 0x00, 0x00, 0x00, 0x00, 0x00, 0x00, 0x00, 0x00, 0x00, 0x00, 0x00, 0x00,
    0x00, 0x00, 0x00, 0x00, 0x00, 0x00, 0x00, 0x00, 0x00, 0x00, 0x00, 0x00, 0x00, 0x00, 0x00, 0x00,
    0x04, 0x00, 0x60, 0xFF, 0xFB, 0xFF, 0xFF, 0xFF, 0xFF, 0xFF, 0xFF, 0xFF, 0xFF, 0xFF, 0xFF, 0xFF,
    0xFF, 0xFF, 0xFF, 0xFF, 0xFF, 0xFF, 0xFF, 0xFF, 0xFF, 0xFF, 0xFF, 0xFB, 0xFF, 0x60, 0x00, 0x04,
    0x00, 0x00, 0x00, 0x00, 0x00, 0x00, 0x00, 0x00, 0x00, 0x00, 0x00, 0x00, 0x00, 0x00, 0x00, 0x00,
    0x00, 0x00, 0x00, 0x00, 0x00, 0x00, 0x00, 0x00, 0x00, 0x00, 0x00, 0x00, 0x00, 0x00, 0x00, 0x00,
    0x04, 0x00, 0x60, 0xFF, 0xFB, 0xFE, 0xFF, 0xF1, 0x36, 0x27, 0x28, 0x27, 0x27, 0x27, 0x27, 0x27,
    0x27, 0x27, 0x27, 0x27, 0x27, 0x28, 0x27, 0x36, 0xF1, 0xFF, 0xFE, 0xFB, 0xFF, 0x60, 0x00, 0x04,
    0x00, 0x00, 0x00, 0x00, 0x00, 0x00, 0x00, 0x00, 0x00, 0x00, 0x00, 0x00, 0x00, 0x00, 0x00, 0x00,
    0x00, 0x00, 0x00, 0x00, 0x00, 0x00, 0x00, 0x00, 0x00, 0x00, 0x00, 0x00, 0x00, 0x00, 0x00, 0x00,
    0x04, 0x00, 0x60, 0xFF, 0xFB, 0xFE, 0xFF, 0xED, 0x09, 0x00, 0x00, 0x00, 0x00, 0x00, 0x00, 0x00,
    0x00, 0x00, 0x00, 0x00, 0x00, 0x00, 0x00, 0x09, 0xED, 0xFF, 0xFE, 0xFB, 0xFF, 0x60, 0x00, 0x04,
    0x00, 0x00, 0x00, 0x00, 0x00, 0x00, 0x00, 0x00, 0x00, 0x00, 0x00, 0x00, 0x00, 0x00, 0x00, 0x00,
    0x00, 0x00, 0x00, 0x00, 0x00, 0x00, 0x00, 0x00, 0x00, 0x00, 0x00, 0x00, 0x00, 0x00, 0x00, 0x00,
    0x04, 0x00, 0x60, 0xFF, 0xFB, 0xFE, 0xFF, 0xEE, 0x13, 0x02, 0x03, 0x02, 0x02, 0x02, 0x02, 0x02,
    0x02, 0x02, 0x02, 0x02, 0x02, 0x03, 0x02, 0x13, 0xEE, 0xFF, 0xFE, 0xFB, 0xFF, 0x60, 0x00, 0x04,
    0x00, 0x00, 0x00, 0x00, 0x00, 0x00, 0x00, 0x00, 0x00, 0x00, 0x00, 0x00, 0x00, 0x00, 0x00, 0x00,
    0x00, 0x00, 0x00, 0x00, 0x00, 0x00, 0x00, 0x00, 0x00, 0x00, 0x00, 0x00, 0x00, 0x00, 0x00, 0x00,
    0x04, 0x00, 0x60, 0xFF, 0xFB, 0xFE, 0xFF, 0xEE, 0x14, 0x04, 0x05, 0x04, 0x04, 0x04, 0x04, 0x04,
    0x04, 0x04, 0x04, 0x04, 0x04, 0x05, 0x04, 0x14, 0xEE, 0xFF, 0xFE, 0xFB, 0xFF, 0x60, 0x00, 0x04,
    0x00, 0x00, 0x00, 0x00, 0x00, 0x00, 0x00, 0x00, 0x00, 0x00, 0x00, 0x00, 0x00, 0x00, 0x00, 0x00,
    0x00, 0x00, 0x00, 0x00, 0x00, 0x00, 0x00, 0x00, 0x00, 0x00, 0x00, 0x00, 0x00, 0x00, 0x00, 0x00,
    0x04, 0x00, 0x60, 0xFF, 0xFB, 0xFE, 0xFF, 0xEE, 0x02, 0x00, 0x00, 0x00, 0x00, 0x00, 0x00, 0x00,
    0x00, 0x00, 0x00, 0x00, 0x00, 0x00, 0x00, 0x02, 0xEE, 0xFF, 0xFE, 0xFB, 0xFF, 0x60, 0x00, 0x04,
    0x00, 0x00, 0x00, 0x00, 0x00, 0x00, 0x00, 0x00, 0x00, 0x00, 0x00, 0x00, 0x00, 0x00, 0x00, 0x00,
    0x00, 0x00, 0x00, 0x00, 0x00, 0x00, 0x00, 0x00, 0x00, 0x00, 0x00, 0x00, 0x00, 0x00, 0x00, 0x00,
    0x04, 0x00, 0x60, 0xFF, 0xFB, 0xFE, 0xFF, 0xED, 0x67, 0x7F, 0x7F, 0x7F, 0x7F, 0x7F, 0x7F, 0x7F,
    0x7F, 0x7F, 0x7F, 0x7F, 0x7F, 0x7F, 0x7F, 0x67, 0xED, 0xFF, 0xFE, 0xFB, 0xFF, 0x60, 0x00, 0x04,
    0x00, 0x00, 0x00, 0x00, 0x00, 0x00, 0x00, 0x00, 0x00, 0x00, 0x00, 0x00, 0x00, 0x00, 0x00, 0x00,
    0x00, 0x00, 0x00, 0x00, 0x00, 0x00, 0x00, 0x00, 0x00, 0x00, 0x00, 0x00, 0x00, 0x00, 0x00, 0x00,
    0x04, 0x00, 0x60, 0xFF, 0xFB, 0xFF, 0xFF, 0xFE, 0xFF, 0xFF, 0xFF, 0xFF, 0xFF, 0xFF, 0xFF, 0xFF,
    0xFF, 0xFF, 0xFF, 0xFF, 0xFF, 0xFF, 0xFF, 0xFF, 0xFE, 0xFF, 0xFF, 0xFB, 0xFF, 0x60, 0x00, 0x04,
    0x00, 0x00, 0x00, 0x00, 0x00, 0x00, 0x00, 0x00, 0x00, 0x00, 0x00, 0x00, 0x00, 0x00, 0x00, 0x00,
    0x00, 0x00, 0x00, 0x00, 0x00, 0x00, 0x00, 0x00, 0x00, 0x00, 0x00, 0x00, 0x00, 0x00, 0x00, 0x00,
    0x04, 0x00, 0x60, 0xFF, 0xFB, 0xFF, 0xFF, 0xFF, 0xFC, 0xFB, 0xFB, 0xFB, 0xFB, 0xFB, 0xFB, 0xFB,
    0xFB, 0xFB, 0xFB, 0xFB, 0xFB, 0xFB, 0xFB, 0xFC, 0xFF, 0xFF, 0xFF, 0xFB, 0xFF, 0x60, 0x00, 0x04,
    0x00, 0x00, 0x00, 0x00, 0x00, 0x00, 0x00, 0x00, 0x00, 0x00, 0x00, 0x00, 0x00, 0x00, 0x00, 0x00,
    0x00, 0x00, 0x00, 0x00, 0x00, 0x00, 0x00, 0x00, 0x00, 0x00, 0x00, 0x00, 0x00, 0x00, 0x00, 0x00,
    0x04, 0x00, 0x60, 0xFF, 0xFB, 0xFF, 0xFF, 0xFF, 0xFC, 0xFD, 0xFD, 0xFD, 0xFD, 0xFD, 0xFD, 0xFD,
    0xFD, 0xFD, 0xFD, 0xFD, 0xFD, 0xFD, 0xFD, 0xFC, 0xFF, 0xFF, 0xFF, 0xFB, 0xFF, 0x60, 0x00, 0x04,
    0x00, 0x00, 0x00, 0x00, 0x00, 0x00, 0x00, 0x00, 0x00, 0x00, 0x00, 0x00, 0x00, 0x00, 0x00, 0x00,
    0x00, 0x00, 0x00, 0x00, 0x00, 0x00, 0x00, 0x00, 0x00, 0x00, 0x00, 0x00, 0x00, 0x00, 0x00, 0x00,
    0x04, 0x00, 0x60, 0xFF, 0xFB, 0xFF, 0xFF, 0xFF, 0xFF, 0xFF, 0xFF, 0xFF, 0xFF, 0xFF, 0xFF, 0xFF,
    0xFF, 0xFF, 0xFF, 0xFF, 0xFF, 0xFF, 0xFF, 0xFF, 0xFF, 0xFF, 0xFF, 0xFB, 0xFF, 0x60, 0x00, 0x04,
    0x00, 0x00, 0x00, 0x00, 0x00, 0x00, 0x00, 0x00, 0x00, 0x00, 0x00, 0x00, 0x00, 0x00, 0x00, 0x00,
    0x00, 0x00, 0x00, 0x00, 0x00, 0x00, 0x00, 0x00, 0x00, 0x00, 0x00, 0x00, 0x00, 0x00, 0x00, 0x00,
    0x04, 0x00, 0x60, 0xFF, 0xFB, 0xFE, 0xFF, 0xF3, 0xBC, 0xD8, 0xD7, 0xD8, 0xD8, 0xD8, 0xD8, 0xD8,
    0xD8, 0xD8, 0xD8, 0xD8, 0xD8, 0xD7, 0xD8, 0xBC, 0xF3, 0xFF, 0xFE, 0xFB, 0xFF, 0x60, 0x00, 0x04,
    0x00, 0x00, 0x00, 0x00, 0x00, 0x00, 0x00, 0x00, 0x00, 0x00, 0x00, 0x00, 0x00, 0x00, 0x00, 0x00,
    0x00, 0x00, 0x00, 0x00, 0x00, 0x00, 0x00, 0x00, 0x00, 0x00, 0x00, 0x00, 0x00, 0x00, 0x00, 0x00,
    0x04, 0x00, 0x60, 0xFF, 0xFB, 0xFE, 0xFF, 0xEC, 0x08, 0x00, 0x01, 0x00, 0x00, 0x00, 0x00, 0x00,
    0x00, 0x00, 0x00, 0x00, 0x00, 0x01, 0x00, 0x08, 0xEC, 0xFF, 0xFE, 0xFB, 0xFF, 0x60, 0x00, 0x04,
    0x00, 0x00, 0x00, 0x00, 0x00, 0x00, 0x00, 0x00, 0x00, 0x00, 0x00, 0x00, 0x00, 0x00, 0x00, 0x00,
    0x00, 0x00, 0x00, 0x00, 0x00, 0x00, 0x00, 0x00, 0x00, 0x00, 0x00, 0x00, 0x00, 0x00, 0x00, 0x00,
    0x04, 0x00, 0x60, 0xFF, 0xFB, 0xFE, 0xFF, 0xEF, 0x13, 0x00, 0x00, 0x00, 0x00, 0x00, 0x00, 0x00,
    0x00, 0x00, 0x00, 0x00, 0x00, 0x00, 0x00, 0x13, 0xEF, 0xFF, 0xFE, 0xFB, 0xFF, 0x60, 0x00, 0x04,
    0x00, 0x00, 0x00, 0x00, 0x00, 0x00, 0x00, 0x00, 0x00, 0x00, 0x00, 0x00, 0x00, 0x00, 0x00, 0x00,
    0x00, 0x00, 0x00, 0x00, 0x00, 0x00, 0x00, 0x00, 0x00, 0x00, 0x00, 0x00, 0x00, 0x00, 0x00, 0x00,
    0x04, 0x00, 0x60, 0xFF, 0xFB, 0xFE, 0xFF, 0xEE, 0x11, 0x01, 0x02, 0x01, 0x01, 0x01, 0x01, 0x01,
    0x01, 0x01, 0x01, 0x01, 0x01, 0x02, 0x01, 0x11, 0xEE, 0xFF, 0xFE, 0xFB, 0xFF, 0x60, 0x00, 0x04,
    0x00, 0x00, 0x00, 0x00, 0x00, 0x00, 0x00, 0x00, 0x00, 0x00, 0x00, 0x00, 0x00, 0x00, 0x00, 0x00,
    0x00, 0x00, 0x00, 0x00, 0x00, 0x00, 0x00, 0x00, 0x00, 0x00, 0x00, 0x00, 0x00, 0x00, 0x00, 0x00,
    0x04, 0x00, 0x60, 0xFF, 0xFB, 0xFE, 0xFF, 0xEE, 0x11, 0x00, 0x01, 0x00, 0x00, 0x00, 0x00, 0x00,
    0x00, 0x00, 0x00, 0x00, 0x00, 0x01, 0x00, 0x11, 0xEE, 0xFF, 0xFE, 0xFB, 0xFF, 0x60, 0x00, 0x04,
    0x00, 0x00, 0x00, 0x00, 0x00, 0x00, 0x00, 0x00, 0x00, 0x00, 0x00, 0x00, 0x00, 0x00, 0x00, 0x00,
    0x00, 0x00, 0x00, 0x00, 0x00, 0x00, 0x00, 0x00, 0x00, 0x00, 0x00, 0x00, 0x00, 0x00, 0x00, 0x00,
    0x04, 0x00, 0x60, 0xFF, 0xFB, 0xFE, 0xFF, 0xEE, 0x11, 0x00, 0x01, 0x00, 0x00, 0x00, 0x00, 0x00,
    0x00, 0x00, 0x00, 0x00, 0x00, 0x01, 0x00, 0x11, 0xEE, 0xFF, 0xFE, 0xFB, 0xFF, 0x60, 0x00, 0x04,
    0x00, 0x00, 0x00, 0x00, 0x00, 0x00, 0x00, 0x00, 0x00, 0x00, 0x00, 0x00, 0x00, 0x00, 0x00, 0x00,
    0x00, 0x00, 0x00, 0x00, 0x00, 0x00, 0x00, 0x00, 0x00, 0x00, 0x00, 0x00, 0x00, 0x00, 0x00, 0x00,
    0x04, 0x00, 0x60, 0xFF, 0xFB, 0xFE, 0xFF, 0xEE, 0x11, 0x00, 0x01, 0x00, 0x00, 0x00, 0x00, 0x00,
    0x00, 0x00, 0x00, 0x00, 0x00, 0x01, 0x00, 0x11, 0xEE, 0xFF, 0xFE, 0xFB, 0xFF, 0x60, 0x00, 0x04,
    0x00, 0x00, 0x00, 0x00, 0x00, 0x00, 0x00, 0x00, 0x00, 0x00, 0x00, 0x00, 0x00, 0x00, 0x00, 0x00,
    0x00, 0x00, 0x00, 0x00, 0x00, 0x00, 0x00, 0x00, 0x00, 0x00, 0x00, 0x00, 0x00, 0x00, 0x00, 0x00,
    0x04, 0x00, 0x60, 0xFF, 0xFB, 0xFE, 0xFF, 0xEE, 0x11, 0x00, 0x01, 0x00, 0x00, 0x00, 0x00, 0x00,
    0x00, 0x00, 0x00, 0x00, 0x00, 0x01, 0x00, 0x11, 0xEE, 0xFF, 0xFE, 0xFB, 0xFF, 0x60, 0x00, 0x04,
    0x00, 0x00, 0x00, 0x00, 0x00, 0x00, 0x00, 0x00, 0x00, 0x00, 0x00, 0x00, 0x00, 0x00, 0x00, 0x00,
    0x00, 0x00, 0x00, 0x00, 0x00, 0x00, 0x00, 0x00, 0x00, 0x00, 0x00, 0x00, 0x00, 0x00, 0x00, 0x00,
    0x04, 0x00, 0x60, 0xFF, 0xFB, 0xFE, 0xFF, 0xEE, 0x11, 0x00, 0x01, 0x00, 0x00, 0x00, 0x00, 0x00,
    0x00, 0x00, 0x00, 0x00, 0x00, 0x01, 0x00, 0x11, 0xEE, 0xFF, 0xFE, 0xFB, 0xFF, 0x60, 0x00, 0x04,
    0x00, 0x00, 0x00, 0x00, 0x00, 0x00, 0x00, 0x00, 0x00, 0x00, 0x00, 0x00, 0x00, 0x00, 0x00, 0x00,
    0x00, 0x00, 0x00, 0x00, 0x00, 0x00, 0x00, 0x00, 0x00, 0x00, 0x00, 0x00, 0x00, 0x00, 0x00, 0x00,
    0x04, 0x00, 0x60, 0xFF, 0xFB, 0xFE, 0xFF, 0xEE, 0x11, 0x00, 0x01, 0x00, 0x00, 0x00, 0x00, 0x00,
    0x00, 0x00, 0x00, 0x00, 0x00, 0x01, 0x00, 0x11, 0xEE, 0xFF, 0xFE, 0xFB, 0xFF, 0x60, 0x00, 0x04,
    0x00, 0x00, 0x00, 0x00, 0x00, 0x00, 0x00, 0x00, 0x00, 0x00, 0x00, 0x00, 0x00, 0x00, 0x00, 0x00,
    0x00, 0x00, 0x00, 0x00, 0x00, 0x00, 0x00, 0x00, 0x00, 0x00, 0x00, 0x00, 0x00, 0x00, 0x00, 0x00,
    0x04, 0x00, 0x60, 0xFF, 0xFB, 0xFE, 0xFF, 0xEE, 0x11, 0x00, 0x01, 0x00, 0x00, 0x00, 0x00, 0x00,
    0x00, 0x00, 0x00, 0x00, 0x00, 0x01, 0x00, 0x11, 0xEE, 0xFF, 0xFE, 0xFB, 0xFF, 0x60, 0x00, 0x04,
    0x00, 0x00, 0x00, 0x00, 0x00, 0x00, 0x00, 0x00, 0x00, 0x00, 0x00, 0x00, 0x00, 0x00, 0x00, 0x00,
    0x00, 0x00, 0x00, 0x00, 0x00, 0x00, 0x00, 0x00, 0x00, 0x00, 0x00, 0x00, 0x00, 0x00, 0x00, 0x00,
    0x04, 0x00, 0x60, 0xFF, 0xFB, 0xFE, 0xFF, 0xEE, 0x11, 0x00, 0x01, 0x00, 0x00, 0x00, 0x00, 0x00,
    0x00, 0x00, 0x00, 0x00, 0x00, 0x01, 0x00, 0x11, 0xEE, 0xFF, 0xFE, 0xFB, 0xFF, 0x60, 0x00, 0x04,
    0x00, 0x00, 0x00, 0x00, 0x00, 0x00, 0x00, 0x00, 0x00, 0x00, 0x00, 0x00, 0x00, 0x00, 0x00, 0x00,
    0x00, 0x00, 0x00, 0x00, 0x00, 0x00, 0x00, 0x00, 0x00, 0x00, 0x00, 0x00, 0x00, 0x00, 0x00, 0x00,
    0x04, 0x00, 0x60, 0xFF, 0xFB, 0xFE, 0xFF, 0xEE, 0x14, 0x03, 0x04, 0x03, 0x03, 0x03, 0x03, 0x03,
    0x03, 0x03, 0x03, 0x03, 0x03, 0x04, 0x03, 0x14, 0xEE, 0xFF, 0xFE, 0xFB, 0xFF, 0x60, 0x00, 0x04,
    0x00, 0x00, 0x00, 0x00, 0x00, 0x00, 0x00, 0x00, 0x00, 0x00, 0x00, 0x00, 0x00, 0x00, 0x00, 0x00,
    0x00, 0x00, 0x00, 0x00, 0x00, 0x00, 0x00, 0x00, 0x00, 0x00, 0x00, 0x00, 0x00, 0x00, 0x00, 0x00,
    0x04, 0x00, 0x60, 0xFF, 0xFB, 0xFE, 0xFF, 0xED, 0x03, 0x00, 0x00, 0x00, 0x00, 0x00, 0x00, 0x00,
    0x00, 0x00, 0x00, 0x00, 0x00, 0x00, 0x00, 0x03, 0xED, 0xFF, 0xFE, 0xFB, 0xFF, 0x60, 0x00, 0x04,
    0x00, 0x00, 0x00, 0x00, 0x00, 0x00, 0x00, 0x00, 0x00, 0x00, 0x00, 0x00, 0x00, 0x00, 0x00, 0x00,
    0x00, 0x00, 0x00, 0x00, 0x00, 0x00, 0x00, 0x00, 0x00, 0x00, 0x00, 0x00, 0x00, 0x00, 0x00, 0x00,
    0x04, 0x00, 0x60, 0xFE, 0xFB, 0xFE, 0xFF, 0xF6, 0x57, 0x42, 0x43, 0x42, 0x42, 0x42, 0x42, 0x42,
    0x42, 0x42, 0x42, 0x42, 0x42, 0x43, 0x42, 0x57, 0xF6, 0xFF, 0xFE, 0xFB, 0xFE, 0x60, 0x00, 0x04,
    0x00, 0x00, 0x00, 0x00, 0x00, 0x00, 0x00, 0x00, 0x00, 0x00, 0x00, 0x00, 0x00, 0x00, 0x00, 0x00,
    0x00, 0x00, 0x00, 0x00, 0x00, 0x00, 0x00, 0x00, 0x00, 0x00, 0x00, 0x00, 0x00, 0x00, 0x00, 0x00,
    0x03, 0x00, 0x3B, 0xFF, 0xFD, 0xFF, 0xFF, 0xFF, 0xFF, 0xFF, 0xFF, 0xFF, 0xFF, 0xFF, 0xFF, 0xFF,
    0xFF, 0xFF, 0xFF, 0xFF, 0xFF, 0xFF, 0xFF, 0xFF, 0xFF, 0xFF, 0xFF, 0xFD, 0xFF, 0x3B, 0x00, 0x03,
    0x00, 0x00, 0x00, 0x00, 0x00, 0x00, 0x00, 0x00, 0x00, 0x00, 0x00, 0x00, 0x00, 0x00, 0x00, 0x00,
    0x00, 0x00, 0x00, 0x00, 0x00, 0x00, 0x00, 0x00, 0x00, 0x00, 0x00, 0x00, 0x00, 0x00, 0x00, 0x00,
    0x01, 0x01, 0x07, 0xE1, 0xFE, 0xFC, 0xFF, 0xFF, 0xFD, 0xFD, 0xFD, 0xFD, 0xFD, 0xFD, 0xFD, 0xFD,
    0xFD, 0xFD, 0xFD, 0xFD, 0xFD, 0xFD, 0xFD, 0xFD, 0xFF, 0xFF, 0xFC, 0xFE, 0xE1, 0x07, 0x01, 0x01,
    0x00, 0x00, 0x00, 0x00, 0x00, 0x00, 0x00, 0x00, 0x00, 0x00, 0x00, 0x00, 0x00, 0x00, 0x00, 0x00,
    0x00, 0x00, 0x00, 0x00, 0x00, 0x00, 0x00, 0x00, 0x00, 0x00, 0x00, 0x00, 0x00, 0x00, 0x00, 0x00,
    0x00, 0x03, 0x00, 0x55, 0xFF, 0xFC, 0xFB, 0xFE, 0xFE, 0xFE, 0xFE, 0xFE, 0xFE, 0xFE, 0xFE, 0xFE,
    0xFE, 0xFE, 0xFE, 0xFE, 0xFE, 0xFE, 0xFE, 0xFE, 0xFE, 0xFB, 0xFC, 0xFF, 0x55, 0x00, 0x03, 0x00,
    0x00, 0x00, 0x00, 0x00, 0x00, 0x00, 0x00, 0x00, 0x00, 0x00, 0x00, 0x00, 0x00, 0x00, 0x00, 0x00,
    0x00, 0x00, 0x00, 0x00, 0x00, 0x00, 0x00, 0x00, 0x00, 0x00, 0x00, 0x00, 0x00, 0x00, 0x00, 0x00,
    0x00, 0x00, 0x03, 0x00, 0x72, 0xFF, 0xFF, 0xFF, 0xFF, 0xFF, 0xFF, 0xFF, 0xFF, 0xFF, 0xFF, 0xFF,
    0xFF, 0xFF, 0xFF, 0xFF, 0xFF, 0xFF, 0xFF, 0xFF, 0xFF, 0xFF, 0xFF, 0x72, 0x00, 0x03, 0x00, 0x00,
    0x00, 0x00, 0x00, 0x00, 0x00, 0x00, 0x00, 0x00, 0x00, 0x00, 0x00, 0x00, 0x00, 0x00, 0x00, 0x00,
    0x00, 0x00, 0x00, 0x00, 0x00, 0x00, 0x00, 0x00, 0x00, 0x00, 0x00, 0x00, 0x00, 0x00, 0x00, 0x00,
    0x00, 0x00, 0x00, 0x03, 0x00, 0x47, 0xBA, 0xED, 0xFE, 0xFE, 0xFF, 0xFF, 0xFF, 0xFF, 0xFF, 0xFF,
    0xFF, 0xFF, 0xFF, 0xFF, 0xFF, 0xFF, 0xFE, 0xFE, 0xED, 0xBA, 0x47, 0x00, 0x03, 0x00, 0x00, 0x00,
    0x00, 0x00, 0x00, 0x00, 0x00, 0x00, 0x00, 0x00, 0x00, 0x00, 0x00, 0x00, 0x00, 0x00, 0x00, 0x00,
    0x00, 0x00, 0x00, 0x00, 0x00, 0x00, 0x00, 0x00, 0x00, 0x00, 0x00, 0x00, 0x00, 0x00, 0x00, 0x00,
    0x00, 0x00, 0x00, 0x00, 0x02, 0x00, 0x00, 0x15, 0x27, 0x27, 0x27, 0x27, 0x27, 0x27, 0x27, 0x27,
    0x27, 0x27, 0x27, 0x27, 0x27, 0x27, 0x27, 0x27, 0x15, 0x00, 0x00, 0x02, 0x00, 0x00, 0x00, 0x00,
    0x00, 0x00, 0x00, 0x00, 0x00, 0x00, 0x00, 0x00, 0x00, 0x00, 0x00, 0x00, 0x00, 0x00, 0x00, 0x00,
    0x00, 0x00, 0x00, 0x00, 0x00, 0x00, 0x00, 0x00, 0x00, 0x00, 0x00, 0x00, 0x00, 0x00, 0x00, 0x00,
    0x00, 0x00, 0x00, 0x00, 0x00, 0x03, 0x02, 0x00, 0x00, 0x00, 0x00, 0x00, 0x00, 0x00, 0x00, 0x00,
    0x00, 0x00, 0x00, 0x00, 0x00, 0x00, 0x00, 0x00, 0x00, 0x02, 0x03, 0x00, 0x00, 0x00, 0x00, 0x00,
    0x00, 0x00, 0x00, 0x00, 0x00, 0x00, 0x00, 0x00, 0x00, 0x00, 0x00, 0x00, 0x00, 0x00, 0x00, 0x00,
    0x00, 0x00, 0x00, 0x00, 0x00, 0x00, 0x00, 0x00, 0x00, 0x00, 0x00, 0x00, 0x00, 0x00, 0x00, 0x00,
    0x00, 0x00, 0x00, 0x00, 0x00, 0x00, 0x00, 0x01, 0x02, 0x02, 0x02, 0x02, 0x02, 0x02, 0x02, 0x02,
    0x02, 0x02, 0x02, 0x02, 0x02, 0x02, 0x02, 0x02, 0x01, 0x00, 0x00, 0x00, 0x00, 0x00, 0x00, 0x00,
    0x00, 0x00, 0x00, 0x00, 0x00, 0x00, 0x00, 0x00, 0x00, 0x00, 0x00, 0x00, 0x00, 0x00, 0x00, 0x00,
    0x00, 0x00, 0x00, 0x00, 0x00, 0x00, 0x00, 0x00, 0x00, 0x00, 0x00, 0x00, 0x00, 0x00, 0x00, 0x00,
    0x00, 0x00, 0x00, 0x00, 0x00, 0x00, 0x00, 0x00, 0x00, 0x00, 0x00, 0x00, 0x00, 0x00, 0x00, 0x00,
    0x00, 0x00, 0x00, 0x00, 0x00, 0x00, 0x00, 0x00, 0x00, 0x00, 0x00, 0x00, 0x00, 0x00, 0x00, 0x00,
    0x00, 0x00, 0x00, 0x00, 0x00, 0x00, 0x00, 0x00, 0x00, 0x00, 0x00, 0x00, 0x00, 0x00, 0x00, 0x00,
    0x00, 0x00, 0x00, 0x00, 0x00, 0x00, 0x00, 0x00, 0x00, 0x00, 0x00, 0x00, 0x00, 0x00, 0x00, 0x00,
    0x00, 0x00, 0x00, 0x00, 0x00, 0x00, 0x00, 0x00, 0x00, 0x00, 0x00, 0x00, 0x00, 0x00, 0x00, 0x00,
    0x00, 0x00, 0x00, 0x00, 0x00, 0x00, 0x00, 0x00, 0x00, 0x00, 0x00, 0x00, 0x00, 0x00, 0x00, 0x00,
    0x00, 0x00, 0x00, 0x00, 0x00, 0x00, 0x00, 0x00, 0x00, 0x00, 0x00, 0x00, 0x00, 0x00, 0x00, 0x00,
    0x00, 0x00, 0x00, 0x00, 0x00, 0x00, 0x00, 0x00, 0x00, 0x00, 0x00, 0x00, 0x00, 0x00, 0x00, 0x00,
    0x00, 0x00, 0x00, 0x00, 0x00, 0x00, 0x00, 0x00, 0x00, 0x00, 0x00, 0x00, 0x00, 0x00, 0x00, 0x00,
    0x00, 0x00, 0x00, 0x00, 0x00, 0x00, 0x00, 0x00, 0x00, 0x00, 0x00, 0x00, 0x00, 0x00, 0x00, 0x00,
    0x00, 0x00, 0x00, 0x00, 0x00, 0x00, 0x00, 0x00, 0x00, 0x00, 0x00, 0x00, 0x00, 0x00, 0x00, 0x00,
    0x00, 0x00, 0x00, 0x00, 0x00, 0x00, 0x00, 0x00, 0x00, 0x00, 0x00, 0x00, 0x00, 0x00, 0x00, 0x00,
    0x00, 0x00, 0x00, 0x00, 0x00, 0x00, 0x00, 0x00, 0x00, 0x00, 0x00, 0x00, 0x00, 0x00, 0x00, 0x00,
    0x00, 0x00, 0x00, 0x00, 0x00, 0x00, 0x00, 0x00, 0x00, 0x00, 0x00, 0x00, 0x00, 0x00, 0x00, 0x00,
    0x00, 0x00, 0x00, 0x00, 0x00, 0x00, 0x00, 0x00, 0x00, 0x00, 0x00, 0x00, 0x00, 0x00, 0x00, 0x00,
};
const lv_image_dsc_t ui_feed_icon_usb_stick_64 = {
    .header = {.magic = LV_IMAGE_HEADER_MAGIC, .cf = LV_COLOR_FORMAT_A8,
               .w = 64, .h = 64, .stride = 64},
    .data_size = sizeof(s_usb_stick_64),
    .data = s_usb_stick_64,
};

static const uint8_t s_sd_card_24[] = {
    0x00, 0x00, 0x00, 0x00, 0x00, 0x00, 0x00, 0x00, 0x02, 0x00, 0x0B, 0x11, 0x11, 0x11, 0x11, 0x11,
    0x11, 0x12, 0x07, 0x00, 0x01, 0x00, 0x00, 0x00, 0x00, 0x00, 0x00, 0x00, 0x00, 0x00, 0x01, 0x03,
    0x00, 0x73, 0xDF, 0xEC, 0xEE, 0xEE, 0xEE, 0xEE, 0xEE, 0xEC, 0xD9, 0x50, 0x00, 0x02, 0x00, 0x00,
    0x00, 0x00, 0x00, 0x00, 0x00, 0x01, 0x04, 0x00, 0x7F, 0xFF, 0xFF, 0xF3, 0xF4, 0xF3, 0xF3, 0xF3,
    0xF3, 0xF3, 0xFF, 0xE7, 0x08, 0x01, 0x01, 0x00, 0x00, 0x00, 0x00, 0x00, 0x01, 0x04, 0x00, 0x7E,
    0xFF, 0xFF, 0x61, 0x10, 0x13, 0x11, 0x10, 0x12, 0x11, 0x1F, 0xF1, 0xF2, 0x11, 0x00, 0x01, 0x00,
    0x00, 0x00, 0x00, 0x00, 0x04, 0x00, 0x7E, 0xFF, 0xFE, 0x5F, 0x00, 0x00, 0x00, 0x00, 0x00, 0x00,
    0x00, 0x0D, 0xF2, 0xF1, 0x10, 0x00, 0x01, 0x00, 0x00, 0x00, 0x00, 0x03, 0x00, 0x7F, 0xFF, 0xFF,
    0x5F, 0x00, 0x08, 0x00, 0x04, 0x04, 0x00, 0x05, 0x03, 0x0E, 0xF3, 0xF2, 0x10, 0x00, 0x01, 0x00,
    0x00, 0x00, 0x03, 0x00, 0x74, 0xFF, 0xFE, 0x5F, 0x00, 0xC8, 0xC2, 0x0A, 0xC3, 0xC3, 0x0A, 0xC3,
    0xBF, 0x10, 0xF2, 0xF3, 0x10, 0x00, 0x01, 0x00, 0x00, 0x01, 0x00, 0x0B, 0xEC, 0xFB, 0x61, 0x00,
    0x14, 0xFA, 0xF4, 0x21, 0xF5, 0xF5, 0x21, 0xF5, 0xF6, 0x21, 0xEE, 0xF3, 0x10, 0x00, 0x01, 0x00,
    0x00, 0x01, 0x00, 0x11, 0xF2, 0xF1, 0x07, 0x02, 0x12, 0xFA, 0xF4, 0x21, 0xF5, 0xF5, 0x21, 0xF5,
    0xF5, 0x21, 0xEE, 0xF3, 0x10, 0x00, 0x01, 0x00, 0x00, 0x01, 0x00, 0x10, 0xF1, 0xF2, 0x13, 0x00,
    0x06, 0xC3, 0xC2, 0x0A, 0xC3, 0xC3, 0x0A, 0xC3, 0xBF, 0x10, 0xF2, 0xF3, 0x10, 0x00, 0x01, 0x00,
    0x00, 0x01, 0x00, 0x10, 0xF2, 0xF2, 0x10, 0x00, 0x00, 0x03, 0x03, 0x00, 0x03, 0x03, 0x00, 0x04,
    0x02, 0x0D, 0xF3, 0xF2, 0x10, 0x00, 0x01, 0x00, 0x00, 0x01, 0x00, 0x10, 0xF2, 0xF2, 0x10, 0x00,
    0x01, 0x00, 0x00, 0x00, 0x00, 0x00, 0x00, 0x00, 0x00, 0x11, 0xF2, 0xF2, 0x10, 0x00, 0x01, 0x00,
    0x00, 0x01, 0x00, 0x10, 0xF2, 0xF2, 0x10, 0x00, 0x01, 0x01, 0x01, 0x00, 0x01, 0x01, 0x00, 0x02,
    0x01, 0x10, 0xF2, 0xF2, 0x10, 0x00, 0x01, 0x00, 0x00, 0x01, 0x00, 0x10, 0xF2, 0xF2, 0x10, 0x00,
    0x01, 0x00, 0x00, 0x00, 0x00, 0x00, 0x00, 0x01, 0x00, 0x10, 0xF2, 0xF2, 0x10, 0x00, 0x01, 0x00,
    0x00, 0x01, 0x00, 0x10, 0xF2, 0xF2, 0x10, 0x00, 0x01, 0x00, 0x00, 0x00, 0x00, 0x00, 0x00, 0x01,
    0x00, 0x10, 0xF2, 0xF2, 0x10, 0x00, 0x01, 0x00, 0x00, 0x01, 0x00, 0x10, 0xF2, 0xF2, 0x10, 0x00,
    0x01, 0x00, 0x00, 0x00, 0x00, 0x00, 0x00, 0x01, 0x00, 0x10, 0xF2, 0xF2, 0x10, 0x00, 0x01, 0x00,
    0x00, 0x01, 0x00, 0x10, 0xF2, 0xF2, 0x11, 0x01, 0x02, 0x01, 0x01, 0x01, 0x01, 0x01, 0x01, 0x02,
    0x01, 0x11, 0xF2, 0xF2, 0x10, 0x00, 0x01, 0x00, 0x00, 0x01, 0x00, 0x10, 0xF1, 0xF2, 0x0C, 0x00,
    0x00, 0x00, 0x00, 0x00, 0x00, 0x00, 0x00, 0x00, 0x00, 0x0C, 0xF2, 0xF1, 0x10, 0x00, 0x01, 0x00,
    0x00, 0x01, 0x00, 0x11, 0xF2, 0xF1, 0x1F, 0x10, 0x11, 0x10, 0x10, 0x10, 0x10, 0x10, 0x10, 0x11,
    0x10, 0x1F, 0xF1, 0xF2, 0x11, 0x00, 0x01, 0x00, 0x00, 0x01, 0x01, 0x08, 0xE6, 0xFF, 0xF1, 0xF2,
    0xF2, 0xF2, 0xF2, 0xF2, 0xF2, 0xF2, 0xF2, 0xF2, 0xF2, 0xF1, 0xFF, 0xE6, 0x08, 0x01, 0x01, 0x00,
    0x00, 0x00, 0x02, 0x00, 0x51, 0xDD, 0xF0, 0xF2, 0xF2, 0xF2, 0xF2, 0xF2, 0xF2, 0xF2, 0xF2, 0xF2,
    0xF2, 0xF0, 0xDD, 0x51, 0x00, 0x02, 0x00, 0x00, 0x00, 0x00, 0x00, 0x01, 0x00, 0x06, 0x10, 0x10,
    0x10, 0x10, 0x10, 0x10, 0x10, 0x10, 0x10, 0x10, 0x10, 0x10, 0x06, 0x00, 0x01, 0x00, 0x00, 0x00,
    0x00, 0x00, 0x00, 0x00, 0x02, 0x00, 0x00, 0x00, 0x00, 0x00, 0x00, 0x00, 0x00, 0x00, 0x00, 0x00,
    0x00, 0x00, 0x00, 0x02, 0x00, 0x00, 0x00, 0x00, 0x00, 0x00, 0x00, 0x00, 0x00, 0x01, 0x01, 0x01,
    0x01, 0x01, 0x01, 0x01, 0x01, 0x01, 0x01, 0x01, 0x01, 0x01, 0x01, 0x00, 0x00, 0x00, 0x00, 0x00,
};
const lv_image_dsc_t ui_feed_icon_sd_card_24 = {
    .header = {.magic = LV_IMAGE_HEADER_MAGIC, .cf = LV_COLOR_FORMAT_A8,
               .w = 24, .h = 24, .stride = 24},
    .data_size = sizeof(s_sd_card_24),
    .data = s_sd_card_24,
};

static const uint8_t s_sd_card_32[] = {
    0x00, 0x00, 0x00, 0x00, 0x00, 0x00, 0x00, 0x00, 0x00, 0x00, 0x00, 0x01, 0x00, 0x00, 0x00, 0x00,
    0x00, 0x00, 0x00, 0x00, 0x00, 0x00, 0x00, 0x00, 0x00, 0x00, 0x02, 0x00, 0x00, 0x00, 0x00, 0x00,
    0x00, 0x00, 0x00, 0x00, 0x00, 0x00, 0x00, 0x00, 0x00, 0x00, 0x02, 0x00, 0x0D, 0x81, 0xAD, 0xAE,
    0xAF, 0xAF, 0xAF, 0xAF, 0xAF, 0xAF, 0xAE, 0xAF, 0xA1, 0x3E, 0x00, 0x01, 0x00, 0x00, 0x00, 0x00,
    0x00, 0x00, 0x00, 0x00, 0x00, 0x00, 0x00, 0x00, 0x00, 0x03, 0x00, 0x12, 0xCA, 0xFF, 0xFF, 0xFF,
    0xFF, 0xFF, 0xFF, 0xFF, 0xFF, 0xFF, 0xFF, 0xFF, 0xFF, 0xFE, 0x3C, 0x00, 0x03, 0x00, 0x00, 0x00,
    0x00, 0x00, 0x00, 0x00, 0x00, 0x00, 0x00, 0x00, 0x03, 0x00, 0x11, 0xCA, 0xFF, 0xFF, 0xF1, 0xE3,
    0xE4, 0xE3, 0xE3, 0xE3, 0xE3, 0xE3, 0xE3, 0xE5, 0xF5, 0xFF, 0xA0, 0x00, 0x04, 0x00, 0x00, 0x00,
    0x00, 0x00, 0x00, 0x00, 0x00, 0x00, 0x00, 0x03, 0x00, 0x11, 0xCA, 0xFF, 0xFF, 0xD2, 0x23, 0x0D,
    0x0D, 0x0C, 0x0C, 0x0C, 0x0C, 0x0D, 0x0C, 0x1C, 0xEB, 0xFE, 0xA9, 0x00, 0x03, 0x00, 0x00, 0x00,
    0x00, 0x00, 0x00, 0x00, 0x00, 0x00, 0x03, 0x00, 0x11, 0xCA, 0xFF, 0xFF, 0xD3, 0x18, 0x00, 0x00,
    0x00, 0x00, 0x00, 0x00, 0x00, 0x00, 0x00, 0x0E, 0xEA, 0xFF, 0xA7, 0x00, 0x03, 0x00, 0x00, 0x00,
    0x00, 0x00, 0x00, 0x00, 0x00, 0x02, 0x00, 0x11, 0xCA, 0xFF, 0xFF, 0xD3, 0x17, 0x00, 0x05, 0x01,
    0x01, 0x00, 0x02, 0x01, 0x01, 0x00, 0x03, 0x12, 0xEA, 0xFF, 0xA8, 0x00, 0x03, 0x00, 0x00, 0x00,
    0x00, 0x00, 0x00, 0x00, 0x01, 0x00, 0x11, 0xCA, 0xFF, 0xFF, 0xD3, 0x17, 0x00, 0x14, 0x00, 0x00,
    0x00, 0x11, 0x00, 0x00, 0x00, 0x12, 0x00, 0x11, 0xEA, 0xFF, 0xA8, 0x00, 0x03, 0x00, 0x00, 0x00,
    0x00, 0x00, 0x00, 0x01, 0x02, 0x0F, 0xC9, 0xFF, 0xFF, 0xD3, 0x19, 0x00, 0xA5, 0xEC, 0x5C, 0x00,
    0xA5, 0xEC, 0x5B, 0x00, 0xA5, 0xEC, 0x57, 0x04, 0xED, 0xFF, 0xA8, 0x00, 0x03, 0x00, 0x00, 0x00,
    0x00, 0x00, 0x00, 0x04, 0x00, 0x7F, 0xFF, 0xFC, 0xD1, 0x18, 0x00, 0x13, 0xF2, 0xFF, 0xAA, 0x02,
    0xF6, 0xFF, 0xAA, 0x02, 0xF6, 0xFF, 0xAA, 0x01, 0xEE, 0xFF, 0xA8, 0x00, 0x03, 0x00, 0x00, 0x00,
    0x00, 0x00, 0x00, 0x03, 0x00, 0xAB, 0xFD, 0xF2, 0x20, 0x00, 0x01, 0x11, 0xE7, 0xFE, 0xA0, 0x02,
    0xEB, 0xFE, 0xA0, 0x02, 0xEB, 0xFE, 0xA0, 0x02, 0xEE, 0xFF, 0xA8, 0x00, 0x03, 0x00, 0x00, 0x00,
    0x00, 0x00, 0x00, 0x03, 0x00, 0xA7, 0xFF, 0xE9, 0x0E, 0x01, 0x00, 0x12, 0xEF, 0xFD, 0xA8, 0x02,
    0xF2, 0xFD, 0xA8, 0x02, 0xF2, 0xFD, 0xA9, 0x02, 0xEE, 0xFF, 0xA8, 0x00, 0x03, 0x00, 0x00, 0x00,
    0x00, 0x00, 0x00, 0x03, 0x00, 0xA8, 0xFF, 0xEA, 0x12, 0x00, 0x02, 0x06, 0xCB, 0xFF, 0x7D, 0x00,
    0xCF, 0xFF, 0x7D, 0x00, 0xCF, 0xFF, 0x79, 0x01, 0xEE, 0xFF, 0xA8, 0x00, 0x03, 0x00, 0x00, 0x00,
    0x00, 0x00, 0x00, 0x03, 0x00, 0xA8, 0xFF, 0xEA, 0x11, 0x00, 0x02, 0x00, 0x17, 0x41, 0x03, 0x00,
    0x18, 0x41, 0x03, 0x00, 0x18, 0x42, 0x02, 0x0F, 0xEA, 0xFF, 0xA8, 0x00, 0x03, 0x00, 0x00, 0x00,
    0x00, 0x00, 0x00, 0x03, 0x00, 0xA8, 0xFF, 0xEA, 0x11, 0x00, 0x01, 0x00, 0x00, 0x00, 0x00, 0x00,
    0x00, 0x00, 0x00, 0x00, 0x00, 0x00, 0x00, 0x11, 0xEA, 0xFF, 0xA8, 0x00, 0x03, 0x00, 0x00, 0x00,
    0x00, 0x00, 0x00, 0x03, 0x00, 0xA8, 0xFF, 0xEA, 0x11, 0x00, 0x01, 0x00, 0x01, 0x03, 0x00, 0x00,
    0x01, 0x03, 0x00, 0x00, 0x01, 0x04, 0x00, 0x11, 0xEA, 0xFF, 0xA8, 0x00, 0x03, 0x00, 0x00, 0x00,
    0x00, 0x00, 0x00, 0x03, 0x00, 0xA8, 0xFF, 0xEA, 0x11, 0x00, 0x01, 0x00, 0x00, 0x00, 0x00, 0x00,
    0x00, 0x00, 0x00, 0x00, 0x00, 0x01, 0x00, 0x11, 0xEA, 0xFF, 0xA8, 0x00, 0x03, 0x00, 0x00, 0x00,
    0x00, 0x00, 0x00, 0x03, 0x00, 0xA8, 0xFF, 0xEA, 0x11, 0x00, 0x01, 0x00, 0x00, 0x00, 0x00, 0x00,
    0x00, 0x00, 0x00, 0x00, 0x00, 0x01, 0x00, 0x11, 0xEA, 0xFF, 0xA8, 0x00, 0x03, 0x00, 0x00, 0x00,
    0x00, 0x00, 0x00, 0x03, 0x00, 0xA8, 0xFF, 0xEA, 0x11, 0x00, 0x01, 0x00, 0x00, 0x00, 0x00, 0x00,
    0x00, 0x00, 0x00, 0x00, 0x00, 0x01, 0x00, 0x11, 0xEA, 0xFF, 0xA8, 0x00, 0x03, 0x00, 0x00, 0x00,
    0x00, 0x00, 0x00, 0x03, 0x00, 0xA8, 0xFF, 0xEA, 0x11, 0x00, 0x01, 0x00, 0x00, 0x00, 0x00, 0x00,
    0x00, 0x00, 0x00, 0x00, 0x00, 0x01, 0x00, 0x11, 0xEA, 0xFF, 0xA8, 0x00, 0x03, 0x00, 0x00, 0x00,
    0x00, 0x00, 0x00, 0x03, 0x00, 0xA8, 0xFF, 0xEA, 0x11, 0x00, 0x01, 0x00, 0x00, 0x00, 0x00, 0x00,
    0x00, 0x00, 0x00, 0x00, 0x00, 0x01, 0x00, 0x11, 0xEA, 0xFF, 0xA8, 0x00, 0x03, 0x00, 0x00, 0x00,
    0x00, 0x00, 0x00, 0x03, 0x00, 0xA8, 0xFF, 0xEA, 0x11, 0x00, 0x01, 0x00, 0x00, 0x00, 0x00, 0x00,
    0x00, 0x00, 0x00, 0x00, 0x00, 0x01, 0x00, 0x11, 0xEA, 0xFF, 0xA8, 0x00, 0x03, 0x00, 0x00, 0x00,
    0x00, 0x00, 0x00, 0x03, 0x00, 0xA8, 0xFF, 0xEA, 0x11, 0x00, 0x01, 0x00, 0x00, 0x00, 0x00, 0x00,
    0x00, 0x00, 0x00, 0x00, 0x00, 0x01, 0x00, 0x11, 0xEA, 0xFF, 0xA8, 0x00, 0x03, 0x00, 0x00, 0x00,
    0x00, 0x00, 0x00, 0x03, 0x00, 0xA8, 0xFF, 0xEA, 0x14, 0x03, 0x04, 0x03, 0x03, 0x03, 0x03, 0x03,
    0x03, 0x03, 0x03, 0x03, 0x03, 0x04, 0x03, 0x14, 0xEA, 0xFF, 0xA8, 0x00, 0x03, 0x00, 0x00, 0x00,
    0x00, 0x00, 0x00, 0x03, 0x00, 0xA8, 0xFF, 0xE9, 0x05, 0x00, 0x00, 0x00, 0x00, 0x00, 0x00, 0x00,
    0x00, 0x00, 0x00, 0x00, 0x00, 0x00, 0x00, 0x05, 0xE9, 0xFF, 0xA8, 0x00, 0x03, 0x00, 0x00, 0x00,
    0x00, 0x00, 0x00, 0x03, 0x00, 0xA8, 0xFD, 0xF4, 0xB7, 0xB2, 0xB2, 0xB2, 0xB2, 0xB2, 0xB2, 0xB2,
    0xB2, 0xB2, 0xB2, 0xB2, 0xB2, 0xB2, 0xB2, 0xB7, 0xF4, 0xFD, 0xA8, 0x00, 0x03, 0x00, 0x00, 0x00,
    0x00, 0x00, 0x00, 0x04, 0x00, 0x5B, 0xFF, 0xFF, 0xFF, 0xFF, 0xFF, 0xFF, 0xFF, 0xFF, 0xFF, 0xFF,
    0xFF, 0xFF, 0xFF, 0xFF, 0xFF, 0xFF, 0xFF, 0xFF, 0xFF, 0xFF, 0x5B, 0x00, 0x04, 0x00, 0x00, 0x00,
    0x00, 0x00, 0x00, 0x00, 0x02, 0x00, 0x77, 0xDA, 0xE3, 0xE3, 0xE3, 0xE3, 0xE3, 0xE3, 0xE3, 0xE3,
    0xE3, 0xE3, 0xE3, 0xE3, 0xE3, 0xE3, 0xE3, 0xE3, 0xDA, 0x77, 0x00, 0x02, 0x00, 0x00, 0x00, 0x00,
    0x00, 0x00, 0x00, 0x00, 0x00, 0x00, 0x00, 0x04, 0x0C, 0x0C, 0x0C, 0x0C, 0x0C, 0x0C, 0x0C, 0x0C,
    0x0C, 0x0C, 0x0C, 0x0C, 0x0C, 0x0C, 0x0C, 0x0C, 0x04, 0x00, 0x00, 0x00, 0x00, 0x00, 0x00, 0x00,
    0x00, 0x00, 0x00, 0x00, 0x00, 0x00, 0x03, 0x00, 0x00, 0x00, 0x00, 0x00, 0x00, 0x00, 0x00, 0x00,
    0x00, 0x00, 0x00, 0x00, 0x00, 0x00, 0x00, 0x00, 0x00, 0x03, 0x00, 0x00, 0x00, 0x00, 0x00, 0x00,
    0x00, 0x00, 0x00, 0x00, 0x00, 0x00, 0x00, 0x01, 0x01, 0x01, 0x01, 0x01, 0x01, 0x01, 0x01, 0x01,
    0x01, 0x01, 0x01, 0x01, 0x01, 0x01, 0x01, 0x01, 0x01, 0x00, 0x00, 0x00, 0x00, 0x00, 0x00, 0x00,
    0x00, 0x00, 0x00, 0x00, 0x00, 0x00, 0x00, 0x00, 0x00, 0x00, 0x00, 0x00, 0x00, 0x00, 0x00, 0x00,
    0x00, 0x00, 0x00, 0x00, 0x00, 0x00, 0x00, 0x00, 0x00, 0x00, 0x00, 0x00, 0x00, 0x00, 0x00, 0x00,
};
const lv_image_dsc_t ui_feed_icon_sd_card_32 = {
    .header = {.magic = LV_IMAGE_HEADER_MAGIC, .cf = LV_COLOR_FORMAT_A8,
               .w = 32, .h = 32, .stride = 32},
    .data_size = sizeof(s_sd_card_32),
    .data = s_sd_card_32,
};

static const uint8_t s_sd_card_44[] = {
    0x00, 0x00, 0x00, 0x00, 0x00, 0x00, 0x00, 0x00, 0x00, 0x00, 0x00, 0x00, 0x00, 0x00, 0x00, 0x00,
    0x00, 0x03, 0x00, 0x00, 0x00, 0x00, 0x00, 0x00, 0x00, 0x00, 0x00, 0x00, 0x00, 0x00, 0x00, 0x00,
    0x00, 0x00, 0x00, 0x03, 0x00, 0x00, 0x00, 0x00, 0x00, 0x00, 0x00, 0x00, 0x00, 0x00, 0x00, 0x00,
    0x00, 0x00, 0x00, 0x00, 0x00, 0x00, 0x00, 0x00, 0x00, 0x00, 0x00, 0x00, 0x03, 0x00, 0x0B, 0x32,
    0x39, 0x38, 0x38, 0x38, 0x38, 0x38, 0x38, 0x38, 0x38, 0x38, 0x38, 0x38, 0x39, 0x2F, 0x04, 0x00,
    0x02, 0x00, 0x00, 0x00, 0x00, 0x00, 0x00, 0x00, 0x00, 0x00, 0x00, 0x00, 0x00, 0x00, 0x00, 0x00,
    0x00, 0x00, 0x00, 0x00, 0x00, 0x00, 0x00, 0x04, 0x00, 0x5A, 0xE1, 0xFF, 0xFF, 0xFF, 0xFF, 0xFF,
    0xFF, 0xFF, 0xFF, 0xFF, 0xFF, 0xFF, 0xFF, 0xFF, 0xFF, 0xFF, 0xD5, 0x3F, 0x00, 0x02, 0x00, 0x00,
    0x00, 0x00, 0x00, 0x00, 0x00, 0x00, 0x00, 0x00, 0x00, 0x00, 0x00, 0x00, 0x00, 0x00, 0x00, 0x00,
    0x00, 0x00, 0x05, 0x00, 0x65, 0xFF, 0xFF, 0xFB, 0xFA, 0xFA, 0xFA, 0xFA, 0xFA, 0xFA, 0xFA, 0xFA,
    0xFA, 0xFA, 0xFA, 0xFA, 0xFA, 0xFD, 0xFF, 0xF4, 0x24, 0x01, 0x02, 0x00, 0x00, 0x00, 0x00, 0x00,
    0x00, 0x00, 0x00, 0x00, 0x00, 0x00, 0x00, 0x00, 0x00, 0x00, 0x00, 0x00, 0x00, 0x05, 0x00, 0x65,
    0xFF, 0xFC, 0xFB, 0xFF, 0xFF, 0xFF, 0xFF, 0xFF, 0xFF, 0xFF, 0xFF, 0xFF, 0xFF, 0xFF, 0xFF, 0xFF,
    0xFF, 0xFF, 0xF9, 0xFF, 0x8A, 0x00, 0x04, 0x00, 0x00, 0x00, 0x00, 0x00, 0x00, 0x00, 0x00, 0x00,
    0x00, 0x00, 0x00, 0x00, 0x00, 0x00, 0x00, 0x00, 0x05, 0x00, 0x65, 0xFF, 0xFC, 0xFA, 0xFF, 0xC9,
    0x75, 0x77, 0x75, 0x75, 0x75, 0x75, 0x75, 0x75, 0x75, 0x75, 0x76, 0x75, 0x7E, 0xF6, 0xFD, 0xFE,
    0xAA, 0x00, 0x03, 0x00, 0x00, 0x00, 0x00, 0x00, 0x00, 0x00, 0x00, 0x00, 0x00, 0x00, 0x00, 0x00,
    0x00, 0x00, 0x00, 0x05, 0x00, 0x65, 0xFF, 0xFC, 0xFA, 0xFF, 0xC6, 0x0F, 0x00, 0x00, 0x00, 0x00,
    0x00, 0x00, 0x00, 0x00, 0x00, 0x00, 0x00, 0x00, 0x00, 0xED, 0xFF, 0xFF, 0xA9, 0x00, 0x03, 0x00,
    0x00, 0x00, 0x00, 0x00, 0x00, 0x00, 0x00, 0x00, 0x00, 0x00, 0x00, 0x00, 0x00, 0x00, 0x05, 0x00,
    0x65, 0xFF, 0xFC, 0xFA, 0xFF, 0xC6, 0x0F, 0x00, 0x05, 0x04, 0x04, 0x04, 0x04, 0x04, 0x04, 0x04,
    0x04, 0x04, 0x05, 0x04, 0x15, 0xEE, 0xFF, 0xFF, 0xA9, 0x00, 0x03, 0x00, 0x00, 0x00, 0x00, 0x00,
    0x00, 0x00, 0x00, 0x00, 0x00, 0x00, 0x00, 0x00, 0x00, 0x05, 0x00, 0x65, 0xFF, 0xFC, 0xFA, 0xFF,
    0xC6, 0x0F, 0x00, 0x03, 0x00, 0x00, 0x00, 0x01, 0x01, 0x00, 0x00, 0x00, 0x01, 0x01, 0x01, 0x00,
    0x11, 0xEE, 0xFF, 0xFF, 0xA9, 0x00, 0x03, 0x00, 0x00, 0x00, 0x00, 0x00, 0x00, 0x00, 0x00, 0x00,
    0x00, 0x00, 0x00, 0x00, 0x05, 0x00, 0x65, 0xFF, 0xFC, 0xFA, 0xFF, 0xC6, 0x10, 0x00, 0x00, 0x02,
    0x00, 0x00, 0x02, 0x00, 0x00, 0x02, 0x00, 0x01, 0x00, 0x00, 0x03, 0x00, 0x11, 0xEE, 0xFF, 0xFF,
    0xA9, 0x00, 0x03, 0x00, 0x00, 0x00, 0x00, 0x00, 0x00, 0x00, 0x00, 0x00, 0x00, 0x00, 0x00, 0x03,
    0x00, 0x65, 0xFF, 0xFC, 0xFA, 0xFF, 0xC6, 0x0F, 0x00, 0x02, 0x13, 0x00, 0x00, 0x00, 0x00, 0x11,
    0x07, 0x00, 0x01, 0x00, 0x00, 0x14, 0x00, 0x00, 0x11, 0xEE, 0xFF, 0xFF, 0xA9, 0x00, 0x03, 0x00,
    0x00, 0x00, 0x00, 0x00, 0x00, 0x00, 0x00, 0x00, 0x00, 0x00, 0x02, 0x00, 0x64, 0xFF, 0xFC, 0xFA,
    0xFF, 0xC5, 0x0E, 0x00, 0x1D, 0xC6, 0xEF, 0x8F, 0x03, 0x00, 0x6F, 0xEC, 0xD8, 0x34, 0x01, 0x1D,
    0xC6, 0xEF, 0x90, 0x01, 0x12, 0xEE, 0xFF, 0xFF, 0xA9, 0x00, 0x03, 0x00, 0x00, 0x00, 0x00, 0x00,
    0x00, 0x00, 0x00, 0x00, 0x00, 0x02, 0x00, 0x33, 0xFF, 0xFD, 0xFB, 0xFF, 0xC5, 0x0F, 0x01, 0x01,
    0x77, 0xFF, 0xFF, 0xFF, 0x24, 0x04, 0xF2, 0xFF, 0xFF, 0xA8, 0x00, 0x7B, 0xFF, 0xFF, 0xFF, 0x22,
    0x08, 0xF0, 0xFF, 0xFF, 0xA9, 0x00, 0x03, 0x00, 0x00, 0x00, 0x00, 0x00, 0x00, 0x00, 0x00, 0x00,
    0x00, 0x04, 0x00, 0x94, 0xFF, 0xF8, 0xFF, 0xC4, 0x0F, 0x00, 0x07, 0x00, 0x80, 0xFD, 0xF9, 0xFD,
    0x2C, 0x07, 0xEF, 0xFE, 0xFD, 0xAE, 0x00, 0x84, 0xFD, 0xF9, 0xFD, 0x2D, 0x07, 0xF0, 0xFF, 0xFF,
    0xA9, 0x00, 0x03, 0x00, 0x00, 0x00, 0x00, 0x00, 0x00, 0x00, 0x00, 0x00, 0x00, 0x03, 0x00, 0xAA,
    0xFE, 0xFD, 0xF3, 0x19, 0x00, 0x03, 0x04, 0x00, 0x7E, 0xFF, 0xFA, 0xFF, 0x2B, 0x07, 0xEF, 0xFF,
    0xFF, 0xAC, 0x00, 0x82, 0xFF, 0xFA, 0xFF, 0x2A, 0x07, 0xF0, 0xFF, 0xFF, 0xA9, 0x00, 0x03, 0x00,
    0x00, 0x00, 0x00, 0x00, 0x00, 0x00, 0x00, 0x00, 0x00, 0x03, 0x00, 0xA8, 0xFF, 0xFF, 0xED, 0x0F,
    0x01, 0x01, 0x04, 0x00, 0x7F, 0xFE, 0xFA, 0xFD, 0x2B, 0x07, 0xEF, 0xFF, 0xFE, 0xAC, 0x00, 0x83,
    0xFE, 0xFA, 0xFD, 0x2B, 0x07, 0xF0, 0xFF, 0xFF, 0xA9, 0x00, 0x03, 0x00, 0x00, 0x00, 0x00, 0x00,
    0x00, 0x00, 0x00, 0x00, 0x00, 0x03, 0x00, 0xA9, 0xFF, 0xFF, 0xEE, 0x12, 0x00, 0x01, 0x04, 0x00,
    0x81, 0xFF, 0xF8, 0xFF, 0x2A, 0x05, 0xF6, 0xFD, 0xFF, 0xB0, 0x00, 0x85, 0xFF, 0xF8, 0xFF, 0x29,
    0x07, 0xF0, 0xFF, 0xFF, 0xA9, 0x00, 0x03, 0x00, 0x00, 0x00, 0x00, 0x00, 0x00, 0x00, 0x00, 0x00,
    0x00, 0x03, 0x00, 0xA9, 0xFF, 0xFF, 0xEE, 0x11, 0x00, 0x01, 0x02, 0x01, 0x34, 0xF0, 0xFF, 0xC2,
    0x09, 0x00, 0xA0, 0xFF, 0xFD, 0x57, 0x01, 0x37, 0xF0, 0xFF, 0xC3, 0x07, 0x10, 0xEE, 0xFF, 0xFF,
    0xA9, 0x00, 0x03, 0x00, 0x00, 0x00, 0x00, 0x00, 0x00, 0x00, 0x00, 0x00, 0x00, 0x03, 0x00, 0xA9,
    0xFF, 0xFF, 0xEE, 0x11, 0x00, 0x01, 0x00, 0x01, 0x00, 0x21, 0x45, 0x08, 0x00, 0x00, 0x00, 0x42,
    0x2F, 0x00, 0x01, 0x00, 0x21, 0x45, 0x09, 0x00, 0x12, 0xEE, 0xFF, 0xFF, 0xA9, 0x00, 0x03, 0x00,
    0x00, 0x00, 0x00, 0x00, 0x00, 0x00, 0x00, 0x00, 0x00, 0x03, 0x00, 0xA9, 0xFF, 0xFF, 0xEE, 0x11,
    0x00, 0x01, 0x00, 0x00, 0x01, 0x00, 0x00, 0x00, 0x00, 0x00, 0x00, 0x00, 0x00, 0x01, 0x00, 0x01,
    0x00, 0x00, 0x00, 0x00, 0x11, 0xEE, 0xFF, 0xFF, 0xA9, 0x00, 0x03, 0x00, 0x00, 0x00, 0x00, 0x00,
    0x00, 0x00, 0x00, 0x00, 0x00, 0x03, 0x00, 0xA9, 0xFF, 0xFF, 0xEE, 0x11, 0x00, 0x01, 0x00, 0x00,
    0x00, 0x02, 0x03, 0x01, 0x00, 0x00, 0x01, 0x03, 0x02, 0x00, 0x00, 0x00, 0x02, 0x03, 0x02, 0x00,
    0x11, 0xEE, 0xFF, 0xFF, 0xA9, 0x00, 0x03, 0x00, 0x00, 0x00, 0x00, 0x00, 0x00, 0x00, 0x00, 0x00,
    0x00, 0x03, 0x00, 0xA9, 0xFF, 0xFF, 0xEE, 0x11, 0x00, 0x01, 0x00, 0x00, 0x00, 0x00, 0x00, 0x00,
    0x00, 0x00, 0x00, 0x00, 0x00, 0x00, 0x00, 0x00, 0x00, 0x00, 0x01, 0x00, 0x11, 0xEE, 0xFF, 0xFF,
    0xA9, 0x00, 0x03, 0x00, 0x00, 0x00, 0x00, 0x00, 0x00, 0x00, 0x00, 0x00, 0x00, 0x03, 0x00, 0xA9,
    0xFF, 0xFF, 0xEE, 0x11, 0x00, 0x01, 0x00, 0x00, 0x00, 0x00, 0x00, 0x00, 0x00, 0x00, 0x00, 0x00,
    0x00, 0x00, 0x00, 0x00, 0x00, 0x00, 0x01, 0x00, 0x11, 0xEE, 0xFF, 0xFF, 0xA9, 0x00, 0x03, 0x00,
    0x00, 0x00, 0x00, 0x00, 0x00, 0x00, 0x00, 0x00, 0x00, 0x03, 0x00, 0xA9, 0xFF, 0xFF, 0xEE, 0x11,
    0x00, 0x01, 0x00, 0x00, 0x00, 0x00, 0x00, 0x00, 0x00, 0x00, 0x00, 0x00, 0x00, 0x00, 0x00, 0x00,
    0x00, 0x00, 0x01, 0x00, 0x11, 0xEE, 0xFF, 0xFF, 0xA9, 0x00, 0x03, 0x00, 0x00, 0x00, 0x00, 0x00,
    0x00, 0x00, 0x00, 0x00, 0x00, 0x03, 0x00, 0xA9, 0xFF, 0xFF, 0xEE, 0x11, 0x00, 0x01, 0x00, 0x00,
    0x00, 0x00, 0x00, 0x00, 0x00, 0x00, 0x00, 0x00, 0x00, 0x00, 0x00, 0x00, 0x00, 0x00, 0x01, 0x00,
    0x11, 0xEE, 0xFF, 0xFF, 0xA9, 0x00, 0x03, 0x00, 0x00, 0x00, 0x00, 0x00, 0x00, 0x00, 0x00, 0x00,
    0x00, 0x03, 0x00, 0xA9, 0xFF, 0xFF, 0xEE, 0x11, 0x00, 0x01, 0x00, 0x00, 0x00, 0x00, 0x00, 0x00,
    0x00, 0x00, 0x00, 0x00, 0x00, 0x00, 0x00, 0x00, 0x00, 0x00, 0x01, 0x00, 0x11, 0xEE, 0xFF, 0xFF,
    0xA9, 0x00, 0x03, 0x00, 0x00, 0x00, 0x00, 0x00, 0x00, 0x00, 0x00, 0x00, 0x00, 0x03, 0x00, 0xA9,
    0xFF, 0xFF, 0xEE, 0x11, 0x00, 0x01, 0x00, 0x00, 0x00, 0x00, 0x00, 0x00, 0x00, 0x00, 0x00, 0x00,
    0x00, 0x00, 0x00, 0x00, 0x00, 0x00, 0x01, 0x00, 0x11, 0xEE, 0xFF, 0xFF, 0xA9, 0x00, 0x03, 0x00,
    0x00, 0x00, 0x00, 0x00, 0x00, 0x00, 0x00, 0x00, 0x00, 0x03, 0x00, 0xA9, 0xFF, 0xFF, 0xEE, 0x11,
    0x00, 0x01, 0x00, 0x00, 0x00, 0x00, 0x00, 0x00, 0x00, 0x00, 0x00, 0x00, 0x00, 0x00, 0x00, 0x00,
    0x00, 0x00, 0x01, 0x00, 0x11, 0xEE, 0xFF, 0xFF, 0xA9, 0x00, 0x03, 0x00, 0x00, 0x00, 0x00, 0x00,
    0x00, 0x00, 0x00, 0x00, 0x00, 0x03, 0x00, 0xA9, 0xFF, 0xFF, 0xEE, 0x11, 0x00, 0x01, 0x00, 0x00,
    0x00, 0x00, 0x00, 0x00, 0x00, 0x00, 0x00, 0x00, 0x00, 0x00, 0x00, 0x00, 0x00, 0x00, 0x01, 0x00,
    0x11, 0xEE, 0xFF, 0xFF, 0xA9, 0x00, 0x03, 0x00, 0x00, 0x00, 0x00, 0x00, 0x00, 0x00, 0x00, 0x00,
    0x00, 0x03, 0x00, 0xA9, 0xFF, 0xFF, 0xEE, 0x11, 0x00, 0x01, 0x00, 0x00, 0x00, 0x00, 0x00, 0x00,
    0x00, 0x00, 0x00, 0x00, 0x00, 0x00, 0x00, 0x00, 0x00, 0x00, 0x01, 0x00, 0x11, 0xEE, 0xFF, 0xFF,
    0xA9, 0x00, 0x03, 0x00, 0x00, 0x00, 0x00, 0x00, 0x00, 0x00, 0x00, 0x00, 0x00, 0x03, 0x00, 0xA9,
    0xFF, 0xFF, 0xEE, 0x11, 0x00, 0x01, 0x00, 0x00, 0x00, 0x00, 0x00, 0x00, 0x00, 0x00, 0x00, 0x00,
    0x00, 0x00, 0x00, 0x00, 0x00, 0x00, 0x01, 0x00, 0x11, 0xEE, 0xFF, 0xFF, 0xA9, 0x00, 0x03, 0x00,
    0x00, 0x00, 0x00, 0x00, 0x00, 0x00, 0x00, 0x00, 0x00, 0x03, 0x00, 0xA9, 0xFF, 0xFF, 0xEE, 0x11,
    0x00, 0x01, 0x00, 0x00, 0x00, 0x00, 0x00, 0x00, 0x00, 0x00, 0x00, 0x00, 0x00, 0x00, 0x00, 0x00,
    0x00, 0x00, 0x01, 0x00, 0x11, 0xEE, 0xFF, 0xFF, 0xA9, 0x00, 0x03, 0x00, 0x00, 0x00, 0x00, 0x00,
    0x00, 0x00, 0x00, 0x00, 0x00, 0x03, 0x00, 0xA9, 0xFF, 0xFF, 0xEE, 0x14, 0x03, 0x04, 0x03, 0x03,
    0x03, 0x03, 0x03, 0x03, 0x03, 0x03, 0x03, 0x03, 0x03, 0x03, 0x03, 0x03, 0x03, 0x03, 0x04, 0x03,
    0x14, 0xEE, 0xFF, 0xFF, 0xA9, 0x00, 0x03, 0x00, 0x00, 0x00, 0x00, 0x00, 0x00, 0x00, 0x00, 0x00,
    0x00, 0x03, 0x00, 0xA9, 0xFF, 0xFF, 0xED, 0x06, 0x00, 0x00, 0x00, 0x00, 0x00, 0x00, 0x00, 0x00,
    0x00, 0x00, 0x00, 0x00, 0x00, 0x00, 0x00, 0x00, 0x00, 0x00, 0x00, 0x00, 0x06, 0xED, 0xFF, 0xFF,
    0xA9, 0x00, 0x03, 0x00, 0x00, 0x00, 0x00, 0x00, 0x00, 0x00, 0x00, 0x00, 0x00, 0x03, 0x00, 0xAA,
    0xFF, 0xFE, 0xF2, 0x46, 0x39, 0x3A, 0x39, 0x39, 0x39, 0x39, 0x39, 0x39, 0x39, 0x39, 0x39, 0x39,
    0x39, 0x39, 0x39, 0x39, 0x39, 0x39, 0x3A, 0x39, 0x46, 0xF2, 0xFE, 0xFF, 0xAA, 0x00, 0x03, 0x00,
    0x00, 0x00, 0x00, 0x00, 0x00, 0x00, 0x00, 0x00, 0x00, 0x04, 0x00, 0x9A, 0xFE, 0xFA, 0xFF, 0xFF,
    0xFF, 0xFF, 0xFF, 0xFF, 0xFF, 0xFF, 0xFF, 0xFF, 0xFF, 0xFF, 0xFF, 0xFF, 0xFF, 0xFF, 0xFF, 0xFF,
    0xFF, 0xFF, 0xFF, 0xFF, 0xFF, 0xFF, 0xFA, 0xFE, 0x9A, 0x00, 0x04, 0x00, 0x00, 0x00, 0x00, 0x00,
    0x00, 0x00, 0x00, 0x00, 0x00, 0x03, 0x00, 0x3F, 0xFF, 0xFE, 0xFB, 0xFA, 0xFA, 0xFA, 0xFA, 0xFA,
    0xFA, 0xFA, 0xFA, 0xFA, 0xFA, 0xFA, 0xFA, 0xFA, 0xFA, 0xFA, 0xFA, 0xFA, 0xFA, 0xFA, 0xFA, 0xFA,
    0xFA, 0xFB, 0xFF, 0xFF, 0x3F, 0x00, 0x03, 0x00, 0x00, 0x00, 0x00, 0x00, 0x00, 0x00, 0x00, 0x00,
    0x00, 0x00, 0x02, 0x00, 0x72, 0xFA, 0xFF, 0xFF, 0xFF, 0xFF, 0xFF, 0xFF, 0xFF, 0xFF, 0xFF, 0xFF,
    0xFF, 0xFF, 0xFF, 0xFF, 0xFF, 0xFF, 0xFF, 0xFF, 0xFF, 0xFF, 0xFF, 0xFF, 0xFF, 0xFF, 0xFA, 0x72,
    0x00, 0x02, 0x00, 0x00, 0x00, 0x00, 0x00, 0x00, 0x00, 0x00, 0x00, 0x00, 0x00, 0x00, 0x00, 0x02,
    0x00, 0x2B, 0x69, 0x75, 0x75, 0x75, 0x75, 0x75, 0x75, 0x75, 0x75, 0x75, 0x75, 0x75, 0x75, 0x75,
    0x75, 0x75, 0x75, 0x75, 0x75, 0x75, 0x75, 0x75, 0x75, 0x69, 0x2B, 0x00, 0x02, 0x00, 0x00, 0x00,
    0x00, 0x00, 0x00, 0x00, 0x00, 0x00, 0x00, 0x00, 0x00, 0x00, 0x00, 0x00, 0x02, 0x00, 0x00, 0x00,
    0x00, 0x00, 0x00, 0x00, 0x00, 0x00, 0x00, 0x00, 0x00, 0x00, 0x00, 0x00, 0x00, 0x00, 0x00, 0x00,
    0x00, 0x00, 0x00, 0x00, 0x00, 0x00, 0x00, 0x02, 0x00, 0x00, 0x00, 0x00, 0x00, 0x00, 0x00, 0x00,
    0x00, 0x00, 0x00, 0x00, 0x00, 0x00, 0x00, 0x00, 0x00, 0x02, 0x04, 0x04, 0x04, 0x04, 0x04, 0x04,
    0x04, 0x04, 0x04, 0x04, 0x04, 0x04, 0x04, 0x04, 0x04, 0x04, 0x04, 0x04, 0x04, 0x04, 0x04, 0x04,
    0x04, 0x04, 0x02, 0x00, 0x00, 0x00, 0x00, 0x00, 0x00, 0x00, 0x00, 0x00, 0x00, 0x00, 0x00, 0x00,
    0x00, 0x00, 0x00, 0x00, 0x00, 0x00, 0x00, 0x00, 0x00, 0x00, 0x00, 0x00, 0x00, 0x00, 0x00, 0x00,
    0x00, 0x00, 0x00, 0x00, 0x00, 0x00, 0x00, 0x00, 0x00, 0x00, 0x00, 0x00, 0x00, 0x00, 0x00, 0x00,
    0x00, 0x00, 0x00, 0x00, 0x00, 0x00, 0x00, 0x00, 0x00, 0x00, 0x00, 0x00, 0x00, 0x00, 0x00, 0x00,
    0x00, 0x00, 0x00, 0x00, 0x00, 0x00, 0x00, 0x00, 0x00, 0x00, 0x00, 0x00, 0x00, 0x00, 0x00, 0x00,
    0x00, 0x00, 0x00, 0x00, 0x00, 0x00, 0x00, 0x00, 0x00, 0x00, 0x00, 0x00, 0x00, 0x00, 0x00, 0x00,
    0x00, 0x00, 0x00, 0x00, 0x00, 0x00, 0x00, 0x00, 0x00, 0x00, 0x00, 0x00, 0x00, 0x00, 0x00, 0x00,
    0x00, 0x00, 0x00, 0x00, 0x00, 0x00, 0x00, 0x00, 0x00, 0x00, 0x00, 0x00, 0x00, 0x00, 0x00, 0x00,
    0x00, 0x00, 0x00, 0x00, 0x00, 0x00, 0x00, 0x00, 0x00, 0x00, 0x00, 0x00, 0x00, 0x00, 0x00, 0x00,
};
const lv_image_dsc_t ui_feed_icon_sd_card_44 = {
    .header = {.magic = LV_IMAGE_HEADER_MAGIC, .cf = LV_COLOR_FORMAT_A8,
               .w = 44, .h = 44, .stride = 44},
    .data_size = sizeof(s_sd_card_44),
    .data = s_sd_card_44,
};

static const uint8_t s_sd_card_48[] = {
    0x00, 0x00, 0x00, 0x00, 0x00, 0x00, 0x00, 0x00, 0x00, 0x00, 0x00, 0x00, 0x00, 0x00, 0x00, 0x00,
    0x00, 0x00, 0x00, 0x03, 0x01, 0x00, 0x00, 0x00, 0x00, 0x00, 0x00, 0x00, 0x00, 0x00, 0x00, 0x00,
    0x00, 0x00, 0x00, 0x00, 0x00, 0x02, 0x02, 0x00, 0x00, 0x00, 0x00, 0x00, 0x00, 0x00, 0x00, 0x00,
    0x00, 0x00, 0x00, 0x00, 0x00, 0x00, 0x00, 0x00, 0x00, 0x00, 0x00, 0x00, 0x00, 0x00, 0x00, 0x00,
    0x00, 0x00, 0x02, 0x00, 0x00, 0x0F, 0x11, 0x11, 0x11, 0x11, 0x11, 0x11, 0x11, 0x11, 0x11, 0x11,
    0x11, 0x11, 0x11, 0x11, 0x0B, 0x00, 0x00, 0x02, 0x00, 0x00, 0x00, 0x00, 0x00, 0x00, 0x00, 0x00,
    0x00, 0x00, 0x00, 0x00, 0x00, 0x00, 0x00, 0x00, 0x00, 0x00, 0x00, 0x00, 0x00, 0x00, 0x00, 0x00,
    0x01, 0x03, 0x00, 0x5C, 0xCB, 0xEB, 0xEE, 0xEF, 0xEF, 0xEF, 0xEF, 0xEF, 0xEF, 0xEF, 0xEF, 0xEF,
    0xEF, 0xEF, 0xEF, 0xEE, 0xE6, 0xB0, 0x2B, 0x00, 0x01, 0x00, 0x00, 0x00, 0x00, 0x00, 0x00, 0x00,
    0x00, 0x00, 0x00, 0x00, 0x00, 0x00, 0x00, 0x00, 0x00, 0x00, 0x00, 0x00, 0x00, 0x00, 0x00, 0x01,
    0x04, 0x00, 0x7F, 0xFF, 0xFF, 0xFF, 0xFF, 0xFF, 0xFF, 0xFF, 0xFF, 0xFF, 0xFF, 0xFF, 0xFF, 0xFF,
    0xFF, 0xFF, 0xFF, 0xFF, 0xFF, 0xFF, 0xEE, 0x2A, 0x01, 0x02, 0x00, 0x00, 0x00, 0x00, 0x00, 0x00,
    0x00, 0x00, 0x00, 0x00, 0x00, 0x00, 0x00, 0x00, 0x00, 0x00, 0x00, 0x00, 0x00, 0x00, 0x01, 0x04,
    0x00, 0x7F, 0xFF, 0xFB, 0xFB, 0xFE, 0xFF, 0xFF, 0xFF, 0xFF, 0xFF, 0xFF, 0xFF, 0xFF, 0xFF, 0xFF,
    0xFF, 0xFF, 0xFF, 0xFF, 0xFE, 0xF8, 0xFF, 0xB4, 0x00, 0x03, 0x00, 0x00, 0x00, 0x00, 0x00, 0x00,
    0x00, 0x00, 0x00, 0x00, 0x00, 0x00, 0x00, 0x00, 0x00, 0x00, 0x00, 0x00, 0x00, 0x01, 0x04, 0x00,
    0x7F, 0xFF, 0xFB, 0xFD, 0xFF, 0xFF, 0xEE, 0xEE, 0xEE, 0xEE, 0xEE, 0xEE, 0xEE, 0xEE, 0xEE, 0xEE,
    0xEE, 0xEE, 0xEE, 0xEF, 0xFE, 0xFE, 0xFE, 0xE9, 0x0B, 0x00, 0x01, 0x00, 0x00, 0x00, 0x00, 0x00,
    0x00, 0x00, 0x00, 0x00, 0x00, 0x00, 0x00, 0x00, 0x00, 0x00, 0x00, 0x00, 0x01, 0x04, 0x00, 0x7F,
    0xFF, 0xFB, 0xFC, 0xFF, 0xF5, 0x49, 0x12, 0x13, 0x11, 0x11, 0x11, 0x11, 0x11, 0x11, 0x11, 0x11,
    0x11, 0x12, 0x11, 0x21, 0xEF, 0xFF, 0xFF, 0xEE, 0x12, 0x00, 0x01, 0x00, 0x00, 0x00, 0x00, 0x00,
    0x00, 0x00, 0x00, 0x00, 0x00, 0x00, 0x00, 0x00, 0x00, 0x00, 0x00, 0x01, 0x04, 0x00, 0x7F, 0xFF,
    0xFB, 0xFC, 0xFF, 0xF5, 0x42, 0x00, 0x00, 0x00, 0x00, 0x00, 0x00, 0x00, 0x00, 0x00, 0x00, 0x00,
    0x00, 0x00, 0x00, 0x0D, 0xEE, 0xFF, 0xFF, 0xEE, 0x11, 0x00, 0x01, 0x00, 0x00, 0x00, 0x00, 0x00,
    0x00, 0x00, 0x00, 0x00, 0x00, 0x00, 0x00, 0x00, 0x00, 0x00, 0x01, 0x04, 0x00, 0x7F, 0xFF, 0xFB,
    0xFC, 0xFF, 0xF5, 0x42, 0x00, 0x05, 0x01, 0x01, 0x01, 0x01, 0x01, 0x01, 0x01, 0x01, 0x01, 0x01,
    0x01, 0x02, 0x01, 0x12, 0xEE, 0xFF, 0xFF, 0xEE, 0x11, 0x00, 0x01, 0x00, 0x00, 0x00, 0x00, 0x00,
    0x00, 0x00, 0x00, 0x00, 0x00, 0x00, 0x00, 0x00, 0x00, 0x01, 0x04, 0x00, 0x7F, 0xFF, 0xFB, 0xFC,
    0xFF, 0xF5, 0x42, 0x00, 0x05, 0x00, 0x00, 0x00, 0x00, 0x01, 0x01, 0x00, 0x00, 0x00, 0x00, 0x01,
    0x01, 0x01, 0x00, 0x11, 0xEE, 0xFF, 0xFF, 0xEE, 0x11, 0x00, 0x01, 0x00, 0x00, 0x00, 0x00, 0x00,
    0x00, 0x00, 0x00, 0x00, 0x00, 0x00, 0x00, 0x00, 0x01, 0x04, 0x00, 0x7F, 0xFF, 0xFB, 0xFC, 0xFF,
    0xF5, 0x42, 0x00, 0x02, 0x00, 0x02, 0x00, 0x00, 0x02, 0x00, 0x00, 0x02, 0x00, 0x00, 0x02, 0x00,
    0x00, 0x03, 0x00, 0x11, 0xEE, 0xFF, 0xFF, 0xEE, 0x11, 0x00, 0x01, 0x00, 0x00, 0x00, 0x00, 0x00,
    0x00, 0x00, 0x00, 0x00, 0x00, 0x00, 0x00, 0x00, 0x03, 0x00, 0x7F, 0xFF, 0xFB, 0xFC, 0xFF, 0xF5,
    0x42, 0x00, 0x00, 0x08, 0x08, 0x00, 0x00, 0x00, 0x00, 0x08, 0x08, 0x00, 0x00, 0x00, 0x00, 0x08,
    0x08, 0x00, 0x00, 0x11, 0xEE, 0xFF, 0xFF, 0xEE, 0x11, 0x00, 0x01, 0x00, 0x00, 0x00, 0x00, 0x00,
    0x00, 0x00, 0x00, 0x00, 0x00, 0x00, 0x00, 0x02, 0x00, 0x7F, 0xFF, 0xFB, 0xFC, 0xFF, 0xF5, 0x42,
    0x00, 0x02, 0x55, 0xE0, 0xE0, 0x55, 0x00, 0x00, 0x55, 0xE0, 0xE0, 0x55, 0x00, 0x00, 0x55, 0xE0,
    0xE0, 0x56, 0x00, 0x14, 0xEE, 0xFF, 0xFF, 0xEE, 0x11, 0x00, 0x01, 0x00, 0x00, 0x00, 0x00, 0x00,
    0x00, 0x00, 0x00, 0x00, 0x00, 0x00, 0x03, 0x00, 0x5A, 0xFF, 0xFB, 0xFD, 0xFF, 0xF5, 0x42, 0x00,
    0x04, 0x08, 0xE8, 0xFF, 0xFF, 0xE8, 0x06, 0x06, 0xE8, 0xFF, 0xFF, 0xE8, 0x06, 0x06, 0xE8, 0xFF,
    0xFF, 0xE9, 0x06, 0x0F, 0xEF, 0xFF, 0xFF, 0xEE, 0x11, 0x00, 0x01, 0x00, 0x00, 0x00, 0x00, 0x00,
    0x00, 0x00, 0x00, 0x00, 0x00, 0x00, 0x01, 0x02, 0xD1, 0xFD, 0xFB, 0xFE, 0xF5, 0x42, 0x00, 0x05,
    0x00, 0x12, 0xEE, 0xFD, 0xFD, 0xEF, 0x0E, 0x0E, 0xEF, 0xFD, 0xFD, 0xEF, 0x0E, 0x0E, 0xEF, 0xFD,
    0xFD, 0xEF, 0x0E, 0x0D, 0xEF, 0xFF, 0xFF, 0xEE, 0x11, 0x00, 0x01, 0x00, 0x00, 0x00, 0x00, 0x00,
    0x00, 0x00, 0x00, 0x00, 0x00, 0x01, 0x00, 0x0F, 0xED, 0xFF, 0xFC, 0xF9, 0x47, 0x00, 0x05, 0x01,
    0x00, 0x11, 0xED, 0xFF, 0xFF, 0xEE, 0x0D, 0x0D, 0xEE, 0xFF, 0xFF, 0xEE, 0x0D, 0x0D, 0xEE, 0xFF,
    0xFF, 0xEE, 0x0D, 0x0D, 0xEF, 0xFF, 0xFF, 0xEE, 0x11, 0x00, 0x01, 0x00, 0x00, 0x00, 0x00, 0x00,
    0x00, 0x00, 0x00, 0x00, 0x00, 0x01, 0x00, 0x11, 0xEE, 0xFF, 0xFF, 0xED, 0x08, 0x02, 0x01, 0x01,
    0x00, 0x11, 0xED, 0xFF, 0xFF, 0xEE, 0x0D, 0x0D, 0xEE, 0xFF, 0xFF, 0xEE, 0x0D, 0x0D, 0xEE, 0xFF,
    0xFF, 0xEE, 0x0D, 0x0D, 0xEF, 0xFF, 0xFF, 0xEE, 0x11, 0x00, 0x01, 0x00, 0x00, 0x00, 0x00, 0x00,
    0x00, 0x00, 0x00, 0x00, 0x00, 0x01, 0x00, 0x11, 0xEE, 0xFF, 0xFF, 0xEE, 0x13, 0x00, 0x01, 0x01,
    0x00, 0x12, 0xEE, 0xFD, 0xFD, 0xEF, 0x0E, 0x0E, 0xEF, 0xFD, 0xFD, 0xEF, 0x0E, 0x0E, 0xEF, 0xFD,
    0xFD, 0xEF, 0x0E, 0x0D, 0xEF, 0xFF, 0xFF, 0xEE, 0x11, 0x00, 0x01, 0x00, 0x00, 0x00, 0x00, 0x00,
    0x00, 0x00, 0x00, 0x00, 0x00, 0x01, 0x00, 0x11, 0xEE, 0xFF, 0xFF, 0xEE, 0x11, 0x00, 0x01, 0x01,
    0x01, 0x08, 0xE8, 0xFF, 0xFF, 0xE8, 0x06, 0x06, 0xE8, 0xFF, 0xFF, 0xE8, 0x06, 0x06, 0xE8, 0xFF,
    0xFF, 0xE9, 0x06, 0x0F, 0xEF, 0xFF, 0xFF, 0xEE, 0x11, 0x00, 0x01, 0x00, 0x00, 0x00, 0x00, 0x00,
    0x00, 0x00, 0x00, 0x00, 0x00, 0x01, 0x00, 0x11, 0xEE, 0xFF, 0xFF, 0xEE, 0x11, 0x00, 0x01, 0x00,
    0x02, 0x00, 0x56, 0xE0, 0xE0, 0x55, 0x00, 0x00, 0x56, 0xE0, 0xE0, 0x55, 0x00, 0x00, 0x56, 0xE0,
    0xE0, 0x56, 0x00, 0x14, 0xEE, 0xFF, 0xFF, 0xEE, 0x11, 0x00, 0x01, 0x00, 0x00, 0x00, 0x00, 0x00,
    0x00, 0x00, 0x00, 0x00, 0x00, 0x01, 0x00, 0x11, 0xEE, 0xFF, 0xFF, 0xEE, 0x11, 0x00, 0x01, 0x00,
    0x00, 0x00, 0x00, 0x08, 0x08, 0x00, 0x00, 0x00, 0x00, 0x08, 0x08, 0x00, 0x00, 0x00, 0x00, 0x08,
    0x08, 0x00, 0x00, 0x11, 0xEE, 0xFF, 0xFF, 0xEE, 0x11, 0x00, 0x01, 0x00, 0x00, 0x00, 0x00, 0x00,
    0x00, 0x00, 0x00, 0x00, 0x00, 0x01, 0x00, 0x11, 0xEE, 0xFF, 0xFF, 0xEE, 0x11, 0x00, 0x01, 0x00,
    0x00, 0x00, 0x02, 0x00, 0x00, 0x02, 0x00, 0x00, 0x02, 0x00, 0x00, 0x02, 0x00, 0x00, 0x02, 0x00,
    0x00, 0x03, 0x00, 0x11, 0xEE, 0xFF, 0xFF, 0xEE, 0x11, 0x00, 0x01, 0x00, 0x00, 0x00, 0x00, 0x00,
    0x00, 0x00, 0x00, 0x00, 0x00, 0x01, 0x00, 0x11, 0xEE, 0xFF, 0xFF, 0xEE, 0x11, 0x00, 0x01, 0x00,
    0x00, 0x00, 0x00, 0x01, 0x01, 0x00, 0x00, 0x00, 0x00, 0x01, 0x01, 0x00, 0x00, 0x00, 0x00, 0x01,
    0x01, 0x01, 0x00, 0x11, 0xEE, 0xFF, 0xFF, 0xEE, 0x11, 0x00, 0x01, 0x00, 0x00, 0x00, 0x00, 0x00,
    0x00, 0x00, 0x00, 0x00, 0x00, 0x01, 0x00, 0x11, 0xEE, 0xFF, 0xFF, 0xEE, 0x11, 0x00, 0x01, 0x00,
    0x00, 0x00, 0x00, 0x00, 0x00, 0x00, 0x00, 0x00, 0x00, 0x00, 0x00, 0x00, 0x00, 0x00, 0x00, 0x00,
    0x00, 0x01, 0x00, 0x11, 0xEE, 0xFF, 0xFF, 0xEE, 0x11, 0x00, 0x01, 0x00, 0x00, 0x00, 0x00, 0x00,
    0x00, 0x00, 0x00, 0x00, 0x00, 0x01, 0x00, 0x11, 0xEE, 0xFF, 0xFF, 0xEE, 0x11, 0x00, 0x01, 0x00,
    0x00, 0x00, 0x00, 0x00, 0x00, 0x00, 0x00, 0x00, 0x00, 0x00, 0x00, 0x00, 0x00, 0x00, 0x00, 0x00,
    0x00, 0x01, 0x00, 0x11, 0xEE, 0xFF, 0xFF, 0xEE, 0x11, 0x00, 0x01, 0x00, 0x00, 0x00, 0x00, 0x00,
    0x00, 0x00, 0x00, 0x00, 0x00, 0x01, 0x00, 0x11, 0xEE, 0xFF, 0xFF, 0xEE, 0x11, 0x00, 0x01, 0x00,
    0x00, 0x00, 0x00, 0x00, 0x00, 0x00, 0x00, 0x00, 0x00, 0x00, 0x00, 0x00, 0x00, 0x00, 0x00, 0x00,
    0x00, 0x01, 0x00, 0x11, 0xEE, 0xFF, 0xFF, 0xEE, 0x11, 0x00, 0x01, 0x00, 0x00, 0x00, 0x00, 0x00,
    0x00, 0x00, 0x00, 0x00, 0x00, 0x01, 0x00, 0x11, 0xEE, 0xFF, 0xFF, 0xEE, 0x11, 0x00, 0x01, 0x00,
    0x00, 0x00, 0x00, 0x00, 0x00, 0x00, 0x00, 0x00, 0x00, 0x00, 0x00, 0x00, 0x00, 0x00, 0x00, 0x00,
    0x00, 0x01, 0x00, 0x11, 0xEE, 0xFF, 0xFF, 0xEE, 0x11, 0x00, 0x01, 0x00, 0x00, 0x00, 0x00, 0x00,
    0x00, 0x00, 0x00, 0x00, 0x00, 0x01, 0x00, 0x11, 0xEE, 0xFF, 0xFF, 0xEE, 0x11, 0x00, 0x01, 0x00,
    0x00, 0x00, 0x00, 0x00, 0x00, 0x00, 0x00, 0x00, 0x00, 0x00, 0x00, 0x00, 0x00, 0x00, 0x00, 0x00,
    0x00, 0x01, 0x00, 0x11, 0xEE, 0xFF, 0xFF, 0xEE, 0x11, 0x00, 0x01, 0x00, 0x00, 0x00, 0x00, 0x00,
    0x00, 0x00, 0x00, 0x00, 0x00, 0x01, 0x00, 0x11, 0xEE, 0xFF, 0xFF, 0xEE, 0x11, 0x00, 0x01, 0x00,
    0x00, 0x00, 0x00, 0x00, 0x00, 0x00, 0x00, 0x00, 0x00, 0x00, 0x00, 0x00, 0x00, 0x00, 0x00, 0x00,
    0x00, 0x01, 0x00, 0x11, 0xEE, 0xFF, 0xFF, 0xEE, 0x11, 0x00, 0x01, 0x00, 0x00, 0x00, 0x00, 0x00,
    0x00, 0x00, 0x00, 0x00, 0x00, 0x01, 0x00, 0x11, 0xEE, 0xFF, 0xFF, 0xEE, 0x11, 0x00, 0x01, 0x00,
    0x00, 0x00, 0x00, 0x00, 0x00, 0x00, 0x00, 0x00, 0x00, 0x00, 0x00, 0x00, 0x00, 0x00, 0x00, 0x00,
    0x00, 0x01, 0x00, 0x11, 0xEE, 0xFF, 0xFF, 0xEE, 0x11, 0x00, 0x01, 0x00, 0x00, 0x00, 0x00, 0x00,
    0x00, 0x00, 0x00, 0x00, 0x00, 0x01, 0x00, 0x11, 0xEE, 0xFF, 0xFF, 0xEE, 0x11, 0x00, 0x01, 0x00,
    0x00, 0x00, 0x00, 0x00, 0x00, 0x00, 0x00, 0x00, 0x00, 0x00, 0x00, 0x00, 0x00, 0x00, 0x00, 0x00,
    0x00, 0x01, 0x00, 0x11, 0xEE, 0xFF, 0xFF, 0xEE, 0x11, 0x00, 0x01, 0x00, 0x00, 0x00, 0x00, 0x00,
    0x00, 0x00, 0x00, 0x00, 0x00, 0x01, 0x00, 0x11, 0xEE, 0xFF, 0xFF, 0xEE, 0x11, 0x00, 0x01, 0x00,
    0x00, 0x00, 0x00, 0x00, 0x00, 0x00, 0x00, 0x00, 0x00, 0x00, 0x00, 0x00, 0x00, 0x00, 0x00, 0x00,
    0x00, 0x01, 0x00, 0x11, 0xEE, 0xFF, 0xFF, 0xEE, 0x11, 0x00, 0x01, 0x00, 0x00, 0x00, 0x00, 0x00,
    0x00, 0x00, 0x00, 0x00, 0x00, 0x01, 0x00, 0x11, 0xEE, 0xFF, 0xFF, 0xEE, 0x11, 0x00, 0x01, 0x00,
    0x00, 0x00, 0x00, 0x00, 0x00, 0x00, 0x00, 0x00, 0x00, 0x00, 0x00, 0x00, 0x00, 0x00, 0x00, 0x00,
    0x00, 0x01, 0x00, 0x11, 0xEE, 0xFF, 0xFF, 0xEE, 0x11, 0x00, 0x01, 0x00, 0x00, 0x00, 0x00, 0x00,
    0x00, 0x00, 0x00, 0x00, 0x00, 0x01, 0x00, 0x11, 0xEE, 0xFF, 0xFF, 0xEE, 0x11, 0x00, 0x01, 0x00,
    0x00, 0x00, 0x00, 0x00, 0x00, 0x00, 0x00, 0x00, 0x00, 0x00, 0x00, 0x00, 0x00, 0x00, 0x00, 0x00,
    0x00, 0x01, 0x00, 0x11, 0xEE, 0xFF, 0xFF, 0xEE, 0x11, 0x00, 0x01, 0x00, 0x00, 0x00, 0x00, 0x00,
    0x00, 0x00, 0x00, 0x00, 0x00, 0x01, 0x00, 0x11, 0xEE, 0xFF, 0xFF, 0xEE, 0x11, 0x00, 0x01, 0x00,
    0x00, 0x00, 0x00, 0x00, 0x00, 0x00, 0x00, 0x00, 0x00, 0x00, 0x00, 0x00, 0x00, 0x00, 0x00, 0x00,
    0x00, 0x01, 0x00, 0x11, 0xEE, 0xFF, 0xFF, 0xEE, 0x11, 0x00, 0x01, 0x00, 0x00, 0x00, 0x00, 0x00,
    0x00, 0x00, 0x00, 0x00, 0x00, 0x01, 0x00, 0x11, 0xEE, 0xFF, 0xFF, 0xEE, 0x12, 0x01, 0x02, 0x01,
    0x01, 0x01, 0x01, 0x01, 0x01, 0x01, 0x01, 0x01, 0x01, 0x01, 0x01, 0x01, 0x01, 0x01, 0x01, 0x01,
    0x01, 0x02, 0x01, 0x12, 0xEE, 0xFF, 0xFF, 0xEE, 0x11, 0x00, 0x01, 0x00, 0x00, 0x00, 0x00, 0x00,
    0x00, 0x00, 0x00, 0x00, 0x00, 0x01, 0x00, 0x11, 0xEE, 0xFF, 0xFF, 0xEE, 0x0D, 0x00, 0x00, 0x00,
    0x00, 0x00, 0x00, 0x00, 0x00, 0x00, 0x00, 0x00, 0x00, 0x00, 0x00, 0x00, 0x00, 0x00, 0x00, 0x00,
    0x00, 0x00, 0x00, 0x0D, 0xEE, 0xFF, 0xFF, 0xEE, 0x11, 0x00, 0x01, 0x00, 0x00, 0x00, 0x00, 0x00,
    0x00, 0x00, 0x00, 0x00, 0x00, 0x01, 0x00, 0x12, 0xEE, 0xFF, 0xFF, 0xEF, 0x21, 0x11, 0x12, 0x11,
    0x11, 0x11, 0x11, 0x11, 0x11, 0x11, 0x11, 0x11, 0x11, 0x11, 0x11, 0x11, 0x11, 0x11, 0x11, 0x11,
    0x11, 0x12, 0x11, 0x21, 0xEF, 0xFF, 0xFF, 0xEE, 0x12, 0x00, 0x01, 0x00, 0x00, 0x00, 0x00, 0x00,
    0x00, 0x00, 0x00, 0x00, 0x00, 0x01, 0x00, 0x0B, 0xE9, 0xFE, 0xFE, 0xFE, 0xEF, 0xEE, 0xEE, 0xEE,
    0xEE, 0xEE, 0xEE, 0xEE, 0xEE, 0xEE, 0xEE, 0xEE, 0xEE, 0xEE, 0xEE, 0xEE, 0xEE, 0xEE, 0xEE, 0xEE,
    0xEE, 0xEE, 0xEE, 0xEF, 0xFE, 0xFE, 0xFE, 0xE9, 0x0B, 0x00, 0x01, 0x00, 0x00, 0x00, 0x00, 0x00,
    0x00, 0x00, 0x00, 0x00, 0x00, 0x00, 0x03, 0x00, 0xB4, 0xFF, 0xF8, 0xFE, 0xFF, 0xFF, 0xFF, 0xFF,
    0xFF, 0xFF, 0xFF, 0xFF, 0xFF, 0xFF, 0xFF, 0xFF, 0xFF, 0xFF, 0xFF, 0xFF, 0xFF, 0xFF, 0xFF, 0xFF,
    0xFF, 0xFF, 0xFF, 0xFF, 0xFE, 0xF8, 0xFF, 0xB4, 0x00, 0x03, 0x00, 0x00, 0x00, 0x00, 0x00, 0x00,
    0x00, 0x00, 0x00, 0x00, 0x00, 0x00, 0x02, 0x01, 0x2B, 0xEE, 0xFF, 0xFF, 0xFF, 0xFF, 0xFF, 0xFF,
    0xFF, 0xFF, 0xFF, 0xFF, 0xFF, 0xFF, 0xFF, 0xFF, 0xFF, 0xFF, 0xFF, 0xFF, 0xFF, 0xFF, 0xFF, 0xFF,
    0xFF, 0xFF, 0xFF, 0xFF, 0xFF, 0xFF, 0xEE, 0x2A, 0x01, 0x02, 0x00, 0x00, 0x00, 0x00, 0x00, 0x00,
    0x00, 0x00, 0x00, 0x00, 0x00, 0x00, 0x00, 0x02, 0x00, 0x2C, 0xAF, 0xE5, 0xED, 0xEE, 0xEE, 0xEE,
    0xEE, 0xEE, 0xEE, 0xEE, 0xEE, 0xEE, 0xEE, 0xEE, 0xEE, 0xEE, 0xEE, 0xEE, 0xEE, 0xEE, 0xEE, 0xEE,
    0xEE, 0xEE, 0xEE, 0xED, 0xE5, 0xAF, 0x2C, 0x00, 0x02, 0x00, 0x00, 0x00, 0x00, 0x00, 0x00, 0x00,
    0x00, 0x00, 0x00, 0x00, 0x00, 0x00, 0x00, 0x00, 0x02, 0x00, 0x00, 0x0C, 0x11, 0x11, 0x11, 0x11,
    0x11, 0x11, 0x11, 0x11, 0x11, 0x11, 0x11, 0x11, 0x11, 0x11, 0x11, 0x11, 0x11, 0x11, 0x11, 0x11,
    0x11, 0x11, 0x11, 0x11, 0x0C, 0x00, 0x00, 0x02, 0x00, 0x00, 0x00, 0x00, 0x00, 0x00, 0x00, 0x00,
    0x00, 0x00, 0x00, 0x00, 0x00, 0x00, 0x00, 0x00, 0x00, 0x02, 0x02, 0x00, 0x00, 0x00, 0x00, 0x00,
    0x00, 0x00, 0x00, 0x00, 0x00, 0x00, 0x00, 0x00, 0x00, 0x00, 0x00, 0x00, 0x00, 0x00, 0x00, 0x00,
    0x00, 0x00, 0x00, 0x00, 0x00, 0x02, 0x02, 0x00, 0x00, 0x00, 0x00, 0x00, 0x00, 0x00, 0x00, 0x00,
    0x00, 0x00, 0x00, 0x00, 0x00, 0x00, 0x00, 0x00, 0x00, 0x00, 0x00, 0x01, 0x01, 0x01, 0x01, 0x01,
    0x01, 0x01, 0x01, 0x01, 0x01, 0x01, 0x01, 0x01, 0x01, 0x01, 0x01, 0x01, 0x01, 0x01, 0x01, 0x01,
    0x01, 0x01, 0x01, 0x01, 0x01, 0x00, 0x00, 0x00, 0x00, 0x00, 0x00, 0x00, 0x00, 0x00, 0x00, 0x00,
    0x00, 0x00, 0x00, 0x00, 0x00, 0x00, 0x00, 0x00, 0x00, 0x00, 0x00, 0x00, 0x00, 0x00, 0x00, 0x00,
    0x00, 0x00, 0x00, 0x00, 0x00, 0x00, 0x00, 0x00, 0x00, 0x00, 0x00, 0x00, 0x00, 0x00, 0x00, 0x00,
    0x00, 0x00, 0x00, 0x00, 0x00, 0x00, 0x00, 0x00, 0x00, 0x00, 0x00, 0x00, 0x00, 0x00, 0x00, 0x00,
    0x00, 0x00, 0x00, 0x00, 0x00, 0x00, 0x00, 0x00, 0x00, 0x00, 0x00, 0x00, 0x00, 0x00, 0x00, 0x00,
    0x00, 0x00, 0x00, 0x00, 0x00, 0x00, 0x00, 0x00, 0x00, 0x00, 0x00, 0x00, 0x00, 0x00, 0x00, 0x00,
    0x00, 0x00, 0x00, 0x00, 0x00, 0x00, 0x00, 0x00, 0x00, 0x00, 0x00, 0x00, 0x00, 0x00, 0x00, 0x00,
    0x00, 0x00, 0x00, 0x00, 0x00, 0x00, 0x00, 0x00, 0x00, 0x00, 0x00, 0x00, 0x00, 0x00, 0x00, 0x00,
    0x00, 0x00, 0x00, 0x00, 0x00, 0x00, 0x00, 0x00, 0x00, 0x00, 0x00, 0x00, 0x00, 0x00, 0x00, 0x00,
    0x00, 0x00, 0x00, 0x00, 0x00, 0x00, 0x00, 0x00, 0x00, 0x00, 0x00, 0x00, 0x00, 0x00, 0x00, 0x00,
};
const lv_image_dsc_t ui_feed_icon_sd_card_48 = {
    .header = {.magic = LV_IMAGE_HEADER_MAGIC, .cf = LV_COLOR_FORMAT_A8,
               .w = 48, .h = 48, .stride = 48},
    .data_size = sizeof(s_sd_card_48),
    .data = s_sd_card_48,
};

static const uint8_t s_sd_card_64[] = {
    0x00, 0x00, 0x00, 0x00, 0x00, 0x00, 0x00, 0x00, 0x00, 0x00, 0x00, 0x00, 0x00, 0x00, 0x00, 0x00,
    0x00, 0x00, 0x00, 0x00, 0x00, 0x00, 0x00, 0x00, 0x00, 0x00, 0x00, 0x02, 0x03, 0x04, 0x04, 0x04,
    0x04, 0x04, 0x04, 0x04, 0x04, 0x04, 0x04, 0x04, 0x04, 0x04, 0x04, 0x04, 0x04, 0x04, 0x04, 0x04,
    0x03, 0x02, 0x00, 0x00, 0x00, 0x00, 0x00, 0x00, 0x00, 0x00, 0x00, 0x00, 0x00, 0x00, 0x00, 0x00,
    0x00, 0x00, 0x00, 0x00, 0x00, 0x00, 0x00, 0x00, 0x00, 0x00, 0x00, 0x00, 0x00, 0x00, 0x00, 0x00,
    0x00, 0x00, 0x00, 0x00, 0x00, 0x00, 0x00, 0x00, 0x00, 0x02, 0x02, 0x00, 0x00, 0x00, 0x00, 0x00,
    0x00, 0x00, 0x00, 0x00, 0x00, 0x00, 0x00, 0x00, 0x00, 0x00, 0x00, 0x00, 0x00, 0x00, 0x00, 0x00,
    0x00, 0x00, 0x02, 0x01, 0x00, 0x00, 0x00, 0x00, 0x00, 0x00, 0x00, 0x00, 0x00, 0x00, 0x00, 0x00,
    0x00, 0x00, 0x00, 0x00, 0x00, 0x00, 0x00, 0x00, 0x00, 0x00, 0x00, 0x00, 0x00, 0x00, 0x00, 0x00,
    0x00, 0x00, 0x00, 0x00, 0x00, 0x00, 0x00, 0x00, 0x02, 0x00, 0x00, 0x24, 0x46, 0x4C, 0x4C, 0x4C,
    0x4C, 0x4C, 0x4C, 0x4C, 0x4C, 0x4C, 0x4C, 0x4C, 0x4C, 0x4C, 0x4C, 0x4C, 0x4C, 0x4C, 0x4C, 0x4C,
    0x44, 0x1F, 0x00, 0x00, 0x02, 0x00, 0x00, 0x00, 0x00, 0x00, 0x00, 0x00, 0x00, 0x00, 0x00, 0x00,
    0x00, 0x00, 0x00, 0x00, 0x00, 0x00, 0x00, 0x00, 0x00, 0x00, 0x00, 0x00, 0x00, 0x00, 0x00, 0x00,
    0x00, 0x00, 0x00, 0x00, 0x00, 0x00, 0x00, 0x04, 0x00, 0x28, 0xB4, 0xF9, 0xFF, 0xFF, 0xFF, 0xFF,
    0xFF, 0xFF, 0xFF, 0xFF, 0xFF, 0xFF, 0xFF, 0xFF, 0xFF, 0xFF, 0xFF, 0xFF, 0xFF, 0xFF, 0xFF, 0xFF,
    0xFF, 0xF5, 0xA5, 0x18, 0x00, 0x02, 0x00, 0x00, 0x00, 0x00, 0x00, 0x00, 0x00, 0x00, 0x00, 0x00,
    0x00, 0x00, 0x00, 0x00, 0x00, 0x00, 0x00, 0x00, 0x00, 0x00, 0x00, 0x00, 0x00, 0x00, 0x00, 0x00,
    0x00, 0x00, 0x00, 0x00, 0x00, 0x00, 0x04, 0x00, 0x35, 0xEB, 0xFF, 0xFF, 0xFD, 0xFC, 0xFC, 0xFC,
    0xFC, 0xFC, 0xFC, 0xFC, 0xFC, 0xFC, 0xFC, 0xFC, 0xFC, 0xFC, 0xFC, 0xFC, 0xFC, 0xFC, 0xFC, 0xFC,
    0xFD, 0xFF, 0xFF, 0xD8, 0x18, 0x01, 0x02, 0x00, 0x00, 0x00, 0x00, 0x00, 0x00, 0x00, 0x00, 0x00,
    0x00, 0x00, 0x00, 0x00, 0x00, 0x00, 0x00, 0x00, 0x00, 0x00, 0x00, 0x00, 0x00, 0x00, 0x00, 0x00,
    0x00, 0x00, 0x00, 0x00, 0x00, 0x04, 0x00, 0x35, 0xEE, 0xFF, 0xFB, 0xFF, 0xFF, 0xFE, 0xFE, 0xFE,
    0xFE, 0xFE, 0xFE, 0xFE, 0xFE, 0xFE, 0xFE, 0xFE, 0xFE, 0xFE, 0xFE, 0xFE, 0xFE, 0xFE, 0xFE, 0xFE,
    0xFF, 0xFE, 0xF9, 0xFF, 0xAD, 0x00, 0x02, 0x00, 0x00, 0x00, 0x00, 0x00, 0x00, 0x00, 0x00, 0x00,
    0x00, 0x00, 0x00, 0x00, 0x00, 0x00, 0x00, 0x00, 0x00, 0x00, 0x00, 0x00, 0x00, 0x00, 0x00, 0x00,
    0x00, 0x00, 0x00, 0x00, 0x04, 0x00, 0x35, 0xEE, 0xFF, 0xFC, 0xFF, 0xFF, 0xFD, 0xFF, 0xFF, 0xFF,
    0xFF, 0xFF, 0xFF, 0xFF, 0xFF, 0xFF, 0xFF, 0xFF, 0xFF, 0xFF, 0xFF, 0xFF, 0xFF, 0xFF, 0xFF, 0xFF,
    0xFF, 0xFF, 0xFF, 0xFD, 0xFD, 0x24, 0x00, 0x02, 0x00, 0x00, 0x00, 0x00, 0x00, 0x00, 0x00, 0x00,
    0x00, 0x00, 0x00, 0x00, 0x00, 0x00, 0x00, 0x00, 0x00, 0x00, 0x00, 0x00, 0x00, 0x00, 0x00, 0x00,
    0x00, 0x00, 0x00, 0x04, 0x00, 0x35, 0xEE, 0xFF, 0xFC, 0xFF, 0xFE, 0xFE, 0xFF, 0xF3, 0xF3, 0xF3,
    0xF3, 0xF3, 0xF3, 0xF3, 0xF3, 0xF3, 0xF3, 0xF3, 0xF3, 0xF3, 0xF3, 0xF3, 0xF3, 0xF3, 0xF3, 0xF4,
    0xFE, 0xFF, 0xFF, 0xFC, 0xFF, 0x4F, 0x00, 0x03, 0x00, 0x00, 0x00, 0x00, 0x00, 0x00, 0x00, 0x00,
    0x00, 0x00, 0x00, 0x00, 0x00, 0x00, 0x00, 0x00, 0x00, 0x00, 0x00, 0x00, 0x00, 0x00, 0x00, 0x00,
    0x00, 0x00, 0x04, 0x00, 0x35, 0xEE, 0xFF, 0xFC, 0xFF, 0xFE, 0xFB, 0xFF, 0x7C, 0x19, 0x1B, 0x18,
    0x18, 0x18, 0x18, 0x18, 0x18, 0x18, 0x18, 0x18, 0x18, 0x18, 0x18, 0x18, 0x18, 0x19, 0x18, 0x28,
    0xF0, 0xFF, 0xFE, 0xFC, 0xFF, 0x56, 0x00, 0x04, 0x00, 0x00, 0x00, 0x00, 0x00, 0x00, 0x00, 0x00,
    0x00, 0x00, 0x00, 0x00, 0x00, 0x00, 0x00, 0x00, 0x00, 0x00, 0x00, 0x00, 0x00, 0x00, 0x00, 0x00,
    0x00, 0x04, 0x00, 0x35, 0xEE, 0xFF, 0xFC, 0xFF, 0xFE, 0xFB, 0xFF, 0x7A, 0x00, 0x00, 0x00, 0x00,
    0x00, 0x00, 0x00, 0x00, 0x00, 0x00, 0x00, 0x00, 0x00, 0x00, 0x00, 0x00, 0x00, 0x00, 0x00, 0x0B,
    0xEE, 0xFF, 0xFE, 0xFC, 0xFF, 0x56, 0x00, 0x04, 0x00, 0x00, 0x00, 0x00, 0x00, 0x00, 0x00, 0x00,
    0x00, 0x00, 0x00, 0x00, 0x00, 0x00, 0x00, 0x00, 0x00, 0x00, 0x00, 0x00, 0x00, 0x00, 0x00, 0x00,
    0x04, 0x00, 0x35, 0xEE, 0xFF, 0xFC, 0xFF, 0xFE, 0xFB, 0xFF, 0x7A, 0x00, 0x04, 0x02, 0x01, 0x01,
    0x01, 0x01, 0x01, 0x01, 0x01, 0x01, 0x01, 0x01, 0x01, 0x01, 0x01, 0x01, 0x01, 0x02, 0x01, 0x12,
    0xEE, 0xFF, 0xFE, 0xFC, 0xFF, 0x56, 0x00, 0x04, 0x00, 0x00, 0x00, 0x00, 0x00, 0x00, 0x00, 0x00,
    0x00, 0x00, 0x00, 0x00, 0x00, 0x00, 0x00, 0x00, 0x00, 0x00, 0x00, 0x00, 0x00, 0x00, 0x00, 0x04,
    0x00, 0x35, 0xEE, 0xFF, 0xFC, 0xFF, 0xFE, 0xFB, 0xFF, 0x7A, 0x00, 0x04, 0x00, 0x00, 0x00, 0x00,
    0x00, 0x00, 0x00, 0x00, 0x00, 0x00, 0x00, 0x00, 0x00, 0x00, 0x00, 0x00, 0x00, 0x01, 0x00, 0x11,
    0xEE, 0xFF, 0xFE, 0xFC, 0xFF, 0x56, 0x00, 0x04, 0x00, 0x00, 0x00, 0x00, 0x00, 0x00, 0x00, 0x00,
    0x00, 0x00, 0x00, 0x00, 0x00, 0x00, 0x00, 0x00, 0x00, 0x00, 0x00, 0x00, 0x00, 0x00, 0x04, 0x00,
    0x35, 0xEE, 0xFF, 0xFC, 0xFF, 0xFE, 0xFB, 0xFF, 0x7A, 0x00, 0x04, 0x00, 0x00, 0x00, 0x00, 0x00,
    0x00, 0x00, 0x00, 0x00, 0x00, 0x00, 0x00, 0x00, 0x00, 0x00, 0x00, 0x00, 0x00, 0x01, 0x00, 0x11,
    0xEE, 0xFF, 0xFE, 0xFC, 0xFF, 0x56, 0x00, 0x04, 0x00, 0x00, 0x00, 0x00, 0x00, 0x00, 0x00, 0x00,
    0x00, 0x00, 0x00, 0x00, 0x00, 0x00, 0x00, 0x00, 0x00, 0x00, 0x00, 0x00, 0x00, 0x04, 0x00, 0x35,
    0xEE, 0xFF, 0xFC, 0xFF, 0xFE, 0xFB, 0xFF, 0x7A, 0x00, 0x04, 0x01, 0x00, 0x00, 0x00, 0x00, 0x00,
    0x00, 0x00, 0x01, 0x00, 0x00, 0x00, 0x00, 0x00, 0x00, 0x00, 0x01, 0x00, 0x00, 0x01, 0x00, 0x11,
    0xEE, 0xFF, 0xFE, 0xFC, 0xFF, 0x56, 0x00, 0x04, 0x00, 0x00, 0x00, 0x00, 0x00, 0x00, 0x00, 0x00,
    0x00, 0x00, 0x00, 0x00, 0x00, 0x00, 0x00, 0x00, 0x00, 0x00, 0x00, 0x00, 0x04, 0x00, 0x35, 0xEE,
    0xFF, 0xFC, 0xFF, 0xFE, 0xFB, 0xFF, 0x7A, 0x00, 0x05, 0x03, 0x00, 0x00, 0x03, 0x00, 0x00, 0x00,
    0x01, 0x02, 0x00, 0x00, 0x03, 0x00, 0x00, 0x00, 0x01, 0x02, 0x00, 0x00, 0x03, 0x01, 0x00, 0x11,
    0xEE, 0xFF, 0xFE, 0xFC, 0xFF, 0x56, 0x00, 0x04, 0x00, 0x00, 0x00, 0x00, 0x00, 0x00, 0x00, 0x00,
    0x00, 0x00, 0x00, 0x00, 0x00, 0x00, 0x00, 0x00, 0x00, 0x00, 0x00, 0x04, 0x00, 0x35, 0xEE, 0xFF,
    0xFC, 0xFF, 0xFE, 0xFB, 0xFF, 0x7A, 0x00, 0x04, 0x00, 0x00, 0x09, 0x00, 0x00, 0x01, 0x00, 0x00,
    0x00, 0x00, 0x09, 0x00, 0x00, 0x01, 0x00, 0x00, 0x00, 0x00, 0x09, 0x00, 0x00, 0x02, 0x00, 0x11,
    0xEE, 0xFF, 0xFE, 0xFC, 0xFF, 0x56, 0x00, 0x04, 0x00, 0x00, 0x00, 0x00, 0x00, 0x00, 0x00, 0x00,
    0x00, 0x00, 0x00, 0x00, 0x00, 0x00, 0x00, 0x00, 0x00, 0x00, 0x02, 0x00, 0x35, 0xEE, 0xFF, 0xFC,
    0xFF, 0xFE, 0xFB, 0xFF, 0x7A, 0x00, 0x06, 0x01, 0x17, 0xAA, 0xE0, 0xC9, 0x44, 0x00, 0x03, 0x01,
    0x17, 0xAA, 0xE0, 0xC9, 0x44, 0x00, 0x03, 0x01, 0x17, 0xAA, 0xE0, 0xC9, 0x44, 0x00, 0x00, 0x11,
    0xEE, 0xFF, 0xFE, 0xFC, 0xFF, 0x56, 0x00, 0x04, 0x00, 0x00, 0x00, 0x00, 0x00, 0x00, 0x00, 0x00,
    0x00, 0x00, 0x00, 0x00, 0x00, 0x00, 0x00, 0x00, 0x00, 0x02, 0x01, 0x27, 0xED, 0xFF, 0xFC, 0xFF,
    0xFE, 0xFB, 0xFF, 0x7A, 0x00, 0x04, 0x03, 0x00, 0xB3, 0xFF, 0xFF, 0xFF, 0xF5, 0x1D, 0x02, 0x01,
    0xB2, 0xFF, 0xFF, 0xFF, 0xF5, 0x1D, 0x02, 0x01, 0xB2, 0xFF, 0xFF, 0xFF, 0xF5, 0x1E, 0x00, 0x13,
    0xEE, 0xFF, 0xFE, 0xFC, 0xFF, 0x56, 0x00, 0x04, 0x00, 0x00, 0x00, 0x00, 0x00, 0x00, 0x00, 0x00,
    0x00, 0x00, 0x00, 0x00, 0x00, 0x00, 0x00, 0x00, 0x00, 0x02, 0x00, 0xBD, 0xFF, 0xFB, 0xFF, 0xFE,
    0xFB, 0xFF, 0x7A, 0x00, 0x04, 0x01, 0x00, 0x0E, 0xEF, 0xFC, 0xFC, 0xFA, 0xFF, 0x54, 0x00, 0x12,
    0xEF, 0xFC, 0xFC, 0xFA, 0xFF, 0x54, 0x00, 0x12, 0xEF, 0xFC, 0xFC, 0xFA, 0xFF, 0x55, 0x00, 0x15,
    0xEE, 0xFF, 0xFE, 0xFC, 0xFF, 0x56, 0x00, 0x04, 0x00, 0x00, 0x00, 0x00, 0x00, 0x00, 0x00, 0x00,
    0x00, 0x00, 0x00, 0x00, 0x00, 0x00, 0x00, 0x00, 0x02, 0x00, 0x2A, 0xFE, 0xFD, 0xFF, 0xFF, 0xFD,
    0xFF, 0x7A, 0x00, 0x04, 0x00, 0x01, 0x00, 0x12, 0xED, 0xFF, 0xFE, 0xFC, 0xFE, 0x57, 0x00, 0x16,
    0xED, 0xFF, 0xFE, 0xFC, 0xFE, 0x57, 0x00, 0x16, 0xED, 0xFF, 0xFE, 0xFC, 0xFE, 0x57, 0x00, 0x15,
    0xEE, 0xFF, 0xFE, 0xFC, 0xFF, 0x56, 0x00, 0x04, 0x00, 0x00, 0x00, 0x00, 0x00, 0x00, 0x00, 0x00,
    0x00, 0x00, 0x00, 0x00, 0x00, 0x00, 0x00, 0x00, 0x03, 0x00, 0x52, 0xFF, 0xFC, 0xFF, 0xFD, 0xFD,
    0x7B, 0x00, 0x04, 0x00, 0x00, 0x01, 0x00, 0x11, 0xEE, 0xFF, 0xFE, 0xFC, 0xFF, 0x57, 0x00, 0x15,
    0xEE, 0xFF, 0xFE, 0xFC, 0xFF, 0x57, 0x00, 0x15, 0xEE, 0xFF, 0xFE, 0xFC, 0xFF, 0x57, 0x00, 0x15,
    0xEE, 0xFF, 0xFE, 0xFC, 0xFF, 0x56, 0x00, 0x04, 0x00, 0x00, 0x00, 0x00, 0x00, 0x00, 0x00, 0x00,
    0x00, 0x00, 0x00, 0x00, 0x00, 0x00, 0x00, 0x00, 0x04, 0x00, 0x56, 0xFF, 0xFC, 0xFE, 0xFF, 0xEE,
    0x07, 0x02, 0x01, 0x00, 0x00, 0x01, 0x00, 0x11, 0xEE, 0xFF, 0xFE, 0xFC, 0xFF, 0x57, 0x00, 0x15,
    0xEE, 0xFF, 0xFE, 0xFC, 0xFF, 0x57, 0x00, 0x15, 0xEE, 0xFF, 0xFE, 0xFC, 0xFF, 0x57, 0x00, 0x15,
    0xEE, 0xFF, 0xFE, 0xFC, 0xFF, 0x56, 0x00, 0x04, 0x00, 0x00, 0x00, 0x00, 0x00, 0x00, 0x00, 0x00,
    0x00, 0x00, 0x00, 0x00, 0x00, 0x00, 0x00, 0x00, 0x04, 0x00, 0x56, 0xFF, 0xFC, 0xFE, 0xFF, 0xEE,
    0x13, 0x00, 0x01, 0x00, 0x00, 0x01, 0x00, 0x11, 0xEE, 0xFF, 0xFE, 0xFC, 0xFF, 0x57, 0x00, 0x15,
    0xEE, 0xFF, 0xFE, 0xFC, 0xFF, 0x57, 0x00, 0x15, 0xEE, 0xFF, 0xFE, 0xFC, 0xFF, 0x57, 0x00, 0x15,
    0xEE, 0xFF, 0xFE, 0xFC, 0xFF, 0x56, 0x00, 0x04, 0x00, 0x00, 0x00, 0x00, 0x00, 0x00, 0x00, 0x00,
    0x00, 0x00, 0x00, 0x00, 0x00, 0x00, 0x00, 0x00, 0x04, 0x00, 0x56, 0xFF, 0xFC, 0xFE, 0xFF, 0xEE,
    0x11, 0x00, 0x01, 0x00, 0x00, 0x01, 0x00, 0x12, 0xEE, 0xFF, 0xFE, 0xFC, 0xFD, 0x58, 0x00, 0x16,
    0xEE, 0xFF, 0xFE, 0xFC, 0xFD, 0x58, 0x00, 0x16, 0xEE, 0xFF, 0xFE, 0xFC, 0xFD, 0x58, 0x00, 0x15,
    0xEE, 0xFF, 0xFE, 0xFC, 0xFF, 0x56, 0x00, 0x04, 0x00, 0x00, 0x00, 0x00, 0x00, 0x00, 0x00, 0x00,
    0x00, 0x00, 0x00, 0x00, 0x00, 0x00, 0x00, 0x00, 0x04, 0x00, 0x56, 0xFF, 0xFC, 0xFE, 0xFF, 0xEE,
    0x11, 0x00, 0x01, 0x00, 0x00, 0x01, 0x00, 0x0B, 0xEC, 0xFC, 0xFA, 0xF9, 0xFF, 0x4C, 0x00, 0x0D,
    0xEC, 0xFC, 0xFA, 0xF9, 0xFF, 0x4C, 0x00, 0x0D, 0xEC, 0xFC, 0xFA, 0xF9, 0xFF, 0x4C, 0x00, 0x15,
    0xEE, 0xFF, 0xFE, 0xFC, 0xFF, 0x56, 0x00, 0x04, 0x00, 0x00, 0x00, 0x00, 0x00, 0x00, 0x00, 0x00,
    0x00, 0x00, 0x00, 0x00, 0x00, 0x00, 0x00, 0x00, 0x04, 0x00, 0x56, 0xFF, 0xFC, 0xFE, 0xFF, 0xEE,
    0x11, 0x00, 0x01, 0x00, 0x00, 0x00, 0x03, 0x00, 0x8D, 0xFF, 0xFF, 0xFF, 0xD7, 0x0E, 0x03, 0x00,
    0x8D, 0xFF, 0xFF, 0xFF, 0xD7, 0x0E, 0x03, 0x00, 0x8D, 0xFF, 0xFF, 0xFF, 0xD7, 0x0F, 0x00, 0x12,
    0xEE, 0xFF, 0xFE, 0xFC, 0xFF, 0x56, 0x00, 0x04, 0x00, 0x00, 0x00, 0x00, 0x00, 0x00, 0x00, 0x00,
    0x00, 0x00, 0x00, 0x00, 0x00, 0x00, 0x00, 0x00, 0x04, 0x00, 0x56, 0xFF, 0xFC, 0xFE, 0xFF, 0xEE,
    0x11, 0x00, 0x01, 0x00, 0x00, 0x00, 0x01, 0x01, 0x02, 0x6E, 0xAD, 0x90, 0x1B, 0x00, 0x02, 0x01,
    0x02, 0x6E, 0xAD, 0x90, 0x1B, 0x00, 0x02, 0x01, 0x02, 0x6E, 0xAD, 0x90, 0x1B, 0x00, 0x00, 0x11,
    0xEE, 0xFF, 0xFE, 0xFC, 0xFF, 0x56, 0x00, 0x04, 0x00, 0x00, 0x00, 0x00, 0x00, 0x00, 0x00, 0x00,
    0x00, 0x00, 0x00, 0x00, 0x00, 0x00, 0x00, 0x00, 0x04, 0x00, 0x56, 0xFF, 0xFC, 0xFE, 0xFF, 0xEE,
    0x11, 0x00, 0x01, 0x00, 0x00, 0x00, 0x00, 0x00, 0x00, 0x00, 0x00, 0x00, 0x00, 0x01, 0x00, 0x00,
    0x00, 0x00, 0x00, 0x00, 0x00, 0x01, 0x00, 0x00, 0x00, 0x00, 0x00, 0x00, 0x00, 0x02, 0x00, 0x11,
    0xEE, 0xFF, 0xFE, 0xFC, 0xFF, 0x56, 0x00, 0x04, 0x00, 0x00, 0x00, 0x00, 0x00, 0x00, 0x00, 0x00,
    0x00, 0x00, 0x00, 0x00, 0x00, 0x00, 0x00, 0x00, 0x04, 0x00, 0x56, 0xFF, 0xFC, 0xFE, 0xFF, 0xEE,
    0x11, 0x00, 0x01, 0x00, 0x00, 0x00, 0x00, 0x00, 0x01, 0x04, 0x03, 0x04, 0x02, 0x00, 0x00, 0x00,
    0x01, 0x04, 0x03, 0x04, 0x02, 0x00, 0x00, 0x00, 0x01, 0x04, 0x03, 0x04, 0x02, 0x01, 0x00, 0x11,
    0xEE, 0xFF, 0xFE, 0xFC, 0xFF, 0x56, 0x00, 0x04, 0x00, 0x00, 0x00, 0x00, 0x00, 0x00, 0x00, 0x00,
    0x00, 0x00, 0x00, 0x00, 0x00, 0x00, 0x00, 0x00, 0x04, 0x00, 0x56, 0xFF, 0xFC, 0xFE, 0xFF, 0xEE,
    0x11, 0x00, 0x01, 0x00, 0x00, 0x00, 0x00, 0x00, 0x00, 0x00, 0x00, 0x00, 0x00, 0x00, 0x00, 0x00,
    0x00, 0x00, 0x00, 0x00, 0x00, 0x00, 0x00, 0x00, 0x00, 0x00, 0x00, 0x00, 0x00, 0x01, 0x00, 0x11,
    0xEE, 0xFF, 0xFE, 0xFC, 0xFF, 0x56, 0x00, 0x04, 0x00, 0x00, 0x00, 0x00, 0x00, 0x00, 0x00, 0x00,
    0x00, 0x00, 0x00, 0x00, 0x00, 0x00, 0x00, 0x00, 0x04, 0x00, 0x56, 0xFF, 0xFC, 0xFE, 0xFF, 0xEE,
    0x11, 0x00, 0x01, 0x00, 0x00, 0x00, 0x00, 0x00, 0x00, 0x00, 0x00, 0x00, 0x00, 0x00, 0x00, 0x00,
    0x00, 0x00, 0x00, 0x00, 0x00, 0x00, 0x00, 0x00, 0x00, 0x00, 0x00, 0x00, 0x00, 0x01, 0x00, 0x11,
    0xEE, 0xFF, 0xFE, 0xFC, 0xFF, 0x56, 0x00, 0x04, 0x00, 0x00, 0x00, 0x00, 0x00, 0x00, 0x00, 0x00,
    0x00, 0x00, 0x00, 0x00, 0x00, 0x00, 0x00, 0x00, 0x04, 0x00, 0x56, 0xFF, 0xFC, 0xFE, 0xFF, 0xEE,
    0x11, 0x00, 0x01, 0x00, 0x00, 0x00, 0x00, 0x00, 0x00, 0x00, 0x00, 0x00, 0x00, 0x00, 0x00, 0x00,
    0x00, 0x00, 0x00, 0x00, 0x00, 0x00, 0x00, 0x00, 0x00, 0x00, 0x00, 0x00, 0x00, 0x01, 0x00, 0x11,
    0xEE, 0xFF, 0xFE, 0xFC, 0xFF, 0x56, 0x00, 0x04, 0x00, 0x00, 0x00, 0x00, 0x00, 0x00, 0x00, 0x00,
    0x00, 0x00, 0x00, 0x00, 0x00, 0x00, 0x00, 0x00, 0x04, 0x00, 0x56, 0xFF, 0xFC, 0xFE, 0xFF, 0xEE,
    0x11, 0x00, 0x01, 0x00, 0x00, 0x00, 0x00, 0x00, 0x00, 0x00, 0x00, 0x00, 0x00, 0x00, 0x00, 0x00,
    0x00, 0x00, 0x00, 0x00, 0x00, 0x00, 0x00, 0x00, 0x00, 0x00, 0x00, 0x00, 0x00, 0x01, 0x00, 0x11,
    0xEE, 0xFF, 0xFE, 0xFC, 0xFF, 0x56, 0x00, 0x04, 0x00, 0x00, 0x00, 0x00, 0x00, 0x00, 0x00, 0x00,
    0x00, 0x00, 0x00, 0x00, 0x00, 0x00, 0x00, 0x00, 0x04, 0x00, 0x56, 0xFF, 0xFC, 0xFE, 0xFF, 0xEE,
    0x11, 0x00, 0x01, 0x00, 0x00, 0x00, 0x00, 0x00, 0x00, 0x00, 0x00, 0x00, 0x00, 0x00, 0x00, 0x00,
    0x00, 0x00, 0x00, 0x00, 0x00, 0x00, 0x00, 0x00, 0x00, 0x00, 0x00, 0x00, 0x00, 0x01, 0x00, 0x11,
    0xEE, 0xFF, 0xFE, 0xFC, 0xFF, 0x56, 0x00, 0x04, 0x00, 0x00, 0x00, 0x00, 0x00, 0x00, 0x00, 0x00,
    0x00, 0x00, 0x00, 0x00, 0x00, 0x00, 0x00, 0x00, 0x04, 0x00, 0x56, 0xFF, 0xFC, 0xFE, 0xFF, 0xEE,
    0x11, 0x00, 0x01, 0x00, 0x00, 0x00, 0x00, 0x00, 0x00, 0x00, 0x00, 0x00, 0x00, 0x00, 0x00, 0x00,
    0x00, 0x00, 0x00, 0x00, 0x00, 0x00, 0x00, 0x00, 0x00, 0x00, 0x00, 0x00, 0x00, 0x01, 0x00, 0x11,
    0xEE, 0xFF, 0xFE, 0xFC, 0xFF, 0x56, 0x00, 0x04, 0x00, 0x00, 0x00, 0x00, 0x00, 0x00, 0x00, 0x00,
    0x00, 0x00, 0x00, 0x00, 0x00, 0x00, 0x00, 0x00, 0x04, 0x00, 0x56, 0xFF, 0xFC, 0xFE, 0xFF, 0xEE,
    0x11, 0x00, 0x01, 0x00, 0x00, 0x00, 0x00, 0x00, 0x00, 0x00, 0x00, 0x00, 0x00, 0x00, 0x00, 0x00,
    0x00, 0x00, 0x00, 0x00, 0x00, 0x00, 0x00, 0x00, 0x00, 0x00, 0x00, 0x00, 0x00, 0x01, 0x00, 0x11,
    0xEE, 0xFF, 0xFE, 0xFC, 0xFF, 0x56, 0x00, 0x04, 0x00, 0x00, 0x00, 0x00, 0x00, 0x00, 0x00, 0x00,
    0x00, 0x00, 0x00, 0x00, 0x00, 0x00, 0x00, 0x00, 0x04, 0x00, 0x56, 0xFF, 0xFC, 0xFE, 0xFF, 0xEE,
    0x11, 0x00, 0x01, 0x00, 0x00, 0x00, 0x00, 0x00, 0x00, 0x00, 0x00, 0x00, 0x00, 0x00, 0x00, 0x00,
    0x00, 0x00, 0x00, 0x00, 0x00, 0x00, 0x00, 0x00, 0x00, 0x00, 0x00, 0x00, 0x00, 0x01, 0x00, 0x11,
    0xEE, 0xFF, 0xFE, 0xFC, 0xFF, 0x56, 0x00, 0x04, 0x00, 0x00, 0x00, 0x00, 0x00, 0x00, 0x00, 0x00,
    0x00, 0x00, 0x00, 0x00, 0x00, 0x00, 0x00, 0x00, 0x04, 0x00, 0x56, 0xFF, 0xFC, 0xFE, 0xFF, 0xEE,
    0x11, 0x00, 0x01, 0x00, 0x00, 0x00, 0x00, 0x00, 0x00, 0x00, 0x00, 0x00, 0x00, 0x00, 0x00, 0x00,
    0x00, 0x00, 0x00, 0x00, 0x00, 0x00, 0x00, 0x00, 0x00, 0x00, 0x00, 0x00, 0x00, 0x01, 0x00, 0x11,
    0xEE, 0xFF, 0xFE, 0xFC, 0xFF, 0x56, 0x00, 0x04, 0x00, 0x00, 0x00, 0x00, 0x00, 0x00, 0x00, 0x00,
    0x00, 0x00, 0x00, 0x00, 0x00, 0x00, 0x00, 0x00, 0x04, 0x00, 0x56, 0xFF, 0xFC, 0xFE, 0xFF, 0xEE,
    0x11, 0x00, 0x01, 0x00, 0x00, 0x00, 0x00, 0x00, 0x00, 0x00, 0x00, 0x00, 0x00, 0x00, 0x00, 0x00,
    0x00, 0x00, 0x00, 0x00, 0x00, 0x00, 0x00, 0x00, 0x00, 0x00, 0x00, 0x00, 0x00, 0x01, 0x00, 0x11,
    0xEE, 0xFF, 0xFE, 0xFC, 0xFF, 0x56, 0x00, 0x04, 0x00, 0x00, 0x00, 0x00, 0x00, 0x00, 0x00, 0x00,
    0x00, 0x00, 0x00, 0x00, 0x00, 0x00, 0x00, 0x00, 0x04, 0x00, 0x56, 0xFF, 0xFC, 0xFE, 0xFF, 0xEE,
    0x11, 0x00, 0x01, 0x00, 0x00, 0x00, 0x00, 0x00, 0x00, 0x00, 0x00, 0x00, 0x00, 0x00, 0x00, 0x00,
    0x00, 0x00, 0x00, 0x00, 0x00, 0x00, 0x00, 0x00, 0x00, 0x00, 0x00, 0x00, 0x00, 0x01, 0x00, 0x11,
    0xEE, 0xFF, 0xFE, 0xFC, 0xFF, 0x56, 0x00, 0x04, 0x00, 0x00, 0x00, 0x00, 0x00, 0x00, 0x00, 0x00,
    0x00, 0x00, 0x00, 0x00, 0x00, 0x00, 0x00, 0x00, 0x04, 0x00, 0x56, 0xFF, 0xFC, 0xFE, 0xFF, 0xEE,
    0x11, 0x00, 0x01, 0x00, 0x00, 0x00, 0x00, 0x00, 0x00, 0x00, 0x00, 0x00, 0x00, 0x00, 0x00, 0x00,
    0x00, 0x00, 0x00, 0x00, 0x00, 0x00, 0x00, 0x00, 0x00, 0x00, 0x00, 0x00, 0x00, 0x01, 0x00, 0x11,
    0xEE, 0xFF, 0xFE, 0xFC, 0xFF, 0x56, 0x00, 0x04, 0x00, 0x00, 0x00, 0x00, 0x00, 0x00, 0x00, 0x00,
    0x00, 0x00, 0x00, 0x00, 0x00, 0x00, 0x00, 0x00, 0x04, 0x00, 0x56, 0xFF, 0xFC, 0xFE, 0xFF, 0xEE,
    0x11, 0x00, 0x01, 0x00, 0x00, 0x00, 0x00, 0x00, 0x00, 0x00, 0x00, 0x00, 0x00, 0x00, 0x00, 0x00,
    0x00, 0x00, 0x00, 0x00, 0x00, 0x00, 0x00, 0x00, 0x00, 0x00, 0x00, 0x00, 0x00, 0x01, 0x00, 0x11,
    0xEE, 0xFF, 0xFE, 0xFC, 0xFF, 0x56, 0x00, 0x04, 0x00, 0x00, 0x00, 0x00, 0x00, 0x00, 0x00, 0x00,
    0x00, 0x00, 0x00, 0x00, 0x00, 0x00, 0x00, 0x00, 0x04, 0x00, 0x56, 0xFF, 0xFC, 0xFE, 0xFF, 0xEE,
    0x11, 0x00, 0x01, 0x00, 0x00, 0x00, 0x00, 0x00, 0x00, 0x00, 0x00, 0x00, 0x00, 0x00, 0x00, 0x00,
    0x00, 0x00, 0x00, 0x00, 0x00, 0x00, 0x00, 0x00, 0x00, 0x00, 0x00, 0x00, 0x00, 0x01, 0x00, 0x11,
    0xEE, 0xFF, 0xFE, 0xFC, 0xFF, 0x56, 0x00, 0x04, 0x00, 0x00, 0x00, 0x00, 0x00, 0x00, 0x00, 0x00,
    0x00, 0x00, 0x00, 0x00, 0x00, 0x00, 0x00, 0x00, 0x04, 0x00, 0x56, 0xFF, 0xFC, 0xFE, 0xFF, 0xEE,
    0x11, 0x00, 0x01, 0x00, 0x00, 0x00, 0x00, 0x00, 0x00, 0x00, 0x00, 0x00, 0x00, 0x00, 0x00, 0x00,
    0x00, 0x00, 0x00, 0x00, 0x00, 0x00, 0x00, 0x00, 0x00, 0x00, 0x00, 0x00, 0x00, 0x01, 0x00, 0x11,
    0xEE, 0xFF, 0xFE, 0xFC, 0xFF, 0x56, 0x00, 0x04, 0x00, 0x00, 0x00, 0x00, 0x00, 0x00, 0x00, 0x00,
    0x00, 0x00, 0x00, 0x00, 0x00, 0x00, 0x00, 0x00, 0x04, 0x00, 0x56, 0xFF, 0xFC, 0xFE, 0xFF, 0xEE,
    0x11, 0x00, 0x01, 0x00, 0x00, 0x00, 0x00, 0x00, 0x00, 0x00, 0x00, 0x00, 0x00, 0x00, 0x00, 0x00,
    0x00, 0x00, 0x00, 0x00, 0x00, 0x00, 0x00, 0x00, 0x00, 0x00, 0x00, 0x00, 0x00, 0x01, 0x00, 0x11,
    0xEE, 0xFF, 0xFE, 0xFC, 0xFF, 0x56, 0x00, 0x04, 0x00, 0x00, 0x00, 0x00, 0x00, 0x00, 0x00, 0x00,
    0x00, 0x00, 0x00, 0x00, 0x00, 0x00, 0x00, 0x00, 0x04, 0x00, 0x56, 0xFF, 0xFC, 0xFE, 0xFF, 0xEE,
    0x11, 0x00, 0x01, 0x00, 0x00, 0x00, 0x00, 0x00, 0x00, 0x00, 0x00, 0x00, 0x00, 0x00, 0x00, 0x00,
    0x00, 0x00, 0x00, 0x00, 0x00, 0x00, 0x00, 0x00, 0x00, 0x00, 0x00, 0x00, 0x00, 0x01, 0x00, 0x11,
    0xEE, 0xFF, 0xFE, 0xFC, 0xFF, 0x56, 0x00, 0x04, 0x00, 0x00, 0x00, 0x00, 0x00, 0x00, 0x00, 0x00,
    0x00, 0x00, 0x00, 0x00, 0x00, 0x00, 0x00, 0x00, 0x04, 0x00, 0x56, 0xFF, 0xFC, 0xFE, 0xFF, 0xEE,
    0x11, 0x00, 0x01, 0x00, 0x00, 0x00, 0x00, 0x00, 0x00, 0x00, 0x00, 0x00, 0x00, 0x00, 0x00, 0x00,
    0x00, 0x00, 0x00, 0x00, 0x00, 0x00, 0x00, 0x00, 0x00, 0x00, 0x00, 0x00, 0x00, 0x01, 0x00, 0x11,
    0xEE, 0xFF, 0xFE, 0xFC, 0xFF, 0x56, 0x00, 0x04, 0x00, 0x00, 0x00, 0x00, 0x00, 0x00, 0x00, 0x00,
    0x00, 0x00, 0x00, 0x00, 0x00, 0x00, 0x00, 0x00, 0x04, 0x00, 0x56, 0xFF, 0xFC, 0xFE, 0xFF, 0xEE,
    0x11, 0x00, 0x01, 0x00, 0x00, 0x00, 0x00, 0x00, 0x00, 0x00, 0x00, 0x00, 0x00, 0x00, 0x00, 0x00,
    0x00, 0x00, 0x00, 0x00, 0x00, 0x00, 0x00, 0x00, 0x00, 0x00, 0x00, 0x00, 0x00, 0x01, 0x00, 0x11,
    0xEE, 0xFF, 0xFE, 0xFC, 0xFF, 0x56, 0x00, 0x04, 0x00, 0x00, 0x00, 0x00, 0x00, 0x00, 0x00, 0x00,
    0x00, 0x00, 0x00, 0x00, 0x00, 0x00, 0x00, 0x00, 0x04, 0x00, 0x56, 0xFF, 0xFC, 0xFE, 0xFF, 0xEE,
    0x14, 0x03, 0x04, 0x03, 0x03, 0x03, 0x03, 0x03, 0x03, 0x03, 0x03, 0x03, 0x03, 0x03, 0x03, 0x03,
    0x03, 0x03, 0x03, 0x03, 0x03, 0x03, 0x03, 0x03, 0x03, 0x03, 0x03, 0x03, 0x03, 0x04, 0x03, 0x14,
    0xEE, 0xFF, 0xFE, 0xFC, 0xFF, 0x56, 0x00, 0x04, 0x00, 0x00, 0x00, 0x00, 0x00, 0x00, 0x00, 0x00,
    0x00, 0x00, 0x00, 0x00, 0x00, 0x00, 0x00, 0x00, 0x04, 0x00, 0x56, 0xFF, 0xFC, 0xFE, 0xFF, 0xED,
    0x03, 0x00, 0x00, 0x00, 0x00, 0x00, 0x00, 0x00, 0x00, 0x00, 0x00, 0x00, 0x00, 0x00, 0x00, 0x00,
    0x00, 0x00, 0x00, 0x00, 0x00, 0x00, 0x00, 0x00, 0x00, 0x00, 0x00, 0x00, 0x00, 0x00, 0x00, 0x03,
    0xED, 0xFF, 0xFE, 0xFC, 0xFF, 0x56, 0x00, 0x04, 0x00, 0x00, 0x00, 0x00, 0x00, 0x00, 0x00, 0x00,
    0x00, 0x00, 0x00, 0x00, 0x00, 0x00, 0x00, 0x00, 0x04, 0x00, 0x57, 0xFE, 0xFC, 0xFE, 0xFF, 0xF3,
    0x58, 0x4B, 0x4C, 0x4C, 0x4C, 0x4C, 0x4C, 0x4C, 0x4C, 0x4C, 0x4C, 0x4C, 0x4C, 0x4C, 0x4C, 0x4C,
    0x4C, 0x4C, 0x4C, 0x4C, 0x4C, 0x4C, 0x4C, 0x4C, 0x4C, 0x4C, 0x4C, 0x4C, 0x4C, 0x4C, 0x4B, 0x58,
    0xF3, 0xFF, 0xFE, 0xFC, 0xFE, 0x56, 0x00, 0x04, 0x00, 0x00, 0x00, 0x00, 0x00, 0x00, 0x00, 0x00,
    0x00, 0x00, 0x00, 0x00, 0x00, 0x00, 0x00, 0x00, 0x03, 0x00, 0x48, 0xFF, 0xFD, 0xFF, 0xFF, 0xFF,
    0xFF, 0xFF, 0xFF, 0xFF, 0xFF, 0xFF, 0xFF, 0xFF, 0xFF, 0xFF, 0xFF, 0xFF, 0xFF, 0xFF, 0xFF, 0xFF,
    0xFF, 0xFF, 0xFF, 0xFF, 0xFF, 0xFF, 0xFF, 0xFF, 0xFF, 0xFF, 0xFF, 0xFF, 0xFF, 0xFF, 0xFF, 0xFF,
    0xFF, 0xFF, 0xFF, 0xFD, 0xFF, 0x48, 0x00, 0x03, 0x00, 0x00, 0x00, 0x00, 0x00, 0x00, 0x00, 0x00,
    0x00, 0x00, 0x00, 0x00, 0x00, 0x00, 0x00, 0x00, 0x01, 0x00, 0x17, 0xF5, 0xFD, 0xFE, 0xFF, 0xFF,
    0xFC, 0xFC, 0xFC, 0xFC, 0xFC, 0xFC, 0xFC, 0xFC, 0xFC, 0xFC, 0xFC, 0xFC, 0xFC, 0xFC, 0xFC, 0xFC,
    0xFC, 0xFC, 0xFC, 0xFC, 0xFC, 0xFC, 0xFC, 0xFC, 0xFC, 0xFC, 0xFC, 0xFC, 0xFC, 0xFC, 0xFC, 0xFC,
    0xFF, 0xFF, 0xFE, 0xFD, 0xF5, 0x16, 0x00, 0x01, 0x00, 0x00, 0x00, 0x00, 0x00, 0x00, 0x00, 0x00,
    0x00, 0x00, 0x00, 0x00, 0x00, 0x00, 0x00, 0x00, 0x00, 0x03, 0x00, 0x86, 0xFF, 0xF9, 0xFD, 0xFE,
    0xFE, 0xFE, 0xFE, 0xFE, 0xFE, 0xFE, 0xFE, 0xFE, 0xFE, 0xFE, 0xFE, 0xFE, 0xFE, 0xFE, 0xFE, 0xFE,
    0xFE, 0xFE, 0xFE, 0xFE, 0xFE, 0xFE, 0xFE, 0xFE, 0xFE, 0xFE, 0xFE, 0xFE, 0xFE, 0xFE, 0xFE, 0xFE,
    0xFE, 0xFD, 0xF9, 0xFF, 0x86, 0x00, 0x03, 0x00, 0x00, 0x00, 0x00, 0x00, 0x00, 0x00, 0x00, 0x00,
    0x00, 0x00, 0x00, 0x00, 0x00, 0x00, 0x00, 0x00, 0x00, 0x01, 0x02, 0x05, 0xAB, 0xFF, 0xFF, 0xFF,
    0xFF, 0xFF, 0xFF, 0xFF, 0xFF, 0xFF, 0xFF, 0xFF, 0xFF, 0xFF, 0xFF, 0xFF, 0xFF, 0xFF, 0xFF, 0xFF,
    0xFF, 0xFF, 0xFF, 0xFF, 0xFF, 0xFF, 0xFF, 0xFF, 0xFF, 0xFF, 0xFF, 0xFF, 0xFF, 0xFF, 0xFF, 0xFF,
    0xFF, 0xFF, 0xFF, 0xAB, 0x05, 0x02, 0x01, 0x00, 0x00, 0x00, 0x00, 0x00, 0x00, 0x00, 0x00, 0x00,
    0x00, 0x00, 0x00, 0x00, 0x00, 0x00, 0x00, 0x00, 0x00, 0x00, 0x01, 0x00, 0x00, 0x6A, 0xCB, 0xED,
    0xF3, 0xF3, 0xF3, 0xF3, 0xF3, 0xF3, 0xF3, 0xF3, 0xF3, 0xF3, 0xF3, 0xF3, 0xF3, 0xF3, 0xF3, 0xF3,
    0xF3, 0xF3, 0xF3, 0xF3, 0xF3, 0xF3, 0xF3, 0xF3, 0xF3, 0xF3, 0xF3, 0xF3, 0xF3, 0xF3, 0xF3, 0xF3,
    0xED, 0xCB, 0x6A, 0x00, 0x00, 0x01, 0x00, 0x00, 0x00, 0x00, 0x00, 0x00, 0x00, 0x00, 0x00, 0x00,
    0x00, 0x00, 0x00, 0x00, 0x00, 0x00, 0x00, 0x00, 0x00, 0x00, 0x00, 0x01, 0x01, 0x00, 0x00, 0x13,
    0x19, 0x18, 0x18, 0x18, 0x18, 0x18, 0x18, 0x18, 0x18, 0x18, 0x18, 0x18, 0x18, 0x18, 0x18, 0x18,
    0x18, 0x18, 0x18, 0x18, 0x18, 0x18, 0x18, 0x18, 0x18, 0x18, 0x18, 0x18, 0x18, 0x18, 0x18, 0x19,
    0x13, 0x00, 0x00, 0x01, 0x01, 0x00, 0x00, 0x00, 0x00, 0x00, 0x00, 0x00, 0x00, 0x00, 0x00, 0x00,
    0x00, 0x00, 0x00, 0x00, 0x00, 0x00, 0x00, 0x00, 0x00, 0x00, 0x00, 0x00, 0x00, 0x03, 0x00, 0x00,
    0x00, 0x00, 0x00, 0x00, 0x00, 0x00, 0x00, 0x00, 0x00, 0x00, 0x00, 0x00, 0x00, 0x00, 0x00, 0x00,
    0x00, 0x00, 0x00, 0x00, 0x00, 0x00, 0x00, 0x00, 0x00, 0x00, 0x00, 0x00, 0x00, 0x00, 0x00, 0x00,
    0x00, 0x00, 0x03, 0x00, 0x00, 0x00, 0x00, 0x00, 0x00, 0x00, 0x00, 0x00, 0x00, 0x00, 0x00, 0x00,
    0x00, 0x00, 0x00, 0x00, 0x00, 0x00, 0x00, 0x00, 0x00, 0x00, 0x00, 0x00, 0x00, 0x00, 0x00, 0x01,
    0x01, 0x01, 0x01, 0x01, 0x01, 0x01, 0x01, 0x01, 0x01, 0x01, 0x01, 0x01, 0x01, 0x01, 0x01, 0x01,
    0x01, 0x01, 0x01, 0x01, 0x01, 0x01, 0x01, 0x01, 0x01, 0x01, 0x01, 0x01, 0x01, 0x01, 0x01, 0x01,
    0x01, 0x00, 0x00, 0x00, 0x00, 0x00, 0x00, 0x00, 0x00, 0x00, 0x00, 0x00, 0x00, 0x00, 0x00, 0x00,
    0x00, 0x00, 0x00, 0x00, 0x00, 0x00, 0x00, 0x00, 0x00, 0x00, 0x00, 0x00, 0x00, 0x00, 0x00, 0x00,
    0x00, 0x00, 0x00, 0x00, 0x00, 0x00, 0x00, 0x00, 0x00, 0x00, 0x00, 0x00, 0x00, 0x00, 0x00, 0x00,
    0x00, 0x00, 0x00, 0x00, 0x00, 0x00, 0x00, 0x00, 0x00, 0x00, 0x00, 0x00, 0x00, 0x00, 0x00, 0x00,
    0x00, 0x00, 0x00, 0x00, 0x00, 0x00, 0x00, 0x00, 0x00, 0x00, 0x00, 0x00, 0x00, 0x00, 0x00, 0x00,
    0x00, 0x00, 0x00, 0x00, 0x00, 0x00, 0x00, 0x00, 0x00, 0x00, 0x00, 0x00, 0x00, 0x00, 0x00, 0x00,
    0x00, 0x00, 0x00, 0x00, 0x00, 0x00, 0x00, 0x00, 0x00, 0x00, 0x00, 0x00, 0x00, 0x00, 0x00, 0x00,
    0x00, 0x00, 0x00, 0x00, 0x00, 0x00, 0x00, 0x00, 0x00, 0x00, 0x00, 0x00, 0x00, 0x00, 0x00, 0x00,
    0x00, 0x00, 0x00, 0x00, 0x00, 0x00, 0x00, 0x00, 0x00, 0x00, 0x00, 0x00, 0x00, 0x00, 0x00, 0x00,
    0x00, 0x00, 0x00, 0x00, 0x00, 0x00, 0x00, 0x00, 0x00, 0x00, 0x00, 0x00, 0x00, 0x00, 0x00, 0x00,
    0x00, 0x00, 0x00, 0x00, 0x00, 0x00, 0x00, 0x00, 0x00, 0x00, 0x00, 0x00, 0x00, 0x00, 0x00, 0x00,
    0x00, 0x00, 0x00, 0x00, 0x00, 0x00, 0x00, 0x00, 0x00, 0x00, 0x00, 0x00, 0x00, 0x00, 0x00, 0x00,
    0x00, 0x00, 0x00, 0x00, 0x00, 0x00, 0x00, 0x00, 0x00, 0x00, 0x00, 0x00, 0x00, 0x00, 0x00, 0x00,
    0x00, 0x00, 0x00, 0x00, 0x00, 0x00, 0x00, 0x00, 0x00, 0x00, 0x00, 0x00, 0x00, 0x00, 0x00, 0x00,
    0x00, 0x00, 0x00, 0x00, 0x00, 0x00, 0x00, 0x00, 0x00, 0x00, 0x00, 0x00, 0x00, 0x00, 0x00, 0x00,
    0x00, 0x00, 0x00, 0x00, 0x00, 0x00, 0x00, 0x00, 0x00, 0x00, 0x00, 0x00, 0x00, 0x00, 0x00, 0x00,
    0x00, 0x00, 0x00, 0x00, 0x00, 0x00, 0x00, 0x00, 0x00, 0x00, 0x00, 0x00, 0x00, 0x00, 0x00, 0x00,
    0x00, 0x00, 0x00, 0x00, 0x00, 0x00, 0x00, 0x00, 0x00, 0x00, 0x00, 0x00, 0x00, 0x00, 0x00, 0x00,
    0x00, 0x00, 0x00, 0x00, 0x00, 0x00, 0x00, 0x00, 0x00, 0x00, 0x00, 0x00, 0x00, 0x00, 0x00, 0x00,
    0x00, 0x00, 0x00, 0x00, 0x00, 0x00, 0x00, 0x00, 0x00, 0x00, 0x00, 0x00, 0x00, 0x00, 0x00, 0x00,
    0x00, 0x00, 0x00, 0x00, 0x00, 0x00, 0x00, 0x00, 0x00, 0x00, 0x00, 0x00, 0x00, 0x00, 0x00, 0x00,
};
const lv_image_dsc_t ui_feed_icon_sd_card_64 = {
    .header = {.magic = LV_IMAGE_HEADER_MAGIC, .cf = LV_COLOR_FORMAT_A8,
               .w = 64, .h = 64, .stride = 64},
    .data_size = sizeof(s_sd_card_64),
    .data = s_sd_card_64,
};

static const uint8_t s_bluetooth_24[] = {
    0x00, 0x00, 0x00, 0x00, 0x00, 0x00, 0x00, 0x00, 0x00, 0x00, 0x00, 0x00, 0x00, 0x02, 0x00, 0x00,
    0x00, 0x00, 0x00, 0x00, 0x00, 0x00, 0x00, 0x00, 0x00, 0x00, 0x00, 0x00, 0x00, 0x00, 0x00, 0x00,
    0x00, 0x01, 0x00, 0x69, 0x6B, 0x00, 0x03, 0x01, 0x00, 0x00, 0x00, 0x00, 0x00, 0x00, 0x00, 0x00,
    0x00, 0x00, 0x00, 0x00, 0x00, 0x02, 0x04, 0x01, 0x01, 0x00, 0x0F, 0xF8, 0xFF, 0x7F, 0x00, 0x04,
    0x01, 0x00, 0x00, 0x00, 0x00, 0x00, 0x00, 0x00, 0x00, 0x00, 0x00, 0x00, 0x00, 0x00, 0x00, 0x00,
    0x02, 0x00, 0x12, 0xEB, 0xFD, 0xFF, 0x7F, 0x00, 0x04, 0x01, 0x00, 0x00, 0x00, 0x00, 0x00, 0x00,
    0x00, 0x00, 0x00, 0x02, 0x00, 0x2E, 0x82, 0x12, 0x00, 0x01, 0x10, 0xEF, 0xFC, 0xFF, 0xFF, 0x7F,
    0x00, 0x02, 0x00, 0x00, 0x00, 0x00, 0x00, 0x00, 0x00, 0x00, 0x00, 0x04, 0x00, 0x8B, 0xFF, 0xC9,
    0x15, 0x00, 0x14, 0xF4, 0xE8, 0x6E, 0xF8, 0xFF, 0x7D, 0x01, 0x02, 0x00, 0x00, 0x00, 0x00, 0x00,
    0x00, 0x00, 0x00, 0x01, 0x02, 0x18, 0xC9, 0xFF, 0xCC, 0x12, 0x07, 0xF5, 0xF7, 0x00, 0x60, 0xFB,
    0xFF, 0x3A, 0x00, 0x03, 0x00, 0x00, 0x00, 0x00, 0x00, 0x00, 0x00, 0x00, 0x02, 0x00, 0x14, 0xCB,
    0xFF, 0xC7, 0x1F, 0xEE, 0xEE, 0x22, 0xBC, 0xFF, 0xCB, 0x16, 0x02, 0x01, 0x00, 0x00, 0x00, 0x00,
    0x00, 0x00, 0x00, 0x00, 0x00, 0x03, 0x00, 0x14, 0xCC, 0xFF, 0xD6, 0xF3, 0xF3, 0xD6, 0xFF, 0xCD,
    0x14, 0x00, 0x02, 0x00, 0x00, 0x00, 0x00, 0x00, 0x00, 0x00, 0x00, 0x00, 0x00, 0x00, 0x03, 0x00,
    0x14, 0xCD, 0xFF, 0xFF, 0xFF, 0xFF, 0xCD, 0x14, 0x00, 0x02, 0x00, 0x00, 0x00, 0x00, 0x00, 0x00,
    0x00, 0x00, 0x00, 0x00, 0x00, 0x00, 0x00, 0x03, 0x00, 0x11, 0xC5, 0xFE, 0xFE, 0xC5, 0x11, 0x00,
    0x03, 0x00, 0x00, 0x00, 0x00, 0x00, 0x00, 0x00, 0x00, 0x00, 0x00, 0x00, 0x00, 0x00, 0x00, 0x03,
    0x00, 0x11, 0xC5, 0xFE, 0xFE, 0xC5, 0x11, 0x00, 0x03, 0x00, 0x00, 0x00, 0x00, 0x00, 0x00, 0x00,
    0x00, 0x00, 0x00, 0x00, 0x00, 0x00, 0x03, 0x00, 0x14, 0xCD, 0xFF, 0xFF, 0xFF, 0xFF, 0xCD, 0x14,
    0x00, 0x02, 0x00, 0x00, 0x00, 0x00, 0x00, 0x00, 0x00, 0x00, 0x00, 0x00, 0x00, 0x03, 0x00, 0x14,
    0xCB, 0xFF, 0xD6, 0xF3, 0xF3, 0xD6, 0xFF, 0xCD, 0x14, 0x00, 0x02, 0x00, 0x00, 0x00, 0x00, 0x00,
    0x00, 0x00, 0x00, 0x00, 0x02, 0x00, 0x14, 0xCB, 0xFF, 0xC7, 0x1F, 0xEE, 0xEE, 0x22, 0xBC, 0xFF,
    0xCB, 0x15, 0x02, 0x01, 0x00, 0x00, 0x00, 0x00, 0x00, 0x00, 0x00, 0x01, 0x02, 0x18, 0xC9, 0xFF,
    0xCC, 0x12, 0x07, 0xF5, 0xF7, 0x00, 0x60, 0xFB, 0xFF, 0x3A, 0x00, 0x03, 0x00, 0x00, 0x00, 0x00,
    0x00, 0x00, 0x00, 0x04, 0x00, 0x8B, 0xFF, 0xC9, 0x15, 0x00, 0x14, 0xF4, 0xE8, 0x6E, 0xF8, 0xFF,
    0x7D, 0x01, 0x02, 0x00, 0x00, 0x00, 0x00, 0x00, 0x00, 0x00, 0x00, 0x02, 0x00, 0x2E, 0x82, 0x12,
    0x00, 0x01, 0x10, 0xEF, 0xFC, 0xFF, 0xFF, 0x7F, 0x00, 0x02, 0x00, 0x00, 0x00, 0x00, 0x00, 0x00,
    0x00, 0x00, 0x00, 0x00, 0x00, 0x00, 0x00, 0x00, 0x02, 0x00, 0x12, 0xEB, 0xFD, 0xFF, 0x7F, 0x00,
    0x04, 0x01, 0x00, 0x00, 0x00, 0x00, 0x00, 0x00, 0x00, 0x00, 0x00, 0x00, 0x00, 0x02, 0x04, 0x01,
    0x01, 0x00, 0x0F, 0xF7, 0xFF, 0x7E, 0x00, 0x04, 0x01, 0x00, 0x00, 0x00, 0x00, 0x00, 0x00, 0x00,
    0x00, 0x00, 0x00, 0x00, 0x00, 0x00, 0x00, 0x00, 0x00, 0x01, 0x00, 0x6B, 0x6D, 0x00, 0x03, 0x01,
    0x00, 0x00, 0x00, 0x00, 0x00, 0x00, 0x00, 0x00, 0x00, 0x00, 0x00, 0x00, 0x00, 0x00, 0x00, 0x00,
    0x00, 0x00, 0x00, 0x00, 0x00, 0x02, 0x00, 0x00, 0x00, 0x00, 0x00, 0x00, 0x00, 0x00, 0x00, 0x00,
    0x00, 0x00, 0x00, 0x00, 0x00, 0x00, 0x00, 0x00, 0x00, 0x00, 0x00, 0x03, 0x03, 0x00, 0x00, 0x00,
    0x00, 0x00, 0x00, 0x00, 0x00, 0x00, 0x00, 0x00, 0x00, 0x00, 0x00, 0x00, 0x00, 0x00, 0x00, 0x00,
    0x00, 0x00, 0x00, 0x00, 0x00, 0x00, 0x00, 0x00, 0x00, 0x00, 0x00, 0x00, 0x00, 0x00, 0x00, 0x00,
};
const lv_image_dsc_t ui_feed_icon_bluetooth_24 = {
    .header = {.magic = LV_IMAGE_HEADER_MAGIC, .cf = LV_COLOR_FORMAT_A8,
               .w = 24, .h = 24, .stride = 24},
    .data_size = sizeof(s_bluetooth_24),
    .data = s_bluetooth_24,
};

static const uint8_t s_bluetooth_32[] = {
    0x00, 0x00, 0x00, 0x00, 0x00, 0x00, 0x00, 0x00, 0x00, 0x00, 0x00, 0x00, 0x00, 0x00, 0x01, 0x00,
    0x00, 0x02, 0x00, 0x00, 0x00, 0x00, 0x00, 0x00, 0x00, 0x00, 0x00, 0x00, 0x00, 0x00, 0x00, 0x00,
    0x00, 0x00, 0x00, 0x00, 0x00, 0x00, 0x00, 0x00, 0x00, 0x00, 0x00, 0x00, 0x00, 0x01, 0x00, 0x1C,
    0x1B, 0x00, 0x03, 0x00, 0x00, 0x00, 0x00, 0x00, 0x00, 0x00, 0x00, 0x00, 0x00, 0x00, 0x00, 0x00,
    0x00, 0x00, 0x00, 0x00, 0x00, 0x00, 0x00, 0x00, 0x00, 0x00, 0x00, 0x00, 0x02, 0x00, 0x2A, 0xF1,
    0xF1, 0x44, 0x00, 0x04, 0x00, 0x00, 0x00, 0x00, 0x00, 0x00, 0x00, 0x00, 0x00, 0x00, 0x00, 0x00,
    0x00, 0x00, 0x00, 0x00, 0x00, 0x00, 0x00, 0x00, 0x02, 0x00, 0x00, 0x00, 0x04, 0x00, 0x5A, 0xFF,
    0xFF, 0xF6, 0x44, 0x00, 0x04, 0x00, 0x00, 0x00, 0x00, 0x00, 0x00, 0x00, 0x00, 0x00, 0x00, 0x00,
    0x00, 0x00, 0x00, 0x00, 0x00, 0x00, 0x00, 0x00, 0x00, 0x00, 0x01, 0x00, 0x04, 0x00, 0x55, 0xFE,
    0xF9, 0xFD, 0xF6, 0x44, 0x00, 0x04, 0x00, 0x00, 0x00, 0x00, 0x00, 0x00, 0x00, 0x00, 0x00, 0x00,
    0x00, 0x00, 0x00, 0x00, 0x00, 0x00, 0x00, 0x00, 0x23, 0x00, 0x00, 0x01, 0x04, 0x00, 0x56, 0xFF,
    0xFC, 0xFF, 0xFE, 0xF6, 0x44, 0x00, 0x04, 0x00, 0x00, 0x00, 0x00, 0x00, 0x00, 0x00, 0x00, 0x00,
    0x00, 0x00, 0x00, 0x00, 0x00, 0x03, 0x00, 0x88, 0xFA, 0xAB, 0x05, 0x01, 0x06, 0x00, 0x56, 0xFF,
    0xFC, 0xD4, 0xFF, 0xFE, 0xF6, 0x44, 0x00, 0x02, 0x00, 0x00, 0x00, 0x00, 0x00, 0x00, 0x00, 0x00,
    0x00, 0x00, 0x00, 0x00, 0x00, 0x03, 0x00, 0xB8, 0xFF, 0xFF, 0xB2, 0x05, 0x03, 0x01, 0x56, 0xFF,
    0xFF, 0x4B, 0x7D, 0xFF, 0xFE, 0xF6, 0x42, 0x00, 0x02, 0x00, 0x00, 0x00, 0x00, 0x00, 0x00, 0x00,
    0x00, 0x00, 0x00, 0x00, 0x00, 0x02, 0x01, 0x21, 0xDC, 0xFF, 0xFF, 0xB1, 0x06, 0x00, 0x58, 0xFF,
    0xFF, 0x59, 0x00, 0x88, 0xFE, 0xFF, 0xEC, 0x0D, 0x00, 0x01, 0x00, 0x00, 0x00, 0x00, 0x00, 0x00,
    0x00, 0x00, 0x00, 0x00, 0x00, 0x00, 0x02, 0x00, 0x21, 0xDD, 0xFF, 0xFF, 0xB5, 0x00, 0x52, 0xFF,
    0xFF, 0x52, 0x01, 0xA9, 0xFC, 0xFF, 0xD2, 0x09, 0x01, 0x01, 0x00, 0x00, 0x00, 0x00, 0x00, 0x00,
    0x00, 0x00, 0x00, 0x00, 0x00, 0x00, 0x00, 0x03, 0x00, 0x20, 0xDD, 0xFF, 0xFF, 0xA2, 0x57, 0xFF,
    0xFF, 0x57, 0xA2, 0xFF, 0xFF, 0xDC, 0x21, 0x00, 0x02, 0x00, 0x00, 0x00, 0x00, 0x00, 0x00, 0x00,
    0x00, 0x00, 0x00, 0x00, 0x00, 0x00, 0x00, 0x00, 0x03, 0x00, 0x20, 0xDD, 0xFF, 0xFF, 0xE8, 0xFF,
    0xFF, 0xE8, 0xFF, 0xFF, 0xDC, 0x20, 0x00, 0x02, 0x00, 0x00, 0x00, 0x00, 0x00, 0x00, 0x00, 0x00,
    0x00, 0x00, 0x00, 0x00, 0x00, 0x00, 0x00, 0x00, 0x00, 0x03, 0x00, 0x20, 0xDD, 0xFF, 0xFF, 0xFF,
    0xFF, 0xFF, 0xFF, 0xDC, 0x20, 0x00, 0x03, 0x00, 0x00, 0x00, 0x00, 0x00, 0x00, 0x00, 0x00, 0x00,
    0x00, 0x00, 0x00, 0x00, 0x00, 0x00, 0x00, 0x00, 0x00, 0x00, 0x03, 0x00, 0x22, 0xDB, 0xFD, 0xFD,
    0xFD, 0xFD, 0xDB, 0x21, 0x00, 0x03, 0x00, 0x00, 0x00, 0x00, 0x00, 0x00, 0x00, 0x00, 0x00, 0x00,
    0x00, 0x00, 0x00, 0x00, 0x00, 0x00, 0x00, 0x00, 0x00, 0x00, 0x00, 0x05, 0x00, 0x26, 0xF6, 0xFD,
    0xFD, 0xF6, 0x26, 0x00, 0x05, 0x00, 0x00, 0x00, 0x00, 0x00, 0x00, 0x00, 0x00, 0x00, 0x00, 0x00,
    0x00, 0x00, 0x00, 0x00, 0x00, 0x00, 0x00, 0x00, 0x00, 0x00, 0x02, 0x01, 0x07, 0xAC, 0xFD, 0xFD,
    0xFD, 0xFD, 0xAC, 0x07, 0x01, 0x02, 0x00, 0x00, 0x00, 0x00, 0x00, 0x00, 0x00, 0x00, 0x00, 0x00,
    0x00, 0x00, 0x00, 0x00, 0x00, 0x00, 0x00, 0x00, 0x00, 0x02, 0x01, 0x05, 0xB1, 0xFF, 0xFD, 0xFF,
    0xFF, 0xFD, 0xFF, 0xB1, 0x05, 0x01, 0x02, 0x00, 0x00, 0x00, 0x00, 0x00, 0x00, 0x00, 0x00, 0x00,
    0x00, 0x00, 0x00, 0x00, 0x00, 0x00, 0x00, 0x00, 0x02, 0x01, 0x05, 0xB2, 0xFF, 0xFF, 0xFE, 0xFF,
    0xFF, 0xFE, 0xFF, 0xFF, 0xB1, 0x05, 0x01, 0x01, 0x00, 0x00, 0x00, 0x00, 0x00, 0x00, 0x00, 0x00,
    0x00, 0x00, 0x00, 0x00, 0x00, 0x00, 0x00, 0x02, 0x01, 0x05, 0xB2, 0xFF, 0xFF, 0xCF, 0x75, 0xFF,
    0xFF, 0x75, 0xCF, 0xFF, 0xFF, 0xB1, 0x05, 0x01, 0x01, 0x00, 0x00, 0x00, 0x00, 0x00, 0x00, 0x00,
    0x00, 0x00, 0x00, 0x00, 0x00, 0x00, 0x01, 0x00, 0x05, 0xB2, 0xFF, 0xFF, 0xDF, 0x17, 0x49, 0xFF,
    0xFF, 0x49, 0x19, 0xD3, 0xFA, 0xFF, 0xA8, 0x04, 0x02, 0x00, 0x00, 0x00, 0x00, 0x00, 0x00, 0x00,
    0x00, 0x00, 0x00, 0x00, 0x00, 0x01, 0x02, 0x07, 0xB1, 0xFF, 0xFF, 0xDD, 0x22, 0x00, 0x5A, 0xFF,
    0xFF, 0x5E, 0x00, 0x6E, 0xFF, 0xFB, 0xFD, 0x10, 0x00, 0x01, 0x00, 0x00, 0x00, 0x00, 0x00, 0x00,
    0x00, 0x00, 0x00, 0x00, 0x00, 0x03, 0x00, 0x99, 0xFF, 0xFF, 0xDC, 0x20, 0x00, 0x01, 0x56, 0xFF,
    0xFF, 0x43, 0x4B, 0xF9, 0xFA, 0xFF, 0x72, 0x00, 0x02, 0x00, 0x00, 0x00, 0x00, 0x00, 0x00, 0x00,
    0x00, 0x00, 0x00, 0x00, 0x00, 0x03, 0x00, 0xAD, 0xFF, 0xD9, 0x21, 0x00, 0x07, 0x00, 0x56, 0xFF,
    0xFC, 0xAC, 0xF7, 0xFE, 0xFF, 0x77, 0x00, 0x02, 0x00, 0x00, 0x00, 0x00, 0x00, 0x00, 0x00, 0x00,
    0x00, 0x00, 0x00, 0x00, 0x00, 0x01, 0x00, 0x12, 0x5A, 0x17, 0x00, 0x03, 0x04, 0x00, 0x56, 0xFF,
    0xFC, 0xFF, 0xFD, 0xFF, 0x77, 0x00, 0x04, 0x00, 0x00, 0x00, 0x00, 0x00, 0x00, 0x00, 0x00, 0x00,
    0x00, 0x00, 0x00, 0x00, 0x00, 0x00, 0x00, 0x00, 0x00, 0x00, 0x02, 0x00, 0x04, 0x00, 0x55, 0xFF,
    0xFB, 0xF9, 0xFF, 0x77, 0x00, 0x04, 0x00, 0x00, 0x00, 0x00, 0x00, 0x00, 0x00, 0x00, 0x00, 0x00,
    0x00, 0x00, 0x00, 0x00, 0x00, 0x00, 0x00, 0x01, 0x04, 0x01, 0x00, 0x00, 0x04, 0x00, 0x5A, 0xFD,
    0xF8, 0xFF, 0x77, 0x00, 0x04, 0x00, 0x00, 0x00, 0x00, 0x00, 0x00, 0x00, 0x00, 0x00, 0x00, 0x00,
    0x00, 0x00, 0x00, 0x00, 0x00, 0x00, 0x00, 0x00, 0x00, 0x00, 0x00, 0x00, 0x03, 0x00, 0x3D, 0xFF,
    0xFF, 0x76, 0x00, 0x04, 0x00, 0x00, 0x00, 0x00, 0x00, 0x00, 0x00, 0x00, 0x00, 0x00, 0x00, 0x00,
    0x00, 0x00, 0x00, 0x00, 0x00, 0x00, 0x00, 0x00, 0x00, 0x00, 0x00, 0x00, 0x00, 0x01, 0x00, 0x4F,
    0x4D, 0x00, 0x03, 0x00, 0x00, 0x00, 0x00, 0x00, 0x00, 0x00, 0x00, 0x00, 0x00, 0x00, 0x00, 0x00,
    0x00, 0x00, 0x00, 0x00, 0x00, 0x00, 0x00, 0x00, 0x00, 0x00, 0x00, 0x00, 0x00, 0x00, 0x00, 0x00,
    0x00, 0x02, 0x00, 0x00, 0x00, 0x00, 0x00, 0x00, 0x00, 0x00, 0x00, 0x00, 0x00, 0x00, 0x00, 0x00,
    0x00, 0x00, 0x00, 0x00, 0x00, 0x00, 0x00, 0x00, 0x00, 0x00, 0x00, 0x00, 0x00, 0x00, 0x00, 0x03,
    0x03, 0x00, 0x00, 0x00, 0x00, 0x00, 0x00, 0x00, 0x00, 0x00, 0x00, 0x00, 0x00, 0x00, 0x00, 0x00,
    0x00, 0x00, 0x00, 0x00, 0x00, 0x00, 0x00, 0x00, 0x00, 0x00, 0x00, 0x00, 0x00, 0x00, 0x00, 0x00,
    0x00, 0x00, 0x00, 0x00, 0x00, 0x00, 0x00, 0x00, 0x00, 0x00, 0x00, 0x00, 0x00, 0x00, 0x00, 0x00,
    0x00, 0x00, 0x00, 0x00, 0x00, 0x00, 0x00, 0x00, 0x00, 0x00, 0x00, 0x00, 0x00, 0x00, 0x00, 0x00,
    0x00, 0x00, 0x00, 0x00, 0x00, 0x00, 0x00, 0x00, 0x00, 0x00, 0x00, 0x00, 0x00, 0x00, 0x00, 0x00,
};
const lv_image_dsc_t ui_feed_icon_bluetooth_32 = {
    .header = {.magic = LV_IMAGE_HEADER_MAGIC, .cf = LV_COLOR_FORMAT_A8,
               .w = 32, .h = 32, .stride = 32},
    .data_size = sizeof(s_bluetooth_32),
    .data = s_bluetooth_32,
};

static const uint8_t s_bluetooth_44[] = {
    0x00, 0x00, 0x00, 0x00, 0x00, 0x00, 0x00, 0x00, 0x00, 0x00, 0x00, 0x00, 0x00, 0x00, 0x00, 0x00,
    0x00, 0x00, 0x00, 0x00, 0x01, 0x04, 0x04, 0x01, 0x00, 0x00, 0x00, 0x00, 0x00, 0x00, 0x00, 0x00,
    0x00, 0x00, 0x00, 0x00, 0x00, 0x00, 0x00, 0x00, 0x00, 0x00, 0x00, 0x00, 0x00, 0x00, 0x00, 0x00,
    0x00, 0x00, 0x00, 0x00, 0x00, 0x00, 0x00, 0x00, 0x00, 0x00, 0x00, 0x00, 0x00, 0x00, 0x00, 0x00,
    0x00, 0x00, 0x00, 0x00, 0x01, 0x00, 0x00, 0x00, 0x00, 0x00, 0x00, 0x00, 0x00, 0x00, 0x00, 0x00,
    0x00, 0x00, 0x00, 0x00, 0x00, 0x00, 0x00, 0x00, 0x00, 0x00, 0x00, 0x00, 0x00, 0x00, 0x00, 0x00,
    0x00, 0x00, 0x00, 0x00, 0x00, 0x00, 0x00, 0x00, 0x00, 0x00, 0x01, 0x01, 0x05, 0x64, 0x63, 0x00,
    0x00, 0x01, 0x00, 0x00, 0x00, 0x00, 0x00, 0x00, 0x00, 0x00, 0x00, 0x00, 0x00, 0x00, 0x00, 0x00,
    0x00, 0x00, 0x00, 0x00, 0x00, 0x00, 0x00, 0x00, 0x00, 0x00, 0x00, 0x00, 0x00, 0x00, 0x00, 0x00,
    0x00, 0x00, 0x00, 0x00, 0x00, 0x00, 0x03, 0x00, 0x92, 0xFF, 0xFF, 0xAA, 0x02, 0x01, 0x02, 0x00,
    0x00, 0x00, 0x00, 0x00, 0x00, 0x00, 0x00, 0x00, 0x00, 0x00, 0x00, 0x00, 0x00, 0x00, 0x00, 0x00,
    0x00, 0x00, 0x00, 0x00, 0x00, 0x00, 0x00, 0x00, 0x00, 0x00, 0x00, 0x00, 0x00, 0x00, 0x00, 0x00,
    0x00, 0x00, 0x00, 0x00, 0xD4, 0xFC, 0xF7, 0xFF, 0xAB, 0x02, 0x01, 0x02, 0x00, 0x00, 0x00, 0x00,
    0x00, 0x00, 0x00, 0x00, 0x00, 0x00, 0x00, 0x00, 0x00, 0x00, 0x00, 0x00, 0x00, 0x00, 0x00, 0x00,
    0x00, 0x00, 0x00, 0x00, 0x00, 0x00, 0x00, 0x01, 0x00, 0x00, 0x00, 0x00, 0x00, 0x00, 0x00, 0x00,
    0xCE, 0xFF, 0xFD, 0xFA, 0xFF, 0xAB, 0x02, 0x01, 0x02, 0x00, 0x00, 0x00, 0x00, 0x00, 0x00, 0x00,
    0x00, 0x00, 0x00, 0x00, 0x00, 0x00, 0x00, 0x00, 0x00, 0x00, 0x00, 0x00, 0x00, 0x00, 0x00, 0x00,
    0x00, 0x00, 0x03, 0x00, 0x01, 0x01, 0x00, 0x00, 0x00, 0x00, 0x00, 0x00, 0xCF, 0xFF, 0xFD, 0xFF,
    0xFA, 0xFF, 0xAB, 0x02, 0x01, 0x02, 0x00, 0x00, 0x00, 0x00, 0x00, 0x00, 0x00, 0x00, 0x00, 0x00,
    0x00, 0x00, 0x00, 0x00, 0x00, 0x00, 0x00, 0x00, 0x00, 0x00, 0x00, 0x00, 0x00, 0x00, 0x00, 0x03,
    0x00, 0x00, 0x02, 0x00, 0x00, 0x00, 0x00, 0x00, 0xCF, 0xFF, 0xFD, 0xFF, 0xFD, 0xFA, 0xFF, 0xAB,
    0x02, 0x01, 0x02, 0x00, 0x00, 0x00, 0x00, 0x00, 0x00, 0x00, 0x00, 0x00, 0x00, 0x00, 0x00, 0x00,
    0x00, 0x00, 0x00, 0x00, 0x00, 0x00, 0x00, 0x00, 0x02, 0x00, 0x69, 0xDB, 0xB7, 0x19, 0x00, 0x03,
    0x00, 0x00, 0x00, 0x00, 0xCF, 0xFF, 0xFD, 0xFB, 0xFF, 0xFD, 0xFA, 0xFF, 0xAB, 0x02, 0x01, 0x01,
    0x00, 0x00, 0x00, 0x00, 0x00, 0x00, 0x00, 0x00, 0x00, 0x00, 0x00, 0x00, 0x00, 0x00, 0x00, 0x00,
    0x00, 0x00, 0x00, 0x01, 0x00, 0x13, 0xF8, 0xFF, 0xFF, 0xD5, 0x1A, 0x00, 0x03, 0x00, 0x00, 0x00,
    0xCF, 0xFF, 0xFF, 0xC8, 0x7C, 0xFF, 0xFC, 0xFA, 0xFF, 0xAB, 0x02, 0x00, 0x01, 0x00, 0x00, 0x00,
    0x00, 0x00, 0x00, 0x00, 0x00, 0x00, 0x00, 0x00, 0x00, 0x00, 0x00, 0x00, 0x00, 0x00, 0x00, 0x01,
    0x01, 0x0C, 0xE3, 0xFF, 0xF7, 0xFF, 0xD5, 0x19, 0x00, 0x03, 0x00, 0x00, 0xCF, 0xFF, 0xFF, 0xCF,
    0x00, 0x7A, 0xFF, 0xFF, 0xFA, 0xFF, 0xAB, 0x06, 0x02, 0x01, 0x00, 0x00, 0x00, 0x00, 0x00, 0x00,
    0x00, 0x00, 0x00, 0x00, 0x00, 0x00, 0x00, 0x00, 0x00, 0x00, 0x00, 0x00, 0x02, 0x00, 0x40, 0xF5,
    0xFF, 0xF9, 0xFF, 0xD5, 0x19, 0x00, 0x03, 0x00, 0xCF, 0xFF, 0xFF, 0xD0, 0x02, 0x00, 0x70, 0xF6,
    0xFD, 0xF9, 0xFF, 0x7E, 0x00, 0x04, 0x00, 0x00, 0x00, 0x00, 0x00, 0x00, 0x00, 0x00, 0x00, 0x00,
    0x00, 0x00, 0x00, 0x00, 0x00, 0x00, 0x00, 0x00, 0x00, 0x03, 0x00, 0x41, 0xF5, 0xFF, 0xF9, 0xFF,
    0xD5, 0x1A, 0x00, 0x02, 0xCF, 0xFF, 0xFF, 0xCE, 0x02, 0x00, 0x10, 0xE5, 0xFE, 0xF8, 0xFF, 0xAA,
    0x00, 0x04, 0x00, 0x00, 0x00, 0x00, 0x00, 0x00, 0x00, 0x00, 0x00, 0x00, 0x00, 0x00, 0x00, 0x00,
    0x00, 0x00, 0x00, 0x00, 0x00, 0x00, 0x04, 0x00, 0x41, 0xF5, 0xFF, 0xF9, 0xFF, 0xD5, 0x1A, 0x00,
    0xD3, 0xFF, 0xFF, 0xD3, 0x00, 0x1A, 0xD7, 0xFF, 0xFB, 0xFF, 0xF4, 0x37, 0x01, 0x02, 0x00, 0x00,
    0x00, 0x00, 0x00, 0x00, 0x00, 0x00, 0x00, 0x00, 0x00, 0x00, 0x00, 0x00, 0x00, 0x00, 0x00, 0x00,
    0x00, 0x00, 0x00, 0x04, 0x00, 0x41, 0xF5, 0xFF, 0xF9, 0xFF, 0xD5, 0x18, 0xC6, 0xFF, 0xFF, 0xC6,
    0x18, 0xD5, 0xFF, 0xFA, 0xFF, 0xF5, 0x41, 0x00, 0x02, 0x00, 0x00, 0x00, 0x00, 0x00, 0x00, 0x00,
    0x00, 0x00, 0x00, 0x00, 0x00, 0x00, 0x00, 0x00, 0x00, 0x00, 0x00, 0x00, 0x00, 0x00, 0x00, 0x00,
    0x04, 0x00, 0x41, 0xF5, 0xFF, 0xF9, 0xFF, 0xD2, 0xDC, 0xFF, 0xFF, 0xDC, 0xD2, 0xFF, 0xF9, 0xFF,
    0xF5, 0x41, 0x00, 0x04, 0x00, 0x00, 0x00, 0x00, 0x00, 0x00, 0x00, 0x00, 0x00, 0x00, 0x00, 0x00,
    0x00, 0x00, 0x00, 0x00, 0x00, 0x00, 0x00, 0x00, 0x00, 0x00, 0x00, 0x00, 0x00, 0x04, 0x00, 0x41,
    0xF5, 0xFF, 0xFB, 0xFF, 0xFF, 0xFF, 0xFF, 0xFF, 0xFF, 0xFB, 0xFF, 0xF5, 0x41, 0x00, 0x04, 0x00,
    0x00, 0x00, 0x00, 0x00, 0x00, 0x00, 0x00, 0x00, 0x00, 0x00, 0x00, 0x00, 0x00, 0x00, 0x00, 0x00,
    0x00, 0x00, 0x00, 0x00, 0x00, 0x00, 0x00, 0x00, 0x00, 0x00, 0x04, 0x00, 0x41, 0xF5, 0xFF, 0xFB,
    0xFE, 0xFF, 0xFF, 0xFE, 0xFB, 0xFF, 0xF5, 0x41, 0x00, 0x04, 0x00, 0x00, 0x00, 0x00, 0x00, 0x00,
    0x00, 0x00, 0x00, 0x00, 0x00, 0x00, 0x00, 0x00, 0x00, 0x00, 0x00, 0x00, 0x00, 0x00, 0x00, 0x00,
    0x00, 0x00, 0x00, 0x00, 0x00, 0x00, 0x00, 0x04, 0x00, 0x41, 0xF6, 0xFF, 0xFE, 0xFF, 0xFF, 0xFE,
    0xFF, 0xF6, 0x41, 0x00, 0x04, 0x00, 0x00, 0x00, 0x00, 0x00, 0x00, 0x00, 0x00, 0x00, 0x00, 0x00,
    0x00, 0x00, 0x00, 0x00, 0x00, 0x00, 0x00, 0x00, 0x00, 0x00, 0x00, 0x00, 0x00, 0x00, 0x00, 0x00,
    0x00, 0x00, 0x00, 0x00, 0x04, 0x00, 0x3D, 0xE7, 0xFD, 0xFE, 0xFE, 0xFD, 0xE7, 0x3C, 0x00, 0x04,
    0x00, 0x00, 0x00, 0x00, 0x00, 0x00, 0x00, 0x00, 0x00, 0x00, 0x00, 0x00, 0x00, 0x00, 0x00, 0x00,
    0x00, 0x00, 0x00, 0x00, 0x00, 0x00, 0x00, 0x00, 0x00, 0x00, 0x00, 0x00, 0x00, 0x00, 0x00, 0x00,
    0x03, 0x00, 0x11, 0xD8, 0xFE, 0xFD, 0xFD, 0xFE, 0xD8, 0x10, 0x00, 0x03, 0x00, 0x00, 0x00, 0x00,
    0x00, 0x00, 0x00, 0x00, 0x00, 0x00, 0x00, 0x00, 0x00, 0x00, 0x00, 0x00, 0x00, 0x00, 0x00, 0x00,
    0x00, 0x00, 0x00, 0x00, 0x00, 0x00, 0x00, 0x00, 0x00, 0x00, 0x00, 0x03, 0x00, 0x1A, 0xD7, 0xFF,
    0xFD, 0xFF, 0xFF, 0xFD, 0xFF, 0xD7, 0x19, 0x00, 0x03, 0x00, 0x00, 0x00, 0x00, 0x00, 0x00, 0x00,
    0x00, 0x00, 0x00, 0x00, 0x00, 0x00, 0x00, 0x00, 0x00, 0x00, 0x00, 0x00, 0x00, 0x00, 0x00, 0x00,
    0x00, 0x00, 0x00, 0x00, 0x00, 0x00, 0x03, 0x00, 0x19, 0xD5, 0xFF, 0xFB, 0xFE, 0xFF, 0xFF, 0xFE,
    0xFB, 0xFF, 0xD5, 0x19, 0x00, 0x03, 0x00, 0x00, 0x00, 0x00, 0x00, 0x00, 0x00, 0x00, 0x00, 0x00,
    0x00, 0x00, 0x00, 0x00, 0x00, 0x00, 0x00, 0x00, 0x00, 0x00, 0x00, 0x00, 0x00, 0x00, 0x00, 0x00,
    0x00, 0x03, 0x00, 0x19, 0xD5, 0xFF, 0xFA, 0xFF, 0xFF, 0xFF, 0xFF, 0xFF, 0xFF, 0xFA, 0xFF, 0xD5,
    0x19, 0x00, 0x03, 0x00, 0x00, 0x00, 0x00, 0x00, 0x00, 0x00, 0x00, 0x00, 0x00, 0x00, 0x00, 0x00,
    0x00, 0x00, 0x00, 0x00, 0x00, 0x00, 0x00, 0x00, 0x00, 0x00, 0x00, 0x00, 0x03, 0x00, 0x19, 0xD5,
    0xFF, 0xF9, 0xFF, 0xF3, 0xEB, 0xFF, 0xFF, 0xEB, 0xF3, 0xFF, 0xF9, 0xFF, 0xD5, 0x19, 0x00, 0x03,
    0x00, 0x00, 0x00, 0x00, 0x00, 0x00, 0x00, 0x00, 0x00, 0x00, 0x00, 0x00, 0x00, 0x00, 0x00, 0x00,
    0x00, 0x00, 0x00, 0x00, 0x00, 0x00, 0x00, 0x03, 0x00, 0x19, 0xD5, 0xFF, 0xF9, 0xFF, 0xF5, 0x3E,
    0xC4, 0xFF, 0xFF, 0xC4, 0x3E, 0xF5, 0xFF, 0xF9, 0xFF, 0xD5, 0x19, 0x00, 0x02, 0x00, 0x00, 0x00,
    0x00, 0x00, 0x00, 0x00, 0x00, 0x00, 0x00, 0x00, 0x00, 0x00, 0x00, 0x00, 0x00, 0x00, 0x00, 0x00,
    0x00, 0x00, 0x03, 0x00, 0x19, 0xD5, 0xFF, 0xF9, 0xFF, 0xF5, 0x41, 0x00, 0xD3, 0xFF, 0xFF, 0xD3,
    0x00, 0x41, 0xF7, 0xFF, 0xFA, 0xFF, 0xD5, 0x1A, 0x01, 0x01, 0x00, 0x00, 0x00, 0x00, 0x00, 0x00,
    0x00, 0x00, 0x00, 0x00, 0x00, 0x00, 0x00, 0x00, 0x00, 0x00, 0x00, 0x00, 0x00, 0x02, 0x00, 0x1A,
    0xD5, 0xFF, 0xF9, 0xFF, 0xF5, 0x41, 0x00, 0x02, 0xCF, 0xFF, 0xFF, 0xCF, 0x02, 0x00, 0x38, 0xED,
    0xFE, 0xF8, 0xFF, 0x98, 0x00, 0x04, 0x00, 0x00, 0x00, 0x00, 0x00, 0x00, 0x00, 0x00, 0x00, 0x00,
    0x00, 0x00, 0x00, 0x00, 0x00, 0x00, 0x00, 0x00, 0x02, 0x00, 0x1B, 0xD5, 0xFF, 0xF9, 0xFF, 0xF5,
    0x41, 0x00, 0x05, 0x00, 0xCF, 0xFF, 0xFF, 0xCF, 0x03, 0x00, 0x39, 0xEC, 0xFE, 0xF8, 0xFF, 0x9A,
    0x00, 0x04, 0x00, 0x00, 0x00, 0x00, 0x00, 0x00, 0x00, 0x00, 0x00, 0x00, 0x00, 0x00, 0x00, 0x00,
    0x00, 0x00, 0x00, 0x00, 0x02, 0x05, 0xC5, 0xFF, 0xF8, 0xFF, 0xF5, 0x41, 0x00, 0x05, 0x00, 0x00,
    0xCF, 0xFF, 0xFF, 0xD2, 0x00, 0x47, 0xF8, 0xFF, 0xFA, 0xFF, 0xD7, 0x1B, 0x01, 0x01, 0x00, 0x00,
    0x00, 0x00, 0x00, 0x00, 0x00, 0x00, 0x00, 0x00, 0x00, 0x00, 0x00, 0x00, 0x00, 0x00, 0x00, 0x01,
    0x00, 0x16, 0xFF, 0xFD, 0xFF, 0xF5, 0x41, 0x00, 0x04, 0x00, 0x00, 0x00, 0xCF, 0xFF, 0xFF, 0xC4,
    0x49, 0xF8, 0xFF, 0xFA, 0xFF, 0xD7, 0x1C, 0x00, 0x02, 0x00, 0x00, 0x00, 0x00, 0x00, 0x00, 0x00,
    0x00, 0x00, 0x00, 0x00, 0x00, 0x00, 0x00, 0x00, 0x00, 0x00, 0x00, 0x00, 0x02, 0x02, 0x9B, 0xFF,
    0xE6, 0x41, 0x00, 0x04, 0x00, 0x00, 0x00, 0x00, 0xCF, 0xFF, 0xFE, 0xEF, 0xF9, 0xFF, 0xFA, 0xFF,
    0xD7, 0x1C, 0x00, 0x03, 0x00, 0x00, 0x00, 0x00, 0x00, 0x00, 0x00, 0x00, 0x00, 0x00, 0x00, 0x00,
    0x00, 0x00, 0x00, 0x00, 0x00, 0x00, 0x00, 0x00, 0x01, 0x00, 0x00, 0x2B, 0x14, 0x00, 0x03, 0x00,
    0x00, 0x00, 0x00, 0x00, 0xCF, 0xFF, 0xFD, 0xFF, 0xFF, 0xFB, 0xFF, 0xD7, 0x1C, 0x00, 0x03, 0x00,
    0x00, 0x00, 0x00, 0x00, 0x00, 0x00, 0x00, 0x00, 0x00, 0x00, 0x00, 0x00, 0x00, 0x00, 0x00, 0x00,
    0x00, 0x00, 0x00, 0x00, 0x00, 0x00, 0x01, 0x00, 0x00, 0x02, 0x00, 0x00, 0x00, 0x00, 0x00, 0x00,
    0xCF, 0xFF, 0xFD, 0xFF, 0xFB, 0xFF, 0xD7, 0x1C, 0x00, 0x03, 0x00, 0x00, 0x00, 0x00, 0x00, 0x00,
    0x00, 0x00, 0x00, 0x00, 0x00, 0x00, 0x00, 0x00, 0x00, 0x00, 0x00, 0x00, 0x00, 0x00, 0x00, 0x00,
    0x00, 0x00, 0x00, 0x02, 0x01, 0x00, 0x00, 0x00, 0x00, 0x00, 0x00, 0x00, 0xCE, 0xFF, 0xFD, 0xFB,
    0xFF, 0xD7, 0x1C, 0x00, 0x03, 0x00, 0x00, 0x00, 0x00, 0x00, 0x00, 0x00, 0x00, 0x00, 0x00, 0x00,
    0x00, 0x00, 0x00, 0x00, 0x00, 0x00, 0x00, 0x00, 0x00, 0x00, 0x00, 0x00, 0x00, 0x00, 0x00, 0x00,
    0x00, 0x00, 0x00, 0x00, 0x00, 0x00, 0x00, 0x00, 0xD2, 0xFB, 0xF7, 0xFF, 0xD7, 0x1C, 0x00, 0x03,
    0x00, 0x00, 0x00, 0x00, 0x00, 0x00, 0x00, 0x00, 0x00, 0x00, 0x00, 0x00, 0x00, 0x00, 0x00, 0x00,
    0x00, 0x00, 0x00, 0x00, 0x00, 0x00, 0x00, 0x00, 0x00, 0x00, 0x00, 0x00, 0x00, 0x00, 0x00, 0x00,
    0x00, 0x00, 0x03, 0x00, 0xB3, 0xFF, 0xFF, 0xD7, 0x1C, 0x00, 0x03, 0x00, 0x00, 0x00, 0x00, 0x00,
    0x00, 0x00, 0x00, 0x00, 0x00, 0x00, 0x00, 0x00, 0x00, 0x00, 0x00, 0x00, 0x00, 0x00, 0x00, 0x00,
    0x00, 0x00, 0x00, 0x00, 0x00, 0x00, 0x00, 0x00, 0x00, 0x00, 0x00, 0x00, 0x00, 0x00, 0x01, 0x01,
    0x1D, 0xA2, 0xA1, 0x1A, 0x00, 0x03, 0x00, 0x00, 0x00, 0x00, 0x00, 0x00, 0x00, 0x00, 0x00, 0x00,
    0x00, 0x00, 0x00, 0x00, 0x00, 0x00, 0x00, 0x00, 0x00, 0x00, 0x00, 0x00, 0x00, 0x00, 0x00, 0x00,
    0x00, 0x00, 0x00, 0x00, 0x00, 0x00, 0x00, 0x00, 0x00, 0x00, 0x00, 0x00, 0x00, 0x00, 0x00, 0x00,
    0x02, 0x00, 0x00, 0x00, 0x00, 0x00, 0x00, 0x00, 0x00, 0x00, 0x00, 0x00, 0x00, 0x00, 0x00, 0x00,
    0x00, 0x00, 0x00, 0x00, 0x00, 0x00, 0x00, 0x00, 0x00, 0x00, 0x00, 0x00, 0x00, 0x00, 0x00, 0x00,
    0x00, 0x00, 0x00, 0x00, 0x00, 0x00, 0x00, 0x00, 0x01, 0x03, 0x03, 0x01, 0x00, 0x00, 0x00, 0x00,
    0x00, 0x00, 0x00, 0x00, 0x00, 0x00, 0x00, 0x00, 0x00, 0x00, 0x00, 0x00, 0x00, 0x00, 0x00, 0x00,
    0x00, 0x00, 0x00, 0x00, 0x00, 0x00, 0x00, 0x00, 0x00, 0x00, 0x00, 0x00, 0x00, 0x00, 0x00, 0x00,
    0x00, 0x00, 0x00, 0x00, 0x00, 0x00, 0x00, 0x00, 0x00, 0x00, 0x00, 0x00, 0x00, 0x00, 0x00, 0x00,
    0x00, 0x00, 0x00, 0x00, 0x00, 0x00, 0x00, 0x00, 0x00, 0x00, 0x00, 0x00, 0x00, 0x00, 0x00, 0x00,
    0x00, 0x00, 0x00, 0x00, 0x00, 0x00, 0x00, 0x00, 0x00, 0x00, 0x00, 0x00, 0x00, 0x00, 0x00, 0x00,
    0x00, 0x00, 0x00, 0x00, 0x00, 0x00, 0x00, 0x00, 0x00, 0x00, 0x00, 0x00, 0x00, 0x00, 0x00, 0x00,
    0x00, 0x00, 0x00, 0x00, 0x00, 0x00, 0x00, 0x00, 0x00, 0x00, 0x00, 0x00, 0x00, 0x00, 0x00, 0x00,
    0x00, 0x00, 0x00, 0x00, 0x00, 0x00, 0x00, 0x00, 0x00, 0x00, 0x00, 0x00, 0x00, 0x00, 0x00, 0x00,
    0x00, 0x00, 0x00, 0x00, 0x00, 0x00, 0x00, 0x00, 0x00, 0x00, 0x00, 0x00, 0x00, 0x00, 0x00, 0x00,
    0x00, 0x00, 0x00, 0x00, 0x00, 0x00, 0x00, 0x00, 0x00, 0x00, 0x00, 0x00, 0x00, 0x00, 0x00, 0x00,
    0x00, 0x00, 0x00, 0x00, 0x00, 0x00, 0x00, 0x00, 0x00, 0x00, 0x00, 0x00, 0x00, 0x00, 0x00, 0x00,
    0x00, 0x00, 0x00, 0x00, 0x00, 0x00, 0x00, 0x00, 0x00, 0x00, 0x00, 0x00, 0x00, 0x00, 0x00, 0x00,
};
const lv_image_dsc_t ui_feed_icon_bluetooth_44 = {
    .header = {.magic = LV_IMAGE_HEADER_MAGIC, .cf = LV_COLOR_FORMAT_A8,
               .w = 44, .h = 44, .stride = 44},
    .data_size = sizeof(s_bluetooth_44),
    .data = s_bluetooth_44,
};

static const uint8_t s_bluetooth_48[] = {
    0x00, 0x00, 0x00, 0x00, 0x00, 0x00, 0x00, 0x00, 0x00, 0x00, 0x00, 0x00, 0x00, 0x00, 0x00, 0x00,
    0x00, 0x00, 0x00, 0x00, 0x00, 0x00, 0x00, 0x02, 0x02, 0x00, 0x00, 0x00, 0x00, 0x00, 0x00, 0x00,
    0x00, 0x00, 0x00, 0x00, 0x00, 0x00, 0x00, 0x00, 0x00, 0x00, 0x00, 0x00, 0x00, 0x00, 0x00, 0x00,
    0x00, 0x00, 0x00, 0x00, 0x00, 0x00, 0x00, 0x00, 0x00, 0x00, 0x00, 0x00, 0x00, 0x00, 0x00, 0x00,
    0x00, 0x00, 0x00, 0x00, 0x00, 0x00, 0x02, 0x00, 0x00, 0x02, 0x00, 0x00, 0x00, 0x00, 0x00, 0x00,
    0x00, 0x00, 0x00, 0x00, 0x00, 0x00, 0x00, 0x00, 0x00, 0x00, 0x00, 0x00, 0x00, 0x00, 0x00, 0x00,
    0x00, 0x00, 0x00, 0x00, 0x00, 0x00, 0x00, 0x00, 0x00, 0x00, 0x00, 0x00, 0x00, 0x00, 0x00, 0x00,
    0x00, 0x00, 0x00, 0x00, 0x00, 0x01, 0x00, 0x28, 0x27, 0x00, 0x02, 0x00, 0x00, 0x00, 0x00, 0x00,
    0x00, 0x00, 0x00, 0x00, 0x00, 0x00, 0x00, 0x00, 0x00, 0x00, 0x00, 0x00, 0x00, 0x00, 0x00, 0x00,
    0x00, 0x00, 0x00, 0x00, 0x00, 0x00, 0x00, 0x00, 0x00, 0x00, 0x00, 0x00, 0x00, 0x00, 0x00, 0x00,
    0x00, 0x00, 0x00, 0x00, 0x02, 0x00, 0x77, 0xFC, 0xFB, 0x7D, 0x00, 0x04, 0x01, 0x00, 0x00, 0x00,
    0x00, 0x00, 0x00, 0x00, 0x00, 0x00, 0x00, 0x00, 0x00, 0x00, 0x00, 0x00, 0x00, 0x00, 0x00, 0x00,
    0x00, 0x00, 0x00, 0x00, 0x00, 0x00, 0x00, 0x00, 0x00, 0x00, 0x00, 0x00, 0x00, 0x00, 0x00, 0x00,
    0x00, 0x00, 0x00, 0x01, 0x00, 0x0B, 0xEF, 0xFF, 0xFD, 0xFF, 0x80, 0x00, 0x04, 0x01, 0x00, 0x00,
    0x00, 0x00, 0x00, 0x00, 0x00, 0x00, 0x00, 0x00, 0x00, 0x00, 0x00, 0x00, 0x00, 0x00, 0x00, 0x00,
    0x00, 0x00, 0x00, 0x00, 0x00, 0x00, 0x00, 0x00, 0x00, 0x00, 0x00, 0x00, 0x00, 0x00, 0x00, 0x00,
    0x00, 0x00, 0x00, 0x01, 0x00, 0x12, 0xED, 0xFE, 0xFD, 0xFB, 0xFF, 0x80, 0x00, 0x04, 0x01, 0x00,
    0x00, 0x00, 0x00, 0x00, 0x00, 0x00, 0x00, 0x00, 0x00, 0x00, 0x00, 0x00, 0x00, 0x00, 0x00, 0x00,
    0x00, 0x00, 0x00, 0x00, 0x00, 0x00, 0x00, 0x00, 0x00, 0x00, 0x00, 0x00, 0x02, 0x01, 0x00, 0x00,
    0x00, 0x00, 0x00, 0x01, 0x00, 0x11, 0xEE, 0xFF, 0xFE, 0xFE, 0xFB, 0xFF, 0x80, 0x00, 0x04, 0x01,
    0x00, 0x00, 0x00, 0x00, 0x00, 0x00, 0x00, 0x00, 0x00, 0x00, 0x00, 0x00, 0x00, 0x00, 0x00, 0x00,
    0x00, 0x00, 0x00, 0x00, 0x00, 0x00, 0x00, 0x00, 0x00, 0x00, 0x00, 0x01, 0x00, 0x00, 0x02, 0x00,
    0x00, 0x00, 0x00, 0x01, 0x00, 0x11, 0xEE, 0xFF, 0xFE, 0xFF, 0xFE, 0xFB, 0xFF, 0x80, 0x00, 0x04,
    0x01, 0x00, 0x00, 0x00, 0x00, 0x00, 0x00, 0x00, 0x00, 0x00, 0x00, 0x00, 0x00, 0x00, 0x00, 0x00,
    0x00, 0x00, 0x00, 0x00, 0x00, 0x00, 0x00, 0x00, 0x00, 0x00, 0x00, 0x00, 0x26, 0x16, 0x00, 0x03,
    0x00, 0x00, 0x00, 0x01, 0x00, 0x11, 0xEE, 0xFF, 0xFE, 0xFF, 0xFF, 0xFD, 0xFB, 0xFF, 0x80, 0x00,
    0x04, 0x01, 0x00, 0x00, 0x00, 0x00, 0x00, 0x00, 0x00, 0x00, 0x00, 0x00, 0x00, 0x00, 0x00, 0x00,
    0x00, 0x00, 0x00, 0x00, 0x00, 0x00, 0x00, 0x00, 0x00, 0x02, 0x02, 0x99, 0xFD, 0xEC, 0x55, 0x00,
    0x05, 0x00, 0x00, 0x01, 0x00, 0x11, 0xEE, 0xFF, 0xFE, 0xF7, 0xFC, 0xFF, 0xFD, 0xFB, 0xFF, 0x80,
    0x00, 0x04, 0x01, 0x00, 0x00, 0x00, 0x00, 0x00, 0x00, 0x00, 0x00, 0x00, 0x00, 0x00, 0x00, 0x00,
    0x00, 0x00, 0x00, 0x00, 0x00, 0x00, 0x00, 0x00, 0x02, 0x00, 0x27, 0xFF, 0xFF, 0xFF, 0xFE, 0x56,
    0x00, 0x05, 0x00, 0x01, 0x00, 0x11, 0xEE, 0xFF, 0xFF, 0xE5, 0x4E, 0xEF, 0xFF, 0xFC, 0xFB, 0xFF,
    0x80, 0x00, 0x03, 0x00, 0x00, 0x00, 0x00, 0x00, 0x00, 0x00, 0x00, 0x00, 0x00, 0x00, 0x00, 0x00,
    0x00, 0x00, 0x00, 0x00, 0x00, 0x00, 0x00, 0x00, 0x01, 0x01, 0x17, 0xF3, 0xFF, 0xFB, 0xFD, 0xFE,
    0x56, 0x00, 0x05, 0x01, 0x00, 0x11, 0xEE, 0xFF, 0xFF, 0xF1, 0x00, 0x37, 0xF0, 0xFF, 0xFD, 0xFB,
    0xFF, 0x80, 0x00, 0x02, 0x00, 0x00, 0x00, 0x00, 0x00, 0x00, 0x00, 0x00, 0x00, 0x00, 0x00, 0x00,
    0x00, 0x00, 0x00, 0x00, 0x00, 0x00, 0x00, 0x00, 0x00, 0x02, 0x00, 0x53, 0xFD, 0xFD, 0xFC, 0xFD,
    0xFE, 0x56, 0x00, 0x06, 0x00, 0x11, 0xEE, 0xFF, 0xFF, 0xEE, 0x16, 0x00, 0x3A, 0xE1, 0xFD, 0xFD,
    0xFB, 0xFF, 0x53, 0x00, 0x03, 0x00, 0x00, 0x00, 0x00, 0x00, 0x00, 0x00, 0x00, 0x00, 0x00, 0x00,
    0x00, 0x00, 0x00, 0x00, 0x00, 0x00, 0x00, 0x00, 0x00, 0x00, 0x03, 0x00, 0x56, 0xFE, 0xFD, 0xFC,
    0xFD, 0xFE, 0x56, 0x00, 0x02, 0x11, 0xEE, 0xFF, 0xFF, 0xEE, 0x11, 0x04, 0x00, 0x78, 0xFF, 0xFC,
    0xFA, 0xFE, 0x90, 0x00, 0x04, 0x00, 0x00, 0x00, 0x00, 0x00, 0x00, 0x00, 0x00, 0x00, 0x00, 0x00,
    0x00, 0x00, 0x00, 0x00, 0x00, 0x00, 0x00, 0x00, 0x00, 0x00, 0x00, 0x05, 0x00, 0x56, 0xFE, 0xFD,
    0xFC, 0xFD, 0xFE, 0x57, 0x00, 0x16, 0xEE, 0xFF, 0xFF, 0xEE, 0x16, 0x00, 0x59, 0xF6, 0xFD, 0xFD,
    0xFD, 0xFD, 0x3C, 0x00, 0x03, 0x00, 0x00, 0x00, 0x00, 0x00, 0x00, 0x00, 0x00, 0x00, 0x00, 0x00,
    0x00, 0x00, 0x00, 0x00, 0x00, 0x00, 0x00, 0x00, 0x00, 0x00, 0x00, 0x00, 0x05, 0x00, 0x56, 0xFE,
    0xFD, 0xFC, 0xFD, 0xFE, 0x52, 0x00, 0xF1, 0xFF, 0xFF, 0xF1, 0x00, 0x52, 0xFE, 0xFF, 0xFD, 0xFD,
    0xFE, 0x56, 0x00, 0x02, 0x00, 0x00, 0x00, 0x00, 0x00, 0x00, 0x00, 0x00, 0x00, 0x00, 0x00, 0x00,
    0x00, 0x00, 0x00, 0x00, 0x00, 0x00, 0x00, 0x00, 0x00, 0x00, 0x00, 0x00, 0x00, 0x05, 0x00, 0x56,
    0xFE, 0xFD, 0xFC, 0xFE, 0xFC, 0x66, 0xE4, 0xFF, 0xFF, 0xE4, 0x66, 0xFB, 0xFE, 0xFC, 0xFD, 0xFE,
    0x56, 0x00, 0x04, 0x00, 0x00, 0x00, 0x00, 0x00, 0x00, 0x00, 0x00, 0x00, 0x00, 0x00, 0x00, 0x00,
    0x00, 0x00, 0x00, 0x00, 0x00, 0x00, 0x00, 0x00, 0x00, 0x00, 0x00, 0x00, 0x00, 0x00, 0x05, 0x00,
    0x56, 0xFE, 0xFE, 0xFC, 0xFF, 0xFF, 0xFA, 0xFF, 0xFF, 0xFA, 0xFF, 0xFF, 0xFC, 0xFD, 0xFE, 0x56,
    0x00, 0x05, 0x00, 0x00, 0x00, 0x00, 0x00, 0x00, 0x00, 0x00, 0x00, 0x00, 0x00, 0x00, 0x00, 0x00,
    0x00, 0x00, 0x00, 0x00, 0x00, 0x00, 0x00, 0x00, 0x00, 0x00, 0x00, 0x00, 0x00, 0x00, 0x00, 0x05,
    0x00, 0x56, 0xFE, 0xFD, 0xFD, 0xFF, 0xFF, 0xFF, 0xFF, 0xFF, 0xFF, 0xFD, 0xFD, 0xFE, 0x56, 0x00,
    0x05, 0x00, 0x00, 0x00, 0x00, 0x00, 0x00, 0x00, 0x00, 0x00, 0x00, 0x00, 0x00, 0x00, 0x00, 0x00,
    0x00, 0x00, 0x00, 0x00, 0x00, 0x00, 0x00, 0x00, 0x00, 0x00, 0x00, 0x00, 0x00, 0x00, 0x00, 0x00,
    0x05, 0x00, 0x56, 0xFE, 0xFD, 0xFD, 0xFF, 0xFF, 0xFF, 0xFF, 0xFD, 0xFD, 0xFE, 0x56, 0x00, 0x05,
    0x00, 0x00, 0x00, 0x00, 0x00, 0x00, 0x00, 0x00, 0x00, 0x00, 0x00, 0x00, 0x00, 0x00, 0x00, 0x00,
    0x00, 0x00, 0x00, 0x00, 0x00, 0x00, 0x00, 0x00, 0x00, 0x00, 0x00, 0x00, 0x00, 0x00, 0x00, 0x00,
    0x00, 0x05, 0x00, 0x56, 0xFF, 0xFF, 0xFE, 0xFF, 0xFF, 0xFE, 0xFF, 0xFF, 0x56, 0x00, 0x05, 0x00,
    0x00, 0x00, 0x00, 0x00, 0x00, 0x00, 0x00, 0x00, 0x00, 0x00, 0x00, 0x00, 0x00, 0x00, 0x00, 0x00,
    0x00, 0x00, 0x00, 0x00, 0x00, 0x00, 0x00, 0x00, 0x00, 0x00, 0x00, 0x00, 0x00, 0x00, 0x00, 0x00,
    0x00, 0x00, 0x05, 0x00, 0x4C, 0xF6, 0xFD, 0xFE, 0xFE, 0xFD, 0xF6, 0x4C, 0x00, 0x05, 0x00, 0x00,
    0x00, 0x00, 0x00, 0x00, 0x00, 0x00, 0x00, 0x00, 0x00, 0x00, 0x00, 0x00, 0x00, 0x00, 0x00, 0x00,
    0x00, 0x00, 0x00, 0x00, 0x00, 0x00, 0x00, 0x00, 0x00, 0x00, 0x00, 0x00, 0x00, 0x00, 0x00, 0x00,
    0x00, 0x00, 0x05, 0x00, 0x4C, 0xF5, 0xFD, 0xFE, 0xFE, 0xFD, 0xF5, 0x4C, 0x00, 0x05, 0x00, 0x00,
    0x00, 0x00, 0x00, 0x00, 0x00, 0x00, 0x00, 0x00, 0x00, 0x00, 0x00, 0x00, 0x00, 0x00, 0x00, 0x00,
    0x00, 0x00, 0x00, 0x00, 0x00, 0x00, 0x00, 0x00, 0x00, 0x00, 0x00, 0x00, 0x00, 0x00, 0x00, 0x00,
    0x00, 0x05, 0x00, 0x56, 0xFF, 0xFF, 0xFE, 0xFF, 0xFF, 0xFE, 0xFF, 0xFF, 0x56, 0x00, 0x05, 0x00,
    0x00, 0x00, 0x00, 0x00, 0x00, 0x00, 0x00, 0x00, 0x00, 0x00, 0x00, 0x00, 0x00, 0x00, 0x00, 0x00,
    0x00, 0x00, 0x00, 0x00, 0x00, 0x00, 0x00, 0x00, 0x00, 0x00, 0x00, 0x00, 0x00, 0x00, 0x00, 0x00,
    0x05, 0x00, 0x56, 0xFE, 0xFD, 0xFD, 0xFF, 0xFF, 0xFF, 0xFF, 0xFD, 0xFD, 0xFE, 0x56, 0x00, 0x05,
    0x00, 0x00, 0x00, 0x00, 0x00, 0x00, 0x00, 0x00, 0x00, 0x00, 0x00, 0x00, 0x00, 0x00, 0x00, 0x00,
    0x00, 0x00, 0x00, 0x00, 0x00, 0x00, 0x00, 0x00, 0x00, 0x00, 0x00, 0x00, 0x00, 0x00, 0x00, 0x05,
    0x00, 0x56, 0xFE, 0xFD, 0xFD, 0xFF, 0xFF, 0xFF, 0xFF, 0xFF, 0xFF, 0xFD, 0xFD, 0xFE, 0x56, 0x00,
    0x05, 0x00, 0x00, 0x00, 0x00, 0x00, 0x00, 0x00, 0x00, 0x00, 0x00, 0x00, 0x00, 0x00, 0x00, 0x00,
    0x00, 0x00, 0x00, 0x00, 0x00, 0x00, 0x00, 0x00, 0x00, 0x00, 0x00, 0x00, 0x00, 0x00, 0x05, 0x00,
    0x56, 0xFE, 0xFD, 0xFC, 0xFF, 0xFF, 0xFA, 0xFF, 0xFF, 0xFA, 0xFF, 0xFF, 0xFC, 0xFD, 0xFE, 0x56,
    0x00, 0x05, 0x00, 0x00, 0x00, 0x00, 0x00, 0x00, 0x00, 0x00, 0x00, 0x00, 0x00, 0x00, 0x00, 0x00,
    0x00, 0x00, 0x00, 0x00, 0x00, 0x00, 0x00, 0x00, 0x00, 0x00, 0x00, 0x00, 0x00, 0x05, 0x00, 0x56,
    0xFE, 0xFD, 0xFC, 0xFE, 0xFC, 0x66, 0xE4, 0xFF, 0xFF, 0xE4, 0x66, 0xFC, 0xFE, 0xFC, 0xFD, 0xFE,
    0x56, 0x00, 0x04, 0x00, 0x00, 0x00, 0x00, 0x00, 0x00, 0x00, 0x00, 0x00, 0x00, 0x00, 0x00, 0x00,
    0x00, 0x00, 0x00, 0x00, 0x00, 0x00, 0x00, 0x00, 0x00, 0x00, 0x00, 0x00, 0x05, 0x00, 0x56, 0xFE,
    0xFD, 0xFC, 0xFD, 0xFE, 0x52, 0x00, 0xF1, 0xFF, 0xFF, 0xF1, 0x00, 0x52, 0xFE, 0xFF, 0xFD, 0xFD,
    0xFE, 0x56, 0x00, 0x02, 0x00, 0x00, 0x00, 0x00, 0x00, 0x00, 0x00, 0x00, 0x00, 0x00, 0x00, 0x00,
    0x00, 0x00, 0x00, 0x00, 0x00, 0x00, 0x00, 0x00, 0x00, 0x00, 0x00, 0x05, 0x00, 0x56, 0xFE, 0xFD,
    0xFC, 0xFD, 0xFE, 0x57, 0x00, 0x16, 0xEE, 0xFF, 0xFF, 0xEE, 0x16, 0x00, 0x59, 0xF6, 0xFD, 0xFD,
    0xFD, 0xFD, 0x3C, 0x00, 0x03, 0x00, 0x00, 0x00, 0x00, 0x00, 0x00, 0x00, 0x00, 0x00, 0x00, 0x00,
    0x00, 0x00, 0x00, 0x00, 0x00, 0x00, 0x00, 0x00, 0x00, 0x00, 0x03, 0x00, 0x56, 0xFE, 0xFD, 0xFC,
    0xFD, 0xFE, 0x56, 0x00, 0x02, 0x11, 0xEE, 0xFF, 0xFF, 0xEE, 0x11, 0x04, 0x00, 0x78, 0xFF, 0xFC,
    0xFA, 0xFE, 0x90, 0x00, 0x04, 0x00, 0x00, 0x00, 0x00, 0x00, 0x00, 0x00, 0x00, 0x00, 0x00, 0x00,
    0x00, 0x00, 0x00, 0x00, 0x00, 0x00, 0x00, 0x00, 0x00, 0x02, 0x00, 0x53, 0xFD, 0xFD, 0xFC, 0xFD,
    0xFE, 0x56, 0x00, 0x06, 0x00, 0x11, 0xEE, 0xFF, 0xFF, 0xEE, 0x16, 0x00, 0x3A, 0xE1, 0xFD, 0xFD,
    0xFB, 0xFF, 0x53, 0x00, 0x03, 0x00, 0x00, 0x00, 0x00, 0x00, 0x00, 0x00, 0x00, 0x00, 0x00, 0x00,
    0x00, 0x00, 0x00, 0x00, 0x00, 0x00, 0x00, 0x00, 0x01, 0x01, 0x17, 0xF3, 0xFF, 0xFB, 0xFD, 0xFE,
    0x56, 0x00, 0x05, 0x01, 0x00, 0x11, 0xEE, 0xFF, 0xFF, 0xF1, 0x00, 0x37, 0xF0, 0xFF, 0xFD, 0xFB,
    0xFF, 0x7F, 0x00, 0x02, 0x00, 0x00, 0x00, 0x00, 0x00, 0x00, 0x00, 0x00, 0x00, 0x00, 0x00, 0x00,
    0x00, 0x00, 0x00, 0x00, 0x00, 0x00, 0x00, 0x00, 0x02, 0x00, 0x27, 0xFF, 0xFF, 0xFF, 0xFE, 0x56,
    0x00, 0x05, 0x00, 0x01, 0x00, 0x11, 0xEE, 0xFF, 0xFF, 0xE5, 0x4E, 0xEF, 0xFF, 0xFC, 0xFB, 0xFF,
    0x7F, 0x00, 0x03, 0x00, 0x00, 0x00, 0x00, 0x00, 0x00, 0x00, 0x00, 0x00, 0x00, 0x00, 0x00, 0x00,
    0x00, 0x00, 0x00, 0x00, 0x00, 0x00, 0x00, 0x00, 0x00, 0x02, 0x02, 0x99, 0xFD, 0xEC, 0x55, 0x00,
    0x05, 0x00, 0x00, 0x01, 0x00, 0x11, 0xEE, 0xFF, 0xFE, 0xF7, 0xFC, 0xFF, 0xFD, 0xFB, 0xFF, 0x7F,
    0x00, 0x04, 0x01, 0x00, 0x00, 0x00, 0x00, 0x00, 0x00, 0x00, 0x00, 0x00, 0x00, 0x00, 0x00, 0x00,
    0x00, 0x00, 0x00, 0x00, 0x00, 0x00, 0x00, 0x00, 0x00, 0x00, 0x00, 0x00, 0x26, 0x16, 0x00, 0x03,
    0x00, 0x00, 0x00, 0x01, 0x00, 0x11, 0xEE, 0xFF, 0xFE, 0xFF, 0xFF, 0xFD, 0xFB, 0xFF, 0x7F, 0x00,
    0x04, 0x01, 0x00, 0x00, 0x00, 0x00, 0x00, 0x00, 0x00, 0x00, 0x00, 0x00, 0x00, 0x00, 0x00, 0x00,
    0x00, 0x00, 0x00, 0x00, 0x00, 0x00, 0x00, 0x00, 0x00, 0x00, 0x00, 0x01, 0x00, 0x00, 0x02, 0x00,
    0x00, 0x00, 0x00, 0x01, 0x00, 0x11, 0xEE, 0xFF, 0xFE, 0xFF, 0xFE, 0xFB, 0xFF, 0x7F, 0x00, 0x04,
    0x01, 0x00, 0x00, 0x00, 0x00, 0x00, 0x00, 0x00, 0x00, 0x00, 0x00, 0x00, 0x00, 0x00, 0x00, 0x00,
    0x00, 0x00, 0x00, 0x00, 0x00, 0x00, 0x00, 0x00, 0x00, 0x00, 0x00, 0x00, 0x02, 0x01, 0x00, 0x00,
    0x00, 0x00, 0x00, 0x01, 0x00, 0x11, 0xEE, 0xFF, 0xFE, 0xFE, 0xFB, 0xFF, 0x7F, 0x00, 0x04, 0x01,
    0x00, 0x00, 0x00, 0x00, 0x00, 0x00, 0x00, 0x00, 0x00, 0x00, 0x00, 0x00, 0x00, 0x00, 0x00, 0x00,
    0x00, 0x00, 0x00, 0x00, 0x00, 0x00, 0x00, 0x00, 0x00, 0x00, 0x00, 0x00, 0x00, 0x00, 0x00, 0x00,
    0x00, 0x00, 0x00, 0x01, 0x00, 0x12, 0xED, 0xFE, 0xFD, 0xFB, 0xFF, 0x7F, 0x00, 0x04, 0x01, 0x00,
    0x00, 0x00, 0x00, 0x00, 0x00, 0x00, 0x00, 0x00, 0x00, 0x00, 0x00, 0x00, 0x00, 0x00, 0x00, 0x00,
    0x00, 0x00, 0x00, 0x00, 0x00, 0x00, 0x00, 0x00, 0x00, 0x00, 0x00, 0x00, 0x00, 0x00, 0x00, 0x00,
    0x00, 0x00, 0x00, 0x01, 0x00, 0x0B, 0xEF, 0xFF, 0xFD, 0xFF, 0x7F, 0x00, 0x04, 0x01, 0x00, 0x00,
    0x00, 0x00, 0x00, 0x00, 0x00, 0x00, 0x00, 0x00, 0x00, 0x00, 0x00, 0x00, 0x00, 0x00, 0x00, 0x00,
    0x00, 0x00, 0x00, 0x00, 0x00, 0x00, 0x00, 0x00, 0x00, 0x00, 0x00, 0x00, 0x00, 0x00, 0x00, 0x00,
    0x00, 0x00, 0x00, 0x00, 0x02, 0x00, 0x77, 0xFC, 0xFC, 0x7C, 0x00, 0x04, 0x01, 0x00, 0x00, 0x00,
    0x00, 0x00, 0x00, 0x00, 0x00, 0x00, 0x00, 0x00, 0x00, 0x00, 0x00, 0x00, 0x00, 0x00, 0x00, 0x00,
    0x00, 0x00, 0x00, 0x00, 0x00, 0x00, 0x00, 0x00, 0x00, 0x00, 0x00, 0x00, 0x00, 0x00, 0x00, 0x00,
    0x00, 0x00, 0x00, 0x00, 0x00, 0x01, 0x00, 0x28, 0x27, 0x00, 0x02, 0x00, 0x00, 0x00, 0x00, 0x00,
    0x00, 0x00, 0x00, 0x00, 0x00, 0x00, 0x00, 0x00, 0x00, 0x00, 0x00, 0x00, 0x00, 0x00, 0x00, 0x00,
    0x00, 0x00, 0x00, 0x00, 0x00, 0x00, 0x00, 0x00, 0x00, 0x00, 0x00, 0x00, 0x00, 0x00, 0x00, 0x00,
    0x00, 0x00, 0x00, 0x00, 0x00, 0x00, 0x02, 0x00, 0x00, 0x02, 0x00, 0x00, 0x00, 0x00, 0x00, 0x00,
    0x00, 0x00, 0x00, 0x00, 0x00, 0x00, 0x00, 0x00, 0x00, 0x00, 0x00, 0x00, 0x00, 0x00, 0x00, 0x00,
    0x00, 0x00, 0x00, 0x00, 0x00, 0x00, 0x00, 0x00, 0x00, 0x00, 0x00, 0x00, 0x00, 0x00, 0x00, 0x00,
    0x00, 0x00, 0x00, 0x00, 0x00, 0x00, 0x00, 0x02, 0x02, 0x00, 0x00, 0x00, 0x00, 0x00, 0x00, 0x00,
    0x00, 0x00, 0x00, 0x00, 0x00, 0x00, 0x00, 0x00, 0x00, 0x00, 0x00, 0x00, 0x00, 0x00, 0x00, 0x00,
    0x00, 0x00, 0x00, 0x00, 0x00, 0x00, 0x00, 0x00, 0x00, 0x00, 0x00, 0x00, 0x00, 0x00, 0x00, 0x00,
    0x00, 0x00, 0x00, 0x00, 0x00, 0x00, 0x00, 0x00, 0x00, 0x00, 0x00, 0x00, 0x00, 0x00, 0x00, 0x00,
    0x00, 0x00, 0x00, 0x00, 0x00, 0x00, 0x00, 0x00, 0x00, 0x00, 0x00, 0x00, 0x00, 0x00, 0x00, 0x00,
    0x00, 0x00, 0x00, 0x00, 0x00, 0x00, 0x00, 0x00, 0x00, 0x00, 0x00, 0x00, 0x00, 0x00, 0x00, 0x00,
    0x00, 0x00, 0x00, 0x00, 0x00, 0x00, 0x00, 0x00, 0x00, 0x00, 0x00, 0x00, 0x00, 0x00, 0x00, 0x00,
    0x00, 0x00, 0x00, 0x00, 0x00, 0x00, 0x00, 0x00, 0x00, 0x00, 0x00, 0x00, 0x00, 0x00, 0x00, 0x00,
    0x00, 0x00, 0x00, 0x00, 0x00, 0x00, 0x00, 0x00, 0x00, 0x00, 0x00, 0x00, 0x00, 0x00, 0x00, 0x00,
    0x00, 0x00, 0x00, 0x00, 0x00, 0x00, 0x00, 0x00, 0x00, 0x00, 0x00, 0x00, 0x00, 0x00, 0x00, 0x00,
    0x00, 0x00, 0x00, 0x00, 0x00, 0x00, 0x00, 0x00, 0x00, 0x00, 0x00, 0x00, 0x00, 0x00, 0x00, 0x00,
    0x00, 0x00, 0x00, 0x00, 0x00, 0x00, 0x00, 0x00, 0x00, 0x00, 0x00, 0x00, 0x00, 0x00, 0x00, 0x00,
    0x00, 0x00, 0x00, 0x00, 0x00, 0x00, 0x00, 0x00, 0x00, 0x00, 0x00, 0x00, 0x00, 0x00, 0x00, 0x00,
    0x00, 0x00, 0x00, 0x00, 0x00, 0x00, 0x00, 0x00, 0x00, 0x00, 0x00, 0x00, 0x00, 0x00, 0x00, 0x00,
};
const lv_image_dsc_t ui_feed_icon_bluetooth_48 = {
    .header = {.magic = LV_IMAGE_HEADER_MAGIC, .cf = LV_COLOR_FORMAT_A8,
               .w = 48, .h = 48, .stride = 48},
    .data_size = sizeof(s_bluetooth_48),
    .data = s_bluetooth_48,
};

static const uint8_t s_bluetooth_64[] = {
    0x00, 0x00, 0x00, 0x00, 0x00, 0x00, 0x00, 0x00, 0x00, 0x00, 0x00, 0x00, 0x00, 0x00, 0x00, 0x00,
    0x00, 0x00, 0x00, 0x00, 0x00, 0x00, 0x00, 0x00, 0x00, 0x00, 0x00, 0x00, 0x00, 0x00, 0x00, 0x00,
    0x00, 0x00, 0x00, 0x00, 0x00, 0x00, 0x00, 0x00, 0x00, 0x00, 0x00, 0x00, 0x00, 0x00, 0x00, 0x00,
    0x00, 0x00, 0x00, 0x00, 0x00, 0x00, 0x00, 0x00, 0x00, 0x00, 0x00, 0x00, 0x00, 0x00, 0x00, 0x00,
    0x00, 0x00, 0x00, 0x00, 0x00, 0x00, 0x00, 0x00, 0x00, 0x00, 0x00, 0x00, 0x00, 0x00, 0x00, 0x00,
    0x00, 0x00, 0x00, 0x00, 0x00, 0x00, 0x00, 0x00, 0x00, 0x00, 0x00, 0x00, 0x00, 0x00, 0x00, 0x02,
    0x02, 0x00, 0x00, 0x00, 0x00, 0x00, 0x00, 0x00, 0x00, 0x00, 0x00, 0x00, 0x00, 0x00, 0x00, 0x00,
    0x00, 0x00, 0x00, 0x00, 0x00, 0x00, 0x00, 0x00, 0x00, 0x00, 0x00, 0x00, 0x00, 0x00, 0x00, 0x00,
    0x00, 0x00, 0x00, 0x00, 0x00, 0x00, 0x00, 0x00, 0x00, 0x00, 0x00, 0x00, 0x00, 0x00, 0x00, 0x00,
    0x00, 0x00, 0x00, 0x00, 0x00, 0x00, 0x00, 0x00, 0x00, 0x00, 0x00, 0x00, 0x00, 0x01, 0x01, 0x00,
    0x00, 0x01, 0x01, 0x00, 0x00, 0x00, 0x00, 0x00, 0x00, 0x00, 0x00, 0x00, 0x00, 0x00, 0x00, 0x00,
    0x00, 0x00, 0x00, 0x00, 0x00, 0x00, 0x00, 0x00, 0x00, 0x00, 0x00, 0x00, 0x00, 0x00, 0x00, 0x00,
    0x00, 0x00, 0x00, 0x00, 0x00, 0x00, 0x00, 0x00, 0x00, 0x00, 0x00, 0x00, 0x00, 0x00, 0x00, 0x00,
    0x00, 0x00, 0x00, 0x00, 0x00, 0x00, 0x00, 0x00, 0x00, 0x00, 0x00, 0x00, 0x01, 0x00, 0x00, 0x30,
    0x30, 0x00, 0x00, 0x01, 0x00, 0x00, 0x00, 0x00, 0x00, 0x00, 0x00, 0x00, 0x00, 0x00, 0x00, 0x00,
    0x00, 0x00, 0x00, 0x00, 0x00, 0x00, 0x00, 0x00, 0x00, 0x00, 0x00, 0x00, 0x00, 0x00, 0x00, 0x00,
    0x00, 0x00, 0x00, 0x00, 0x00, 0x00, 0x00, 0x00, 0x00, 0x00, 0x00, 0x00, 0x00, 0x00, 0x00, 0x00,
    0x00, 0x00, 0x00, 0x00, 0x00, 0x00, 0x00, 0x00, 0x00, 0x00, 0x00, 0x01, 0x01, 0x0C, 0xB2, 0xFF,
    0xFF, 0xAE, 0x09, 0x00, 0x02, 0x00, 0x00, 0x00, 0x00, 0x00, 0x00, 0x00, 0x00, 0x00, 0x00, 0x00,
    0x00, 0x00, 0x00, 0x00, 0x00, 0x00, 0x00, 0x00, 0x00, 0x00, 0x00, 0x00, 0x00, 0x00, 0x00, 0x00,
    0x00, 0x00, 0x00, 0x00, 0x00, 0x00, 0x00, 0x00, 0x00, 0x00, 0x00, 0x00, 0x00, 0x00, 0x00, 0x00,
    0x00, 0x00, 0x00, 0x00, 0x00, 0x00, 0x00, 0x00, 0x00, 0x00, 0x00, 0x04, 0x00, 0x7A, 0xFF, 0xFB,
    0xFD, 0xFF, 0xBB, 0x09, 0x00, 0x02, 0x00, 0x00, 0x00, 0x00, 0x00, 0x00, 0x00, 0x00, 0x00, 0x00,
    0x00, 0x00, 0x00, 0x00, 0x00, 0x00, 0x00, 0x00, 0x00, 0x00, 0x00, 0x00, 0x00, 0x00, 0x00, 0x00,
    0x00, 0x00, 0x00, 0x00, 0x00, 0x00, 0x00, 0x00, 0x00, 0x00, 0x00, 0x00, 0x00, 0x00, 0x00, 0x00,
    0x00, 0x00, 0x00, 0x00, 0x00, 0x00, 0x00, 0x00, 0x00, 0x00, 0x00, 0x03, 0x00, 0xAB, 0xFC, 0xFB,
    0xFF, 0xFA, 0xFF, 0xBB, 0x09, 0x00, 0x02, 0x00, 0x00, 0x00, 0x00, 0x00, 0x00, 0x00, 0x00, 0x00,
    0x00, 0x00, 0x00, 0x00, 0x00, 0x00, 0x00, 0x00, 0x00, 0x00, 0x00, 0x00, 0x00, 0x00, 0x00, 0x00,
    0x00, 0x00, 0x00, 0x00, 0x00, 0x00, 0x00, 0x00, 0x00, 0x00, 0x00, 0x00, 0x00, 0x00, 0x00, 0x00,
    0x00, 0x00, 0x00, 0x00, 0x00, 0x00, 0x00, 0x00, 0x00, 0x00, 0x00, 0x03, 0x00, 0xA8, 0xFF, 0xFB,
    0xFF, 0xFF, 0xFB, 0xFF, 0xBB, 0x09, 0x00, 0x02, 0x00, 0x00, 0x00, 0x00, 0x00, 0x00, 0x00, 0x00,
    0x00, 0x00, 0x00, 0x00, 0x00, 0x00, 0x00, 0x00, 0x00, 0x00, 0x00, 0x00, 0x00, 0x00, 0x00, 0x00,
    0x00, 0x00, 0x00, 0x00, 0x00, 0x00, 0x00, 0x00, 0x00, 0x00, 0x00, 0x00, 0x00, 0x00, 0x00, 0x00,
    0x00, 0x00, 0x00, 0x00, 0x00, 0x00, 0x00, 0x00, 0x00, 0x00, 0x00, 0x03, 0x00, 0xA9, 0xFF, 0xFB,
    0xFF, 0xFF, 0xFF, 0xFB, 0xFF, 0xBB, 0x09, 0x00, 0x02, 0x00, 0x00, 0x00, 0x00, 0x00, 0x00, 0x00,
    0x00, 0x00, 0x00, 0x00, 0x00, 0x00, 0x00, 0x00, 0x00, 0x00, 0x00, 0x00, 0x00, 0x00, 0x00, 0x00,
    0x00, 0x00, 0x00, 0x00, 0x00, 0x00, 0x00, 0x00, 0x00, 0x00, 0x00, 0x00, 0x00, 0x00, 0x00, 0x00,
    0x02, 0x02, 0x00, 0x00, 0x00, 0x00, 0x00, 0x00, 0x00, 0x00, 0x00, 0x03, 0x00, 0xA9, 0xFF, 0xFB,
    0xFF, 0xFF, 0xFF, 0xFF, 0xFB, 0xFF, 0xBB, 0x09, 0x00, 0x02, 0x00, 0x00, 0x00, 0x00, 0x00, 0x00,
    0x00, 0x00, 0x00, 0x00, 0x00, 0x00, 0x00, 0x00, 0x00, 0x00, 0x00, 0x00, 0x00, 0x00, 0x00, 0x00,
    0x00, 0x00, 0x00, 0x00, 0x00, 0x00, 0x00, 0x00, 0x00, 0x00, 0x00, 0x00, 0x00, 0x00, 0x00, 0x02,
    0x00, 0x00, 0x01, 0x01, 0x00, 0x00, 0x00, 0x00, 0x00, 0x00, 0x00, 0x03, 0x00, 0xA9, 0xFF, 0xFB,
    0xFF, 0xFF, 0xFF, 0xFF, 0xFF, 0xFB, 0xFF, 0xBB, 0x09, 0x00, 0x02, 0x00, 0x00, 0x00, 0x00, 0x00,
    0x00, 0x00, 0x00, 0x00, 0x00, 0x00, 0x00, 0x00, 0x00, 0x00, 0x00, 0x00, 0x00, 0x00, 0x00, 0x00,
    0x00, 0x00, 0x00, 0x00, 0x00, 0x00, 0x00, 0x00, 0x00, 0x00, 0x00, 0x00, 0x00, 0x00, 0x00, 0x00,
    0x22, 0x26, 0x00, 0x00, 0x02, 0x00, 0x00, 0x00, 0x00, 0x00, 0x00, 0x03, 0x00, 0xA9, 0xFF, 0xFB,
    0xFF, 0xFF, 0xFF, 0xFD, 0xFF, 0xFF, 0xFB, 0xFF, 0xBB, 0x09, 0x00, 0x02, 0x00, 0x00, 0x00, 0x00,
    0x00, 0x00, 0x00, 0x00, 0x00, 0x00, 0x00, 0x00, 0x00, 0x00, 0x00, 0x00, 0x00, 0x00, 0x00, 0x00,
    0x00, 0x00, 0x00, 0x00, 0x00, 0x00, 0x00, 0x00, 0x00, 0x00, 0x00, 0x00, 0x00, 0x01, 0x06, 0xA0,
    0xFA, 0xFC, 0xB5, 0x10, 0x00, 0x02, 0x00, 0x00, 0x00, 0x00, 0x00, 0x03, 0x00, 0xA9, 0xFF, 0xFB,
    0xFF, 0xFF, 0xFF, 0xFF, 0xFD, 0xFF, 0xFF, 0xFB, 0xFF, 0xBB, 0x09, 0x00, 0x02, 0x00, 0x00, 0x00,
    0x00, 0x00, 0x00, 0x00, 0x00, 0x00, 0x00, 0x00, 0x00, 0x00, 0x00, 0x00, 0x00, 0x00, 0x00, 0x00,
    0x00, 0x00, 0x00, 0x00, 0x00, 0x00, 0x00, 0x00, 0x00, 0x00, 0x00, 0x00, 0x04, 0x00, 0x5D, 0xFF,
    0xFE, 0xFE, 0xFF, 0xC7, 0x10, 0x00, 0x02, 0x00, 0x00, 0x00, 0x00, 0x03, 0x00, 0xA9, 0xFF, 0xFB,
    0xFC, 0xFF, 0xB2, 0xAC, 0xFF, 0xFB, 0xFF, 0xFF, 0xFB, 0xFF, 0xBB, 0x09, 0x00, 0x02, 0x00, 0x00,
    0x00, 0x00, 0x00, 0x00, 0x00, 0x00, 0x00, 0x00, 0x00, 0x00, 0x00, 0x00, 0x00, 0x00, 0x00, 0x00,
    0x00, 0x00, 0x00, 0x00, 0x00, 0x00, 0x00, 0x00, 0x00, 0x00, 0x00, 0x00, 0x04, 0x00, 0x8C, 0xFA,
    0xFA, 0xFF, 0xFA, 0xFF, 0xC7, 0x10, 0x00, 0x02, 0x00, 0x00, 0x00, 0x03, 0x00, 0xA9, 0xFF, 0xFB,
    0xFB, 0xFF, 0xA3, 0x02, 0xB8, 0xFF, 0xFB, 0xFF, 0xFF, 0xFB, 0xFF, 0xBB, 0x09, 0x00, 0x01, 0x00,
    0x00, 0x00, 0x00, 0x00, 0x00, 0x00, 0x00, 0x00, 0x00, 0x00, 0x00, 0x00, 0x00, 0x00, 0x00, 0x00,
    0x00, 0x00, 0x00, 0x00, 0x00, 0x00, 0x00, 0x00, 0x00, 0x00, 0x00, 0x00, 0x03, 0x00, 0x51, 0xFF,
    0xFA, 0xFF, 0xFF, 0xFB, 0xFF, 0xC7, 0x10, 0x00, 0x02, 0x00, 0x00, 0x03, 0x00, 0xA9, 0xFF, 0xFB,
    0xFB, 0xFF, 0xAC, 0x00, 0x07, 0xB0, 0xFF, 0xFB, 0xFF, 0xFF, 0xFB, 0xFF, 0xBB, 0x0B, 0x02, 0x01,
    0x00, 0x00, 0x00, 0x00, 0x00, 0x00, 0x00, 0x00, 0x00, 0x00, 0x00, 0x00, 0x00, 0x00, 0x00, 0x00,
    0x00, 0x00, 0x00, 0x00, 0x00, 0x00, 0x00, 0x00, 0x00, 0x00, 0x00, 0x00, 0x00, 0x02, 0x00, 0x96,
    0xFF, 0xFA, 0xFF, 0xFF, 0xFB, 0xFF, 0xC7, 0x10, 0x00, 0x02, 0x00, 0x03, 0x00, 0xA9, 0xFF, 0xFB,
    0xFB, 0xFF, 0xA9, 0x01, 0x03, 0x03, 0xAC, 0xFF, 0xFD, 0xFF, 0xFF, 0xFA, 0xFF, 0xA6, 0x00, 0x02,
    0x00, 0x00, 0x00, 0x00, 0x00, 0x00, 0x00, 0x00, 0x00, 0x00, 0x00, 0x00, 0x00, 0x00, 0x00, 0x00,
    0x00, 0x00, 0x00, 0x00, 0x00, 0x00, 0x00, 0x00, 0x00, 0x00, 0x00, 0x00, 0x00, 0x01, 0x02, 0x00,
    0x97, 0xFF, 0xFA, 0xFF, 0xFF, 0xFB, 0xFF, 0xC7, 0x10, 0x00, 0x02, 0x03, 0x00, 0xA9, 0xFF, 0xFB,
    0xFB, 0xFF, 0xA9, 0x00, 0x05, 0x03, 0x00, 0xA4, 0xFF, 0xFC, 0xFF, 0xFE, 0xFD, 0xF6, 0x17, 0x00,
    0x01, 0x00, 0x00, 0x00, 0x00, 0x00, 0x00, 0x00, 0x00, 0x00, 0x00, 0x00, 0x00, 0x00, 0x00, 0x00,
    0x00, 0x00, 0x00, 0x00, 0x00, 0x00, 0x00, 0x00, 0x00, 0x00, 0x00, 0x00, 0x00, 0x00, 0x01, 0x03,
    0x00, 0x97, 0xFF, 0xFA, 0xFF, 0xFF, 0xFB, 0xFF, 0xC7, 0x10, 0x00, 0x06, 0x00, 0xA9, 0xFF, 0xFB,
    0xFB, 0xFF, 0xA9, 0x00, 0x06, 0x00, 0x0F, 0xBB, 0xFE, 0xFD, 0xFF, 0xFE, 0xFD, 0xF3, 0x12, 0x00,
    0x01, 0x00, 0x00, 0x00, 0x00, 0x00, 0x00, 0x00, 0x00, 0x00, 0x00, 0x00, 0x00, 0x00, 0x00, 0x00,
    0x00, 0x00, 0x00, 0x00, 0x00, 0x00, 0x00, 0x00, 0x00, 0x00, 0x00, 0x00, 0x00, 0x00, 0x00, 0x01,
    0x03, 0x00, 0x97, 0xFF, 0xFA, 0xFF, 0xFF, 0xFB, 0xFF, 0xC7, 0x10, 0x00, 0x01, 0xA9, 0xFF, 0xFB,
    0xFB, 0xFF, 0xA9, 0x01, 0x00, 0x10, 0xC8, 0xFF, 0xFD, 0xFF, 0xFF, 0xFA, 0xFF, 0x87, 0x00, 0x03,
    0x00, 0x00, 0x00, 0x00, 0x00, 0x00, 0x00, 0x00, 0x00, 0x00, 0x00, 0x00, 0x00, 0x00, 0x00, 0x00,
    0x00, 0x00, 0x00, 0x00, 0x00, 0x00, 0x00, 0x00, 0x00, 0x00, 0x00, 0x00, 0x00, 0x00, 0x00, 0x00,
    0x01, 0x03, 0x00, 0x96, 0xFF, 0xFA, 0xFF, 0xFF, 0xFB, 0xFF, 0xC7, 0x11, 0x00, 0xAD, 0xFF, 0xFB,
    0xFB, 0xFF, 0xAD, 0x00, 0x11, 0xC7, 0xFF, 0xFB, 0xFF, 0xFF, 0xFA, 0xFF, 0x96, 0x00, 0x02, 0x00,
    0x00, 0x00, 0x00, 0x00, 0x00, 0x00, 0x00, 0x00, 0x00, 0x00, 0x00, 0x00, 0x00, 0x00, 0x00, 0x00,
    0x00, 0x00, 0x00, 0x00, 0x00, 0x00, 0x00, 0x00, 0x00, 0x00, 0x00, 0x00, 0x00, 0x00, 0x00, 0x00,
    0x00, 0x01, 0x03, 0x00, 0x96, 0xFF, 0xFA, 0xFF, 0xFF, 0xFB, 0xFF, 0xCA, 0x09, 0xA1, 0xFF, 0xFB,
    0xFB, 0xFF, 0xA1, 0x09, 0xCA, 0xFF, 0xFB, 0xFF, 0xFF, 0xFA, 0xFF, 0x96, 0x00, 0x02, 0x01, 0x00,
    0x00, 0x00, 0x00, 0x00, 0x00, 0x00, 0x00, 0x00, 0x00, 0x00, 0x00, 0x00, 0x00, 0x00, 0x00, 0x00,
    0x00, 0x00, 0x00, 0x00, 0x00, 0x00, 0x00, 0x00, 0x00, 0x00, 0x00, 0x00, 0x00, 0x00, 0x00, 0x00,
    0x00, 0x00, 0x01, 0x03, 0x00, 0x96, 0xFF, 0xFA, 0xFF, 0xFF, 0xFB, 0xFF, 0xB9, 0xB7, 0xFF, 0xFC,
    0xFC, 0xFF, 0xB7, 0xBA, 0xFF, 0xFB, 0xFF, 0xFF, 0xFA, 0xFF, 0x96, 0x00, 0x03, 0x01, 0x00, 0x00,
    0x00, 0x00, 0x00, 0x00, 0x00, 0x00, 0x00, 0x00, 0x00, 0x00, 0x00, 0x00, 0x00, 0x00, 0x00, 0x00,
    0x00, 0x00, 0x00, 0x00, 0x00, 0x00, 0x00, 0x00, 0x00, 0x00, 0x00, 0x00, 0x00, 0x00, 0x00, 0x00,
    0x00, 0x00, 0x00, 0x01, 0x03, 0x00, 0x96, 0xFF, 0xFA, 0xFF, 0xFF, 0xFD, 0xFF, 0xFF, 0xFF, 0xFF,
    0xFF, 0xFF, 0xFF, 0xFF, 0xFD, 0xFF, 0xFF, 0xFA, 0xFF, 0x96, 0x00, 0x03, 0x01, 0x00, 0x00, 0x00,
    0x00, 0x00, 0x00, 0x00, 0x00, 0x00, 0x00, 0x00, 0x00, 0x00, 0x00, 0x00, 0x00, 0x00, 0x00, 0x00,
    0x00, 0x00, 0x00, 0x00, 0x00, 0x00, 0x00, 0x00, 0x00, 0x00, 0x00, 0x00, 0x00, 0x00, 0x00, 0x00,
    0x00, 0x00, 0x00, 0x00, 0x01, 0x03, 0x00, 0x96, 0xFF, 0xFA, 0xFF, 0xFF, 0xFD, 0xFE, 0xFF, 0xFF,
    0xFF, 0xFF, 0xFE, 0xFD, 0xFF, 0xFF, 0xFA, 0xFF, 0x96, 0x00, 0x03, 0x01, 0x00, 0x00, 0x00, 0x00,
    0x00, 0x00, 0x00, 0x00, 0x00, 0x00, 0x00, 0x00, 0x00, 0x00, 0x00, 0x00, 0x00, 0x00, 0x00, 0x00,
    0x00, 0x00, 0x00, 0x00, 0x00, 0x00, 0x00, 0x00, 0x00, 0x00, 0x00, 0x00, 0x00, 0x00, 0x00, 0x00,
    0x00, 0x00, 0x00, 0x00, 0x00, 0x01, 0x03, 0x00, 0x96, 0xFF, 0xFA, 0xFF, 0xFF, 0xFF, 0xFF, 0xFF,
    0xFF, 0xFF, 0xFF, 0xFF, 0xFF, 0xFA, 0xFF, 0x96, 0x00, 0x03, 0x01, 0x00, 0x00, 0x00, 0x00, 0x00,
    0x00, 0x00, 0x00, 0x00, 0x00, 0x00, 0x00, 0x00, 0x00, 0x00, 0x00, 0x00, 0x00, 0x00, 0x00, 0x00,
    0x00, 0x00, 0x00, 0x00, 0x00, 0x00, 0x00, 0x00, 0x00, 0x00, 0x00, 0x00, 0x00, 0x00, 0x00, 0x00,
    0x00, 0x00, 0x00, 0x00, 0x00, 0x00, 0x01, 0x03, 0x00, 0x96, 0xFF, 0xFA, 0xFF, 0xFF, 0xFF, 0xFF,
    0xFF, 0xFF, 0xFF, 0xFF, 0xFA, 0xFF, 0x96, 0x00, 0x03, 0x01, 0x00, 0x00, 0x00, 0x00, 0x00, 0x00,
    0x00, 0x00, 0x00, 0x00, 0x00, 0x00, 0x00, 0x00, 0x00, 0x00, 0x00, 0x00, 0x00, 0x00, 0x00, 0x00,
    0x00, 0x00, 0x00, 0x00, 0x00, 0x00, 0x00, 0x00, 0x00, 0x00, 0x00, 0x00, 0x00, 0x00, 0x00, 0x00,
    0x00, 0x00, 0x00, 0x00, 0x00, 0x00, 0x00, 0x01, 0x03, 0x00, 0x96, 0xFF, 0xFD, 0xFF, 0xFF, 0xFF,
    0xFF, 0xFF, 0xFF, 0xFD, 0xFF, 0x96, 0x00, 0x03, 0x01, 0x00, 0x00, 0x00, 0x00, 0x00, 0x00, 0x00,
    0x00, 0x00, 0x00, 0x00, 0x00, 0x00, 0x00, 0x00, 0x00, 0x00, 0x00, 0x00, 0x00, 0x00, 0x00, 0x00,
    0x00, 0x00, 0x00, 0x00, 0x00, 0x00, 0x00, 0x00, 0x00, 0x00, 0x00, 0x00, 0x00, 0x00, 0x00, 0x00,
    0x00, 0x00, 0x00, 0x00, 0x00, 0x00, 0x00, 0x00, 0x01, 0x03, 0x00, 0x93, 0xFB, 0xFD, 0xFF, 0xFF,
    0xFF, 0xFF, 0xFD, 0xFB, 0x93, 0x00, 0x03, 0x01, 0x00, 0x00, 0x00, 0x00, 0x00, 0x00, 0x00, 0x00,
    0x00, 0x00, 0x00, 0x00, 0x00, 0x00, 0x00, 0x00, 0x00, 0x00, 0x00, 0x00, 0x00, 0x00, 0x00, 0x00,
    0x00, 0x00, 0x00, 0x00, 0x00, 0x00, 0x00, 0x00, 0x00, 0x00, 0x00, 0x00, 0x00, 0x00, 0x00, 0x00,
    0x00, 0x00, 0x00, 0x00, 0x00, 0x00, 0x00, 0x00, 0x00, 0x03, 0x00, 0x0C, 0xE8, 0xFE, 0xFE, 0xFF,
    0xFF, 0xFE, 0xFE, 0xE8, 0x0C, 0x00, 0x03, 0x00, 0x00, 0x00, 0x00, 0x00, 0x00, 0x00, 0x00, 0x00,
    0x00, 0x00, 0x00, 0x00, 0x00, 0x00, 0x00, 0x00, 0x00, 0x00, 0x00, 0x00, 0x00, 0x00, 0x00, 0x00,
    0x00, 0x00, 0x00, 0x00, 0x00, 0x00, 0x00, 0x00, 0x00, 0x00, 0x00, 0x00, 0x00, 0x00, 0x00, 0x00,
    0x00, 0x00, 0x00, 0x00, 0x00, 0x00, 0x00, 0x00, 0x02, 0x00, 0x10, 0xC8, 0xFF, 0xFD, 0xFF, 0xFF,
    0xFF, 0xFF, 0xFD, 0xFF, 0xC8, 0x10, 0x00, 0x02, 0x00, 0x00, 0x00, 0x00, 0x00, 0x00, 0x00, 0x00,
    0x00, 0x00, 0x00, 0x00, 0x00, 0x00, 0x00, 0x00, 0x00, 0x00, 0x00, 0x00, 0x00, 0x00, 0x00, 0x00,
    0x00, 0x00, 0x00, 0x00, 0x00, 0x00, 0x00, 0x00, 0x00, 0x00, 0x00, 0x00, 0x00, 0x00, 0x00, 0x00,
    0x00, 0x00, 0x00, 0x00, 0x00, 0x00, 0x00, 0x02, 0x00, 0x10, 0xC7, 0xFF, 0xFD, 0xFF, 0xFF, 0xFF,
    0xFF, 0xFF, 0xFF, 0xFD, 0xFF, 0xC7, 0x10, 0x00, 0x02, 0x00, 0x00, 0x00, 0x00, 0x00, 0x00, 0x00,
    0x00, 0x00, 0x00, 0x00, 0x00, 0x00, 0x00, 0x00, 0x00, 0x00, 0x00, 0x00, 0x00, 0x00, 0x00, 0x00,
    0x00, 0x00, 0x00, 0x00, 0x00, 0x00, 0x00, 0x00, 0x00, 0x00, 0x00, 0x00, 0x00, 0x00, 0x00, 0x00,
    0x00, 0x00, 0x00, 0x00, 0x00, 0x00, 0x02, 0x00, 0x10, 0xC7, 0xFF, 0xFB, 0xFF, 0xFF, 0xFF, 0xFF,
    0xFF, 0xFF, 0xFF, 0xFF, 0xFB, 0xFF, 0xC7, 0x10, 0x00, 0x02, 0x00, 0x00, 0x00, 0x00, 0x00, 0x00,
    0x00, 0x00, 0x00, 0x00, 0x00, 0x00, 0x00, 0x00, 0x00, 0x00, 0x00, 0x00, 0x00, 0x00, 0x00, 0x00,
    0x00, 0x00, 0x00, 0x00, 0x00, 0x00, 0x00, 0x00, 0x00, 0x00, 0x00, 0x00, 0x00, 0x00, 0x00, 0x00,
    0x00, 0x00, 0x00, 0x00, 0x00, 0x02, 0x00, 0x10, 0xC7, 0xFF, 0xFB, 0xFF, 0xFF, 0xFF, 0xFF, 0xFF,
    0xFF, 0xFF, 0xFF, 0xFF, 0xFF, 0xFB, 0xFF, 0xC7, 0x10, 0x00, 0x02, 0x00, 0x00, 0x00, 0x00, 0x00,
    0x00, 0x00, 0x00, 0x00, 0x00, 0x00, 0x00, 0x00, 0x00, 0x00, 0x00, 0x00, 0x00, 0x00, 0x00, 0x00,
    0x00, 0x00, 0x00, 0x00, 0x00, 0x00, 0x00, 0x00, 0x00, 0x00, 0x00, 0x00, 0x00, 0x00, 0x00, 0x00,
    0x00, 0x00, 0x00, 0x00, 0x02, 0x00, 0x10, 0xC7, 0xFF, 0xFB, 0xFF, 0xFF, 0xFD, 0xFF, 0xFF, 0xFF,
    0xFF, 0xFF, 0xFF, 0xFD, 0xFF, 0xFF, 0xFB, 0xFF, 0xC7, 0x10, 0x00, 0x02, 0x00, 0x00, 0x00, 0x00,
    0x00, 0x00, 0x00, 0x00, 0x00, 0x00, 0x00, 0x00, 0x00, 0x00, 0x00, 0x00, 0x00, 0x00, 0x00, 0x00,
    0x00, 0x00, 0x00, 0x00, 0x00, 0x00, 0x00, 0x00, 0x00, 0x00, 0x00, 0x00, 0x00, 0x00, 0x00, 0x00,
    0x00, 0x00, 0x00, 0x02, 0x00, 0x10, 0xC7, 0xFF, 0xFB, 0xFF, 0xFF, 0xFD, 0xFF, 0xF8, 0xFF, 0xFF,
    0xFF, 0xFF, 0xF8, 0xFF, 0xFD, 0xFF, 0xFF, 0xFB, 0xFF, 0xC7, 0x10, 0x00, 0x02, 0x00, 0x00, 0x00,
    0x00, 0x00, 0x00, 0x00, 0x00, 0x00, 0x00, 0x00, 0x00, 0x00, 0x00, 0x00, 0x00, 0x00, 0x00, 0x00,
    0x00, 0x00, 0x00, 0x00, 0x00, 0x00, 0x00, 0x00, 0x00, 0x00, 0x00, 0x00, 0x00, 0x00, 0x00, 0x00,
    0x00, 0x00, 0x02, 0x00, 0x10, 0xC7, 0xFF, 0xFB, 0xFF, 0xFF, 0xFA, 0xFF, 0x88, 0xA5, 0xFF, 0xFC,
    0xFC, 0xFF, 0xA5, 0x88, 0xFF, 0xFA, 0xFF, 0xFF, 0xFB, 0xFF, 0xC7, 0x10, 0x00, 0x02, 0x00, 0x00,
    0x00, 0x00, 0x00, 0x00, 0x00, 0x00, 0x00, 0x00, 0x00, 0x00, 0x00, 0x00, 0x00, 0x00, 0x00, 0x00,
    0x00, 0x00, 0x00, 0x00, 0x00, 0x00, 0x00, 0x00, 0x00, 0x00, 0x00, 0x00, 0x00, 0x00, 0x00, 0x00,
    0x00, 0x02, 0x00, 0x10, 0xC7, 0xFF, 0xFB, 0xFF, 0xFF, 0xFA, 0xFF, 0x9A, 0x00, 0xA7, 0xFF, 0xFB,
    0xFB, 0xFF, 0xA7, 0x00, 0x9A, 0xFF, 0xFA, 0xFF, 0xFF, 0xFB, 0xFF, 0xC7, 0x10, 0x00, 0x01, 0x00,
    0x00, 0x00, 0x00, 0x00, 0x00, 0x00, 0x00, 0x00, 0x00, 0x00, 0x00, 0x00, 0x00, 0x00, 0x00, 0x00,
    0x00, 0x00, 0x00, 0x00, 0x00, 0x00, 0x00, 0x00, 0x00, 0x00, 0x00, 0x00, 0x00, 0x00, 0x00, 0x00,
    0x02, 0x00, 0x10, 0xC7, 0xFF, 0xFB, 0xFF, 0xFF, 0xFA, 0xFF, 0x97, 0x00, 0x01, 0xAB, 0xFF, 0xFB,
    0xFB, 0xFF, 0xAB, 0x01, 0x00, 0x97, 0xFF, 0xFB, 0xFF, 0xFF, 0xFB, 0xFF, 0xC7, 0x11, 0x01, 0x01,
    0x00, 0x00, 0x00, 0x00, 0x00, 0x00, 0x00, 0x00, 0x00, 0x00, 0x00, 0x00, 0x00, 0x00, 0x00, 0x00,
    0x00, 0x00, 0x00, 0x00, 0x00, 0x00, 0x00, 0x00, 0x00, 0x00, 0x00, 0x00, 0x00, 0x00, 0x00, 0x02,
    0x00, 0x10, 0xC7, 0xFF, 0xFB, 0xFF, 0xFF, 0xFA, 0xFF, 0x97, 0x00, 0x05, 0x00, 0xA9, 0xFF, 0xFB,
    0xFB, 0xFF, 0xA9, 0x00, 0x05, 0x00, 0x98, 0xFF, 0xFC, 0xFF, 0xFF, 0xFA, 0xFF, 0xB1, 0x00, 0x02,
    0x00, 0x00, 0x00, 0x00, 0x00, 0x00, 0x00, 0x00, 0x00, 0x00, 0x00, 0x00, 0x00, 0x00, 0x00, 0x00,
    0x00, 0x00, 0x00, 0x00, 0x00, 0x00, 0x00, 0x00, 0x00, 0x00, 0x00, 0x00, 0x00, 0x00, 0x02, 0x00,
    0x10, 0xC7, 0xFF, 0xFB, 0xFF, 0xFF, 0xFA, 0xFF, 0x97, 0x00, 0x03, 0x04, 0x00, 0xA9, 0xFF, 0xFB,
    0xFB, 0xFF, 0xA9, 0x00, 0x04, 0x05, 0x00, 0x9B, 0xFF, 0xFC, 0xFF, 0xFE, 0xFD, 0xF7, 0x18, 0x00,
    0x02, 0x00, 0x00, 0x00, 0x00, 0x00, 0x00, 0x00, 0x00, 0x00, 0x00, 0x00, 0x00, 0x00, 0x00, 0x00,
    0x00, 0x00, 0x00, 0x00, 0x00, 0x00, 0x00, 0x00, 0x00, 0x00, 0x00, 0x00, 0x00, 0x01, 0x00, 0x10,
    0xC7, 0xFF, 0xFB, 0xFF, 0xFF, 0xFA, 0xFF, 0x97, 0x00, 0x03, 0x01, 0x03, 0x00, 0xA9, 0xFF, 0xFB,
    0xFB, 0xFF, 0xA9, 0x00, 0x06, 0x00, 0x1C, 0xC7, 0xFE, 0xFD, 0xFF, 0xFD, 0xFD, 0xF0, 0x10, 0x00,
    0x01, 0x00, 0x00, 0x00, 0x00, 0x00, 0x00, 0x00, 0x00, 0x00, 0x00, 0x00, 0x00, 0x00, 0x00, 0x00,
    0x00, 0x00, 0x00, 0x00, 0x00, 0x00, 0x00, 0x00, 0x00, 0x00, 0x00, 0x00, 0x01, 0x02, 0x0C, 0xC6,
    0xFF, 0xFB, 0xFF, 0xFF, 0xFA, 0xFF, 0x97, 0x00, 0x03, 0x01, 0x00, 0x03, 0x00, 0xA9, 0xFF, 0xFB,
    0xFB, 0xFF, 0xA8, 0x02, 0x00, 0x1E, 0xD8, 0xFF, 0xFD, 0xFF, 0xFF, 0xFA, 0xFF, 0x7B, 0x00, 0x03,
    0x00, 0x00, 0x00, 0x00, 0x00, 0x00, 0x00, 0x00, 0x00, 0x00, 0x00, 0x00, 0x00, 0x00, 0x00, 0x00,
    0x00, 0x00, 0x00, 0x00, 0x00, 0x00, 0x00, 0x00, 0x00, 0x00, 0x00, 0x00, 0x04, 0x00, 0x69, 0xFF,
    0xF9, 0xFF, 0xFF, 0xFA, 0xFF, 0x97, 0x00, 0x03, 0x01, 0x00, 0x00, 0x03, 0x00, 0xA9, 0xFF, 0xFB,
    0xFB, 0xFF, 0xAD, 0x00, 0x24, 0xDC, 0xFF, 0xFB, 0xFF, 0xFF, 0xFB, 0xFF, 0x89, 0x00, 0x03, 0x00,
    0x00, 0x00, 0x00, 0x00, 0x00, 0x00, 0x00, 0x00, 0x00, 0x00, 0x00, 0x00, 0x00, 0x00, 0x00, 0x00,
    0x00, 0x00, 0x00, 0x00, 0x00, 0x00, 0x00, 0x00, 0x00, 0x00, 0x00, 0x00, 0x04, 0x00, 0x8A, 0xFB,
    0xF8, 0xFD, 0xFA, 0xFF, 0x97, 0x00, 0x03, 0x01, 0x00, 0x00, 0x00, 0x03, 0x00, 0xA9, 0xFF, 0xFB,
    0xFB, 0xFF, 0x9D, 0x1D, 0xE2, 0xFF, 0xFC, 0xFF, 0xFF, 0xFB, 0xFF, 0x89, 0x00, 0x03, 0x00, 0x00,
    0x00, 0x00, 0x00, 0x00, 0x00, 0x00, 0x00, 0x00, 0x00, 0x00, 0x00, 0x00, 0x00, 0x00, 0x00, 0x00,
    0x00, 0x00, 0x00, 0x00, 0x00, 0x00, 0x00, 0x00, 0x00, 0x00, 0x00, 0x00, 0x03, 0x00, 0x44, 0xFF,
    0xFF, 0xFF, 0xFF, 0x97, 0x00, 0x03, 0x01, 0x00, 0x00, 0x00, 0x00, 0x03, 0x00, 0xA9, 0xFF, 0xFB,
    0xFD, 0xFF, 0xC8, 0xD8, 0xFF, 0xFC, 0xFF, 0xFF, 0xFB, 0xFF, 0x89, 0x00, 0x04, 0x01, 0x00, 0x00,
    0x00, 0x00, 0x00, 0x00, 0x00, 0x00, 0x00, 0x00, 0x00, 0x00, 0x00, 0x00, 0x00, 0x00, 0x00, 0x00,
    0x00, 0x00, 0x00, 0x00, 0x00, 0x00, 0x00, 0x00, 0x00, 0x00, 0x00, 0x00, 0x00, 0x02, 0x00, 0x67,
    0xD1, 0xD6, 0x7C, 0x00, 0x02, 0x01, 0x00, 0x00, 0x00, 0x00, 0x00, 0x03, 0x00, 0xA9, 0xFF, 0xFB,
    0xFF, 0xFF, 0xFF, 0xFF, 0xFD, 0xFF, 0xFF, 0xFB, 0xFF, 0x89, 0x00, 0x04, 0x01, 0x00, 0x00, 0x00,
    0x00, 0x00, 0x00, 0x00, 0x00, 0x00, 0x00, 0x00, 0x00, 0x00, 0x00, 0x00, 0x00, 0x00, 0x00, 0x00,
    0x00, 0x00, 0x00, 0x00, 0x00, 0x00, 0x00, 0x00, 0x00, 0x00, 0x00, 0x00, 0x00, 0x00, 0x01, 0x00,
    0x00, 0x00, 0x00, 0x01, 0x00, 0x00, 0x00, 0x00, 0x00, 0x00, 0x00, 0x03, 0x00, 0xA9, 0xFF, 0xFB,
    0xFF, 0xFF, 0xFE, 0xFD, 0xFF, 0xFF, 0xFB, 0xFF, 0x89, 0x00, 0x04, 0x01, 0x00, 0x00, 0x00, 0x00,
    0x00, 0x00, 0x00, 0x00, 0x00, 0x00, 0x00, 0x00, 0x00, 0x00, 0x00, 0x00, 0x00, 0x00, 0x00, 0x00,
    0x00, 0x00, 0x00, 0x00, 0x00, 0x00, 0x00, 0x00, 0x00, 0x00, 0x00, 0x00, 0x00, 0x00, 0x00, 0x03,
    0x00, 0x00, 0x03, 0x00, 0x00, 0x00, 0x00, 0x00, 0x00, 0x00, 0x00, 0x03, 0x00, 0xA9, 0xFF, 0xFB,
    0xFF, 0xFF, 0xFF, 0xFF, 0xFF, 0xFB, 0xFF, 0x89, 0x00, 0x04, 0x01, 0x00, 0x00, 0x00, 0x00, 0x00,
    0x00, 0x00, 0x00, 0x00, 0x00, 0x00, 0x00, 0x00, 0x00, 0x00, 0x00, 0x00, 0x00, 0x00, 0x00, 0x00,
    0x00, 0x00, 0x00, 0x00, 0x00, 0x00, 0x00, 0x00, 0x00, 0x00, 0x00, 0x00, 0x00, 0x00, 0x00, 0x00,
    0x00, 0x01, 0x00, 0x00, 0x00, 0x00, 0x00, 0x00, 0x00, 0x00, 0x00, 0x03, 0x00, 0xA9, 0xFF, 0xFB,
    0xFF, 0xFF, 0xFF, 0xFF, 0xFB, 0xFF, 0x89, 0x00, 0x04, 0x01, 0x00, 0x00, 0x00, 0x00, 0x00, 0x00,
    0x00, 0x00, 0x00, 0x00, 0x00, 0x00, 0x00, 0x00, 0x00, 0x00, 0x00, 0x00, 0x00, 0x00, 0x00, 0x00,
    0x00, 0x00, 0x00, 0x00, 0x00, 0x00, 0x00, 0x00, 0x00, 0x00, 0x00, 0x00, 0x00, 0x00, 0x00, 0x00,
    0x00, 0x00, 0x00, 0x00, 0x00, 0x00, 0x00, 0x00, 0x00, 0x00, 0x00, 0x03, 0x00, 0xA9, 0xFF, 0xFB,
    0xFF, 0xFF, 0xFF, 0xFB, 0xFF, 0x89, 0x00, 0x04, 0x01, 0x00, 0x00, 0x00, 0x00, 0x00, 0x00, 0x00,
    0x00, 0x00, 0x00, 0x00, 0x00, 0x00, 0x00, 0x00, 0x00, 0x00, 0x00, 0x00, 0x00, 0x00, 0x00, 0x00,
    0x00, 0x00, 0x00, 0x00, 0x00, 0x00, 0x00, 0x00, 0x00, 0x00, 0x00, 0x00, 0x00, 0x00, 0x00, 0x00,
    0x00, 0x00, 0x00, 0x00, 0x00, 0x00, 0x00, 0x00, 0x00, 0x00, 0x00, 0x03, 0x00, 0xA9, 0xFF, 0xFB,
    0xFF, 0xFF, 0xFB, 0xFF, 0x89, 0x00, 0x04, 0x01, 0x00, 0x00, 0x00, 0x00, 0x00, 0x00, 0x00, 0x00,
    0x00, 0x00, 0x00, 0x00, 0x00, 0x00, 0x00, 0x00, 0x00, 0x00, 0x00, 0x00, 0x00, 0x00, 0x00, 0x00,
    0x00, 0x00, 0x00, 0x00, 0x00, 0x00, 0x00, 0x00, 0x00, 0x00, 0x00, 0x00, 0x00, 0x00, 0x00, 0x00,
    0x00, 0x00, 0x00, 0x00, 0x00, 0x00, 0x00, 0x00, 0x00, 0x00, 0x00, 0x03, 0x00, 0xA8, 0xFC, 0xF9,
    0xFD, 0xFA, 0xFF, 0x89, 0x00, 0x04, 0x01, 0x00, 0x00, 0x00, 0x00, 0x00, 0x00, 0x00, 0x00, 0x00,
    0x00, 0x00, 0x00, 0x00, 0x00, 0x00, 0x00, 0x00, 0x00, 0x00, 0x00, 0x00, 0x00, 0x00, 0x00, 0x00,
    0x00, 0x00, 0x00, 0x00, 0x00, 0x00, 0x00, 0x00, 0x00, 0x00, 0x00, 0x00, 0x00, 0x00, 0x00, 0x00,
    0x00, 0x00, 0x00, 0x00, 0x00, 0x00, 0x00, 0x00, 0x00, 0x00, 0x00, 0x04, 0x00, 0x5D, 0xFF, 0xFF,
    0xFF, 0xFF, 0x89, 0x00, 0x04, 0x01, 0x00, 0x00, 0x00, 0x00, 0x00, 0x00, 0x00, 0x00, 0x00, 0x00,
    0x00, 0x00, 0x00, 0x00, 0x00, 0x00, 0x00, 0x00, 0x00, 0x00, 0x00, 0x00, 0x00, 0x00, 0x00, 0x00,
    0x00, 0x00, 0x00, 0x00, 0x00, 0x00, 0x00, 0x00, 0x00, 0x00, 0x00, 0x00, 0x00, 0x00, 0x00, 0x00,
    0x00, 0x00, 0x00, 0x00, 0x00, 0x00, 0x00, 0x00, 0x00, 0x00, 0x00, 0x00, 0x02, 0x00, 0x79, 0xDF,
    0xDE, 0x75, 0x00, 0x03, 0x01, 0x00, 0x00, 0x00, 0x00, 0x00, 0x00, 0x00, 0x00, 0x00, 0x00, 0x00,
    0x00, 0x00, 0x00, 0x00, 0x00, 0x00, 0x00, 0x00, 0x00, 0x00, 0x00, 0x00, 0x00, 0x00, 0x00, 0x00,
    0x00, 0x00, 0x00, 0x00, 0x00, 0x00, 0x00, 0x00, 0x00, 0x00, 0x00, 0x00, 0x00, 0x00, 0x00, 0x00,
    0x00, 0x00, 0x00, 0x00, 0x00, 0x00, 0x00, 0x00, 0x00, 0x00, 0x00, 0x00, 0x00, 0x00, 0x00, 0x07,
    0x06, 0x00, 0x02, 0x00, 0x00, 0x00, 0x00, 0x00, 0x00, 0x00, 0x00, 0x00, 0x00, 0x00, 0x00, 0x00,
    0x00, 0x00, 0x00, 0x00, 0x00, 0x00, 0x00, 0x00, 0x00, 0x00, 0x00, 0x00, 0x00, 0x00, 0x00, 0x00,
    0x00, 0x00, 0x00, 0x00, 0x00, 0x00, 0x00, 0x00, 0x00, 0x00, 0x00, 0x00, 0x00, 0x00, 0x00, 0x00,
    0x00, 0x00, 0x00, 0x00, 0x00, 0x00, 0x00, 0x00, 0x00, 0x00, 0x00, 0x00, 0x00, 0x00, 0x03, 0x00,
    0x00, 0x03, 0x00, 0x00, 0x00, 0x00, 0x00, 0x00, 0x00, 0x00, 0x00, 0x00, 0x00, 0x00, 0x00, 0x00,
    0x00, 0x00, 0x00, 0x00, 0x00, 0x00, 0x00, 0x00, 0x00, 0x00, 0x00, 0x00, 0x00, 0x00, 0x00, 0x00,
    0x00, 0x00, 0x00, 0x00, 0x00, 0x00, 0x00, 0x00, 0x00, 0x00, 0x00, 0x00, 0x00, 0x00, 0x00, 0x00,
    0x00, 0x00, 0x00, 0x00, 0x00, 0x00, 0x00, 0x00, 0x00, 0x00, 0x00, 0x00, 0x00, 0x00, 0x00, 0x01,
    0x01, 0x00, 0x00, 0x00, 0x00, 0x00, 0x00, 0x00, 0x00, 0x00, 0x00, 0x00, 0x00, 0x00, 0x00, 0x00,
    0x00, 0x00, 0x00, 0x00, 0x00, 0x00, 0x00, 0x00, 0x00, 0x00, 0x00, 0x00, 0x00, 0x00, 0x00, 0x00,
    0x00, 0x00, 0x00, 0x00, 0x00, 0x00, 0x00, 0x00, 0x00, 0x00, 0x00, 0x00, 0x00, 0x00, 0x00, 0x00,
    0x00, 0x00, 0x00, 0x00, 0x00, 0x00, 0x00, 0x00, 0x00, 0x00, 0x00, 0x00, 0x00, 0x00, 0x00, 0x00,
    0x00, 0x00, 0x00, 0x00, 0x00, 0x00, 0x00, 0x00, 0x00, 0x00, 0x00, 0x00, 0x00, 0x00, 0x00, 0x00,
    0x00, 0x00, 0x00, 0x00, 0x00, 0x00, 0x00, 0x00, 0x00, 0x00, 0x00, 0x00, 0x00, 0x00, 0x00, 0x00,
    0x00, 0x00, 0x00, 0x00, 0x00, 0x00, 0x00, 0x00, 0x00, 0x00, 0x00, 0x00, 0x00, 0x00, 0x00, 0x00,
    0x00, 0x00, 0x00, 0x00, 0x00, 0x00, 0x00, 0x00, 0x00, 0x00, 0x00, 0x00, 0x00, 0x00, 0x00, 0x00,
    0x00, 0x00, 0x00, 0x00, 0x00, 0x00, 0x00, 0x00, 0x00, 0x00, 0x00, 0x00, 0x00, 0x00, 0x00, 0x00,
    0x00, 0x00, 0x00, 0x00, 0x00, 0x00, 0x00, 0x00, 0x00, 0x00, 0x00, 0x00, 0x00, 0x00, 0x00, 0x00,
    0x00, 0x00, 0x00, 0x00, 0x00, 0x00, 0x00, 0x00, 0x00, 0x00, 0x00, 0x00, 0x00, 0x00, 0x00, 0x00,
    0x00, 0x00, 0x00, 0x00, 0x00, 0x00, 0x00, 0x00, 0x00, 0x00, 0x00, 0x00, 0x00, 0x00, 0x00, 0x00,
    0x00, 0x00, 0x00, 0x00, 0x00, 0x00, 0x00, 0x00, 0x00, 0x00, 0x00, 0x00, 0x00, 0x00, 0x00, 0x00,
    0x00, 0x00, 0x00, 0x00, 0x00, 0x00, 0x00, 0x00, 0x00, 0x00, 0x00, 0x00, 0x00, 0x00, 0x00, 0x00,
    0x00, 0x00, 0x00, 0x00, 0x00, 0x00, 0x00, 0x00, 0x00, 0x00, 0x00, 0x00, 0x00, 0x00, 0x00, 0x00,
    0x00, 0x00, 0x00, 0x00, 0x00, 0x00, 0x00, 0x00, 0x00, 0x00, 0x00, 0x00, 0x00, 0x00, 0x00, 0x00,
    0x00, 0x00, 0x00, 0x00, 0x00, 0x00, 0x00, 0x00, 0x00, 0x00, 0x00, 0x00, 0x00, 0x00, 0x00, 0x00,
    0x00, 0x00, 0x00, 0x00, 0x00, 0x00, 0x00, 0x00, 0x00, 0x00, 0x00, 0x00, 0x00, 0x00, 0x00, 0x00,
    0x00, 0x00, 0x00, 0x00, 0x00, 0x00, 0x00, 0x00, 0x00, 0x00, 0x00, 0x00, 0x00, 0x00, 0x00, 0x00,
    0x00, 0x00, 0x00, 0x00, 0x00, 0x00, 0x00, 0x00, 0x00, 0x00, 0x00, 0x00, 0x00, 0x00, 0x00, 0x00,
    0x00, 0x00, 0x00, 0x00, 0x00, 0x00, 0x00, 0x00, 0x00, 0x00, 0x00, 0x00, 0x00, 0x00, 0x00, 0x00,
    0x00, 0x00, 0x00, 0x00, 0x00, 0x00, 0x00, 0x00, 0x00, 0x00, 0x00, 0x00, 0x00, 0x00, 0x00, 0x00,
    0x00, 0x00, 0x00, 0x00, 0x00, 0x00, 0x00, 0x00, 0x00, 0x00, 0x00, 0x00, 0x00, 0x00, 0x00, 0x00,
    0x00, 0x00, 0x00, 0x00, 0x00, 0x00, 0x00, 0x00, 0x00, 0x00, 0x00, 0x00, 0x00, 0x00, 0x00, 0x00,
    0x00, 0x00, 0x00, 0x00, 0x00, 0x00, 0x00, 0x00, 0x00, 0x00, 0x00, 0x00, 0x00, 0x00, 0x00, 0x00,
    0x00, 0x00, 0x00, 0x00, 0x00, 0x00, 0x00, 0x00, 0x00, 0x00, 0x00, 0x00, 0x00, 0x00, 0x00, 0x00,
};
const lv_image_dsc_t ui_feed_icon_bluetooth_64 = {
    .header = {.magic = LV_IMAGE_HEADER_MAGIC, .cf = LV_COLOR_FORMAT_A8,
               .w = 64, .h = 64, .stride = 64},
    .data_size = sizeof(s_bluetooth_64),
    .data = s_bluetooth_64,
};

static const uint8_t s_radio_24[] = {
    0x00, 0x00, 0x00, 0x00, 0x00, 0x00, 0x00, 0x00, 0x01, 0x04, 0x01, 0x00, 0x00, 0x19, 0x78, 0xBA,
    0x20, 0x00, 0x02, 0x00, 0x00, 0x00, 0x00, 0x00, 0x00, 0x00, 0x00, 0x00, 0x00, 0x00, 0x02, 0x03,
    0x00, 0x00, 0x00, 0x39, 0x99, 0xF2, 0xFF, 0xFD, 0x32, 0x00, 0x02, 0x00, 0x00, 0x00, 0x00, 0x00,
    0x00, 0x00, 0x00, 0x01, 0x03, 0x01, 0x00, 0x00, 0x14, 0x65, 0xCB, 0xFF, 0xFF, 0xDB, 0x78, 0x1D,
    0x00, 0x02, 0x01, 0x01, 0x01, 0x00, 0x00, 0x00, 0x00, 0x00, 0x02, 0x00, 0x00, 0x00, 0x35, 0x94,
    0xEC, 0xFF, 0xFE, 0xA9, 0x45, 0x00, 0x00, 0x00, 0x00, 0x00, 0x00, 0x00, 0x00, 0x02, 0x00, 0x00,
    0x00, 0x01, 0x00, 0x0E, 0x5D, 0xBD, 0xFD, 0xFF, 0xEE, 0x8F, 0x35, 0x06, 0x03, 0x0F, 0x14, 0x12,
    0x10, 0x10, 0x10, 0x10, 0x06, 0x00, 0x01, 0x00, 0x02, 0x00, 0x53, 0xE2, 0xFF, 0xFF, 0xFF, 0xFF,
    0xF6, 0xE2, 0xEA, 0xF5, 0xF5, 0xF3, 0xF2, 0xF2, 0xF3, 0xF3, 0xF2, 0xF0, 0xDD, 0x52, 0x00, 0x03,
    0x01, 0x08, 0xE7, 0xFF, 0xEA, 0xEB, 0xEE, 0xEE, 0xF1, 0xF6, 0xF4, 0xF2, 0xF2, 0xF2, 0xF2, 0xF2,
    0xF1, 0xF1, 0xF2, 0xF1, 0xFF, 0xE7, 0x08, 0x01, 0x00, 0x11, 0xF3, 0xF1, 0x21, 0x12, 0x13, 0x12,
    0x12, 0x11, 0x11, 0x11, 0x11, 0x11, 0x12, 0x10, 0x13, 0x14, 0x10, 0x21, 0xF1, 0xF3, 0x11, 0x00,
    0x00, 0x10, 0xF3, 0xF2, 0x08, 0x00, 0x00, 0x00, 0x00, 0x00, 0x00, 0x00, 0x00, 0x00, 0x00, 0x00,
    0xBE, 0xBF, 0x00, 0x07, 0xF2, 0xF3, 0x10, 0x00, 0x00, 0x10, 0xF3, 0xF3, 0x20, 0x11, 0x12, 0x11,
    0x11, 0x11, 0x11, 0x11, 0x11, 0x12, 0x11, 0x21, 0xFB, 0xFC, 0x1D, 0x1C, 0xF4, 0xF3, 0x10, 0x00,
    0x00, 0x11, 0xEF, 0xFE, 0xF2, 0xF2, 0xF2, 0xF3, 0xF3, 0xF2, 0xF2, 0xF2, 0xF2, 0xF2, 0xF2, 0xF3,
    0xFF, 0xFF, 0xF3, 0xF2, 0xFE, 0xEF, 0x11, 0x00, 0x00, 0x11, 0xEF, 0xFE, 0xF2, 0xF2, 0xF5, 0xF0,
    0xF0, 0xF5, 0xF2, 0xF2, 0xF2, 0xF2, 0xF2, 0xF2, 0xEE, 0xEE, 0xF2, 0xF2, 0xFE, 0xEF, 0x11, 0x00,
    0x00, 0x10, 0xF3, 0xF3, 0x1F, 0x10, 0x04, 0x1A, 0x1A, 0x03, 0x10, 0x10, 0x10, 0x10, 0x10, 0x10,
    0x11, 0x12, 0x10, 0x1F, 0xF3, 0xF3, 0x10, 0x00, 0x00, 0x10, 0xF3, 0xF2, 0x0D, 0x00, 0x76, 0xDF,
    0xDF, 0x75, 0x00, 0x00, 0x00, 0x00, 0x00, 0x00, 0x00, 0x00, 0x00, 0x0C, 0xF2, 0xF3, 0x10, 0x00,
    0x00, 0x10, 0xF3, 0xF5, 0x04, 0x46, 0xFF, 0xFF, 0xFF, 0xFF, 0x4A, 0x01, 0x04, 0x01, 0x01, 0x01,
    0x01, 0x02, 0x01, 0x11, 0xF2, 0xF3, 0x10, 0x00, 0x00, 0x10, 0xF3, 0xF6, 0x00, 0x7F, 0xFA, 0xF7,
    0xF7, 0xFB, 0x83, 0x00, 0x04, 0x00, 0x00, 0x00, 0x00, 0x01, 0x00, 0x10, 0xF2, 0xF3, 0x10, 0x00,
    0x00, 0x10, 0xF3, 0xF5, 0x04, 0x46, 0xFF, 0xFF, 0xFF, 0xFF, 0x4A, 0x01, 0x04, 0x01, 0x01, 0x01,
    0x01, 0x02, 0x01, 0x11, 0xF2, 0xF3, 0x10, 0x00, 0x00, 0x10, 0xF2, 0xF2, 0x0D, 0x00, 0x76, 0xDF,
    0xDF, 0x75, 0x00, 0x00, 0x00, 0x00, 0x00, 0x00, 0x00, 0x00, 0x00, 0x0C, 0xF2, 0xF2, 0x10, 0x00,
    0x00, 0x11, 0xF3, 0xF1, 0x1F, 0x10, 0x04, 0x1A, 0x1A, 0x03, 0x10, 0x10, 0x10, 0x10, 0x10, 0x10,
    0x10, 0x11, 0x10, 0x1F, 0xF1, 0xF3, 0x11, 0x00, 0x01, 0x08, 0xE7, 0xFF, 0xF1, 0xF3, 0xF5, 0xF0,
    0xF0, 0xF5, 0xF2, 0xF2, 0xF2, 0xF2, 0xF2, 0xF2, 0xF2, 0xF2, 0xF2, 0xF1, 0xFF, 0xE7, 0x08, 0x01,
    0x02, 0x00, 0x52, 0xDD, 0xF0, 0xF2, 0xF2, 0xF3, 0xF3, 0xF2, 0xF2, 0xF2, 0xF2, 0xF2, 0xF2, 0xF2,
    0xF2, 0xF2, 0xF2, 0xF0, 0xDD, 0x52, 0x00, 0x03, 0x00, 0x01, 0x00, 0x06, 0x10, 0x10, 0x10, 0x10,
    0x10, 0x10, 0x10, 0x10, 0x10, 0x10, 0x10, 0x10, 0x10, 0x10, 0x10, 0x10, 0x06, 0x00, 0x01, 0x00,
    0x00, 0x00, 0x02, 0x00, 0x00, 0x00, 0x00, 0x00, 0x00, 0x00, 0x00, 0x00, 0x00, 0x00, 0x00, 0x00,
    0x00, 0x00, 0x00, 0x00, 0x00, 0x02, 0x00, 0x00, 0x00, 0x00, 0x00, 0x01, 0x01, 0x01, 0x01, 0x01,
    0x01, 0x01, 0x01, 0x01, 0x01, 0x01, 0x01, 0x01, 0x01, 0x01, 0x01, 0x01, 0x01, 0x00, 0x00, 0x00,
};
const lv_image_dsc_t ui_feed_icon_radio_24 = {
    .header = {.magic = LV_IMAGE_HEADER_MAGIC, .cf = LV_COLOR_FORMAT_A8,
               .w = 24, .h = 24, .stride = 24},
    .data_size = sizeof(s_radio_24),
    .data = s_radio_24,
};

static const uint8_t s_radio_32[] = {
    0x00, 0x00, 0x00, 0x00, 0x00, 0x00, 0x00, 0x00, 0x00, 0x00, 0x00, 0x00, 0x00, 0x01, 0x03, 0x02,
    0x00, 0x00, 0x0F, 0x64, 0xAB, 0x41, 0x00, 0x02, 0x00, 0x00, 0x00, 0x00, 0x00, 0x00, 0x00, 0x00,
    0x00, 0x00, 0x00, 0x00, 0x00, 0x00, 0x00, 0x00, 0x00, 0x00, 0x00, 0x02, 0x04, 0x00, 0x00, 0x00,
    0x2D, 0x87, 0xDB, 0xFF, 0xFF, 0xB6, 0x00, 0x04, 0x00, 0x00, 0x00, 0x00, 0x00, 0x00, 0x00, 0x00,
    0x00, 0x00, 0x00, 0x00, 0x00, 0x00, 0x00, 0x00, 0x01, 0x03, 0x02, 0x00, 0x00, 0x09, 0x55, 0xB5,
    0xF9, 0xFF, 0xFF, 0xFE, 0xBF, 0x3B, 0x01, 0x02, 0x00, 0x00, 0x00, 0x00, 0x00, 0x00, 0x00, 0x00,
    0x00, 0x00, 0x00, 0x00, 0x00, 0x00, 0x02, 0x04, 0x00, 0x00, 0x00, 0x26, 0x80, 0xD8, 0xFF, 0xFF,
    0xFF, 0xE6, 0x96, 0x38, 0x00, 0x00, 0x00, 0x00, 0x00, 0x00, 0x00, 0x00, 0x00, 0x00, 0x00, 0x00,
    0x00, 0x00, 0x00, 0x00, 0x03, 0x03, 0x00, 0x00, 0x05, 0x4C, 0xAE, 0xF7, 0xFF, 0xFF, 0xFF, 0xCA,
    0x6D, 0x1A, 0x00, 0x00, 0x05, 0x06, 0x04, 0x04, 0x04, 0x04, 0x04, 0x03, 0x00, 0x00, 0x00, 0x00,
    0x00, 0x00, 0x00, 0x01, 0x00, 0x00, 0x1F, 0x78, 0xD4, 0xFF, 0xFF, 0xFF, 0xDB, 0x8D, 0x2E, 0x00,
    0x00, 0x00, 0x00, 0x00, 0x00, 0x00, 0x00, 0x00, 0x00, 0x00, 0x00, 0x00, 0x01, 0x00, 0x00, 0x00,
    0x00, 0x00, 0x01, 0x00, 0x42, 0xA4, 0xF2, 0xFF, 0xFF, 0xFC, 0xFB, 0xD1, 0x7B, 0x53, 0x54, 0x60,
    0x63, 0x61, 0x60, 0x60, 0x60, 0x60, 0x60, 0x60, 0x60, 0x5F, 0x60, 0x3D, 0x00, 0x01, 0x00, 0x00,
    0x00, 0x02, 0x01, 0x95, 0xFF, 0xFF, 0xFF, 0xF9, 0xFA, 0xFC, 0xFC, 0xFC, 0xFF, 0xFF, 0xFF, 0xFF,
    0xFF, 0xFF, 0xFF, 0xFF, 0xFF, 0xFF, 0xFF, 0xFF, 0xFF, 0xFF, 0xFF, 0xFF, 0x94, 0x00, 0x02, 0x00,
    0x03, 0x00, 0x37, 0xFF, 0xFC, 0xFF, 0xFF, 0xFF, 0xFF, 0xFF, 0xFF, 0xFF, 0xFF, 0xFF, 0xFF, 0xFF,
    0xFF, 0xFF, 0xFF, 0xFF, 0xFF, 0xFF, 0xFF, 0xFF, 0xFF, 0xFF, 0xFF, 0xFC, 0xFF, 0x37, 0x00, 0x03,
    0x04, 0x00, 0x58, 0xFD, 0xFE, 0x88, 0x4A, 0x4E, 0x4C, 0x4C, 0x4C, 0x4C, 0x4C, 0x4C, 0x4C, 0x4C,
    0x4C, 0x4C, 0x4C, 0x4C, 0x4C, 0x4A, 0x3C, 0x45, 0x4F, 0x4A, 0x88, 0xFE, 0xFD, 0x58, 0x00, 0x04,
    0x04, 0x00, 0x55, 0xFF, 0xFF, 0x4C, 0x00, 0x00, 0x00, 0x00, 0x00, 0x00, 0x00, 0x00, 0x00, 0x00,
    0x00, 0x00, 0x00, 0x00, 0x00, 0x00, 0x46, 0x14, 0x00, 0x00, 0x4C, 0xFF, 0xFF, 0x55, 0x00, 0x04,
    0x04, 0x00, 0x56, 0xFF, 0xFF, 0x5A, 0x06, 0x0A, 0x06, 0x06, 0x06, 0x06, 0x06, 0x06, 0x06, 0x06,
    0x06, 0x06, 0x06, 0x0A, 0x06, 0x8C, 0xFF, 0xD9, 0x0F, 0x06, 0x5B, 0xFF, 0xFF, 0x56, 0x00, 0x04,
    0x04, 0x00, 0x56, 0xFF, 0xFF, 0x4E, 0x00, 0x00, 0x00, 0x00, 0x00, 0x00, 0x00, 0x00, 0x00, 0x00,
    0x00, 0x00, 0x00, 0x00, 0x00, 0xA9, 0xFC, 0xEC, 0x0A, 0x00, 0x4F, 0xFF, 0xFF, 0x56, 0x00, 0x04,
    0x04, 0x00, 0x56, 0xFF, 0xFD, 0xCC, 0xB1, 0xB3, 0xB2, 0xB2, 0xB2, 0xB2, 0xB2, 0xB2, 0xB2, 0xB2,
    0xB2, 0xB2, 0xB2, 0xB3, 0xB1, 0xE3, 0xFD, 0xF6, 0xB8, 0xB1, 0xCC, 0xFD, 0xFF, 0x56, 0x00, 0x04,
    0x04, 0x00, 0x56, 0xFF, 0xFC, 0xFF, 0xFF, 0xFF, 0xFF, 0xFF, 0xFF, 0xFF, 0xFF, 0xFF, 0xFF, 0xFF,
    0xFF, 0xFF, 0xFF, 0xFF, 0xFF, 0xFF, 0xFF, 0xFF, 0xFF, 0xFF, 0xFF, 0xFC, 0xFF, 0x56, 0x00, 0x04,
    0x04, 0x00, 0x56, 0xFF, 0xFD, 0xED, 0xE3, 0xE4, 0xE4, 0xE7, 0xE6, 0xE7, 0xE6, 0xE3, 0xE3, 0xE3,
    0xE3, 0xE3, 0xE3, 0xE3, 0xE3, 0xE6, 0xE7, 0xE6, 0xE4, 0xE3, 0xED, 0xFD, 0xFF, 0x56, 0x00, 0x04,
    0x04, 0x00, 0x56, 0xFF, 0xFF, 0x5E, 0x0B, 0x11, 0x08, 0x00, 0x00, 0x00, 0x02, 0x0E, 0x0C, 0x0C,
    0x0C, 0x0C, 0x0C, 0x0C, 0x0C, 0x0C, 0x0C, 0x0C, 0x10, 0x0B, 0x5E, 0xFF, 0xFF, 0x56, 0x00, 0x04,
    0x04, 0x00, 0x56, 0xFF, 0xFF, 0x54, 0x00, 0x00, 0x0D, 0x7A, 0xAA, 0x94, 0x30, 0x00, 0x00, 0x00,
    0x00, 0x00, 0x00, 0x00, 0x00, 0x00, 0x00, 0x00, 0x01, 0x00, 0x54, 0xFF, 0xFF, 0x56, 0x00, 0x04,
    0x04, 0x00, 0x56, 0xFF, 0xFF, 0x58, 0x01, 0x13, 0xD0, 0xFF, 0xFF, 0xFF, 0xF9, 0x43, 0x01, 0x04,
    0x01, 0x01, 0x01, 0x01, 0x01, 0x01, 0x01, 0x01, 0x05, 0x01, 0x57, 0xFF, 0xFF, 0x56, 0x00, 0x04,
    0x04, 0x00, 0x56, 0xFF, 0xFF, 0x5A, 0x00, 0x7C, 0xFF, 0xF7, 0xFC, 0xF8, 0xFF, 0xCC, 0x02, 0x02,
    0x00, 0x00, 0x00, 0x00, 0x00, 0x00, 0x00, 0x00, 0x04, 0x00, 0x56, 0xFF, 0xFF, 0x56, 0x00, 0x04,
    0x04, 0x00, 0x56, 0xFF, 0xFF, 0x59, 0x00, 0xAE, 0xFC, 0xFB, 0xFF, 0xFE, 0xFE, 0xED, 0x0F, 0x00,
    0x01, 0x00, 0x00, 0x00, 0x00, 0x00, 0x00, 0x00, 0x04, 0x00, 0x56, 0xFF, 0xFF, 0x56, 0x00, 0x04,
    0x04, 0x00, 0x56, 0xFF, 0xFF, 0x5A, 0x00, 0x92, 0xFF, 0xF8, 0xFE, 0xFA, 0xFD, 0xDD, 0x05, 0x01,
    0x01, 0x00, 0x00, 0x00, 0x00, 0x00, 0x00, 0x00, 0x04, 0x00, 0x56, 0xFF, 0xFF, 0x56, 0x00, 0x04,
    0x04, 0x00, 0x56, 0xFF, 0xFF, 0x58, 0x00, 0x29, 0xF2, 0xFF, 0xFF, 0xFF, 0xFF, 0x69, 0x00, 0x03,
    0x00, 0x00, 0x00, 0x00, 0x00, 0x00, 0x00, 0x00, 0x04, 0x00, 0x56, 0xFF, 0xFF, 0x56, 0x00, 0x04,
    0x04, 0x00, 0x56, 0xFF, 0xFF, 0x58, 0x03, 0x00, 0x38, 0xBC, 0xE3, 0xD3, 0x6B, 0x00, 0x04, 0x03,
    0x03, 0x03, 0x03, 0x03, 0x03, 0x03, 0x03, 0x03, 0x07, 0x03, 0x58, 0xFF, 0xFF, 0x56, 0x00, 0x04,
    0x04, 0x00, 0x56, 0xFE, 0xFF, 0x4E, 0x00, 0x00, 0x00, 0x00, 0x00, 0x00, 0x00, 0x00, 0x00, 0x00,
    0x00, 0x00, 0x00, 0x00, 0x00, 0x00, 0x00, 0x00, 0x00, 0x00, 0x4D, 0xFF, 0xFE, 0x56, 0x00, 0x04,
    0x04, 0x00, 0x53, 0xFF, 0xFB, 0xCC, 0xB1, 0xB3, 0xB4, 0xB4, 0xAF, 0xB2, 0xB5, 0xB2, 0xB2, 0xB2,
    0xB2, 0xB2, 0xB2, 0xB2, 0xB2, 0xB2, 0xB2, 0xB2, 0xB3, 0xB1, 0xCC, 0xFB, 0xFF, 0x53, 0x00, 0x04,
    0x02, 0x01, 0x1B, 0xF2, 0xFF, 0xFF, 0xFF, 0xFF, 0xFF, 0xFF, 0xFF, 0xFF, 0xFF, 0xFF, 0xFF, 0xFF,
    0xFF, 0xFF, 0xFF, 0xFF, 0xFF, 0xFF, 0xFF, 0xFF, 0xFF, 0xFF, 0xFF, 0xFF, 0xF2, 0x1B, 0x01, 0x02,
    0x00, 0x02, 0x00, 0x3F, 0xC8, 0xE2, 0xE3, 0xE3, 0xE3, 0xE3, 0xE3, 0xE3, 0xE3, 0xE3, 0xE3, 0xE3,
    0xE3, 0xE3, 0xE3, 0xE3, 0xE3, 0xE3, 0xE3, 0xE3, 0xE3, 0xE3, 0xE2, 0xC8, 0x3F, 0x00, 0x02, 0x00,
    0x00, 0x00, 0x01, 0x00, 0x00, 0x0C, 0x0C, 0x0C, 0x0C, 0x0C, 0x0C, 0x0C, 0x0C, 0x0C, 0x0C, 0x0C,
    0x0C, 0x0C, 0x0C, 0x0C, 0x0C, 0x0C, 0x0C, 0x0C, 0x0C, 0x0C, 0x0C, 0x00, 0x00, 0x01, 0x00, 0x00,
    0x00, 0x00, 0x00, 0x02, 0x01, 0x00, 0x00, 0x00, 0x00, 0x00, 0x00, 0x00, 0x00, 0x00, 0x00, 0x00,
    0x00, 0x00, 0x00, 0x00, 0x00, 0x00, 0x00, 0x00, 0x00, 0x00, 0x00, 0x01, 0x02, 0x00, 0x00, 0x00,
    0x00, 0x00, 0x00, 0x00, 0x00, 0x01, 0x01, 0x01, 0x01, 0x01, 0x01, 0x01, 0x01, 0x01, 0x01, 0x01,
    0x01, 0x01, 0x01, 0x01, 0x01, 0x01, 0x01, 0x01, 0x01, 0x01, 0x01, 0x00, 0x00, 0x00, 0x00, 0x00,
    0x00, 0x00, 0x00, 0x00, 0x00, 0x00, 0x00, 0x00, 0x00, 0x00, 0x00, 0x00, 0x00, 0x00, 0x00, 0x00,
    0x00, 0x00, 0x00, 0x00, 0x00, 0x00, 0x00, 0x00, 0x00, 0x00, 0x00, 0x00, 0x00, 0x00, 0x00, 0x00,
};
const lv_image_dsc_t ui_feed_icon_radio_32 = {
    .header = {.magic = LV_IMAGE_HEADER_MAGIC, .cf = LV_COLOR_FORMAT_A8,
               .w = 32, .h = 32, .stride = 32},
    .data_size = sizeof(s_radio_32),
    .data = s_radio_32,
};

static const uint8_t s_radio_44[] = {
    0x00, 0x00, 0x00, 0x00, 0x00, 0x00, 0x00, 0x00, 0x00, 0x00, 0x00, 0x00, 0x00, 0x00, 0x00, 0x00,
    0x00, 0x00, 0x00, 0x00, 0x00, 0x01, 0x04, 0x02, 0x00, 0x00, 0x13, 0x6A, 0x8A, 0x1C, 0x00, 0x02,
    0x00, 0x00, 0x00, 0x00, 0x00, 0x00, 0x00, 0x00, 0x00, 0x00, 0x00, 0x00, 0x00, 0x00, 0x00, 0x00,
    0x00, 0x00, 0x00, 0x00, 0x00, 0x00, 0x00, 0x00, 0x00, 0x00, 0x00, 0x00, 0x00, 0x00, 0x00, 0x02,
    0x04, 0x00, 0x00, 0x00, 0x32, 0x8F, 0xE3, 0xFF, 0xFF, 0xB6, 0x00, 0x02, 0x00, 0x00, 0x00, 0x00,
    0x00, 0x00, 0x00, 0x00, 0x00, 0x00, 0x00, 0x00, 0x00, 0x00, 0x00, 0x00, 0x00, 0x00, 0x00, 0x00,
    0x00, 0x00, 0x00, 0x00, 0x00, 0x00, 0x00, 0x00, 0x01, 0x03, 0x02, 0x00, 0x00, 0x0D, 0x5B, 0xBD,
    0xFF, 0xFF, 0xFF, 0xFB, 0xFF, 0xC9, 0x00, 0x02, 0x00, 0x00, 0x00, 0x00, 0x00, 0x00, 0x00, 0x00,
    0x00, 0x00, 0x00, 0x00, 0x00, 0x00, 0x00, 0x00, 0x00, 0x00, 0x00, 0x00, 0x00, 0x00, 0x00, 0x00,
    0x00, 0x00, 0x02, 0x04, 0x00, 0x00, 0x00, 0x2B, 0x87, 0xE0, 0xFF, 0xFF, 0xFC, 0xFF, 0xFF, 0xF9,
    0xB3, 0x2D, 0x01, 0x02, 0x00, 0x00, 0x00, 0x00, 0x00, 0x00, 0x00, 0x00, 0x00, 0x00, 0x00, 0x00,
    0x00, 0x00, 0x00, 0x00, 0x00, 0x00, 0x00, 0x00, 0x00, 0x00, 0x00, 0x01, 0x03, 0x03, 0x00, 0x00,
    0x08, 0x52, 0xB3, 0xFA, 0xFF, 0xFF, 0xFC, 0xFF, 0xFF, 0xDF, 0x87, 0x2B, 0x00, 0x00, 0x00, 0x00,
    0x00, 0x00, 0x00, 0x00, 0x00, 0x00, 0x00, 0x00, 0x00, 0x00, 0x00, 0x00, 0x00, 0x00, 0x00, 0x00,
    0x00, 0x00, 0x00, 0x00, 0x00, 0x01, 0x04, 0x00, 0x00, 0x00, 0x24, 0x7E, 0xD9, 0xFF, 0xFF, 0xFD,
    0xFF, 0xFF, 0xFD, 0xBB, 0x5A, 0x0C, 0x00, 0x00, 0x02, 0x02, 0x00, 0x00, 0x00, 0x00, 0x00, 0x00,
    0x00, 0x00, 0x00, 0x00, 0x00, 0x00, 0x00, 0x00, 0x00, 0x00, 0x00, 0x00, 0x00, 0x00, 0x00, 0x03,
    0x03, 0x00, 0x00, 0x03, 0x48, 0xAA, 0xF5, 0xFF, 0xFF, 0xFC, 0xFF, 0xFF, 0xE6, 0x90, 0x32, 0x00,
    0x00, 0x00, 0x04, 0x02, 0x01, 0x01, 0x01, 0x01, 0x01, 0x01, 0x01, 0x01, 0x01, 0x00, 0x00, 0x00,
    0x00, 0x00, 0x00, 0x00, 0x00, 0x00, 0x00, 0x00, 0x00, 0x03, 0x00, 0x00, 0x00, 0x1C, 0x74, 0xD1,
    0xFF, 0xFF, 0xFF, 0xFF, 0xFF, 0xFF, 0xC2, 0x62, 0x11, 0x00, 0x00, 0x01, 0x03, 0x00, 0x00, 0x00,
    0x00, 0x00, 0x00, 0x00, 0x00, 0x00, 0x00, 0x00, 0x00, 0x02, 0x03, 0x00, 0x00, 0x00, 0x00, 0x00,
    0x00, 0x00, 0x00, 0x00, 0x01, 0x00, 0x00, 0x40, 0xA0, 0xF0, 0xFF, 0xFF, 0xFD, 0xFB, 0xFD, 0xEA,
    0x99, 0x39, 0x00, 0x00, 0x00, 0x04, 0x03, 0x01, 0x00, 0x00, 0x00, 0x00, 0x00, 0x00, 0x00, 0x00,
    0x00, 0x00, 0x00, 0x00, 0x01, 0x00, 0x00, 0x01, 0x00, 0x00, 0x00, 0x00, 0x00, 0x00, 0x00, 0x02,
    0x00, 0x5E, 0xCA, 0xFF, 0xFF, 0xFF, 0xFB, 0xFD, 0xFF, 0xFE, 0xFF, 0xEB, 0xC9, 0xCD, 0xD9, 0xDB,
    0xD9, 0xD8, 0xD8, 0xD8, 0xD8, 0xD8, 0xD8, 0xD8, 0xD8, 0xD8, 0xD8, 0xD8, 0xD8, 0xD8, 0xD8, 0xD7,
    0xD6, 0xC0, 0x5F, 0x00, 0x02, 0x00, 0x00, 0x00, 0x00, 0x00, 0x03, 0x00, 0x81, 0xFF, 0xFF, 0xFC,
    0xF9, 0xFB, 0xFC, 0xFC, 0xFC, 0xFC, 0xFC, 0xFF, 0xFF, 0xFF, 0xFF, 0xFF, 0xFF, 0xFF, 0xFF, 0xFF,
    0xFF, 0xFF, 0xFF, 0xFF, 0xFF, 0xFF, 0xFF, 0xFF, 0xFF, 0xFF, 0xFF, 0xFF, 0xFF, 0xFF, 0xFF, 0x7D,
    0x00, 0x03, 0x00, 0x00, 0x00, 0x02, 0x00, 0x23, 0xFE, 0xFC, 0xFC, 0xFF, 0xFF, 0xFF, 0xFF, 0xFF,
    0xFF, 0xFF, 0xFF, 0xFF, 0xFF, 0xFF, 0xFF, 0xFF, 0xFF, 0xFF, 0xFF, 0xFF, 0xFF, 0xFF, 0xFF, 0xFF,
    0xFF, 0xFF, 0xFF, 0xFF, 0xFF, 0xFF, 0xFF, 0xFF, 0xFF, 0xFB, 0xFC, 0xFD, 0x22, 0x00, 0x02, 0x00,
    0x00, 0x04, 0x00, 0x53, 0xFF, 0xFB, 0xFF, 0xD9, 0xC5, 0xC7, 0xC6, 0xC6, 0xC6, 0xC6, 0xC6, 0xC6,
    0xC6, 0xC6, 0xC6, 0xC6, 0xC6, 0xC6, 0xC6, 0xC6, 0xC6, 0xC6, 0xC6, 0xC6, 0xC6, 0xC6, 0xC9, 0xCA,
    0xC7, 0xC6, 0xC7, 0xC5, 0xD9, 0xFF, 0xFB, 0xFF, 0x53, 0x00, 0x04, 0x00, 0x00, 0x04, 0x00, 0x56,
    0xFE, 0xF8, 0xFF, 0x51, 0x00, 0x00, 0x00, 0x00, 0x00, 0x00, 0x00, 0x00, 0x00, 0x00, 0x00, 0x00,
    0x00, 0x00, 0x00, 0x00, 0x00, 0x00, 0x00, 0x00, 0x00, 0x00, 0x00, 0x00, 0x00, 0x00, 0x00, 0x00,
    0x51, 0xFF, 0xF8, 0xFE, 0x56, 0x00, 0x04, 0x00, 0x00, 0x04, 0x00, 0x56, 0xFF, 0xF8, 0xFF, 0x57,
    0x01, 0x05, 0x01, 0x01, 0x01, 0x01, 0x01, 0x01, 0x01, 0x01, 0x01, 0x01, 0x01, 0x01, 0x01, 0x01,
    0x01, 0x01, 0x01, 0x01, 0x02, 0x00, 0x41, 0x57, 0x08, 0x01, 0x06, 0x01, 0x57, 0xFF, 0xF8, 0xFF,
    0x56, 0x00, 0x04, 0x00, 0x00, 0x04, 0x00, 0x56, 0xFF, 0xF8, 0xFF, 0x56, 0x00, 0x04, 0x00, 0x00,
    0x00, 0x00, 0x00, 0x00, 0x00, 0x00, 0x00, 0x00, 0x00, 0x00, 0x00, 0x00, 0x00, 0x00, 0x00, 0x04,
    0x01, 0x60, 0xFF, 0xFF, 0xAD, 0x02, 0x05, 0x00, 0x56, 0xFF, 0xF8, 0xFF, 0x56, 0x00, 0x04, 0x00,
    0x00, 0x04, 0x00, 0x56, 0xFF, 0xF8, 0xFF, 0x58, 0x03, 0x07, 0x03, 0x03, 0x03, 0x03, 0x03, 0x03,
    0x03, 0x03, 0x03, 0x03, 0x03, 0x03, 0x03, 0x03, 0x03, 0x03, 0x03, 0x06, 0x03, 0xAF, 0xFE, 0xFC,
    0xF4, 0x12, 0x03, 0x03, 0x58, 0xFF, 0xF8, 0xFF, 0x56, 0x00, 0x04, 0x00, 0x00, 0x04, 0x00, 0x56,
    0xFF, 0xF8, 0xFF, 0x4E, 0x00, 0x00, 0x00, 0x00, 0x00, 0x00, 0x00, 0x00, 0x00, 0x00, 0x00, 0x00,
    0x00, 0x00, 0x00, 0x00, 0x00, 0x00, 0x00, 0x00, 0x00, 0xA4, 0xFF, 0xFF, 0xEC, 0x05, 0x00, 0x00,
    0x4E, 0xFF, 0xF8, 0xFF, 0x56, 0x00, 0x04, 0x00, 0x00, 0x04, 0x00, 0x56, 0xFF, 0xFB, 0xFF, 0xCD,
    0xB3, 0xB5, 0xB3, 0xB3, 0xB3, 0xB3, 0xB3, 0xB3, 0xB3, 0xB3, 0xB3, 0xB3, 0xB3, 0xB3, 0xB3, 0xB3,
    0xB3, 0xB3, 0xB3, 0xB4, 0xB3, 0xE5, 0xFF, 0xFF, 0xFA, 0xB8, 0xB3, 0xB3, 0xCD, 0xFF, 0xFB, 0xFF,
    0x56, 0x00, 0x04, 0x00, 0x00, 0x04, 0x00, 0x56, 0xFF, 0xFC, 0xFF, 0xFF, 0xFF, 0xFF, 0xFF, 0xFF,
    0xFF, 0xFF, 0xFF, 0xFF, 0xFF, 0xFF, 0xFF, 0xFF, 0xFF, 0xFF, 0xFF, 0xFF, 0xFF, 0xFF, 0xFF, 0xFF,
    0xFF, 0xFF, 0xFE, 0xFE, 0xFF, 0xFF, 0xFF, 0xFF, 0xFF, 0xFF, 0xFC, 0xFF, 0x56, 0x00, 0x04, 0x00,
    0x00, 0x04, 0x00, 0x56, 0xFF, 0xFC, 0xFF, 0xFF, 0xFF, 0xFF, 0xFF, 0xFF, 0xFF, 0xFF, 0xFF, 0xFF,
    0xFF, 0xFF, 0xFF, 0xFF, 0xFF, 0xFF, 0xFF, 0xFF, 0xFF, 0xFF, 0xFF, 0xFF, 0xFF, 0xFF, 0xFF, 0xFF,
    0xFF, 0xFF, 0xFF, 0xFF, 0xFF, 0xFF, 0xFC, 0xFF, 0x56, 0x00, 0x04, 0x00, 0x00, 0x04, 0x00, 0x56,
    0xFF, 0xFC, 0xFF, 0xEF, 0xE6, 0xE7, 0xE7, 0xE7, 0xE7, 0xE8, 0xE9, 0xE9, 0xE7, 0xE7, 0xE7, 0xE7,
    0xE7, 0xE7, 0xE7, 0xE7, 0xE7, 0xE7, 0xE7, 0xE7, 0xE7, 0xE7, 0xE7, 0xE7, 0xE7, 0xE7, 0xE7, 0xE6,
    0xEF, 0xFF, 0xFC, 0xFF, 0x56, 0x00, 0x04, 0x00, 0x00, 0x04, 0x00, 0x56, 0xFF, 0xF8, 0xFF, 0x5E,
    0x0B, 0x10, 0x0C, 0x0D, 0x0E, 0x05, 0x00, 0x03, 0x0C, 0x0E, 0x0C, 0x0C, 0x0C, 0x0C, 0x0C, 0x0C,
    0x0C, 0x0C, 0x0C, 0x0C, 0x0C, 0x0C, 0x0C, 0x0C, 0x0C, 0x0C, 0x10, 0x0B, 0x5E, 0xFF, 0xF8, 0xFF,
    0x56, 0x00, 0x04, 0x00, 0x00, 0x04, 0x00, 0x56, 0xFF, 0xF8, 0xFF, 0x54, 0x00, 0x01, 0x00, 0x00,
    0x00, 0x18, 0x33, 0x25, 0x00, 0x00, 0x00, 0x00, 0x00, 0x00, 0x00, 0x00, 0x00, 0x00, 0x00, 0x00,
    0x00, 0x00, 0x00, 0x00, 0x00, 0x00, 0x01, 0x00, 0x54, 0xFF, 0xF8, 0xFF, 0x56, 0x00, 0x04, 0x00,
    0x00, 0x04, 0x00, 0x56, 0xFF, 0xF8, 0xFF, 0x57, 0x01, 0x06, 0x00, 0x19, 0xA9, 0xF4, 0xFF, 0xFD,
    0xCD, 0x45, 0x00, 0x03, 0x01, 0x01, 0x01, 0x01, 0x01, 0x01, 0x01, 0x01, 0x01, 0x01, 0x01, 0x01,
    0x01, 0x01, 0x05, 0x01, 0x57, 0xFF, 0xF8, 0xFF, 0x56, 0x00, 0x04, 0x00, 0x00, 0x04, 0x00, 0x56,
    0xFF, 0xF8, 0xFF, 0x56, 0x00, 0x03, 0x11, 0xD4, 0xFF, 0xFF, 0xFE, 0xFF, 0xFF, 0xFD, 0x43, 0x00,
    0x03, 0x00, 0x00, 0x00, 0x00, 0x00, 0x00, 0x00, 0x00, 0x00, 0x00, 0x00, 0x00, 0x00, 0x04, 0x00,
    0x56, 0xFF, 0xF8, 0xFF, 0x56, 0x00, 0x04, 0x00, 0x00, 0x04, 0x00, 0x56, 0xFF, 0xF8, 0xFF, 0x56,
    0x00, 0x00, 0x86, 0xFF, 0xF8, 0xFE, 0xFF, 0xFF, 0xFA, 0xFF, 0xD8, 0x06, 0x01, 0x00, 0x00, 0x00,
    0x00, 0x00, 0x00, 0x00, 0x00, 0x00, 0x00, 0x00, 0x00, 0x00, 0x04, 0x00, 0x56, 0xFF, 0xF8, 0xFF,
    0x56, 0x00, 0x04, 0x00, 0x00, 0x04, 0x00, 0x56, 0xFF, 0xF8, 0xFF, 0x56, 0x00, 0x03, 0xD2, 0xFD,
    0xFD, 0xFF, 0xFF, 0xFF, 0xFF, 0xFE, 0xFF, 0x30, 0x00, 0x02, 0x00, 0x00, 0x00, 0x00, 0x00, 0x00,
    0x00, 0x00, 0x00, 0x00, 0x00, 0x00, 0x04, 0x00, 0x56, 0xFF, 0xF8, 0xFF, 0x56, 0x00, 0x04, 0x00,
    0x00, 0x04, 0x00, 0x56, 0xFF, 0xF8, 0xFF, 0x57, 0x00, 0x08, 0xDF, 0xFF, 0xFD, 0xFF, 0xFF, 0xFF,
    0xFF, 0xFD, 0xFE, 0x42, 0x00, 0x03, 0x00, 0x00, 0x00, 0x00, 0x00, 0x00, 0x00, 0x00, 0x00, 0x00,
    0x00, 0x00, 0x04, 0x00, 0x56, 0xFF, 0xF8, 0xFF, 0x56, 0x00, 0x04, 0x00, 0x00, 0x04, 0x00, 0x56,
    0xFF, 0xF8, 0xFF, 0x56, 0x00, 0x01, 0xC7, 0xFD, 0xFC, 0xFF, 0xFF, 0xFF, 0xFF, 0xFD, 0xFE, 0x25,
    0x00, 0x02, 0x00, 0x00, 0x00, 0x00, 0x00, 0x00, 0x00, 0x00, 0x00, 0x00, 0x00, 0x00, 0x04, 0x00,
    0x56, 0xFF, 0xF8, 0xFF, 0x56, 0x00, 0x04, 0x00, 0x00, 0x04, 0x00, 0x56, 0xFF, 0xF8, 0xFF, 0x56,
    0x00, 0x00, 0x67, 0xFF, 0xF9, 0xFC, 0xFE, 0xFD, 0xF8, 0xFF, 0xBB, 0x00, 0x02, 0x00, 0x00, 0x00,
    0x00, 0x00, 0x00, 0x00, 0x00, 0x00, 0x00, 0x00, 0x00, 0x00, 0x04, 0x00, 0x56, 0xFF, 0xF8, 0xFF,
    0x56, 0x00, 0x04, 0x00, 0x00, 0x04, 0x00, 0x56, 0xFF, 0xF8, 0xFF, 0x56, 0x00, 0x05, 0x02, 0xA7,
    0xFF, 0xFF, 0xFF, 0xFF, 0xFF, 0xDF, 0x22, 0x01, 0x02, 0x00, 0x00, 0x00, 0x00, 0x00, 0x00, 0x00,
    0x00, 0x00, 0x00, 0x00, 0x00, 0x00, 0x04, 0x00, 0x56, 0xFF, 0xF8, 0xFF, 0x56, 0x00, 0x04, 0x00,
    0x00, 0x04, 0x00, 0x56, 0xFF, 0xF8, 0xFF, 0x58, 0x03, 0x07, 0x04, 0x02, 0x6F, 0xCB, 0xE5, 0xD9,
    0x96, 0x1C, 0x00, 0x04, 0x02, 0x03, 0x03, 0x03, 0x03, 0x03, 0x03, 0x03, 0x03, 0x03, 0x03, 0x03,
    0x03, 0x03, 0x07, 0x03, 0x58, 0xFF, 0xF8, 0xFF, 0x56, 0x00, 0x04, 0x00, 0x00, 0x04, 0x00, 0x56,
    0xFF, 0xF8, 0xFF, 0x4E, 0x00, 0x00, 0x00, 0x00, 0x00, 0x00, 0x00, 0x00, 0x00, 0x00, 0x00, 0x00,
    0x00, 0x00, 0x00, 0x00, 0x00, 0x00, 0x00, 0x00, 0x00, 0x00, 0x00, 0x00, 0x00, 0x00, 0x00, 0x00,
    0x4E, 0xFF, 0xF8, 0xFF, 0x56, 0x00, 0x04, 0x00, 0x00, 0x04, 0x00, 0x57, 0xFE, 0xF9, 0xFF, 0x7C,
    0x39, 0x3C, 0x39, 0x3A, 0x3D, 0x3A, 0x36, 0x38, 0x3D, 0x3B, 0x39, 0x39, 0x39, 0x39, 0x39, 0x39,
    0x39, 0x39, 0x39, 0x39, 0x39, 0x39, 0x39, 0x39, 0x39, 0x39, 0x3C, 0x39, 0x7C, 0xFF, 0xF9, 0xFE,
    0x57, 0x00, 0x04, 0x00, 0x00, 0x03, 0x00, 0x45, 0xFF, 0xFB, 0xFF, 0xFF, 0xFF, 0xFF, 0xFF, 0xFF,
    0xFF, 0xFF, 0xFF, 0xFF, 0xFF, 0xFF, 0xFF, 0xFF, 0xFF, 0xFF, 0xFF, 0xFF, 0xFF, 0xFF, 0xFF, 0xFF,
    0xFF, 0xFF, 0xFF, 0xFF, 0xFF, 0xFF, 0xFF, 0xFF, 0xFF, 0xFF, 0xFB, 0xFF, 0x45, 0x00, 0x03, 0x00,
    0x00, 0x01, 0x01, 0x0B, 0xDD, 0xFF, 0xF9, 0xFA, 0xFA, 0xFA, 0xFA, 0xFA, 0xFA, 0xFA, 0xFA, 0xFA,
    0xFA, 0xFA, 0xFA, 0xFA, 0xFA, 0xFA, 0xFA, 0xFA, 0xFA, 0xFA, 0xFA, 0xFA, 0xFA, 0xFA, 0xFA, 0xFA,
    0xFA, 0xFA, 0xFA, 0xFA, 0xFA, 0xF9, 0xFF, 0xDD, 0x0B, 0x01, 0x01, 0x00, 0x00, 0x00, 0x02, 0x00,
    0x33, 0xDF, 0xFF, 0xFF, 0xFF, 0xFF, 0xFF, 0xFF, 0xFF, 0xFF, 0xFF, 0xFF, 0xFF, 0xFF, 0xFF, 0xFF,
    0xFF, 0xFF, 0xFF, 0xFF, 0xFF, 0xFF, 0xFF, 0xFF, 0xFF, 0xFF, 0xFF, 0xFF, 0xFF, 0xFF, 0xFF, 0xFF,
    0xFF, 0xFF, 0xDF, 0x33, 0x00, 0x02, 0x00, 0x00, 0x00, 0x00, 0x00, 0x01, 0x00, 0x11, 0x5B, 0x74,
    0x75, 0x75, 0x75, 0x75, 0x75, 0x75, 0x75, 0x75, 0x75, 0x75, 0x75, 0x75, 0x75, 0x75, 0x75, 0x75,
    0x75, 0x75, 0x75, 0x75, 0x75, 0x75, 0x75, 0x75, 0x75, 0x75, 0x75, 0x75, 0x74, 0x5B, 0x10, 0x00,
    0x01, 0x00, 0x00, 0x00, 0x00, 0x00, 0x00, 0x00, 0x02, 0x00, 0x00, 0x00, 0x00, 0x00, 0x00, 0x00,
    0x00, 0x00, 0x00, 0x00, 0x00, 0x00, 0x00, 0x00, 0x00, 0x00, 0x00, 0x00, 0x00, 0x00, 0x00, 0x00,
    0x00, 0x00, 0x00, 0x00, 0x00, 0x00, 0x00, 0x00, 0x00, 0x00, 0x00, 0x02, 0x00, 0x00, 0x00, 0x00,
    0x00, 0x00, 0x00, 0x00, 0x00, 0x01, 0x04, 0x04, 0x04, 0x04, 0x04, 0x04, 0x04, 0x04, 0x04, 0x04,
    0x04, 0x04, 0x04, 0x04, 0x04, 0x04, 0x04, 0x04, 0x04, 0x04, 0x04, 0x04, 0x04, 0x04, 0x04, 0x04,
    0x04, 0x04, 0x04, 0x04, 0x04, 0x04, 0x01, 0x00, 0x00, 0x00, 0x00, 0x00, 0x00, 0x00, 0x00, 0x00,
    0x00, 0x00, 0x00, 0x00, 0x00, 0x00, 0x00, 0x00, 0x00, 0x00, 0x00, 0x00, 0x00, 0x00, 0x00, 0x00,
    0x00, 0x00, 0x00, 0x00, 0x00, 0x00, 0x00, 0x00, 0x00, 0x00, 0x00, 0x00, 0x00, 0x00, 0x00, 0x00,
    0x00, 0x00, 0x00, 0x00, 0x00, 0x00, 0x00, 0x00, 0x00, 0x00, 0x00, 0x00, 0x00, 0x00, 0x00, 0x00,
    0x00, 0x00, 0x00, 0x00, 0x00, 0x00, 0x00, 0x00, 0x00, 0x00, 0x00, 0x00, 0x00, 0x00, 0x00, 0x00,
    0x00, 0x00, 0x00, 0x00, 0x00, 0x00, 0x00, 0x00, 0x00, 0x00, 0x00, 0x00, 0x00, 0x00, 0x00, 0x00,
    0x00, 0x00, 0x00, 0x00, 0x00, 0x00, 0x00, 0x00, 0x00, 0x00, 0x00, 0x00, 0x00, 0x00, 0x00, 0x00,
    0x00, 0x00, 0x00, 0x00, 0x00, 0x00, 0x00, 0x00, 0x00, 0x00, 0x00, 0x00, 0x00, 0x00, 0x00, 0x00,
    0x00, 0x00, 0x00, 0x00, 0x00, 0x00, 0x00, 0x00, 0x00, 0x00, 0x00, 0x00, 0x00, 0x00, 0x00, 0x00,
};
const lv_image_dsc_t ui_feed_icon_radio_44 = {
    .header = {.magic = LV_IMAGE_HEADER_MAGIC, .cf = LV_COLOR_FORMAT_A8,
               .w = 44, .h = 44, .stride = 44},
    .data_size = sizeof(s_radio_44),
    .data = s_radio_44,
};

static const uint8_t s_radio_48[] = {
    0x00, 0x00, 0x00, 0x00, 0x00, 0x00, 0x00, 0x00, 0x00, 0x00, 0x00, 0x00, 0x00, 0x00, 0x00, 0x00,
    0x00, 0x00, 0x00, 0x00, 0x00, 0x00, 0x00, 0x00, 0x02, 0x04, 0x00, 0x00, 0x00, 0x24, 0x74, 0x55,
    0x00, 0x01, 0x00, 0x00, 0x00, 0x00, 0x00, 0x00, 0x00, 0x00, 0x00, 0x00, 0x00, 0x00, 0x00, 0x00,
    0x00, 0x00, 0x00, 0x00, 0x00, 0x00, 0x00, 0x00, 0x00, 0x00, 0x00, 0x00, 0x00, 0x00, 0x00, 0x00,
    0x00, 0x00, 0x00, 0x00, 0x00, 0x00, 0x03, 0x03, 0x00, 0x00, 0x03, 0x47, 0xA7, 0xF1, 0xFF, 0xFF,
    0x59, 0x00, 0x03, 0x00, 0x00, 0x00, 0x00, 0x00, 0x00, 0x00, 0x00, 0x00, 0x00, 0x00, 0x00, 0x00,
    0x00, 0x00, 0x00, 0x00, 0x00, 0x00, 0x00, 0x00, 0x00, 0x00, 0x00, 0x00, 0x00, 0x00, 0x00, 0x00,
    0x00, 0x00, 0x00, 0x01, 0x04, 0x00, 0x00, 0x00, 0x1C, 0x75, 0xD2, 0xFF, 0xFF, 0xFF, 0xF5, 0xFF,
    0x92, 0x00, 0x04, 0x00, 0x00, 0x00, 0x00, 0x00, 0x00, 0x00, 0x00, 0x00, 0x00, 0x00, 0x00, 0x00,
    0x00, 0x00, 0x00, 0x00, 0x00, 0x00, 0x00, 0x00, 0x00, 0x00, 0x00, 0x00, 0x00, 0x00, 0x00, 0x00,
    0x00, 0x02, 0x03, 0x00, 0x00, 0x00, 0x40, 0xA0, 0xF0, 0xFF, 0xFF, 0xF9, 0xFC, 0xFF, 0xFF, 0xD9,
    0x2B, 0x01, 0x02, 0x00, 0x00, 0x00, 0x00, 0x00, 0x00, 0x00, 0x00, 0x00, 0x00, 0x00, 0x00, 0x00,
    0x00, 0x00, 0x00, 0x00, 0x00, 0x00, 0x00, 0x00, 0x00, 0x00, 0x00, 0x00, 0x00, 0x00, 0x01, 0x03,
    0x01, 0x00, 0x00, 0x16, 0x6A, 0xCA, 0xFF, 0xFF, 0xFF, 0xF8, 0xFF, 0xFF, 0xFD, 0xB9, 0x58, 0x0A,
    0x00, 0x01, 0x00, 0x00, 0x00, 0x00, 0x00, 0x00, 0x00, 0x00, 0x00, 0x00, 0x00, 0x00, 0x00, 0x00,
    0x00, 0x00, 0x00, 0x00, 0x00, 0x00, 0x00, 0x00, 0x00, 0x00, 0x00, 0x00, 0x02, 0x04, 0x00, 0x00,
    0x00, 0x37, 0x97, 0xEA, 0xFF, 0xFF, 0xFA, 0xFB, 0xFF, 0xFF, 0xE4, 0x8E, 0x30, 0x00, 0x00, 0x00,
    0x01, 0x00, 0x00, 0x00, 0x00, 0x00, 0x00, 0x00, 0x00, 0x00, 0x00, 0x00, 0x00, 0x00, 0x00, 0x00,
    0x00, 0x00, 0x00, 0x00, 0x00, 0x00, 0x00, 0x00, 0x00, 0x01, 0x03, 0x02, 0x00, 0x00, 0x10, 0x60,
    0xC1, 0xFF, 0xFF, 0xFF, 0xF8, 0xFF, 0xFF, 0xFF, 0xC1, 0x61, 0x11, 0x00, 0x00, 0x02, 0x03, 0x01,
    0x00, 0x00, 0x00, 0x00, 0x00, 0x00, 0x00, 0x00, 0x00, 0x00, 0x00, 0x00, 0x00, 0x00, 0x00, 0x00,
    0x00, 0x00, 0x00, 0x00, 0x00, 0x00, 0x00, 0x02, 0x04, 0x00, 0x00, 0x00, 0x2F, 0x8D, 0xE4, 0xFF,
    0xFF, 0xFC, 0xFB, 0xFF, 0xFF, 0xEB, 0x98, 0x39, 0x00, 0x00, 0x00, 0x05, 0x03, 0x01, 0x01, 0x01,
    0x01, 0x01, 0x01, 0x01, 0x01, 0x01, 0x01, 0x01, 0x01, 0x00, 0x00, 0x00, 0x00, 0x00, 0x00, 0x00,
    0x00, 0x00, 0x00, 0x00, 0x00, 0x02, 0x02, 0x00, 0x00, 0x0A, 0x57, 0xB8, 0xFC, 0xFF, 0xFF, 0xFC,
    0xFD, 0xFF, 0xFF, 0xC5, 0x65, 0x12, 0x00, 0x00, 0x00, 0x00, 0x00, 0x00, 0x00, 0x00, 0x00, 0x00,
    0x00, 0x00, 0x00, 0x00, 0x00, 0x00, 0x00, 0x00, 0x00, 0x02, 0x02, 0x00, 0x00, 0x00, 0x00, 0x00,
    0x00, 0x00, 0x00, 0x00, 0x02, 0x00, 0x00, 0x28, 0x83, 0xDD, 0xFF, 0xFF, 0xFF, 0xFB, 0xFD, 0xFE,
    0xF7, 0xB1, 0x50, 0x10, 0x02, 0x0D, 0x14, 0x14, 0x12, 0x11, 0x11, 0x11, 0x11, 0x11, 0x11, 0x11,
    0x11, 0x11, 0x11, 0x11, 0x11, 0x11, 0x11, 0x11, 0x0C, 0x00, 0x00, 0x02, 0x00, 0x00, 0x00, 0x00,
    0x00, 0x00, 0x00, 0x01, 0x00, 0x2E, 0xAE, 0xF8, 0xFF, 0xFF, 0xFC, 0xFC, 0xFE, 0xFF, 0xFF, 0xFF,
    0xFA, 0xE0, 0xE2, 0xEE, 0xF1, 0xEF, 0xEE, 0xEE, 0xEE, 0xEE, 0xEE, 0xEE, 0xEE, 0xEE, 0xEE, 0xEE,
    0xEE, 0xEE, 0xEE, 0xEE, 0xEE, 0xEE, 0xEE, 0xED, 0xE5, 0xAF, 0x2B, 0x00, 0x01, 0x00, 0x00, 0x00,
    0x00, 0x00, 0x02, 0x01, 0x2E, 0xF1, 0xFF, 0xFF, 0xFA, 0xFC, 0xFE, 0xFE, 0xFE, 0xFE, 0xFE, 0xFE,
    0xFF, 0xFF, 0xFF, 0xFF, 0xFF, 0xFF, 0xFF, 0xFF, 0xFF, 0xFF, 0xFF, 0xFF, 0xFF, 0xFF, 0xFF, 0xFF,
    0xFF, 0xFF, 0xFF, 0xFF, 0xFF, 0xFF, 0xFF, 0xFF, 0xFF, 0xFF, 0xEE, 0x2A, 0x01, 0x02, 0x00, 0x00,
    0x00, 0x00, 0x02, 0x00, 0xB6, 0xFF, 0xF8, 0xFF, 0xFF, 0xFF, 0xFF, 0xFF, 0xFF, 0xFF, 0xFF, 0xFF,
    0xFF, 0xFF, 0xFF, 0xFF, 0xFF, 0xFF, 0xFF, 0xFF, 0xFF, 0xFF, 0xFF, 0xFF, 0xFF, 0xFF, 0xFF, 0xFF,
    0xFF, 0xFF, 0xFF, 0xFF, 0xFF, 0xFF, 0xFF, 0xFF, 0xFE, 0xF8, 0xFF, 0xB4, 0x00, 0x03, 0x00, 0x00,
    0x00, 0x01, 0x00, 0x0C, 0xEA, 0xFE, 0xFE, 0xFE, 0xEF, 0xEE, 0xEE, 0xEE, 0xEE, 0xEE, 0xEE, 0xEE,
    0xEE, 0xEE, 0xEE, 0xEE, 0xEE, 0xEE, 0xEE, 0xEE, 0xEE, 0xEE, 0xEE, 0xEE, 0xEE, 0xEE, 0xEE, 0xEE,
    0xEE, 0xEF, 0xEF, 0xEE, 0xEE, 0xEE, 0xEE, 0xEF, 0xFE, 0xFE, 0xFE, 0xE9, 0x0B, 0x00, 0x01, 0x00,
    0x00, 0x01, 0x00, 0x12, 0xEE, 0xFF, 0xFF, 0xEF, 0x21, 0x11, 0x12, 0x11, 0x11, 0x11, 0x11, 0x11,
    0x11, 0x11, 0x11, 0x11, 0x11, 0x11, 0x11, 0x11, 0x11, 0x11, 0x11, 0x11, 0x11, 0x11, 0x11, 0x11,
    0x14, 0x0F, 0x0F, 0x14, 0x11, 0x12, 0x11, 0x21, 0xEF, 0xFF, 0xFF, 0xEE, 0x12, 0x00, 0x01, 0x00,
    0x00, 0x01, 0x00, 0x11, 0xEE, 0xFF, 0xFF, 0xEE, 0x0D, 0x00, 0x00, 0x00, 0x00, 0x00, 0x00, 0x00,
    0x00, 0x00, 0x00, 0x00, 0x00, 0x00, 0x00, 0x00, 0x00, 0x00, 0x00, 0x00, 0x00, 0x00, 0x00, 0x00,
    0x00, 0x04, 0x04, 0x00, 0x00, 0x00, 0x00, 0x0D, 0xEE, 0xFF, 0xFF, 0xEE, 0x11, 0x00, 0x01, 0x00,
    0x00, 0x01, 0x00, 0x11, 0xEE, 0xFF, 0xFF, 0xEE, 0x12, 0x01, 0x02, 0x01, 0x01, 0x01, 0x01, 0x01,
    0x01, 0x01, 0x01, 0x01, 0x01, 0x01, 0x01, 0x01, 0x01, 0x01, 0x01, 0x01, 0x01, 0x01, 0x04, 0x00,
    0x56, 0xE1, 0xE1, 0x56, 0x00, 0x05, 0x01, 0x12, 0xEE, 0xFF, 0xFF, 0xEE, 0x11, 0x00, 0x01, 0x00,
    0x00, 0x01, 0x00, 0x11, 0xEE, 0xFF, 0xFF, 0xEE, 0x12, 0x01, 0x02, 0x01, 0x01, 0x01, 0x01, 0x01,
    0x01, 0x01, 0x01, 0x01, 0x01, 0x01, 0x01, 0x01, 0x01, 0x01, 0x01, 0x01, 0x01, 0x02, 0x02, 0x09,
    0xE8, 0xFF, 0xFF, 0xE7, 0x09, 0x02, 0x01, 0x12, 0xEE, 0xFF, 0xFF, 0xEE, 0x11, 0x00, 0x01, 0x00,
    0x00, 0x01, 0x00, 0x11, 0xEE, 0xFF, 0xFF, 0xEE, 0x0D, 0x00, 0x00, 0x00, 0x00, 0x00, 0x00, 0x00,
    0x00, 0x00, 0x00, 0x00, 0x00, 0x00, 0x00, 0x00, 0x00, 0x00, 0x00, 0x00, 0x00, 0x00, 0x00, 0x0E,
    0xEE, 0xFD, 0xFD, 0xEE, 0x0E, 0x00, 0x00, 0x0D, 0xEE, 0xFF, 0xFF, 0xEE, 0x11, 0x00, 0x01, 0x00,
    0x00, 0x01, 0x00, 0x11, 0xEE, 0xFF, 0xFF, 0xEF, 0x21, 0x11, 0x12, 0x11, 0x11, 0x11, 0x11, 0x11,
    0x11, 0x11, 0x11, 0x11, 0x11, 0x11, 0x11, 0x11, 0x11, 0x11, 0x11, 0x11, 0x11, 0x12, 0x11, 0x21,
    0xEF, 0xFF, 0xFF, 0xEF, 0x21, 0x11, 0x11, 0x21, 0xEF, 0xFF, 0xFF, 0xEE, 0x11, 0x00, 0x01, 0x00,
    0x00, 0x01, 0x00, 0x11, 0xEE, 0xFF, 0xFE, 0xFE, 0xEF, 0xEE, 0xEE, 0xEE, 0xEE, 0xEE, 0xEE, 0xEE,
    0xEE, 0xEE, 0xEE, 0xEE, 0xEE, 0xEE, 0xEE, 0xEE, 0xEE, 0xEE, 0xEE, 0xEE, 0xEE, 0xEE, 0xEE, 0xEF,
    0xFE, 0xFF, 0xFF, 0xFE, 0xEF, 0xEE, 0xEE, 0xEF, 0xFE, 0xFE, 0xFF, 0xEE, 0x11, 0x00, 0x01, 0x00,
    0x00, 0x01, 0x00, 0x11, 0xEE, 0xFF, 0xFE, 0xFF, 0xFF, 0xFF, 0xFF, 0xFF, 0xFF, 0xFF, 0xFF, 0xFF,
    0xFF, 0xFF, 0xFF, 0xFF, 0xFF, 0xFF, 0xFF, 0xFF, 0xFF, 0xFF, 0xFF, 0xFF, 0xFF, 0xFF, 0xFF, 0xFF,
    0xFE, 0xFE, 0xFE, 0xFE, 0xFF, 0xFF, 0xFF, 0xFF, 0xFF, 0xFE, 0xFF, 0xEE, 0x11, 0x00, 0x01, 0x00,
    0x00, 0x01, 0x00, 0x11, 0xEE, 0xFF, 0xFE, 0xFF, 0xFF, 0xFF, 0xFF, 0xFF, 0xFF, 0xFF, 0xFF, 0xFF,
    0xFF, 0xFF, 0xFF, 0xFF, 0xFF, 0xFF, 0xFF, 0xFF, 0xFF, 0xFF, 0xFF, 0xFF, 0xFF, 0xFF, 0xFF, 0xFF,
    0xFF, 0xFF, 0xFF, 0xFF, 0xFF, 0xFF, 0xFF, 0xFF, 0xFF, 0xFE, 0xFF, 0xEE, 0x11, 0x00, 0x01, 0x00,
    0x00, 0x01, 0x00, 0x11, 0xEE, 0xFF, 0xFE, 0xFE, 0xEF, 0xEE, 0xEE, 0xEE, 0xEE, 0xEE, 0xEE, 0xEF,
    0xEF, 0xEE, 0xEE, 0xEE, 0xEE, 0xEE, 0xEE, 0xEE, 0xEE, 0xEE, 0xEE, 0xEE, 0xEE, 0xEE, 0xEE, 0xEE,
    0xEE, 0xEE, 0xEE, 0xEE, 0xEE, 0xEE, 0xEE, 0xEF, 0xFE, 0xFE, 0xFF, 0xEE, 0x11, 0x00, 0x01, 0x00,
    0x00, 0x01, 0x00, 0x11, 0xEE, 0xFF, 0xFF, 0xEF, 0x21, 0x11, 0x12, 0x11, 0x11, 0x14, 0x13, 0x0E,
    0x0E, 0x13, 0x14, 0x11, 0x11, 0x11, 0x11, 0x11, 0x11, 0x11, 0x11, 0x11, 0x11, 0x11, 0x11, 0x11,
    0x11, 0x11, 0x11, 0x11, 0x11, 0x12, 0x11, 0x21, 0xEF, 0xFF, 0xFF, 0xEE, 0x11, 0x00, 0x01, 0x00,
    0x00, 0x01, 0x00, 0x11, 0xEE, 0xFF, 0xFF, 0xEE, 0x0D, 0x00, 0x00, 0x00, 0x00, 0x00, 0x00, 0x09,
    0x09, 0x00, 0x00, 0x00, 0x00, 0x00, 0x00, 0x00, 0x00, 0x00, 0x00, 0x00, 0x00, 0x00, 0x00, 0x00,
    0x00, 0x00, 0x00, 0x00, 0x00, 0x00, 0x00, 0x0D, 0xEE, 0xFF, 0xFF, 0xEE, 0x11, 0x00, 0x01, 0x00,
    0x00, 0x01, 0x00, 0x11, 0xEE, 0xFF, 0xFF, 0xEE, 0x12, 0x01, 0x03, 0x03, 0x00, 0x5B, 0xC2, 0xE8,
    0xE8, 0xC2, 0x5B, 0x00, 0x03, 0x02, 0x01, 0x01, 0x01, 0x01, 0x01, 0x01, 0x01, 0x01, 0x01, 0x01,
    0x01, 0x01, 0x01, 0x01, 0x01, 0x02, 0x01, 0x12, 0xEE, 0xFF, 0xFF, 0xEE, 0x11, 0x00, 0x01, 0x00,
    0x00, 0x01, 0x00, 0x11, 0xEE, 0xFF, 0xFF, 0xEE, 0x11, 0x00, 0x03, 0x00, 0x8F, 0xFF, 0xFF, 0xFF,
    0xFF, 0xFF, 0xFF, 0x8E, 0x00, 0x02, 0x00, 0x00, 0x00, 0x00, 0x00, 0x00, 0x00, 0x00, 0x00, 0x00,
    0x00, 0x00, 0x00, 0x00, 0x00, 0x01, 0x00, 0x11, 0xEE, 0xFF, 0xFF, 0xEE, 0x11, 0x00, 0x01, 0x00,
    0x00, 0x01, 0x00, 0x11, 0xEE, 0xFF, 0xFF, 0xEE, 0x11, 0x00, 0x00, 0x57, 0xFF, 0xFA, 0xFC, 0xFE,
    0xFE, 0xFC, 0xFA, 0xFF, 0x57, 0x00, 0x03, 0x00, 0x00, 0x00, 0x00, 0x00, 0x00, 0x00, 0x00, 0x00,
    0x00, 0x00, 0x00, 0x00, 0x00, 0x01, 0x00, 0x11, 0xEE, 0xFF, 0xFF, 0xEE, 0x11, 0x00, 0x01, 0x00,
    0x00, 0x01, 0x00, 0x11, 0xEE, 0xFF, 0xFF, 0xEE, 0x11, 0x00, 0x01, 0xC7, 0xFD, 0xFC, 0xFF, 0xFF,
    0xFF, 0xFF, 0xFC, 0xFD, 0xC7, 0x00, 0x02, 0x00, 0x00, 0x00, 0x00, 0x00, 0x00, 0x00, 0x00, 0x00,
    0x00, 0x00, 0x00, 0x00, 0x00, 0x01, 0x00, 0x11, 0xEE, 0xFF, 0xFF, 0xEE, 0x11, 0x00, 0x01, 0x00,
    0x00, 0x01, 0x00, 0x11, 0xEE, 0xFF, 0xFF, 0xEE, 0x12, 0x00, 0x0E, 0xEA, 0xFF, 0xFE, 0xFF, 0xFF,
    0xFF, 0xFF, 0xFE, 0xFF, 0xE9, 0x0D, 0x00, 0x01, 0x00, 0x00, 0x00, 0x00, 0x00, 0x00, 0x00, 0x00,
    0x00, 0x00, 0x00, 0x00, 0x00, 0x01, 0x00, 0x11, 0xEE, 0xFF, 0xFF, 0xEE, 0x11, 0x00, 0x01, 0x00,
    0x00, 0x01, 0x00, 0x11, 0xEE, 0xFF, 0xFF, 0xEE, 0x12, 0x00, 0x0E, 0xEA, 0xFF, 0xFE, 0xFF, 0xFF,
    0xFF, 0xFF, 0xFE, 0xFF, 0xE9, 0x0D, 0x00, 0x01, 0x00, 0x00, 0x00, 0x00, 0x00, 0x00, 0x00, 0x00,
    0x00, 0x00, 0x00, 0x00, 0x00, 0x01, 0x00, 0x11, 0xEE, 0xFF, 0xFF, 0xEE, 0x11, 0x00, 0x01, 0x00,
    0x00, 0x01, 0x00, 0x11, 0xEE, 0xFF, 0xFF, 0xEE, 0x11, 0x00, 0x01, 0xC7, 0xFD, 0xFC, 0xFF, 0xFF,
    0xFF, 0xFF, 0xFC, 0xFD, 0xC7, 0x00, 0x02, 0x00, 0x00, 0x00, 0x00, 0x00, 0x00, 0x00, 0x00, 0x00,
    0x00, 0x00, 0x00, 0x00, 0x00, 0x01, 0x00, 0x11, 0xEE, 0xFF, 0xFF, 0xEE, 0x11, 0x00, 0x01, 0x00,
    0x00, 0x01, 0x00, 0x11, 0xEE, 0xFF, 0xFF, 0xEE, 0x11, 0x00, 0x00, 0x58, 0xFF, 0xFA, 0xFC, 0xFE,
    0xFE, 0xFC, 0xFA, 0xFF, 0x57, 0x00, 0x03, 0x00, 0x00, 0x00, 0x00, 0x00, 0x00, 0x00, 0x00, 0x00,
    0x00, 0x00, 0x00, 0x00, 0x00, 0x01, 0x00, 0x11, 0xEE, 0xFF, 0xFF, 0xEE, 0x11, 0x00, 0x01, 0x00,
    0x00, 0x01, 0x00, 0x11, 0xEE, 0xFF, 0xFF, 0xEE, 0x11, 0x00, 0x03, 0x00, 0x8F, 0xFF, 0xFF, 0xFF,
    0xFF, 0xFF, 0xFF, 0x8F, 0x00, 0x02, 0x00, 0x00, 0x00, 0x00, 0x00, 0x00, 0x00, 0x00, 0x00, 0x00,
    0x00, 0x00, 0x00, 0x00, 0x00, 0x01, 0x00, 0x11, 0xEE, 0xFF, 0xFF, 0xEE, 0x11, 0x00, 0x01, 0x00,
    0x00, 0x01, 0x00, 0x11, 0xEE, 0xFF, 0xFF, 0xEE, 0x12, 0x01, 0x03, 0x03, 0x00, 0x5B, 0xC2, 0xE8,
    0xE8, 0xC2, 0x5B, 0x00, 0x03, 0x02, 0x01, 0x01, 0x01, 0x01, 0x01, 0x01, 0x01, 0x01, 0x01, 0x01,
    0x01, 0x01, 0x01, 0x01, 0x01, 0x02, 0x01, 0x12, 0xEE, 0xFF, 0xFF, 0xEE, 0x11, 0x00, 0x01, 0x00,
    0x00, 0x01, 0x00, 0x11, 0xEE, 0xFF, 0xFF, 0xEE, 0x0D, 0x00, 0x00, 0x00, 0x00, 0x00, 0x00, 0x09,
    0x09, 0x00, 0x00, 0x00, 0x00, 0x00, 0x00, 0x00, 0x00, 0x00, 0x00, 0x00, 0x00, 0x00, 0x00, 0x00,
    0x00, 0x00, 0x00, 0x00, 0x00, 0x00, 0x00, 0x0D, 0xEE, 0xFF, 0xFF, 0xEE, 0x11, 0x00, 0x01, 0x00,
    0x00, 0x01, 0x00, 0x12, 0xEE, 0xFF, 0xFF, 0xEF, 0x21, 0x11, 0x12, 0x11, 0x11, 0x14, 0x13, 0x0E,
    0x0E, 0x13, 0x14, 0x11, 0x11, 0x11, 0x11, 0x11, 0x11, 0x11, 0x11, 0x11, 0x11, 0x11, 0x11, 0x11,
    0x11, 0x11, 0x11, 0x11, 0x11, 0x12, 0x11, 0x21, 0xEF, 0xFF, 0xFF, 0xEE, 0x12, 0x00, 0x01, 0x00,
    0x00, 0x01, 0x00, 0x0B, 0xE9, 0xFE, 0xFE, 0xFE, 0xEF, 0xEE, 0xEE, 0xEE, 0xEE, 0xEE, 0xEE, 0xEF,
    0xEF, 0xEE, 0xEE, 0xEE, 0xEE, 0xEE, 0xEE, 0xEE, 0xEE, 0xEE, 0xEE, 0xEE, 0xEE, 0xEE, 0xEE, 0xEE,
    0xEE, 0xEE, 0xEE, 0xEE, 0xEE, 0xEE, 0xEE, 0xEF, 0xFE, 0xFE, 0xFE, 0xE9, 0x0B, 0x00, 0x01, 0x00,
    0x00, 0x00, 0x03, 0x00, 0xB4, 0xFF, 0xF8, 0xFE, 0xFF, 0xFF, 0xFF, 0xFF, 0xFF, 0xFF, 0xFF, 0xFF,
    0xFF, 0xFF, 0xFF, 0xFF, 0xFF, 0xFF, 0xFF, 0xFF, 0xFF, 0xFF, 0xFF, 0xFF, 0xFF, 0xFF, 0xFF, 0xFF,
    0xFF, 0xFF, 0xFF, 0xFF, 0xFF, 0xFF, 0xFF, 0xFF, 0xFE, 0xF8, 0xFF, 0xB4, 0x00, 0x03, 0x00, 0x00,
    0x00, 0x00, 0x02, 0x01, 0x2B, 0xEE, 0xFF, 0xFF, 0xFF, 0xFF, 0xFF, 0xFF, 0xFF, 0xFF, 0xFF, 0xFF,
    0xFF, 0xFF, 0xFF, 0xFF, 0xFF, 0xFF, 0xFF, 0xFF, 0xFF, 0xFF, 0xFF, 0xFF, 0xFF, 0xFF, 0xFF, 0xFF,
    0xFF, 0xFF, 0xFF, 0xFF, 0xFF, 0xFF, 0xFF, 0xFF, 0xFF, 0xFF, 0xEE, 0x2A, 0x01, 0x02, 0x00, 0x00,
    0x00, 0x00, 0x00, 0x02, 0x00, 0x2C, 0xAF, 0xE5, 0xED, 0xEE, 0xEE, 0xEE, 0xEE, 0xEE, 0xEE, 0xEE,
    0xEE, 0xEE, 0xEE, 0xEE, 0xEE, 0xEE, 0xEE, 0xEE, 0xEE, 0xEE, 0xEE, 0xEE, 0xEE, 0xEE, 0xEE, 0xEE,
    0xEE, 0xEE, 0xEE, 0xEE, 0xEE, 0xEE, 0xEE, 0xED, 0xE5, 0xAF, 0x2C, 0x00, 0x02, 0x00, 0x00, 0x00,
    0x00, 0x00, 0x00, 0x00, 0x02, 0x00, 0x00, 0x0C, 0x11, 0x11, 0x11, 0x11, 0x11, 0x11, 0x11, 0x11,
    0x11, 0x11, 0x11, 0x11, 0x11, 0x11, 0x11, 0x11, 0x11, 0x11, 0x11, 0x11, 0x11, 0x11, 0x11, 0x11,
    0x11, 0x11, 0x11, 0x11, 0x11, 0x11, 0x11, 0x11, 0x0C, 0x00, 0x00, 0x02, 0x00, 0x00, 0x00, 0x00,
    0x00, 0x00, 0x00, 0x00, 0x00, 0x02, 0x02, 0x00, 0x00, 0x00, 0x00, 0x00, 0x00, 0x00, 0x00, 0x00,
    0x00, 0x00, 0x00, 0x00, 0x00, 0x00, 0x00, 0x00, 0x00, 0x00, 0x00, 0x00, 0x00, 0x00, 0x00, 0x00,
    0x00, 0x00, 0x00, 0x00, 0x00, 0x00, 0x00, 0x00, 0x00, 0x02, 0x02, 0x00, 0x00, 0x00, 0x00, 0x00,
    0x00, 0x00, 0x00, 0x00, 0x00, 0x00, 0x00, 0x01, 0x01, 0x01, 0x01, 0x01, 0x01, 0x01, 0x01, 0x01,
    0x01, 0x01, 0x01, 0x01, 0x01, 0x01, 0x01, 0x01, 0x01, 0x01, 0x01, 0x01, 0x01, 0x01, 0x01, 0x01,
    0x01, 0x01, 0x01, 0x01, 0x01, 0x01, 0x01, 0x01, 0x01, 0x00, 0x00, 0x00, 0x00, 0x00, 0x00, 0x00,
    0x00, 0x00, 0x00, 0x00, 0x00, 0x00, 0x00, 0x00, 0x00, 0x00, 0x00, 0x00, 0x00, 0x00, 0x00, 0x00,
    0x00, 0x00, 0x00, 0x00, 0x00, 0x00, 0x00, 0x00, 0x00, 0x00, 0x00, 0x00, 0x00, 0x00, 0x00, 0x00,
    0x00, 0x00, 0x00, 0x00, 0x00, 0x00, 0x00, 0x00, 0x00, 0x00, 0x00, 0x00, 0x00, 0x00, 0x00, 0x00,
    0x00, 0x00, 0x00, 0x00, 0x00, 0x00, 0x00, 0x00, 0x00, 0x00, 0x00, 0x00, 0x00, 0x00, 0x00, 0x00,
    0x00, 0x00, 0x00, 0x00, 0x00, 0x00, 0x00, 0x00, 0x00, 0x00, 0x00, 0x00, 0x00, 0x00, 0x00, 0x00,
    0x00, 0x00, 0x00, 0x00, 0x00, 0x00, 0x00, 0x00, 0x00, 0x00, 0x00, 0x00, 0x00, 0x00, 0x00, 0x00,
    0x00, 0x00, 0x00, 0x00, 0x00, 0x00, 0x00, 0x00, 0x00, 0x00, 0x00, 0x00, 0x00, 0x00, 0x00, 0x00,
    0x00, 0x00, 0x00, 0x00, 0x00, 0x00, 0x00, 0x00, 0x00, 0x00, 0x00, 0x00, 0x00, 0x00, 0x00, 0x00,
    0x00, 0x00, 0x00, 0x00, 0x00, 0x00, 0x00, 0x00, 0x00, 0x00, 0x00, 0x00, 0x00, 0x00, 0x00, 0x00,
};
const lv_image_dsc_t ui_feed_icon_radio_48 = {
    .header = {.magic = LV_IMAGE_HEADER_MAGIC, .cf = LV_COLOR_FORMAT_A8,
               .w = 48, .h = 48, .stride = 48},
    .data_size = sizeof(s_radio_48),
    .data = s_radio_48,
};

static const uint8_t s_radio_64[] = {
    0x00, 0x00, 0x00, 0x00, 0x00, 0x00, 0x00, 0x00, 0x00, 0x00, 0x00, 0x00, 0x00, 0x00, 0x00, 0x00,
    0x00, 0x00, 0x00, 0x00, 0x00, 0x00, 0x00, 0x00, 0x00, 0x00, 0x00, 0x00, 0x00, 0x00, 0x00, 0x00,
    0x00, 0x00, 0x00, 0x02, 0x04, 0x00, 0x00, 0x00, 0x35, 0x3B, 0x00, 0x00, 0x01, 0x00, 0x00, 0x00,
    0x00, 0x00, 0x00, 0x00, 0x00, 0x00, 0x00, 0x00, 0x00, 0x00, 0x00, 0x00, 0x00, 0x00, 0x00, 0x00,
    0x00, 0x00, 0x00, 0x00, 0x00, 0x00, 0x00, 0x00, 0x00, 0x00, 0x00, 0x00, 0x00, 0x00, 0x00, 0x00,
    0x00, 0x00, 0x00, 0x00, 0x00, 0x00, 0x00, 0x00, 0x00, 0x00, 0x00, 0x00, 0x00, 0x00, 0x00, 0x00,
    0x01, 0x03, 0x01, 0x00, 0x00, 0x14, 0x65, 0xC3, 0xFC, 0xFF, 0xB4, 0x09, 0x01, 0x01, 0x00, 0x00,
    0x00, 0x00, 0x00, 0x00, 0x00, 0x00, 0x00, 0x00, 0x00, 0x00, 0x00, 0x00, 0x00, 0x00, 0x00, 0x00,
    0x00, 0x00, 0x00, 0x00, 0x00, 0x00, 0x00, 0x00, 0x00, 0x00, 0x00, 0x00, 0x00, 0x00, 0x00, 0x00,
    0x00, 0x00, 0x00, 0x00, 0x00, 0x00, 0x00, 0x00, 0x00, 0x00, 0x00, 0x00, 0x00, 0x00, 0x02, 0x04,
    0x00, 0x00, 0x00, 0x34, 0x94, 0xE9, 0xFF, 0xFF, 0xFF, 0xFC, 0xFF, 0x57, 0x00, 0x04, 0x00, 0x00,
    0x00, 0x00, 0x00, 0x00, 0x00, 0x00, 0x00, 0x00, 0x00, 0x00, 0x00, 0x00, 0x00, 0x00, 0x00, 0x00,
    0x00, 0x00, 0x00, 0x00, 0x00, 0x00, 0x00, 0x00, 0x00, 0x00, 0x00, 0x00, 0x00, 0x00, 0x00, 0x00,
    0x00, 0x00, 0x00, 0x00, 0x00, 0x00, 0x00, 0x00, 0x00, 0x00, 0x00, 0x01, 0x03, 0x02, 0x00, 0x00,
    0x0E, 0x5D, 0xBE, 0xFF, 0xFF, 0xFF, 0xFC, 0xFC, 0xFD, 0xF7, 0xFF, 0x65, 0x00, 0x04, 0x00, 0x00,
    0x00, 0x00, 0x00, 0x00, 0x00, 0x00, 0x00, 0x00, 0x00, 0x00, 0x00, 0x00, 0x00, 0x00, 0x00, 0x00,
    0x00, 0x00, 0x00, 0x00, 0x00, 0x00, 0x00, 0x00, 0x00, 0x00, 0x00, 0x00, 0x00, 0x00, 0x00, 0x00,
    0x00, 0x00, 0x00, 0x00, 0x00, 0x00, 0x00, 0x00, 0x00, 0x02, 0x04, 0x00, 0x00, 0x00, 0x2D, 0x8A,
    0xE2, 0xFF, 0xFF, 0xFF, 0xFB, 0xFD, 0xFC, 0xFD, 0xFF, 0xFF, 0xDE, 0x17, 0x01, 0x01, 0x00, 0x00,
    0x00, 0x00, 0x00, 0x00, 0x00, 0x00, 0x00, 0x00, 0x00, 0x00, 0x00, 0x00, 0x00, 0x00, 0x00, 0x00,
    0x00, 0x00, 0x00, 0x00, 0x00, 0x00, 0x00, 0x00, 0x00, 0x00, 0x00, 0x00, 0x00, 0x00, 0x00, 0x00,
    0x00, 0x00, 0x00, 0x00, 0x00, 0x00, 0x01, 0x03, 0x03, 0x00, 0x00, 0x09, 0x54, 0xB5, 0xFB, 0xFF,
    0xFF, 0xFC, 0xFC, 0xFD, 0xFB, 0xFF, 0xFF, 0xFF, 0xD7, 0x7C, 0x18, 0x00, 0x01, 0x00, 0x00, 0x00,
    0x00, 0x00, 0x00, 0x00, 0x00, 0x00, 0x00, 0x00, 0x00, 0x00, 0x00, 0x00, 0x00, 0x00, 0x00, 0x00,
    0x00, 0x00, 0x00, 0x00, 0x00, 0x00, 0x00, 0x00, 0x00, 0x00, 0x00, 0x00, 0x00, 0x00, 0x00, 0x00,
    0x00, 0x00, 0x00, 0x00, 0x02, 0x04, 0x00, 0x00, 0x00, 0x25, 0x80, 0xDA, 0xFF, 0xFF, 0xFF, 0xFB,
    0xFD, 0xFC, 0xFC, 0xFF, 0xFF, 0xF9, 0xB1, 0x4F, 0x07, 0x00, 0x00, 0x01, 0x00, 0x00, 0x00, 0x00,
    0x00, 0x00, 0x00, 0x00, 0x00, 0x00, 0x00, 0x00, 0x00, 0x00, 0x00, 0x00, 0x00, 0x00, 0x00, 0x00,
    0x00, 0x00, 0x00, 0x00, 0x00, 0x00, 0x00, 0x00, 0x00, 0x00, 0x00, 0x00, 0x00, 0x00, 0x00, 0x00,
    0x00, 0x00, 0x03, 0x03, 0x00, 0x00, 0x04, 0x4A, 0xAC, 0xF7, 0xFF, 0xFF, 0xFC, 0xFC, 0xFD, 0xFB,
    0xFF, 0xFF, 0xFF, 0xDE, 0x85, 0x29, 0x00, 0x00, 0x00, 0x04, 0x01, 0x00, 0x00, 0x00, 0x00, 0x00,
    0x00, 0x00, 0x00, 0x00, 0x00, 0x00, 0x00, 0x00, 0x00, 0x00, 0x00, 0x00, 0x00, 0x00, 0x00, 0x00,
    0x00, 0x00, 0x00, 0x00, 0x00, 0x00, 0x00, 0x00, 0x00, 0x00, 0x00, 0x00, 0x00, 0x00, 0x00, 0x01,
    0x04, 0x00, 0x00, 0x00, 0x1E, 0x76, 0xD3, 0xFF, 0xFF, 0xFF, 0xFB, 0xFD, 0xFC, 0xFC, 0xFF, 0xFF,
    0xFD, 0xB9, 0x58, 0x0B, 0x00, 0x00, 0x02, 0x03, 0x01, 0x00, 0x00, 0x00, 0x00, 0x00, 0x00, 0x00,
    0x00, 0x00, 0x00, 0x00, 0x00, 0x00, 0x00, 0x00, 0x00, 0x00, 0x00, 0x00, 0x00, 0x00, 0x00, 0x00,
    0x00, 0x00, 0x00, 0x00, 0x00, 0x00, 0x00, 0x00, 0x00, 0x00, 0x00, 0x00, 0x00, 0x02, 0x03, 0x00,
    0x00, 0x00, 0x42, 0xA3, 0xF1, 0xFF, 0xFF, 0xFD, 0xFC, 0xFD, 0xFB, 0xFF, 0xFF, 0xFF, 0xE4, 0x8E,
    0x30, 0x00, 0x00, 0x00, 0x04, 0x02, 0x00, 0x00, 0x00, 0x00, 0x00, 0x00, 0x00, 0x00, 0x00, 0x00,
    0x00, 0x00, 0x00, 0x00, 0x00, 0x00, 0x00, 0x00, 0x00, 0x00, 0x00, 0x00, 0x00, 0x00, 0x00, 0x00,
    0x00, 0x00, 0x00, 0x00, 0x00, 0x00, 0x00, 0x00, 0x00, 0x00, 0x01, 0x03, 0x01, 0x00, 0x00, 0x17,
    0x6C, 0xCC, 0xFF, 0xFF, 0xFF, 0xFB, 0xFD, 0xFC, 0xFC, 0xFF, 0xFF, 0xFF, 0xC1, 0x61, 0x11, 0x00,
    0x00, 0x02, 0x03, 0x01, 0x00, 0x00, 0x00, 0x00, 0x00, 0x00, 0x00, 0x00, 0x00, 0x00, 0x00, 0x00,
    0x00, 0x00, 0x00, 0x00, 0x00, 0x00, 0x00, 0x00, 0x00, 0x00, 0x00, 0x00, 0x00, 0x00, 0x00, 0x00,
    0x00, 0x00, 0x00, 0x00, 0x00, 0x00, 0x00, 0x00, 0x02, 0x03, 0x00, 0x00, 0x00, 0x39, 0x99, 0xEB,
    0xFF, 0xFF, 0xFE, 0xFC, 0xFE, 0xFF, 0xFF, 0xFF, 0xFF, 0xEE, 0x9B, 0x3B, 0x00, 0x00, 0x00, 0x07,
    0x06, 0x04, 0x04, 0x04, 0x04, 0x04, 0x04, 0x04, 0x04, 0x04, 0x04, 0x04, 0x04, 0x04, 0x04, 0x04,
    0x04, 0x04, 0x04, 0x04, 0x04, 0x04, 0x04, 0x02, 0x00, 0x00, 0x00, 0x00, 0x00, 0x00, 0x00, 0x00,
    0x00, 0x00, 0x00, 0x00, 0x00, 0x00, 0x00, 0x03, 0x00, 0x00, 0x12, 0x63, 0xC3, 0xFF, 0xFF, 0xFF,
    0xFC, 0xFD, 0xFF, 0xFF, 0xFF, 0xFE, 0xF3, 0xB8, 0x59, 0x05, 0x00, 0x00, 0x00, 0x00, 0x00, 0x00,
    0x00, 0x00, 0x00, 0x00, 0x00, 0x00, 0x00, 0x00, 0x00, 0x00, 0x00, 0x00, 0x00, 0x00, 0x00, 0x00,
    0x00, 0x00, 0x00, 0x00, 0x00, 0x00, 0x00, 0x00, 0x02, 0x00, 0x00, 0x00, 0x00, 0x00, 0x00, 0x00,
    0x00, 0x00, 0x00, 0x00, 0x00, 0x00, 0x00, 0x00, 0x2F, 0x90, 0xE5, 0xFF, 0xFF, 0xFE, 0xFB, 0xFE,
    0xFF, 0xFF, 0xFF, 0xFF, 0xFE, 0xFF, 0xDC, 0x9D, 0x90, 0x9B, 0xA3, 0xA2, 0xA0, 0x9F, 0x9F, 0x9F,
    0x9F, 0x9F, 0x9F, 0x9F, 0x9F, 0x9F, 0x9F, 0x9F, 0x9F, 0x9F, 0x9F, 0x9F, 0x9F, 0x9F, 0x9F, 0x9F,
    0x9F, 0x9F, 0x9F, 0x9F, 0x9F, 0x9C, 0x7D, 0x31, 0x00, 0x01, 0x00, 0x00, 0x00, 0x00, 0x00, 0x00,
    0x00, 0x00, 0x00, 0x00, 0x01, 0x02, 0x03, 0x91, 0xFC, 0xFF, 0xFF, 0xFC, 0xFC, 0xFF, 0xFF, 0xFF,
    0xFF, 0xFF, 0xFF, 0xFF, 0xFF, 0xFF, 0xFF, 0xFF, 0xFF, 0xFF, 0xFF, 0xFF, 0xFF, 0xFF, 0xFF, 0xFF,
    0xFF, 0xFF, 0xFF, 0xFF, 0xFF, 0xFF, 0xFF, 0xFF, 0xFF, 0xFF, 0xFF, 0xFF, 0xFF, 0xFF, 0xFF, 0xFF,
    0xFF, 0xFF, 0xFF, 0xFF, 0xFF, 0xFF, 0xFF, 0xFE, 0x8D, 0x01, 0x02, 0x01, 0x00, 0x00, 0x00, 0x00,
    0x00, 0x00, 0x00, 0x00, 0x02, 0x00, 0x96, 0xFF, 0xFD, 0xFB, 0xFE, 0xFF, 0xFF, 0xFF, 0xFF, 0xFF,
    0xFF, 0xFF, 0xFF, 0xFF, 0xFF, 0xFF, 0xFE, 0xFC, 0xFB, 0xFB, 0xFB, 0xFB, 0xFB, 0xFB, 0xFB, 0xFB,
    0xFB, 0xFB, 0xFB, 0xFB, 0xFB, 0xFB, 0xFB, 0xFB, 0xFB, 0xFB, 0xFB, 0xFB, 0xFB, 0xFB, 0xFB, 0xFB,
    0xFB, 0xFB, 0xFB, 0xFB, 0xFB, 0xFB, 0xFB, 0xFD, 0xFF, 0x8F, 0x00, 0x03, 0x00, 0x00, 0x00, 0x00,
    0x00, 0x00, 0x00, 0x03, 0x00, 0x36, 0xFF, 0xFA, 0xFE, 0xFF, 0xFE, 0xFC, 0xFC, 0xFC, 0xFC, 0xFC,
    0xFC, 0xFC, 0xFC, 0xFC, 0xFC, 0xFC, 0xFC, 0xFC, 0xFC, 0xFC, 0xFC, 0xFC, 0xFC, 0xFC, 0xFC, 0xFC,
    0xFC, 0xFC, 0xFC, 0xFC, 0xFC, 0xFC, 0xFC, 0xFC, 0xFC, 0xFC, 0xFC, 0xFC, 0xFC, 0xFC, 0xFC, 0xFC,
    0xFC, 0xFC, 0xFC, 0xFC, 0xFC, 0xFE, 0xFF, 0xFE, 0xFB, 0xFF, 0x34, 0x00, 0x02, 0x00, 0x00, 0x00,
    0x00, 0x00, 0x00, 0x04, 0x00, 0x8A, 0xFE, 0xFB, 0xFF, 0xFF, 0xFF, 0xFF, 0xFF, 0xFF, 0xFF, 0xFF,
    0xFF, 0xFF, 0xFF, 0xFF, 0xFF, 0xFF, 0xFF, 0xFF, 0xFF, 0xFF, 0xFF, 0xFF, 0xFF, 0xFF, 0xFF, 0xFF,
    0xFF, 0xFF, 0xFF, 0xFF, 0xFF, 0xFF, 0xFF, 0xFF, 0xFF, 0xFF, 0xFF, 0xFF, 0xFF, 0xFF, 0xFF, 0xFF,
    0xFF, 0xFF, 0xFF, 0xFF, 0xFF, 0xFF, 0xFF, 0xFF, 0xFB, 0xFE, 0x89, 0x00, 0x04, 0x00, 0x00, 0x00,
    0x00, 0x00, 0x00, 0x03, 0x00, 0xA8, 0xFF, 0xFB, 0xFE, 0xFF, 0xE6, 0xB3, 0xB4, 0xB3, 0xB3, 0xB3,
    0xB3, 0xB3, 0xB3, 0xB3, 0xB3, 0xB3, 0xB3, 0xB3, 0xB3, 0xB3, 0xB3, 0xB3, 0xB3, 0xB3, 0xB3, 0xB3,
    0xB3, 0xB3, 0xB3, 0xB3, 0xB3, 0xB3, 0xB3, 0xB3, 0xB3, 0xB3, 0xB3, 0xB3, 0xB3, 0xB3, 0xB3, 0xB3,
    0xB3, 0xB3, 0xB3, 0xB4, 0xB3, 0xE6, 0xFF, 0xFE, 0xFB, 0xFF, 0xA7, 0x00, 0x03, 0x00, 0x00, 0x00,
    0x00, 0x00, 0x00, 0x03, 0x00, 0xA9, 0xFF, 0xFB, 0xFB, 0xFF, 0xA5, 0x00, 0x00, 0x00, 0x00, 0x00,
    0x00, 0x00, 0x00, 0x00, 0x00, 0x00, 0x00, 0x00, 0x00, 0x00, 0x00, 0x00, 0x00, 0x00, 0x00, 0x00,
    0x00, 0x00, 0x00, 0x00, 0x00, 0x00, 0x00, 0x00, 0x00, 0x00, 0x00, 0x00, 0x00, 0x00, 0x00, 0x00,
    0x00, 0x00, 0x00, 0x00, 0x00, 0xA5, 0xFF, 0xFB, 0xFB, 0xFF, 0xA9, 0x00, 0x03, 0x00, 0x00, 0x00,
    0x00, 0x00, 0x00, 0x03, 0x00, 0xA9, 0xFF, 0xFB, 0xFB, 0xFF, 0xAA, 0x03, 0x06, 0x03, 0x03, 0x03,
    0x03, 0x03, 0x03, 0x03, 0x03, 0x03, 0x03, 0x03, 0x03, 0x03, 0x03, 0x03, 0x03, 0x03, 0x03, 0x03,
    0x03, 0x03, 0x03, 0x03, 0x03, 0x03, 0x03, 0x03, 0x03, 0x03, 0x03, 0x00, 0x00, 0x00, 0x00, 0x03,
    0x03, 0x03, 0x03, 0x06, 0x03, 0xAA, 0xFF, 0xFB, 0xFB, 0xFF, 0xA9, 0x00, 0x03, 0x00, 0x00, 0x00,
    0x00, 0x00, 0x00, 0x03, 0x00, 0xA9, 0xFF, 0xFB, 0xFB, 0xFF, 0xA9, 0x00, 0x03, 0x00, 0x00, 0x00,
    0x00, 0x00, 0x00, 0x00, 0x00, 0x00, 0x00, 0x00, 0x00, 0x00, 0x00, 0x00, 0x00, 0x00, 0x00, 0x00,
    0x00, 0x00, 0x00, 0x00, 0x00, 0x00, 0x00, 0x00, 0x00, 0x01, 0x00, 0x11, 0x7B, 0x9A, 0x5A, 0x00,
    0x01, 0x00, 0x00, 0x03, 0x00, 0xA9, 0xFF, 0xFB, 0xFB, 0xFF, 0xA9, 0x00, 0x03, 0x00, 0x00, 0x00,
    0x00, 0x00, 0x00, 0x03, 0x00, 0xA9, 0xFF, 0xFB, 0xFB, 0xFF, 0xA9, 0x00, 0x03, 0x00, 0x00, 0x00,
    0x00, 0x00, 0x00, 0x00, 0x00, 0x00, 0x00, 0x00, 0x00, 0x00, 0x00, 0x00, 0x00, 0x00, 0x00, 0x00,
    0x00, 0x00, 0x00, 0x00, 0x00, 0x00, 0x00, 0x00, 0x01, 0x02, 0x0A, 0xC9, 0xFF, 0xFF, 0xFF, 0x7E,
    0x00, 0x03, 0x00, 0x03, 0x00, 0xA9, 0xFF, 0xFB, 0xFB, 0xFF, 0xA9, 0x00, 0x03, 0x00, 0x00, 0x00,
    0x00, 0x00, 0x00, 0x03, 0x00, 0xA9, 0xFF, 0xFB, 0xFB, 0xFF, 0xA9, 0x00, 0x03, 0x00, 0x00, 0x00,
    0x00, 0x00, 0x00, 0x00, 0x00, 0x00, 0x00, 0x00, 0x00, 0x00, 0x00, 0x00, 0x00, 0x00, 0x00, 0x00,
    0x00, 0x00, 0x00, 0x00, 0x00, 0x00, 0x00, 0x00, 0x03, 0x00, 0x47, 0xFF, 0xF9, 0xF9, 0xFC, 0xE9,
    0x09, 0x00, 0x01, 0x03, 0x00, 0xA9, 0xFF, 0xFB, 0xFB, 0xFF, 0xA9, 0x00, 0x03, 0x00, 0x00, 0x00,
    0x00, 0x00, 0x00, 0x03, 0x00, 0xA9, 0xFF, 0xFB, 0xFB, 0xFF, 0xAA, 0x03, 0x06, 0x03, 0x03, 0x03,
    0x03, 0x03, 0x03, 0x03, 0x03, 0x03, 0x03, 0x03, 0x03, 0x03, 0x03, 0x03, 0x03, 0x03, 0x03, 0x03,
    0x03, 0x03, 0x03, 0x03, 0x03, 0x03, 0x03, 0x03, 0x07, 0x03, 0x5A, 0xFD, 0xFC, 0xFE, 0xFF, 0xEE,
    0x15, 0x03, 0x04, 0x06, 0x03, 0xAA, 0xFF, 0xFB, 0xFB, 0xFF, 0xA9, 0x00, 0x03, 0x00, 0x00, 0x00,
    0x00, 0x00, 0x00, 0x03, 0x00, 0xA9, 0xFF, 0xFB, 0xFB, 0xFF, 0xA4, 0x00, 0x00, 0x00, 0x00, 0x00,
    0x00, 0x00, 0x00, 0x00, 0x00, 0x00, 0x00, 0x00, 0x00, 0x00, 0x00, 0x00, 0x00, 0x00, 0x00, 0x00,
    0x00, 0x00, 0x00, 0x00, 0x00, 0x00, 0x00, 0x00, 0x00, 0x00, 0x4C, 0xFF, 0xFC, 0xFE, 0xFF, 0xED,
    0x03, 0x00, 0x00, 0x00, 0x00, 0xA4, 0xFF, 0xFB, 0xFB, 0xFF, 0xA9, 0x00, 0x03, 0x00, 0x00, 0x00,
    0x00, 0x00, 0x00, 0x03, 0x00, 0xA9, 0xFF, 0xFB, 0xFC, 0xFF, 0xC2, 0x4A, 0x4E, 0x4C, 0x4C, 0x4C,
    0x4C, 0x4C, 0x4C, 0x4C, 0x4C, 0x4C, 0x4C, 0x4C, 0x4C, 0x4C, 0x4C, 0x4C, 0x4C, 0x4C, 0x4C, 0x4C,
    0x4C, 0x4C, 0x4C, 0x4C, 0x4C, 0x4C, 0x4C, 0x4C, 0x4E, 0x4A, 0x88, 0xFF, 0xFD, 0xFE, 0xFF, 0xF3,
    0x58, 0x4B, 0x4C, 0x4E, 0x4A, 0xC2, 0xFF, 0xFC, 0xFB, 0xFF, 0xA9, 0x00, 0x03, 0x00, 0x00, 0x00,
    0x00, 0x00, 0x00, 0x03, 0x00, 0xA9, 0xFF, 0xFB, 0xFF, 0xFF, 0xFF, 0xFF, 0xFF, 0xFF, 0xFF, 0xFF,
    0xFF, 0xFF, 0xFF, 0xFF, 0xFF, 0xFF, 0xFF, 0xFF, 0xFF, 0xFF, 0xFF, 0xFF, 0xFF, 0xFF, 0xFF, 0xFF,
    0xFF, 0xFF, 0xFF, 0xFF, 0xFF, 0xFF, 0xFF, 0xFF, 0xFF, 0xFF, 0xFF, 0xFF, 0xFF, 0xFF, 0xFF, 0xFF,
    0xFF, 0xFF, 0xFF, 0xFF, 0xFF, 0xFF, 0xFF, 0xFF, 0xFB, 0xFF, 0xA9, 0x00, 0x03, 0x00, 0x00, 0x00,
    0x00, 0x00, 0x00, 0x03, 0x00, 0xA9, 0xFF, 0xFB, 0xFF, 0xFF, 0xFE, 0xFC, 0xFC, 0xFC, 0xFC, 0xFC,
    0xFC, 0xFC, 0xFC, 0xFC, 0xFC, 0xFC, 0xFC, 0xFC, 0xFC, 0xFC, 0xFC, 0xFC, 0xFC, 0xFC, 0xFC, 0xFC,
    0xFC, 0xFC, 0xFC, 0xFC, 0xFC, 0xFC, 0xFC, 0xFC, 0xFC, 0xFC, 0xFD, 0xFF, 0xFF, 0xFF, 0xFF, 0xFF,
    0xFC, 0xFC, 0xFC, 0xFC, 0xFC, 0xFE, 0xFF, 0xFF, 0xFB, 0xFF, 0xA9, 0x00, 0x03, 0x00, 0x00, 0x00,
    0x00, 0x00, 0x00, 0x03, 0x00, 0xA9, 0xFF, 0xFB, 0xFF, 0xFF, 0xFF, 0xFE, 0xFE, 0xFE, 0xFE, 0xFE,
    0xFE, 0xFE, 0xFE, 0xFE, 0xFE, 0xFE, 0xFE, 0xFE, 0xFE, 0xFE, 0xFE, 0xFE, 0xFE, 0xFE, 0xFE, 0xFE,
    0xFE, 0xFE, 0xFE, 0xFE, 0xFE, 0xFE, 0xFE, 0xFE, 0xFE, 0xFE, 0xFE, 0xFE, 0xFE, 0xFE, 0xFE, 0xFE,
    0xFE, 0xFE, 0xFE, 0xFE, 0xFE, 0xFF, 0xFF, 0xFF, 0xFB, 0xFF, 0xA9, 0x00, 0x03, 0x00, 0x00, 0x00,
    0x00, 0x00, 0x00, 0x03, 0x00, 0xA9, 0xFF, 0xFB, 0xFF, 0xFF, 0xFF, 0xFF, 0xFF, 0xFF, 0xFF, 0xFF,
    0xFF, 0xFF, 0xFF, 0xFF, 0xFF, 0xFF, 0xFF, 0xFF, 0xFF, 0xFF, 0xFF, 0xFF, 0xFF, 0xFF, 0xFF, 0xFF,
    0xFF, 0xFF, 0xFF, 0xFF, 0xFF, 0xFF, 0xFF, 0xFF, 0xFF, 0xFF, 0xFF, 0xFF, 0xFF, 0xFF, 0xFF, 0xFF,
    0xFF, 0xFF, 0xFF, 0xFF, 0xFF, 0xFF, 0xFF, 0xFF, 0xFB, 0xFF, 0xA9, 0x00, 0x03, 0x00, 0x00, 0x00,
    0x00, 0x00, 0x00, 0x03, 0x00, 0xA9, 0xFF, 0xFB, 0xFF, 0xFF, 0xFB, 0xF3, 0xF3, 0xF3, 0xF3, 0xF3,
    0xF3, 0xF3, 0xF3, 0xF3, 0xF3, 0xF3, 0xF3, 0xF3, 0xF3, 0xF3, 0xF3, 0xF3, 0xF3, 0xF3, 0xF3, 0xF3,
    0xF3, 0xF3, 0xF3, 0xF3, 0xF3, 0xF3, 0xF3, 0xF3, 0xF3, 0xF3, 0xF3, 0xF3, 0xF3, 0xF3, 0xF3, 0xF3,
    0xF3, 0xF3, 0xF3, 0xF3, 0xF3, 0xFB, 0xFF, 0xFF, 0xFB, 0xFF, 0xA9, 0x00, 0x03, 0x00, 0x00, 0x00,
    0x00, 0x00, 0x00, 0x03, 0x00, 0xA9, 0xFF, 0xFB, 0xFB, 0xFF, 0xB1, 0x18, 0x1B, 0x18, 0x18, 0x18,
    0x18, 0x18, 0x19, 0x1A, 0x1B, 0x1C, 0x1B, 0x19, 0x18, 0x18, 0x18, 0x18, 0x18, 0x18, 0x18, 0x18,
    0x18, 0x18, 0x18, 0x18, 0x18, 0x18, 0x18, 0x18, 0x18, 0x18, 0x18, 0x18, 0x18, 0x18, 0x18, 0x18,
    0x18, 0x18, 0x18, 0x1B, 0x18, 0xB1, 0xFF, 0xFB, 0xFB, 0xFF, 0xA9, 0x00, 0x03, 0x00, 0x00, 0x00,
    0x00, 0x00, 0x00, 0x03, 0x00, 0xA9, 0xFF, 0xFB, 0xFB, 0xFF, 0xA7, 0x00, 0x00, 0x00, 0x00, 0x00,
    0x00, 0x00, 0x00, 0x00, 0x00, 0x00, 0x00, 0x00, 0x00, 0x00, 0x00, 0x00, 0x00, 0x00, 0x00, 0x00,
    0x00, 0x00, 0x00, 0x00, 0x00, 0x00, 0x00, 0x00, 0x00, 0x00, 0x00, 0x00, 0x00, 0x00, 0x00, 0x00,
    0x00, 0x00, 0x00, 0x00, 0x00, 0xA7, 0xFF, 0xFB, 0xFB, 0xFF, 0xA9, 0x00, 0x03, 0x00, 0x00, 0x00,
    0x00, 0x00, 0x00, 0x03, 0x00, 0xA9, 0xFF, 0xFB, 0xFB, 0xFF, 0xA9, 0x01, 0x04, 0x01, 0x01, 0x01,
    0x04, 0x00, 0x00, 0x1B, 0x40, 0x49, 0x36, 0x0D, 0x00, 0x00, 0x03, 0x01, 0x01, 0x01, 0x01, 0x01,
    0x01, 0x01, 0x01, 0x01, 0x01, 0x01, 0x01, 0x01, 0x01, 0x01, 0x01, 0x01, 0x01, 0x01, 0x01, 0x01,
    0x01, 0x01, 0x01, 0x04, 0x01, 0xA9, 0xFF, 0xFB, 0xFB, 0xFF, 0xA9, 0x00, 0x03, 0x00, 0x00, 0x00,
    0x00, 0x00, 0x00, 0x03, 0x00, 0xA9, 0xFF, 0xFB, 0xFB, 0xFF, 0xA9, 0x00, 0x03, 0x00, 0x00, 0x03,
    0x00, 0x2B, 0xAB, 0xF1, 0xFF, 0xFF, 0xFF, 0xE2, 0x83, 0x09, 0x00, 0x02, 0x00, 0x00, 0x00, 0x00,
    0x00, 0x00, 0x00, 0x00, 0x00, 0x00, 0x00, 0x00, 0x00, 0x00, 0x00, 0x00, 0x00, 0x00, 0x00, 0x00,
    0x00, 0x00, 0x00, 0x03, 0x00, 0xA9, 0xFF, 0xFB, 0xFB, 0xFF, 0xA9, 0x00, 0x03, 0x00, 0x00, 0x00,
    0x00, 0x00, 0x00, 0x03, 0x00, 0xA9, 0xFF, 0xFB, 0xFB, 0xFF, 0xA9, 0x00, 0x03, 0x00, 0x02, 0x00,
    0x49, 0xF2, 0xFF, 0xFF, 0xFD, 0xFD, 0xFE, 0xFF, 0xFF, 0xC8, 0x15, 0x01, 0x02, 0x00, 0x00, 0x00,
    0x00, 0x00, 0x00, 0x00, 0x00, 0x00, 0x00, 0x00, 0x00, 0x00, 0x00, 0x00, 0x00, 0x00, 0x00, 0x00,
    0x00, 0x00, 0x00, 0x03, 0x00, 0xA9, 0xFF, 0xFB, 0xFB, 0xFF, 0xA9, 0x00, 0x03, 0x00, 0x00, 0x00,
    0x00, 0x00, 0x00, 0x03, 0x00, 0xA9, 0xFF, 0xFB, 0xFB, 0xFF, 0xA9, 0x00, 0x03, 0x02, 0x01, 0x2A,
    0xF6, 0xFF, 0xFA, 0xFE, 0xFF, 0xFF, 0xFF, 0xFE, 0xF9, 0xFF, 0xC0, 0x04, 0x02, 0x00, 0x00, 0x00,
    0x00, 0x00, 0x00, 0x00, 0x00, 0x00, 0x00, 0x00, 0x00, 0x00, 0x00, 0x00, 0x00, 0x00, 0x00, 0x00,
    0x00, 0x00, 0x00, 0x03, 0x00, 0xA9, 0xFF, 0xFB, 0xFB, 0xFF, 0xA9, 0x00, 0x03, 0x00, 0x00, 0x00,
    0x00, 0x00, 0x00, 0x03, 0x00, 0xA9, 0xFF, 0xFB, 0xFB, 0xFF, 0xA9, 0x00, 0x03, 0x02, 0x00, 0xB4,
    0xFF, 0xFB, 0xFF, 0xFF, 0xFF, 0xFF, 0xFF, 0xFF, 0xFF, 0xFA, 0xFF, 0x5F, 0x00, 0x04, 0x00, 0x00,
    0x00, 0x00, 0x00, 0x00, 0x00, 0x00, 0x00, 0x00, 0x00, 0x00, 0x00, 0x00, 0x00, 0x00, 0x00, 0x00,
    0x00, 0x00, 0x00, 0x03, 0x00, 0xA9, 0xFF, 0xFB, 0xFB, 0xFF, 0xA9, 0x00, 0x03, 0x00, 0x00, 0x00,
    0x00, 0x00, 0x00, 0x03, 0x00, 0xA9, 0xFF, 0xFB, 0xFB, 0xFF, 0xA9, 0x00, 0x05, 0x00, 0x1F, 0xFA,
    0xFE, 0xFE, 0xFF, 0xFF, 0xFF, 0xFF, 0xFF, 0xFF, 0xFF, 0xFC, 0xFD, 0xBE, 0x00, 0x02, 0x00, 0x00,
    0x00, 0x00, 0x00, 0x00, 0x00, 0x00, 0x00, 0x00, 0x00, 0x00, 0x00, 0x00, 0x00, 0x00, 0x00, 0x00,
    0x00, 0x00, 0x00, 0x03, 0x00, 0xA9, 0xFF, 0xFB, 0xFB, 0xFF, 0xA9, 0x00, 0x03, 0x00, 0x00, 0x00,
    0x00, 0x00, 0x00, 0x03, 0x00, 0xA9, 0xFF, 0xFB, 0xFB, 0xFF, 0xA9, 0x00, 0x07, 0x00, 0x49, 0xFF,
    0xFD, 0xFF, 0xFF, 0xFF, 0xFF, 0xFF, 0xFF, 0xFF, 0xFF, 0xFE, 0xFF, 0xE4, 0x09, 0x00, 0x01, 0x00,
    0x00, 0x00, 0x00, 0x00, 0x00, 0x00, 0x00, 0x00, 0x00, 0x00, 0x00, 0x00, 0x00, 0x00, 0x00, 0x00,
    0x00, 0x00, 0x00, 0x03, 0x00, 0xA9, 0xFF, 0xFB, 0xFB, 0xFF, 0xA9, 0x00, 0x03, 0x00, 0x00, 0x00,
    0x00, 0x00, 0x00, 0x03, 0x00, 0xA9, 0xFF, 0xFB, 0xFB, 0xFF, 0xA9, 0x00, 0x07, 0x00, 0x55, 0xFE,
    0xFC, 0xFF, 0xFF, 0xFF, 0xFF, 0xFF, 0xFF, 0xFF, 0xFF, 0xFE, 0xFF, 0xEC, 0x11, 0x00, 0x01, 0x00,
    0x00, 0x00, 0x00, 0x00, 0x00, 0x00, 0x00, 0x00, 0x00, 0x00, 0x00, 0x00, 0x00, 0x00, 0x00, 0x00,
    0x00, 0x00, 0x00, 0x03, 0x00, 0xA9, 0xFF, 0xFB, 0xFB, 0xFF, 0xA9, 0x00, 0x03, 0x00, 0x00, 0x00,
    0x00, 0x00, 0x00, 0x03, 0x00, 0xA9, 0xFF, 0xFB, 0xFB, 0xFF, 0xA9, 0x00, 0x06, 0x00, 0x41, 0xFF,
    0xFD, 0xFF, 0xFF, 0xFF, 0xFF, 0xFF, 0xFF, 0xFF, 0xFF, 0xFD, 0xFF, 0xDE, 0x05, 0x00, 0x01, 0x00,
    0x00, 0x00, 0x00, 0x00, 0x00, 0x00, 0x00, 0x00, 0x00, 0x00, 0x00, 0x00, 0x00, 0x00, 0x00, 0x00,
    0x00, 0x00, 0x00, 0x03, 0x00, 0xA9, 0xFF, 0xFB, 0xFB, 0xFF, 0xA9, 0x00, 0x03, 0x00, 0x00, 0x00,
    0x00, 0x00, 0x00, 0x03, 0x00, 0xA9, 0xFF, 0xFB, 0xFB, 0xFF, 0xA9, 0x00, 0x05, 0x00, 0x13, 0xF1,
    0xFD, 0xFE, 0xFF, 0xFF, 0xFF, 0xFF, 0xFF, 0xFF, 0xFF, 0xFB, 0xFE, 0xAD, 0x00, 0x03, 0x00, 0x00,
    0x00, 0x00, 0x00, 0x00, 0x00, 0x00, 0x00, 0x00, 0x00, 0x00, 0x00, 0x00, 0x00, 0x00, 0x00, 0x00,
    0x00, 0x00, 0x00, 0x03, 0x00, 0xA9, 0xFF, 0xFB, 0xFB, 0xFF, 0xA9, 0x00, 0x03, 0x00, 0x00, 0x00,
    0x00, 0x00, 0x00, 0x03, 0x00, 0xA9, 0xFF, 0xFB, 0xFB, 0xFF, 0xA9, 0x00, 0x03, 0x03, 0x00, 0x94,
    0xFF, 0xF9, 0xFF, 0xFF, 0xFF, 0xFF, 0xFF, 0xFF, 0xFE, 0xFA, 0xFF, 0x41, 0x00, 0x03, 0x00, 0x00,
    0x00, 0x00, 0x00, 0x00, 0x00, 0x00, 0x00, 0x00, 0x00, 0x00, 0x00, 0x00, 0x00, 0x00, 0x00, 0x00,
    0x00, 0x00, 0x00, 0x03, 0x00, 0xA9, 0xFF, 0xFB, 0xFB, 0xFF, 0xA9, 0x00, 0x03, 0x00, 0x00, 0x00,
    0x00, 0x00, 0x00, 0x03, 0x00, 0xA9, 0xFF, 0xFB, 0xFB, 0xFF, 0xA9, 0x00, 0x03, 0x01, 0x02, 0x11,
    0xD9, 0xFF, 0xFA, 0xFD, 0xFE, 0xFE, 0xFE, 0xFC, 0xFB, 0xFF, 0x94, 0x00, 0x02, 0x00, 0x00, 0x00,
    0x00, 0x00, 0x00, 0x00, 0x00, 0x00, 0x00, 0x00, 0x00, 0x00, 0x00, 0x00, 0x00, 0x00, 0x00, 0x00,
    0x00, 0x00, 0x00, 0x03, 0x00, 0xA9, 0xFF, 0xFB, 0xFB, 0xFF, 0xA9, 0x00, 0x03, 0x00, 0x00, 0x00,
    0x00, 0x00, 0x00, 0x03, 0x00, 0xA9, 0xFF, 0xFB, 0xFB, 0xFF, 0xA9, 0x00, 0x03, 0x00, 0x02, 0x00,
    0x20, 0xCC, 0xFF, 0xFF, 0xFF, 0xFF, 0xFF, 0xFF, 0xFF, 0x95, 0x01, 0x03, 0x01, 0x00, 0x00, 0x00,
    0x00, 0x00, 0x00, 0x00, 0x00, 0x00, 0x00, 0x00, 0x00, 0x00, 0x00, 0x00, 0x00, 0x00, 0x00, 0x00,
    0x00, 0x00, 0x00, 0x03, 0x00, 0xA9, 0xFF, 0xFB, 0xFB, 0xFF, 0xA9, 0x00, 0x03, 0x00, 0x00, 0x00,
    0x00, 0x00, 0x00, 0x03, 0x00, 0xA9, 0xFF, 0xFB, 0xFB, 0xFF, 0xA9, 0x00, 0x03, 0x00, 0x00, 0x02,
    0x00, 0x08, 0x6F, 0xC5, 0xEA, 0xF1, 0xE2, 0xAF, 0x49, 0x00, 0x01, 0x01, 0x00, 0x00, 0x00, 0x00,
    0x00, 0x00, 0x00, 0x00, 0x00, 0x00, 0x00, 0x00, 0x00, 0x00, 0x00, 0x00, 0x00, 0x00, 0x00, 0x00,
    0x00, 0x00, 0x00, 0x03, 0x00, 0xA9, 0xFF, 0xFB, 0xFB, 0xFF, 0xA9, 0x00, 0x03, 0x00, 0x00, 0x00,
    0x00, 0x00, 0x00, 0x03, 0x00, 0xA9, 0xFF, 0xFB, 0xFB, 0xFF, 0xAA, 0x03, 0x06, 0x03, 0x03, 0x03,
    0x05, 0x02, 0x00, 0x00, 0x13, 0x19, 0x0D, 0x00, 0x00, 0x05, 0x04, 0x03, 0x03, 0x03, 0x03, 0x03,
    0x03, 0x03, 0x03, 0x03, 0x03, 0x03, 0x03, 0x03, 0x03, 0x03, 0x03, 0x03, 0x03, 0x03, 0x03, 0x03,
    0x03, 0x03, 0x03, 0x06, 0x03, 0xAA, 0xFF, 0xFB, 0xFB, 0xFF, 0xA9, 0x00, 0x03, 0x00, 0x00, 0x00,
    0x00, 0x00, 0x00, 0x03, 0x00, 0xA9, 0xFF, 0xFB, 0xFB, 0xFF, 0xA4, 0x00, 0x00, 0x00, 0x00, 0x00,
    0x00, 0x00, 0x00, 0x00, 0x00, 0x00, 0x00, 0x00, 0x00, 0x00, 0x00, 0x00, 0x00, 0x00, 0x00, 0x00,
    0x00, 0x00, 0x00, 0x00, 0x00, 0x00, 0x00, 0x00, 0x00, 0x00, 0x00, 0x00, 0x00, 0x00, 0x00, 0x00,
    0x00, 0x00, 0x00, 0x00, 0x00, 0xA4, 0xFF, 0xFB, 0xFB, 0xFF, 0xA9, 0x00, 0x03, 0x00, 0x00, 0x00,
    0x00, 0x00, 0x00, 0x03, 0x00, 0xA9, 0xFF, 0xFB, 0xFC, 0xFF, 0xC2, 0x4A, 0x4E, 0x4C, 0x4C, 0x4C,
    0x4C, 0x4C, 0x4C, 0x4C, 0x4D, 0x4D, 0x4D, 0x4C, 0x4C, 0x4C, 0x4C, 0x4C, 0x4C, 0x4C, 0x4C, 0x4C,
    0x4C, 0x4C, 0x4C, 0x4C, 0x4C, 0x4C, 0x4C, 0x4C, 0x4C, 0x4C, 0x4C, 0x4C, 0x4C, 0x4C, 0x4C, 0x4C,
    0x4C, 0x4C, 0x4C, 0x4E, 0x4A, 0xC2, 0xFF, 0xFC, 0xFB, 0xFF, 0xA9, 0x00, 0x03, 0x00, 0x00, 0x00,
    0x00, 0x00, 0x00, 0x04, 0x00, 0x9C, 0xFE, 0xFB, 0xFF, 0xFF, 0xFF, 0xFF, 0xFF, 0xFF, 0xFF, 0xFF,
    0xFF, 0xFF, 0xFF, 0xFF, 0xFF, 0xFF, 0xFF, 0xFF, 0xFF, 0xFF, 0xFF, 0xFF, 0xFF, 0xFF, 0xFF, 0xFF,
    0xFF, 0xFF, 0xFF, 0xFF, 0xFF, 0xFF, 0xFF, 0xFF, 0xFF, 0xFF, 0xFF, 0xFF, 0xFF, 0xFF, 0xFF, 0xFF,
    0xFF, 0xFF, 0xFF, 0xFF, 0xFF, 0xFF, 0xFF, 0xFF, 0xFB, 0xFE, 0x9C, 0x00, 0x04, 0x00, 0x00, 0x00,
    0x00, 0x00, 0x00, 0x04, 0x00, 0x5C, 0xFF, 0xFA, 0xFF, 0xFF, 0xFE, 0xFC, 0xFC, 0xFC, 0xFC, 0xFC,
    0xFC, 0xFC, 0xFC, 0xFC, 0xFC, 0xFC, 0xFC, 0xFC, 0xFC, 0xFC, 0xFC, 0xFC, 0xFC, 0xFC, 0xFC, 0xFC,
    0xFC, 0xFC, 0xFC, 0xFC, 0xFC, 0xFC, 0xFC, 0xFC, 0xFC, 0xFC, 0xFC, 0xFC, 0xFC, 0xFC, 0xFC, 0xFC,
    0xFC, 0xFC, 0xFC, 0xFC, 0xFC, 0xFE, 0xFF, 0xFF, 0xFA, 0xFF, 0x5C, 0x00, 0x04, 0x00, 0x00, 0x00,
    0x00, 0x00, 0x00, 0x01, 0x01, 0x09, 0xD5, 0xFF, 0xF9, 0xFD, 0xFE, 0xFE, 0xFE, 0xFE, 0xFE, 0xFE,
    0xFE, 0xFE, 0xFE, 0xFE, 0xFE, 0xFE, 0xFE, 0xFE, 0xFE, 0xFE, 0xFE, 0xFE, 0xFE, 0xFE, 0xFE, 0xFE,
    0xFE, 0xFE, 0xFE, 0xFE, 0xFE, 0xFE, 0xFE, 0xFE, 0xFE, 0xFE, 0xFE, 0xFE, 0xFE, 0xFE, 0xFE, 0xFE,
    0xFE, 0xFE, 0xFE, 0xFE, 0xFE, 0xFE, 0xFD, 0xF9, 0xFF, 0xD5, 0x09, 0x01, 0x01, 0x00, 0x00, 0x00,
    0x00, 0x00, 0x00, 0x00, 0x02, 0x00, 0x28, 0xE0, 0xFF, 0xFF, 0xFF, 0xFF, 0xFF, 0xFF, 0xFF, 0xFF,
    0xFF, 0xFF, 0xFF, 0xFF, 0xFF, 0xFF, 0xFF, 0xFF, 0xFF, 0xFF, 0xFF, 0xFF, 0xFF, 0xFF, 0xFF, 0xFF,
    0xFF, 0xFF, 0xFF, 0xFF, 0xFF, 0xFF, 0xFF, 0xFF, 0xFF, 0xFF, 0xFF, 0xFF, 0xFF, 0xFF, 0xFF, 0xFF,
    0xFF, 0xFF, 0xFF, 0xFF, 0xFF, 0xFF, 0xFF, 0xFF, 0xE0, 0x28, 0x00, 0x02, 0x00, 0x00, 0x00, 0x00,
    0x00, 0x00, 0x00, 0x00, 0x00, 0x02, 0x00, 0x18, 0x92, 0xDC, 0xF1, 0xF3, 0xF3, 0xF3, 0xF3, 0xF3,
    0xF3, 0xF3, 0xF3, 0xF3, 0xF3, 0xF3, 0xF3, 0xF3, 0xF3, 0xF3, 0xF3, 0xF3, 0xF3, 0xF3, 0xF3, 0xF3,
    0xF3, 0xF3, 0xF3, 0xF3, 0xF3, 0xF3, 0xF3, 0xF3, 0xF3, 0xF3, 0xF3, 0xF3, 0xF3, 0xF3, 0xF3, 0xF3,
    0xF3, 0xF3, 0xF3, 0xF3, 0xF3, 0xF1, 0xDC, 0x92, 0x18, 0x00, 0x02, 0x00, 0x00, 0x00, 0x00, 0x00,
    0x00, 0x00, 0x00, 0x00, 0x00, 0x00, 0x02, 0x00, 0x00, 0x06, 0x16, 0x19, 0x18, 0x18, 0x18, 0x18,
    0x18, 0x18, 0x18, 0x18, 0x18, 0x18, 0x18, 0x18, 0x18, 0x18, 0x18, 0x18, 0x18, 0x18, 0x18, 0x18,
    0x18, 0x18, 0x18, 0x18, 0x18, 0x18, 0x18, 0x18, 0x18, 0x18, 0x18, 0x18, 0x18, 0x18, 0x18, 0x18,
    0x18, 0x18, 0x18, 0x18, 0x19, 0x16, 0x06, 0x00, 0x00, 0x02, 0x00, 0x00, 0x00, 0x00, 0x00, 0x00,
    0x00, 0x00, 0x00, 0x00, 0x00, 0x00, 0x00, 0x01, 0x03, 0x00, 0x00, 0x00, 0x00, 0x00, 0x00, 0x00,
    0x00, 0x00, 0x00, 0x00, 0x00, 0x00, 0x00, 0x00, 0x00, 0x00, 0x00, 0x00, 0x00, 0x00, 0x00, 0x00,
    0x00, 0x00, 0x00, 0x00, 0x00, 0x00, 0x00, 0x00, 0x00, 0x00, 0x00, 0x00, 0x00, 0x00, 0x00, 0x00,
    0x00, 0x00, 0x00, 0x00, 0x00, 0x00, 0x00, 0x03, 0x01, 0x00, 0x00, 0x00, 0x00, 0x00, 0x00, 0x00,
    0x00, 0x00, 0x00, 0x00, 0x00, 0x00, 0x00, 0x00, 0x00, 0x01, 0x01, 0x01, 0x01, 0x01, 0x01, 0x01,
    0x01, 0x01, 0x01, 0x01, 0x01, 0x01, 0x01, 0x01, 0x01, 0x01, 0x01, 0x01, 0x01, 0x01, 0x01, 0x01,
    0x01, 0x01, 0x01, 0x01, 0x01, 0x01, 0x01, 0x01, 0x01, 0x01, 0x01, 0x01, 0x01, 0x01, 0x01, 0x01,
    0x01, 0x01, 0x01, 0x01, 0x01, 0x01, 0x01, 0x00, 0x00, 0x00, 0x00, 0x00, 0x00, 0x00, 0x00, 0x00,
    0x00, 0x00, 0x00, 0x00, 0x00, 0x00, 0x00, 0x00, 0x00, 0x00, 0x00, 0x00, 0x00, 0x00, 0x00, 0x00,
    0x00, 0x00, 0x00, 0x00, 0x00, 0x00, 0x00, 0x00, 0x00, 0x00, 0x00, 0x00, 0x00, 0x00, 0x00, 0x00,
    0x00, 0x00, 0x00, 0x00, 0x00, 0x00, 0x00, 0x00, 0x00, 0x00, 0x00, 0x00, 0x00, 0x00, 0x00, 0x00,
    0x00, 0x00, 0x00, 0x00, 0x00, 0x00, 0x00, 0x00, 0x00, 0x00, 0x00, 0x00, 0x00, 0x00, 0x00, 0x00,
    0x00, 0x00, 0x00, 0x00, 0x00, 0x00, 0x00, 0x00, 0x00, 0x00, 0x00, 0x00, 0x00, 0x00, 0x00, 0x00,
    0x00, 0x00, 0x00, 0x00, 0x00, 0x00, 0x00, 0x00, 0x00, 0x00, 0x00, 0x00, 0x00, 0x00, 0x00, 0x00,
    0x00, 0x00, 0x00, 0x00, 0x00, 0x00, 0x00, 0x00, 0x00, 0x00, 0x00, 0x00, 0x00, 0x00, 0x00, 0x00,
    0x00, 0x00, 0x00, 0x00, 0x00, 0x00, 0x00, 0x00, 0x00, 0x00, 0x00, 0x00, 0x00, 0x00, 0x00, 0x00,
    0x00, 0x00, 0x00, 0x00, 0x00, 0x00, 0x00, 0x00, 0x00, 0x00, 0x00, 0x00, 0x00, 0x00, 0x00, 0x00,
    0x00, 0x00, 0x00, 0x00, 0x00, 0x00, 0x00, 0x00, 0x00, 0x00, 0x00, 0x00, 0x00, 0x00, 0x00, 0x00,
    0x00, 0x00, 0x00, 0x00, 0x00, 0x00, 0x00, 0x00, 0x00, 0x00, 0x00, 0x00, 0x00, 0x00, 0x00, 0x00,
    0x00, 0x00, 0x00, 0x00, 0x00, 0x00, 0x00, 0x00, 0x00, 0x00, 0x00, 0x00, 0x00, 0x00, 0x00, 0x00,
    0x00, 0x00, 0x00, 0x00, 0x00, 0x00, 0x00, 0x00, 0x00, 0x00, 0x00, 0x00, 0x00, 0x00, 0x00, 0x00,
    0x00, 0x00, 0x00, 0x00, 0x00, 0x00, 0x00, 0x00, 0x00, 0x00, 0x00, 0x00, 0x00, 0x00, 0x00, 0x00,
    0x00, 0x00, 0x00, 0x00, 0x00, 0x00, 0x00, 0x00, 0x00, 0x00, 0x00, 0x00, 0x00, 0x00, 0x00, 0x00,
    0x00, 0x00, 0x00, 0x00, 0x00, 0x00, 0x00, 0x00, 0x00, 0x00, 0x00, 0x00, 0x00, 0x00, 0x00, 0x00,
    0x00, 0x00, 0x00, 0x00, 0x00, 0x00, 0x00, 0x00, 0x00, 0x00, 0x00, 0x00, 0x00, 0x00, 0x00, 0x00,
    0x00, 0x00, 0x00, 0x00, 0x00, 0x00, 0x00, 0x00, 0x00, 0x00, 0x00, 0x00, 0x00, 0x00, 0x00, 0x00,
    0x00, 0x00, 0x00, 0x00, 0x00, 0x00, 0x00, 0x00, 0x00, 0x00, 0x00, 0x00, 0x00, 0x00, 0x00, 0x00,
    0x00, 0x00, 0x00, 0x00, 0x00, 0x00, 0x00, 0x00, 0x00, 0x00, 0x00, 0x00, 0x00, 0x00, 0x00, 0x00,
};
const lv_image_dsc_t ui_feed_icon_radio_64 = {
    .header = {.magic = LV_IMAGE_HEADER_MAGIC, .cf = LV_COLOR_FORMAT_A8,
               .w = 64, .h = 64, .stride = 64},
    .data_size = sizeof(s_radio_64),
    .data = s_radio_64,
};

static const uint8_t s_dlna_24[] = {
    0x00, 0x00, 0x00, 0x00, 0x00, 0x01, 0x03, 0x00, 0x00, 0x00, 0x02, 0x12, 0x12, 0x02, 0x00, 0x00,
    0x00, 0x03, 0x01, 0x00, 0x00, 0x00, 0x00, 0x00, 0x00, 0x00, 0x00, 0x00, 0x02, 0x00, 0x00, 0x19,
    0x6B, 0xAE, 0xD5, 0xE9, 0xE9, 0xD5, 0xAE, 0x6B, 0x19, 0x00, 0x00, 0x02, 0x00, 0x00, 0x00, 0x00,
    0x00, 0x00, 0x00, 0x02, 0x00, 0x07, 0x84, 0xEF, 0xFF, 0xFF, 0xFF, 0xFF, 0xFF, 0xFF, 0xFF, 0xFF,
    0xEC, 0x84, 0x07, 0x00, 0x02, 0x00, 0x00, 0x00, 0x00, 0x00, 0x02, 0x00, 0x1E, 0xC5, 0xFF, 0xFD,
    0xF7, 0xF8, 0xF9, 0xFA, 0xFA, 0xFF, 0xFF, 0xFF, 0xFF, 0xFF, 0xC9, 0x22, 0x00, 0x02, 0x00, 0x00,
    0x00, 0x02, 0x01, 0x33, 0xF8, 0xFF, 0xFF, 0xFF, 0xFF, 0xFF, 0xFF, 0xFF, 0xFF, 0xB7, 0x4D, 0x4C,
    0xB6, 0xFF, 0xFF, 0xE6, 0x21, 0x00, 0x02, 0x00, 0x00, 0x02, 0x00, 0x54, 0x84, 0x7B, 0x80, 0x7F,
    0x7F, 0x7F, 0x7F, 0x7F, 0x71, 0x00, 0x00, 0x00, 0x00, 0xB9, 0xFC, 0xFF, 0xCD, 0x08, 0x02, 0x01,
    0x00, 0x02, 0x04, 0x00, 0x00, 0x00, 0x00, 0x00, 0x00, 0x00, 0x00, 0x00, 0x00, 0x01, 0x03, 0x07,
    0x01, 0x47, 0xFF, 0xF7, 0xFF, 0x83, 0x00, 0x03, 0x00, 0x00, 0x00, 0x00, 0x00, 0x00, 0x00, 0x00,
    0x00, 0x00, 0x00, 0x00, 0x00, 0x01, 0x03, 0x07, 0x01, 0x47, 0xFF, 0xFB, 0xFD, 0xF4, 0x17, 0x00,
    0x00, 0x3E, 0x7F, 0x7D, 0x7F, 0x80, 0x7E, 0x8C, 0x8C, 0x8C, 0x8B, 0x7B, 0x6D, 0x00, 0x00, 0x00,
    0x00, 0xB4, 0xFA, 0xF8, 0xF7, 0xFC, 0x68, 0x00, 0x00, 0xB7, 0xFF, 0xFF, 0xFF, 0xFF, 0xFF, 0xCA,
    0x5F, 0x5F, 0xCA, 0xFF, 0xFF, 0xCA, 0x5F, 0x5F, 0xCA, 0xFF, 0xFF, 0xFF, 0xFF, 0xFF, 0xC1, 0x00,
    0x03, 0xD6, 0xFB, 0xF9, 0xF8, 0xFA, 0xB4, 0x00, 0x00, 0x00, 0x00, 0x6D, 0x7B, 0x8B, 0x8C, 0x8C,
    0x8C, 0x7E, 0x80, 0x7F, 0x7F, 0x7F, 0x6A, 0x00, 0x12, 0xEA, 0xFF, 0xFE, 0xFC, 0xFF, 0x47, 0x01,
    0x07, 0x03, 0x01, 0x00, 0x00, 0x00, 0x00, 0x00, 0x00, 0x00, 0x00, 0x00, 0x00, 0x00, 0x00, 0x00,
    0x12, 0xEA, 0xFF, 0xFE, 0xFC, 0xFF, 0x47, 0x01, 0x07, 0x03, 0x01, 0x00, 0x00, 0x00, 0x00, 0x00,
    0x00, 0x00, 0x00, 0x00, 0x00, 0x00, 0x00, 0x00, 0x03, 0xD6, 0xFB, 0xF9, 0xF8, 0xFA, 0xB4, 0x00,
    0x00, 0x00, 0x00, 0x6D, 0x7B, 0x8B, 0x8C, 0x8C, 0x8C, 0x7E, 0x80, 0x7F, 0x7F, 0x7F, 0x6A, 0x00,
    0x00, 0xB7, 0xFF, 0xFF, 0xFF, 0xFF, 0xFF, 0xCA, 0x5F, 0x5F, 0xCA, 0xFF, 0xFF, 0xCA, 0x5F, 0x5F,
    0xCA, 0xFF, 0xFF, 0xFF, 0xFF, 0xFF, 0xC1, 0x00, 0x00, 0x3E, 0x7F, 0x7D, 0x7F, 0x80, 0x7E, 0x8C,
    0x8C, 0x8C, 0x8B, 0x7B, 0x6D, 0x00, 0x00, 0x00, 0x00, 0xB4, 0xFA, 0xF8, 0xF7, 0xFC, 0x68, 0x00,
    0x00, 0x00, 0x00, 0x00, 0x00, 0x00, 0x00, 0x00, 0x00, 0x00, 0x00, 0x00, 0x00, 0x01, 0x03, 0x07,
    0x01, 0x47, 0xFF, 0xFB, 0xFD, 0xF4, 0x17, 0x00, 0x00, 0x02, 0x04, 0x00, 0x00, 0x00, 0x00, 0x00,
    0x00, 0x00, 0x00, 0x00, 0x00, 0x01, 0x03, 0x07, 0x01, 0x47, 0xFF, 0xF7, 0xFF, 0x83, 0x00, 0x03,
    0x00, 0x02, 0x00, 0x54, 0x84, 0x7B, 0x80, 0x7F, 0x7F, 0x7F, 0x7F, 0x7F, 0x71, 0x00, 0x00, 0x00,
    0x00, 0xB9, 0xFC, 0xFF, 0xCD, 0x08, 0x02, 0x01, 0x00, 0x02, 0x01, 0x33, 0xF8, 0xFF, 0xFF, 0xFF,
    0xFF, 0xFF, 0xFF, 0xFF, 0xFF, 0xB7, 0x4D, 0x4C, 0xB6, 0xFF, 0xFF, 0xE6, 0x21, 0x00, 0x02, 0x00,
    0x00, 0x00, 0x02, 0x00, 0x1E, 0xC5, 0xFF, 0xFD, 0xF7, 0xF8, 0xF9, 0xFA, 0xFA, 0xFF, 0xFF, 0xFF,
    0xFF, 0xFF, 0xC9, 0x22, 0x00, 0x02, 0x00, 0x00, 0x00, 0x00, 0x00, 0x02, 0x00, 0x07, 0x84, 0xEF,
    0xFF, 0xFF, 0xFF, 0xFF, 0xFF, 0xFF, 0xFF, 0xFF, 0xEC, 0x84, 0x07, 0x00, 0x02, 0x00, 0x00, 0x00,
    0x00, 0x00, 0x00, 0x00, 0x02, 0x00, 0x00, 0x19, 0x6B, 0xAE, 0xD5, 0xE9, 0xE9, 0xD5, 0xAE, 0x6B,
    0x19, 0x00, 0x00, 0x02, 0x00, 0x00, 0x00, 0x00, 0x00, 0x00, 0x00, 0x00, 0x00, 0x01, 0x03, 0x00,
    0x00, 0x00, 0x02, 0x12, 0x12, 0x02, 0x00, 0x00, 0x00, 0x03, 0x01, 0x00, 0x00, 0x00, 0x00, 0x00,
};
const lv_image_dsc_t ui_feed_icon_dlna_24 = {
    .header = {.magic = LV_IMAGE_HEADER_MAGIC, .cf = LV_COLOR_FORMAT_A8,
               .w = 24, .h = 24, .stride = 24},
    .data_size = sizeof(s_dlna_24),
    .data = s_dlna_24,
};

static const uint8_t s_dlna_32[] = {
    0x00, 0x00, 0x00, 0x00, 0x00, 0x00, 0x00, 0x00, 0x00, 0x02, 0x04, 0x00, 0x00, 0x00, 0x00, 0x00,
    0x00, 0x00, 0x00, 0x00, 0x00, 0x04, 0x02, 0x00, 0x00, 0x00, 0x00, 0x00, 0x00, 0x00, 0x00, 0x00,
    0x00, 0x00, 0x00, 0x00, 0x00, 0x00, 0x00, 0x01, 0x03, 0x00, 0x00, 0x06, 0x35, 0x67, 0x89, 0x9C,
    0x9C, 0x89, 0x67, 0x35, 0x06, 0x00, 0x00, 0x03, 0x01, 0x00, 0x00, 0x00, 0x00, 0x00, 0x00, 0x00,
    0x00, 0x00, 0x00, 0x00, 0x00, 0x00, 0x02, 0x00, 0x00, 0x21, 0x8A, 0xDB, 0xFF, 0xFF, 0xFF, 0xFF,
    0xFF, 0xFF, 0xFF, 0xFF, 0xDB, 0x8A, 0x21, 0x00, 0x00, 0x02, 0x00, 0x00, 0x00, 0x00, 0x00, 0x00,
    0x00, 0x00, 0x00, 0x00, 0x00, 0x03, 0x00, 0x0B, 0x89, 0xF1, 0xFF, 0xFF, 0xFE, 0xFB, 0xFB, 0xFB,
    0xFB, 0xFB, 0xFA, 0xFB, 0xFF, 0xFF, 0xF1, 0x89, 0x0B, 0x00, 0x03, 0x00, 0x00, 0x00, 0x00, 0x00,
    0x00, 0x00, 0x00, 0x00, 0x03, 0x00, 0x2A, 0xD0, 0xFF, 0xFF, 0xFB, 0xFD, 0xFF, 0xFF, 0xFF, 0xFF,
    0xFF, 0xFD, 0xFF, 0xFF, 0xFF, 0xFF, 0xFE, 0xFF, 0xD0, 0x2A, 0x00, 0x03, 0x00, 0x00, 0x00, 0x00,
    0x00, 0x00, 0x00, 0x02, 0x00, 0x3B, 0xEA, 0xFF, 0xF7, 0xFA, 0xFB, 0xFB, 0xFB, 0xFB, 0xFB, 0xFB,
    0xFB, 0xFF, 0xE5, 0xA8, 0xA8, 0xE5, 0xFF, 0xF9, 0xFF, 0xEE, 0x3F, 0x00, 0x03, 0x00, 0x00, 0x00,
    0x00, 0x00, 0x02, 0x01, 0x37, 0xFF, 0xFF, 0xFF, 0xFF, 0xFF, 0xFF, 0xFF, 0xFF, 0xFF, 0xFF, 0xFF,
    0xFF, 0xA9, 0x11, 0x00, 0x00, 0x11, 0xA9, 0xFF, 0xF9, 0xFF, 0xF0, 0x27, 0x00, 0x02, 0x00, 0x00,
    0x00, 0x00, 0x01, 0x00, 0x40, 0x62, 0x5D, 0x60, 0x60, 0x60, 0x60, 0x60, 0x60, 0x60, 0x5F, 0x5F,
    0x5C, 0x02, 0x00, 0x04, 0x04, 0x00, 0x02, 0xD6, 0xFF, 0xF9, 0xFF, 0xD4, 0x0A, 0x02, 0x01, 0x00,
    0x00, 0x00, 0x00, 0x00, 0x00, 0x00, 0x00, 0x00, 0x00, 0x00, 0x00, 0x00, 0x00, 0x00, 0x00, 0x00,
    0x00, 0x00, 0x01, 0x00, 0x00, 0x05, 0x00, 0x75, 0xFF, 0xFB, 0xFA, 0xFF, 0x88, 0x00, 0x03, 0x00,
    0x00, 0x00, 0x02, 0x02, 0x04, 0x06, 0x06, 0x06, 0x06, 0x06, 0x06, 0x06, 0x06, 0x06, 0x06, 0x06,
    0x06, 0x02, 0x00, 0x00, 0x00, 0x04, 0x02, 0x5C, 0xFF, 0xFB, 0xFE, 0xFD, 0xF5, 0x1D, 0x00, 0x02,
    0x00, 0x00, 0x00, 0x00, 0x00, 0x00, 0x00, 0x00, 0x00, 0x00, 0x00, 0x00, 0x00, 0x00, 0x00, 0x00,
    0x00, 0x00, 0x03, 0x01, 0x01, 0x07, 0x00, 0x95, 0xFF, 0xFB, 0xFF, 0xFB, 0xFF, 0x8B, 0x00, 0x04,
    0x00, 0x06, 0xAA, 0xBD, 0xBC, 0xBD, 0xBD, 0xBD, 0xBD, 0xBC, 0xCB, 0xCF, 0xCF, 0xCB, 0xBB, 0xBB,
    0xB9, 0x2C, 0x00, 0x00, 0x00, 0x00, 0x2C, 0xF3, 0xFD, 0xFE, 0xFE, 0xFD, 0xFE, 0xDF, 0x06, 0x00,
    0x00, 0x34, 0xFF, 0xFF, 0xFF, 0xFF, 0xFF, 0xFF, 0xFF, 0xFF, 0xC1, 0x77, 0x77, 0xC1, 0xFF, 0xFF,
    0xFF, 0xE8, 0x5A, 0x1A, 0x19, 0x5A, 0xE8, 0xFF, 0xFE, 0xFF, 0xFF, 0xFF, 0xFE, 0xFF, 0x34, 0x00,
    0x00, 0x68, 0xFC, 0xF8, 0xFC, 0xFC, 0xFC, 0xFA, 0xFD, 0x71, 0x00, 0x00, 0x00, 0x00, 0x71, 0xF9,
    0xF9, 0xFF, 0xFF, 0xF2, 0xF2, 0xFF, 0xFF, 0xFE, 0xFF, 0xFF, 0xFF, 0xFF, 0xFB, 0xFE, 0x6A, 0x00,
    0x00, 0x8B, 0xFF, 0xFB, 0xFF, 0xFF, 0xFC, 0xFF, 0xB6, 0x00, 0x04, 0x04, 0x04, 0x02, 0x00, 0x25,
    0x27, 0x26, 0x25, 0x2A, 0x2A, 0x25, 0x26, 0x27, 0x27, 0x27, 0x27, 0x27, 0x27, 0x27, 0x15, 0x00,
    0x00, 0x9E, 0xFF, 0xFB, 0xFF, 0xFF, 0xFB, 0xFF, 0x66, 0x02, 0x04, 0x00, 0x00, 0x00, 0x02, 0x00,
    0x00, 0x00, 0x00, 0x00, 0x00, 0x00, 0x00, 0x00, 0x00, 0x00, 0x00, 0x00, 0x00, 0x00, 0x00, 0x00,
    0x00, 0x9E, 0xFF, 0xFB, 0xFF, 0xFF, 0xFB, 0xFF, 0x66, 0x02, 0x04, 0x00, 0x00, 0x00, 0x02, 0x00,
    0x00, 0x00, 0x00, 0x00, 0x00, 0x00, 0x00, 0x00, 0x00, 0x00, 0x00, 0x00, 0x00, 0x00, 0x00, 0x00,
    0x00, 0x8B, 0xFF, 0xFB, 0xFF, 0xFF, 0xFC, 0xFF, 0xB6, 0x00, 0x04, 0x04, 0x04, 0x02, 0x00, 0x25,
    0x27, 0x26, 0x25, 0x2A, 0x2A, 0x25, 0x26, 0x27, 0x27, 0x27, 0x27, 0x27, 0x27, 0x27, 0x15, 0x00,
    0x00, 0x68, 0xFC, 0xF8, 0xFC, 0xFC, 0xFC, 0xFA, 0xFD, 0x71, 0x00, 0x00, 0x00, 0x00, 0x71, 0xF9,
    0xF9, 0xFF, 0xFF, 0xF2, 0xF2, 0xFF, 0xFF, 0xFE, 0xFF, 0xFF, 0xFF, 0xFF, 0xFB, 0xFE, 0x6A, 0x00,
    0x00, 0x34, 0xFF, 0xFF, 0xFF, 0xFF, 0xFF, 0xFF, 0xFF, 0xFF, 0xC1, 0x77, 0x77, 0xC1, 0xFF, 0xFF,
    0xFF, 0xE8, 0x5A, 0x1A, 0x19, 0x5A, 0xE8, 0xFF, 0xFE, 0xFF, 0xFF, 0xFF, 0xFE, 0xFF, 0x34, 0x00,
    0x00, 0x06, 0xAA, 0xBD, 0xBC, 0xBD, 0xBD, 0xBD, 0xBD, 0xBC, 0xCB, 0xCF, 0xCF, 0xCB, 0xBB, 0xBB,
    0xB9, 0x2C, 0x00, 0x00, 0x00, 0x00, 0x2C, 0xF3, 0xFD, 0xFE, 0xFE, 0xFD, 0xFE, 0xDF, 0x06, 0x00,
    0x00, 0x00, 0x00, 0x00, 0x00, 0x00, 0x00, 0x00, 0x00, 0x00, 0x00, 0x00, 0x00, 0x00, 0x00, 0x00,
    0x00, 0x00, 0x03, 0x01, 0x01, 0x07, 0x00, 0x95, 0xFF, 0xFB, 0xFF, 0xFB, 0xFF, 0x8B, 0x00, 0x04,
    0x00, 0x00, 0x02, 0x02, 0x04, 0x06, 0x06, 0x06, 0x06, 0x06, 0x06, 0x06, 0x06, 0x06, 0x06, 0x06,
    0x06, 0x02, 0x00, 0x00, 0x00, 0x04, 0x02, 0x5C, 0xFF, 0xFB, 0xFE, 0xFD, 0xF5, 0x1D, 0x00, 0x02,
    0x00, 0x00, 0x00, 0x00, 0x00, 0x00, 0x00, 0x00, 0x00, 0x00, 0x00, 0x00, 0x00, 0x00, 0x00, 0x00,
    0x00, 0x00, 0x01, 0x00, 0x00, 0x05, 0x00, 0x75, 0xFF, 0xFB, 0xFA, 0xFF, 0x88, 0x00, 0x03, 0x00,
    0x00, 0x00, 0x01, 0x00, 0x40, 0x62, 0x5D, 0x60, 0x60, 0x60, 0x60, 0x60, 0x60, 0x60, 0x5F, 0x5F,
    0x5C, 0x02, 0x00, 0x04, 0x04, 0x00, 0x02, 0xD6, 0xFF, 0xF9, 0xFF, 0xD4, 0x0A, 0x02, 0x01, 0x00,
    0x00, 0x00, 0x02, 0x01, 0x37, 0xFF, 0xFF, 0xFF, 0xFF, 0xFF, 0xFF, 0xFF, 0xFF, 0xFF, 0xFF, 0xFF,
    0xFF, 0xA9, 0x11, 0x00, 0x00, 0x11, 0xA9, 0xFF, 0xF9, 0xFF, 0xF0, 0x27, 0x00, 0x02, 0x00, 0x00,
    0x00, 0x00, 0x00, 0x02, 0x00, 0x3B, 0xEA, 0xFF, 0xF7, 0xFA, 0xFB, 0xFB, 0xFB, 0xFB, 0xFB, 0xFB,
    0xFB, 0xFF, 0xE5, 0xA8, 0xA8, 0xE5, 0xFF, 0xF9, 0xFF, 0xEE, 0x3F, 0x00, 0x03, 0x00, 0x00, 0x00,
    0x00, 0x00, 0x00, 0x00, 0x03, 0x00, 0x2A, 0xD0, 0xFF, 0xFF, 0xFB, 0xFD, 0xFF, 0xFF, 0xFF, 0xFF,
    0xFF, 0xFD, 0xFF, 0xFF, 0xFF, 0xFF, 0xFE, 0xFF, 0xD0, 0x2A, 0x00, 0x03, 0x00, 0x00, 0x00, 0x00,
    0x00, 0x00, 0x00, 0x00, 0x00, 0x03, 0x00, 0x0B, 0x89, 0xF1, 0xFF, 0xFF, 0xFE, 0xFB, 0xFB, 0xFB,
    0xFB, 0xFB, 0xFA, 0xFB, 0xFF, 0xFF, 0xF1, 0x89, 0x0B, 0x00, 0x03, 0x00, 0x00, 0x00, 0x00, 0x00,
    0x00, 0x00, 0x00, 0x00, 0x00, 0x00, 0x02, 0x00, 0x00, 0x21, 0x8A, 0xDB, 0xFF, 0xFF, 0xFF, 0xFF,
    0xFF, 0xFF, 0xFF, 0xFF, 0xDB, 0x8A, 0x21, 0x00, 0x00, 0x02, 0x00, 0x00, 0x00, 0x00, 0x00, 0x00,
    0x00, 0x00, 0x00, 0x00, 0x00, 0x00, 0x00, 0x01, 0x03, 0x00, 0x00, 0x06, 0x35, 0x67, 0x89, 0x9C,
    0x9C, 0x89, 0x67, 0x35, 0x06, 0x00, 0x00, 0x03, 0x01, 0x00, 0x00, 0x00, 0x00, 0x00, 0x00, 0x00,
    0x00, 0x00, 0x00, 0x00, 0x00, 0x00, 0x00, 0x00, 0x00, 0x02, 0x04, 0x00, 0x00, 0x00, 0x00, 0x00,
    0x00, 0x00, 0x00, 0x00, 0x00, 0x04, 0x02, 0x00, 0x00, 0x00, 0x00, 0x00, 0x00, 0x00, 0x00, 0x00,
};
const lv_image_dsc_t ui_feed_icon_dlna_32 = {
    .header = {.magic = LV_IMAGE_HEADER_MAGIC, .cf = LV_COLOR_FORMAT_A8,
               .w = 32, .h = 32, .stride = 32},
    .data_size = sizeof(s_dlna_32),
    .data = s_dlna_32,
};

static const uint8_t s_dlna_44[] = {
    0x00, 0x00, 0x00, 0x00, 0x00, 0x00, 0x00, 0x00, 0x00, 0x00, 0x00, 0x00, 0x00, 0x00, 0x00, 0x01,
    0x03, 0x04, 0x03, 0x00, 0x00, 0x00, 0x00, 0x00, 0x00, 0x03, 0x04, 0x03, 0x01, 0x00, 0x00, 0x00,
    0x00, 0x00, 0x00, 0x00, 0x00, 0x00, 0x00, 0x00, 0x00, 0x00, 0x00, 0x00, 0x00, 0x00, 0x00, 0x00,
    0x00, 0x00, 0x00, 0x00, 0x00, 0x00, 0x00, 0x00, 0x00, 0x02, 0x04, 0x00, 0x00, 0x00, 0x00, 0x00,
    0x0B, 0x11, 0x11, 0x0B, 0x00, 0x00, 0x00, 0x00, 0x00, 0x04, 0x02, 0x00, 0x00, 0x00, 0x00, 0x00,
    0x00, 0x00, 0x00, 0x00, 0x00, 0x00, 0x00, 0x00, 0x00, 0x00, 0x00, 0x00, 0x00, 0x00, 0x00, 0x00,
    0x00, 0x00, 0x00, 0x01, 0x03, 0x00, 0x00, 0x06, 0x3F, 0x7C, 0xAF, 0xD1, 0xE6, 0xEF, 0xEF, 0xE6,
    0xD1, 0xAF, 0x7C, 0x3F, 0x06, 0x00, 0x00, 0x03, 0x01, 0x00, 0x00, 0x00, 0x00, 0x00, 0x00, 0x00,
    0x00, 0x00, 0x00, 0x00, 0x00, 0x00, 0x00, 0x00, 0x00, 0x00, 0x00, 0x00, 0x00, 0x00, 0x03, 0x00,
    0x00, 0x26, 0x86, 0xDA, 0xFF, 0xFF, 0xFF, 0xFF, 0xFF, 0xFF, 0xFF, 0xFF, 0xFF, 0xFF, 0xFF, 0xFF,
    0xDA, 0x86, 0x26, 0x00, 0x00, 0x03, 0x00, 0x00, 0x00, 0x00, 0x00, 0x00, 0x00, 0x00, 0x00, 0x00,
    0x00, 0x00, 0x00, 0x00, 0x00, 0x00, 0x00, 0x00, 0x01, 0x03, 0x00, 0x1A, 0x95, 0xF7, 0xFF, 0xFF,
    0xFE, 0xFB, 0xFC, 0xFD, 0xFE, 0xFE, 0xFE, 0xFE, 0xFD, 0xFC, 0xFB, 0xFE, 0xFF, 0xFF, 0xF7, 0x95,
    0x1A, 0x00, 0x03, 0x01, 0x00, 0x00, 0x00, 0x00, 0x00, 0x00, 0x00, 0x00, 0x00, 0x00, 0x00, 0x00,
    0x00, 0x00, 0x00, 0x01, 0x02, 0x00, 0x5B, 0xE9, 0xFF, 0xFF, 0xFB, 0xFD, 0xFF, 0xFF, 0xFF, 0xFF,
    0xFF, 0xFF, 0xFF, 0xFF, 0xFF, 0xFF, 0xFE, 0xFD, 0xFC, 0xFB, 0xFF, 0xFF, 0xE9, 0x5B, 0x00, 0x02,
    0x01, 0x00, 0x00, 0x00, 0x00, 0x00, 0x00, 0x00, 0x00, 0x00, 0x00, 0x00, 0x00, 0x00, 0x01, 0x00,
    0x00, 0x94, 0xFF, 0xFF, 0xFB, 0xFE, 0xFF, 0xFF, 0xFF, 0xFF, 0xFF, 0xFF, 0xFF, 0xFF, 0xFF, 0xFF,
    0xFD, 0xFD, 0xFF, 0xFF, 0xFF, 0xFD, 0xFC, 0xFB, 0xFF, 0xFF, 0x94, 0x00, 0x00, 0x01, 0x00, 0x00,
    0x00, 0x00, 0x00, 0x00, 0x00, 0x00, 0x00, 0x00, 0x00, 0x01, 0x01, 0x0A, 0xAE, 0xFF, 0xFB, 0xFD,
    0xFF, 0xFF, 0xFF, 0xFF, 0xFF, 0xFF, 0xFF, 0xFF, 0xFF, 0xFF, 0xFF, 0xFD, 0xFF, 0xFF, 0xEB, 0xD8,
    0xEB, 0xFF, 0xFF, 0xFD, 0xFE, 0xFC, 0xFF, 0xAE, 0x0A, 0x01, 0x01, 0x00, 0x00, 0x00, 0x00, 0x00,
    0x00, 0x00, 0x00, 0x00, 0x01, 0x02, 0x00, 0xAD, 0xFF, 0xF7, 0xFD, 0xFD, 0xFD, 0xFD, 0xFD, 0xFD,
    0xFD, 0xFD, 0xFD, 0xFD, 0xFD, 0xFD, 0xFB, 0xFF, 0xD5, 0x54, 0x12, 0x03, 0x12, 0x54, 0xD5, 0xFF,
    0xFD, 0xFF, 0xF9, 0xFF, 0xB0, 0x02, 0x04, 0x01, 0x00, 0x00, 0x00, 0x00, 0x00, 0x00, 0x00, 0x00,
    0x03, 0x03, 0xA0, 0xFF, 0xFF, 0xFF, 0xFF, 0xFF, 0xFF, 0xFF, 0xFF, 0xFF, 0xFF, 0xFF, 0xFF, 0xFF,
    0xFF, 0xFF, 0xFF, 0xC8, 0x0F, 0x00, 0x00, 0x00, 0x00, 0x00, 0x0F, 0xC9, 0xFF, 0xFD, 0xFF, 0xF9,
    0xFF, 0x95, 0x00, 0x04, 0x00, 0x00, 0x00, 0x00, 0x00, 0x00, 0x00, 0x00, 0x00, 0x06, 0x46, 0x40,
    0x41, 0x42, 0x42, 0x42, 0x42, 0x42, 0x42, 0x42, 0x42, 0x42, 0x42, 0x42, 0x42, 0x41, 0x42, 0x11,
    0x00, 0x04, 0x01, 0x01, 0x01, 0x06, 0x00, 0x27, 0xF8, 0xFE, 0xFE, 0xFF, 0xFA, 0xFF, 0x59, 0x00,
    0x03, 0x00, 0x00, 0x00, 0x00, 0x00, 0x00, 0x00, 0x00, 0x00, 0x00, 0x00, 0x00, 0x00, 0x00, 0x00,
    0x00, 0x00, 0x00, 0x00, 0x00, 0x00, 0x00, 0x00, 0x00, 0x00, 0x00, 0x00, 0x01, 0x00, 0x00, 0x00,
    0x00, 0x00, 0x04, 0x00, 0xB1, 0xFF, 0xFC, 0xFF, 0xFD, 0xFD, 0xEE, 0x15, 0x01, 0x02, 0x00, 0x00,
    0x00, 0x00, 0x00, 0x00, 0x00, 0x00, 0x03, 0x03, 0x03, 0x03, 0x03, 0x03, 0x03, 0x03, 0x03, 0x03,
    0x03, 0x03, 0x03, 0x03, 0x03, 0x03, 0x03, 0x01, 0x00, 0x00, 0x00, 0x00, 0x00, 0x00, 0x04, 0x01,
    0x80, 0xFF, 0xFB, 0xFF, 0xFF, 0xFB, 0xFF, 0x97, 0x00, 0x03, 0x00, 0x00, 0x00, 0x00, 0x00, 0x04,
    0x04, 0x04, 0x04, 0x04, 0x04, 0x04, 0x04, 0x04, 0x04, 0x04, 0x04, 0x04, 0x04, 0x04, 0x04, 0x04,
    0x04, 0x04, 0x04, 0x02, 0x00, 0x00, 0x00, 0x00, 0x00, 0x00, 0x04, 0x01, 0x87, 0xFF, 0xFB, 0xFF,
    0xFF, 0xFE, 0xFD, 0xFB, 0x21, 0x00, 0x02, 0x00, 0x00, 0x00, 0x00, 0x00, 0x00, 0x00, 0x00, 0x00,
    0x00, 0x00, 0x00, 0x00, 0x00, 0x00, 0x00, 0x00, 0x00, 0x00, 0x00, 0x00, 0x00, 0x00, 0x00, 0x00,
    0x02, 0x00, 0x00, 0x00, 0x00, 0x00, 0x04, 0x00, 0xC5, 0xFF, 0xFC, 0xFF, 0xFF, 0xFF, 0xFB, 0xFF,
    0x86, 0x00, 0x04, 0x00, 0x00, 0x00, 0x05, 0x75, 0x80, 0x7F, 0x7F, 0x7F, 0x7F, 0x7F, 0x7F, 0x7F,
    0x80, 0x7E, 0x7C, 0x81, 0x84, 0x81, 0x7C, 0x7E, 0x80, 0x7E, 0x80, 0x35, 0x00, 0x05, 0x03, 0x02,
    0x03, 0x06, 0x00, 0x49, 0xFF, 0xFD, 0xFF, 0xFF, 0xFF, 0xFF, 0xFD, 0xFF, 0xDE, 0x05, 0x01, 0x01,
    0x03, 0x00, 0x3D, 0xFF, 0xFF, 0xFF, 0xFF, 0xFF, 0xFF, 0xFF, 0xFF, 0xFF, 0xFF, 0xFF, 0xFF, 0xFF,
    0xFF, 0xFF, 0xFF, 0xFF, 0xFF, 0xFF, 0xFF, 0xEB, 0x36, 0x00, 0x00, 0x00, 0x00, 0x00, 0x36, 0xE8,
    0xFE, 0xFD, 0xFF, 0xFF, 0xFF, 0xFF, 0xFF, 0xFD, 0xFF, 0x3D, 0x00, 0x03, 0x05, 0x00, 0x7E, 0xFB,
    0xF6, 0xFB, 0xFB, 0xFB, 0xFB, 0xFB, 0xFB, 0xF9, 0xFF, 0xE4, 0x6D, 0x23, 0x0F, 0x23, 0x6D, 0xE4,
    0xFF, 0xF6, 0xF6, 0xFD, 0xF4, 0x8D, 0x3D, 0x26, 0x3D, 0x8D, 0xF4, 0xFE, 0xFA, 0xFB, 0xFB, 0xFB,
    0xFB, 0xFB, 0xFB, 0xF7, 0xFB, 0x7B, 0x00, 0x05, 0x03, 0x00, 0xAF, 0xFF, 0xFC, 0xFF, 0xFF, 0xFF,
    0xFF, 0xFF, 0xFD, 0xFF, 0xDA, 0x20, 0x00, 0x00, 0x00, 0x00, 0x00, 0x20, 0xDB, 0xFF, 0xFF, 0xFF,
    0xFF, 0xFF, 0xFF, 0xFF, 0xFF, 0xFF, 0xFF, 0xFF, 0xFF, 0xFF, 0xFF, 0xFF, 0xFF, 0xFF, 0xFF, 0xFF,
    0xFF, 0xBD, 0x00, 0x03, 0x00, 0x00, 0xD2, 0xFF, 0xFD, 0xFF, 0xFF, 0xFF, 0xFF, 0xFF, 0xFD, 0xFC,
    0x36, 0x00, 0x06, 0x02, 0x01, 0x02, 0x05, 0x00, 0x22, 0x60, 0x5E, 0x60, 0x5F, 0x5C, 0x5E, 0x60,
    0x5E, 0x5C, 0x5F, 0x60, 0x60, 0x60, 0x60, 0x60, 0x60, 0x60, 0x60, 0x5F, 0x60, 0x4C, 0x00, 0x00,
    0x00, 0x0B, 0xE8, 0xFF, 0xFE, 0xFF, 0xFF, 0xFF, 0xFF, 0xFC, 0xFF, 0xBB, 0x00, 0x04, 0x00, 0x00,
    0x00, 0x00, 0x00, 0x02, 0x00, 0x00, 0x00, 0x00, 0x00, 0x00, 0x00, 0x00, 0x00, 0x00, 0x00, 0x00,
    0x00, 0x00, 0x00, 0x00, 0x00, 0x00, 0x00, 0x00, 0x00, 0x00, 0x00, 0x00, 0x00, 0x12, 0xF0, 0xFF,
    0xFE, 0xFF, 0xFF, 0xFF, 0xFF, 0xFB, 0xFF, 0x83, 0x01, 0x04, 0x00, 0x00, 0x00, 0x00, 0x00, 0x00,
    0x02, 0x04, 0x04, 0x04, 0x04, 0x04, 0x04, 0x04, 0x04, 0x04, 0x04, 0x04, 0x04, 0x04, 0x04, 0x04,
    0x04, 0x04, 0x04, 0x04, 0x04, 0x03, 0x00, 0x00, 0x00, 0x12, 0xF0, 0xFF, 0xFE, 0xFF, 0xFF, 0xFF,
    0xFF, 0xFB, 0xFF, 0x83, 0x01, 0x04, 0x00, 0x00, 0x00, 0x00, 0x00, 0x00, 0x02, 0x04, 0x04, 0x04,
    0x04, 0x04, 0x04, 0x04, 0x04, 0x04, 0x04, 0x04, 0x04, 0x04, 0x04, 0x04, 0x04, 0x04, 0x04, 0x04,
    0x04, 0x03, 0x00, 0x00, 0x00, 0x0B, 0xE8, 0xFF, 0xFE, 0xFF, 0xFF, 0xFF, 0xFF, 0xFC, 0xFF, 0xBB,
    0x00, 0x04, 0x00, 0x00, 0x00, 0x00, 0x00, 0x02, 0x00, 0x00, 0x00, 0x00, 0x00, 0x00, 0x00, 0x00,
    0x00, 0x00, 0x00, 0x00, 0x00, 0x00, 0x00, 0x00, 0x00, 0x00, 0x00, 0x00, 0x00, 0x00, 0x00, 0x00,
    0x00, 0x00, 0xD2, 0xFF, 0xFD, 0xFF, 0xFF, 0xFF, 0xFF, 0xFF, 0xFD, 0xFC, 0x36, 0x00, 0x06, 0x02,
    0x01, 0x02, 0x05, 0x00, 0x22, 0x60, 0x5E, 0x60, 0x5F, 0x5C, 0x5E, 0x60, 0x5E, 0x5C, 0x5F, 0x60,
    0x60, 0x60, 0x60, 0x60, 0x60, 0x60, 0x60, 0x5F, 0x60, 0x4C, 0x00, 0x00, 0x03, 0x00, 0xAF, 0xFF,
    0xFC, 0xFF, 0xFF, 0xFF, 0xFF, 0xFF, 0xFD, 0xFF, 0xDA, 0x20, 0x00, 0x00, 0x00, 0x00, 0x00, 0x20,
    0xDB, 0xFF, 0xFF, 0xFF, 0xFF, 0xFF, 0xFF, 0xFF, 0xFF, 0xFF, 0xFF, 0xFF, 0xFF, 0xFF, 0xFF, 0xFF,
    0xFF, 0xFF, 0xFF, 0xFF, 0xFF, 0xBD, 0x00, 0x03, 0x05, 0x00, 0x7E, 0xFB, 0xF6, 0xFB, 0xFB, 0xFB,
    0xFB, 0xFB, 0xFB, 0xF9, 0xFF, 0xE4, 0x6D, 0x23, 0x0F, 0x23, 0x6D, 0xE4, 0xFF, 0xF6, 0xF6, 0xFD,
    0xF4, 0x8D, 0x3D, 0x26, 0x3D, 0x8D, 0xF4, 0xFE, 0xFA, 0xFB, 0xFB, 0xFB, 0xFB, 0xFB, 0xFB, 0xF7,
    0xFB, 0x7B, 0x00, 0x05, 0x03, 0x00, 0x3D, 0xFF, 0xFF, 0xFF, 0xFF, 0xFF, 0xFF, 0xFF, 0xFF, 0xFF,
    0xFF, 0xFF, 0xFF, 0xFF, 0xFF, 0xFF, 0xFF, 0xFF, 0xFF, 0xFF, 0xFF, 0xEB, 0x36, 0x00, 0x00, 0x00,
    0x00, 0x00, 0x36, 0xE8, 0xFE, 0xFD, 0xFF, 0xFF, 0xFF, 0xFF, 0xFF, 0xFD, 0xFF, 0x3D, 0x00, 0x03,
    0x00, 0x00, 0x05, 0x75, 0x80, 0x7F, 0x7F, 0x7F, 0x7F, 0x7F, 0x7F, 0x7F, 0x80, 0x7E, 0x7C, 0x81,
    0x84, 0x81, 0x7C, 0x7E, 0x80, 0x7E, 0x80, 0x35, 0x00, 0x05, 0x03, 0x02, 0x03, 0x06, 0x00, 0x49,
    0xFF, 0xFD, 0xFF, 0xFF, 0xFF, 0xFF, 0xFD, 0xFF, 0xDE, 0x05, 0x01, 0x01, 0x00, 0x00, 0x00, 0x00,
    0x00, 0x00, 0x00, 0x00, 0x00, 0x00, 0x00, 0x00, 0x00, 0x00, 0x00, 0x00, 0x00, 0x00, 0x00, 0x00,
    0x00, 0x00, 0x00, 0x00, 0x02, 0x00, 0x00, 0x00, 0x00, 0x00, 0x04, 0x00, 0xC5, 0xFF, 0xFC, 0xFF,
    0xFF, 0xFF, 0xFB, 0xFF, 0x86, 0x00, 0x04, 0x00, 0x00, 0x00, 0x00, 0x04, 0x04, 0x04, 0x04, 0x04,
    0x04, 0x04, 0x04, 0x04, 0x04, 0x04, 0x04, 0x04, 0x04, 0x04, 0x04, 0x04, 0x04, 0x04, 0x04, 0x02,
    0x00, 0x00, 0x00, 0x00, 0x00, 0x00, 0x04, 0x01, 0x87, 0xFF, 0xFB, 0xFF, 0xFF, 0xFE, 0xFD, 0xFB,
    0x21, 0x00, 0x02, 0x00, 0x00, 0x00, 0x00, 0x00, 0x00, 0x00, 0x03, 0x03, 0x03, 0x03, 0x03, 0x03,
    0x03, 0x03, 0x03, 0x03, 0x03, 0x03, 0x03, 0x03, 0x03, 0x03, 0x03, 0x01, 0x00, 0x00, 0x00, 0x00,
    0x00, 0x00, 0x04, 0x01, 0x80, 0xFF, 0xFB, 0xFF, 0xFF, 0xFB, 0xFF, 0x97, 0x00, 0x03, 0x00, 0x00,
    0x00, 0x00, 0x00, 0x00, 0x00, 0x00, 0x00, 0x00, 0x00, 0x00, 0x00, 0x00, 0x00, 0x00, 0x00, 0x00,
    0x00, 0x00, 0x00, 0x00, 0x00, 0x00, 0x00, 0x00, 0x01, 0x00, 0x00, 0x00, 0x00, 0x00, 0x04, 0x00,
    0xB1, 0xFF, 0xFC, 0xFF, 0xFD, 0xFD, 0xEE, 0x15, 0x01, 0x02, 0x00, 0x00, 0x00, 0x00, 0x00, 0x00,
    0x00, 0x06, 0x46, 0x40, 0x41, 0x42, 0x42, 0x42, 0x42, 0x42, 0x42, 0x42, 0x42, 0x42, 0x42, 0x42,
    0x42, 0x41, 0x42, 0x11, 0x00, 0x04, 0x01, 0x01, 0x01, 0x06, 0x00, 0x27, 0xF8, 0xFE, 0xFE, 0xFF,
    0xFA, 0xFF, 0x59, 0x00, 0x03, 0x00, 0x00, 0x00, 0x00, 0x00, 0x00, 0x00, 0x03, 0x03, 0xA0, 0xFF,
    0xFF, 0xFF, 0xFF, 0xFF, 0xFF, 0xFF, 0xFF, 0xFF, 0xFF, 0xFF, 0xFF, 0xFF, 0xFF, 0xFF, 0xFF, 0xC8,
    0x0F, 0x00, 0x00, 0x00, 0x00, 0x00, 0x0F, 0xC9, 0xFF, 0xFD, 0xFF, 0xF9, 0xFF, 0x95, 0x00, 0x04,
    0x00, 0x00, 0x00, 0x00, 0x00, 0x00, 0x00, 0x00, 0x01, 0x02, 0x00, 0xAD, 0xFF, 0xF7, 0xFD, 0xFD,
    0xFD, 0xFD, 0xFD, 0xFD, 0xFD, 0xFD, 0xFD, 0xFD, 0xFD, 0xFD, 0xFB, 0xFF, 0xD5, 0x54, 0x12, 0x03,
    0x12, 0x54, 0xD5, 0xFF, 0xFD, 0xFF, 0xF9, 0xFF, 0xB0, 0x02, 0x04, 0x01, 0x00, 0x00, 0x00, 0x00,
    0x00, 0x00, 0x00, 0x00, 0x00, 0x01, 0x01, 0x0A, 0xAE, 0xFF, 0xFB, 0xFD, 0xFF, 0xFF, 0xFF, 0xFF,
    0xFF, 0xFF, 0xFF, 0xFF, 0xFF, 0xFF, 0xFF, 0xFD, 0xFF, 0xFF, 0xEB, 0xD8, 0xEB, 0xFF, 0xFF, 0xFD,
    0xFE, 0xFC, 0xFF, 0xAE, 0x0A, 0x01, 0x01, 0x00, 0x00, 0x00, 0x00, 0x00, 0x00, 0x00, 0x00, 0x00,
    0x00, 0x00, 0x01, 0x00, 0x00, 0x94, 0xFF, 0xFF, 0xFB, 0xFE, 0xFF, 0xFF, 0xFF, 0xFF, 0xFF, 0xFF,
    0xFF, 0xFF, 0xFF, 0xFF, 0xFD, 0xFD, 0xFF, 0xFF, 0xFF, 0xFD, 0xFC, 0xFB, 0xFF, 0xFF, 0x94, 0x00,
    0x00, 0x01, 0x00, 0x00, 0x00, 0x00, 0x00, 0x00, 0x00, 0x00, 0x00, 0x00, 0x00, 0x00, 0x00, 0x01,
    0x02, 0x00, 0x5B, 0xE9, 0xFF, 0xFF, 0xFB, 0xFD, 0xFF, 0xFF, 0xFF, 0xFF, 0xFF, 0xFF, 0xFF, 0xFF,
    0xFF, 0xFF, 0xFE, 0xFD, 0xFC, 0xFB, 0xFF, 0xFF, 0xE9, 0x5B, 0x00, 0x02, 0x01, 0x00, 0x00, 0x00,
    0x00, 0x00, 0x00, 0x00, 0x00, 0x00, 0x00, 0x00, 0x00, 0x00, 0x00, 0x00, 0x01, 0x03, 0x00, 0x1A,
    0x95, 0xF7, 0xFF, 0xFF, 0xFE, 0xFB, 0xFC, 0xFD, 0xFE, 0xFE, 0xFE, 0xFE, 0xFD, 0xFC, 0xFB, 0xFE,
    0xFF, 0xFF, 0xF7, 0x95, 0x1A, 0x00, 0x03, 0x01, 0x00, 0x00, 0x00, 0x00, 0x00, 0x00, 0x00, 0x00,
    0x00, 0x00, 0x00, 0x00, 0x00, 0x00, 0x00, 0x00, 0x00, 0x00, 0x03, 0x00, 0x00, 0x26, 0x86, 0xDA,
    0xFF, 0xFF, 0xFF, 0xFF, 0xFF, 0xFF, 0xFF, 0xFF, 0xFF, 0xFF, 0xFF, 0xFF, 0xDA, 0x86, 0x26, 0x00,
    0x00, 0x03, 0x00, 0x00, 0x00, 0x00, 0x00, 0x00, 0x00, 0x00, 0x00, 0x00, 0x00, 0x00, 0x00, 0x00,
    0x00, 0x00, 0x00, 0x00, 0x00, 0x00, 0x00, 0x01, 0x03, 0x00, 0x00, 0x06, 0x3F, 0x7C, 0xAF, 0xD1,
    0xE6, 0xEF, 0xEF, 0xE6, 0xD1, 0xAF, 0x7C, 0x3F, 0x06, 0x00, 0x00, 0x03, 0x01, 0x00, 0x00, 0x00,
    0x00, 0x00, 0x00, 0x00, 0x00, 0x00, 0x00, 0x00, 0x00, 0x00, 0x00, 0x00, 0x00, 0x00, 0x00, 0x00,
    0x00, 0x00, 0x00, 0x00, 0x00, 0x02, 0x04, 0x00, 0x00, 0x00, 0x00, 0x00, 0x0B, 0x11, 0x11, 0x0B,
    0x00, 0x00, 0x00, 0x00, 0x00, 0x04, 0x02, 0x00, 0x00, 0x00, 0x00, 0x00, 0x00, 0x00, 0x00, 0x00,
    0x00, 0x00, 0x00, 0x00, 0x00, 0x00, 0x00, 0x00, 0x00, 0x00, 0x00, 0x00, 0x00, 0x00, 0x00, 0x00,
    0x00, 0x00, 0x00, 0x01, 0x03, 0x04, 0x03, 0x00, 0x00, 0x00, 0x00, 0x00, 0x00, 0x03, 0x04, 0x03,
    0x01, 0x00, 0x00, 0x00, 0x00, 0x00, 0x00, 0x00, 0x00, 0x00, 0x00, 0x00, 0x00, 0x00, 0x00, 0x00,
};
const lv_image_dsc_t ui_feed_icon_dlna_44 = {
    .header = {.magic = LV_IMAGE_HEADER_MAGIC, .cf = LV_COLOR_FORMAT_A8,
               .w = 44, .h = 44, .stride = 44},
    .data_size = sizeof(s_dlna_44),
    .data = s_dlna_44,
};

static const uint8_t s_dlna_48[] = {
    0x00, 0x00, 0x00, 0x00, 0x00, 0x00, 0x00, 0x00, 0x00, 0x00, 0x00, 0x00, 0x00, 0x00, 0x00, 0x00,
    0x00, 0x01, 0x02, 0x04, 0x04, 0x03, 0x01, 0x00, 0x00, 0x01, 0x03, 0x04, 0x04, 0x02, 0x01, 0x00,
    0x00, 0x00, 0x00, 0x00, 0x00, 0x00, 0x00, 0x00, 0x00, 0x00, 0x00, 0x00, 0x00, 0x00, 0x00, 0x00,
    0x00, 0x00, 0x00, 0x00, 0x00, 0x00, 0x00, 0x00, 0x00, 0x00, 0x00, 0x00, 0x00, 0x00, 0x00, 0x02,
    0x04, 0x00, 0x00, 0x00, 0x00, 0x00, 0x00, 0x00, 0x00, 0x00, 0x00, 0x00, 0x00, 0x00, 0x00, 0x04,
    0x02, 0x00, 0x00, 0x00, 0x00, 0x00, 0x00, 0x00, 0x00, 0x00, 0x00, 0x00, 0x00, 0x00, 0x00, 0x00,
    0x00, 0x00, 0x00, 0x00, 0x00, 0x00, 0x00, 0x00, 0x00, 0x00, 0x00, 0x00, 0x00, 0x02, 0x02, 0x00,
    0x00, 0x04, 0x2F, 0x67, 0x94, 0xB9, 0xCE, 0xD9, 0xD9, 0xCE, 0xB9, 0x94, 0x67, 0x2F, 0x04, 0x00,
    0x00, 0x02, 0x02, 0x00, 0x00, 0x00, 0x00, 0x00, 0x00, 0x00, 0x00, 0x00, 0x00, 0x00, 0x00, 0x00,
    0x00, 0x00, 0x00, 0x00, 0x00, 0x00, 0x00, 0x00, 0x00, 0x00, 0x00, 0x01, 0x03, 0x00, 0x00, 0x30,
    0x8C, 0xD8, 0xFF, 0xFF, 0xFF, 0xFF, 0xFF, 0xFF, 0xFF, 0xFF, 0xFF, 0xFF, 0xFF, 0xFF, 0xD8, 0x8C,
    0x30, 0x00, 0x00, 0x03, 0x01, 0x00, 0x00, 0x00, 0x00, 0x00, 0x00, 0x00, 0x00, 0x00, 0x00, 0x00,
    0x00, 0x00, 0x00, 0x00, 0x00, 0x00, 0x00, 0x00, 0x00, 0x00, 0x03, 0x00, 0x00, 0x37, 0xAC, 0xFD,
    0xFF, 0xFF, 0xFF, 0xFB, 0xFB, 0xFC, 0xFD, 0xFD, 0xFD, 0xFD, 0xFC, 0xFB, 0xFB, 0xFF, 0xFF, 0xFF,
    0xFD, 0xAC, 0x37, 0x00, 0x00, 0x03, 0x00, 0x00, 0x00, 0x00, 0x00, 0x00, 0x00, 0x00, 0x00, 0x00,
    0x00, 0x00, 0x00, 0x00, 0x00, 0x00, 0x00, 0x00, 0x00, 0x04, 0x00, 0x12, 0x95, 0xFD, 0xFF, 0xFF,
    0xFB, 0xFD, 0xFF, 0xFF, 0xFF, 0xFF, 0xFF, 0xFF, 0xFF, 0xFF, 0xFF, 0xFF, 0xFF, 0xFF, 0xFD, 0xFB,
    0xFF, 0xFF, 0xFD, 0x95, 0x12, 0x00, 0x04, 0x00, 0x00, 0x00, 0x00, 0x00, 0x00, 0x00, 0x00, 0x00,
    0x00, 0x00, 0x00, 0x00, 0x00, 0x00, 0x00, 0x00, 0x04, 0x00, 0x3B, 0xDB, 0xFF, 0xFE, 0xFC, 0xFF,
    0xFF, 0xFF, 0xFF, 0xFF, 0xFF, 0xFF, 0xFF, 0xFF, 0xFF, 0xFF, 0xFF, 0xFE, 0xFC, 0xFB, 0xFB, 0xFC,
    0xFE, 0xFC, 0xFE, 0xFF, 0xDB, 0x3B, 0x00, 0x04, 0x00, 0x00, 0x00, 0x00, 0x00, 0x00, 0x00, 0x00,
    0x00, 0x00, 0x00, 0x00, 0x00, 0x00, 0x00, 0x04, 0x00, 0x60, 0xFB, 0xFF, 0xFB, 0xFF, 0xFF, 0xFF,
    0xFF, 0xFF, 0xFF, 0xFF, 0xFF, 0xFF, 0xFF, 0xFF, 0xFF, 0xFF, 0xFD, 0xFF, 0xFF, 0xFF, 0xFF, 0xFF,
    0xFF, 0xFD, 0xFF, 0xFB, 0xFF, 0xFB, 0x60, 0x00, 0x04, 0x00, 0x00, 0x00, 0x00, 0x00, 0x00, 0x00,
    0x00, 0x00, 0x00, 0x00, 0x00, 0x00, 0x04, 0x00, 0x71, 0xFF, 0xFD, 0xFC, 0xFF, 0xFE, 0xFE, 0xFE,
    0xFE, 0xFE, 0xFE, 0xFE, 0xFE, 0xFE, 0xFE, 0xFE, 0xFF, 0xFC, 0xFF, 0xFA, 0xB6, 0x84, 0x84, 0xB6,
    0xFA, 0xFF, 0xFC, 0xFF, 0xFD, 0xFE, 0xFF, 0x72, 0x00, 0x04, 0x00, 0x00, 0x00, 0x00, 0x00, 0x00,
    0x00, 0x00, 0x00, 0x00, 0x00, 0x03, 0x00, 0x5F, 0xFF, 0xFC, 0xFE, 0xFF, 0xFF, 0xFF, 0xFF, 0xFF,
    0xFF, 0xFF, 0xFF, 0xFF, 0xFF, 0xFF, 0xFF, 0xFF, 0xFE, 0xFF, 0xC1, 0x2D, 0x00, 0x00, 0x00, 0x00,
    0x2D, 0xC1, 0xFF, 0xFD, 0xFF, 0xFE, 0xFB, 0xFF, 0x5F, 0x00, 0x04, 0x00, 0x00, 0x00, 0x00, 0x00,
    0x00, 0x00, 0x00, 0x00, 0x02, 0x00, 0x3C, 0xFB, 0xFC, 0xFD, 0xFF, 0xFF, 0xFF, 0xFF, 0xFF, 0xFF,
    0xFF, 0xFF, 0xFF, 0xFF, 0xFF, 0xFF, 0xFF, 0xFC, 0xFE, 0xC0, 0x06, 0x00, 0x03, 0x04, 0x04, 0x03,
    0x00, 0x06, 0xC4, 0xFF, 0xFC, 0xFF, 0xFE, 0xFC, 0xFC, 0x37, 0x00, 0x03, 0x00, 0x00, 0x00, 0x00,
    0x00, 0x00, 0x00, 0x00, 0x01, 0x00, 0x1C, 0x28, 0x26, 0x27, 0x27, 0x27, 0x27, 0x27, 0x27, 0x27,
    0x27, 0x27, 0x27, 0x27, 0x27, 0x27, 0x27, 0x26, 0x27, 0x09, 0x00, 0x03, 0x00, 0x00, 0x00, 0x00,
    0x05, 0x00, 0x25, 0xF7, 0xFE, 0xFE, 0xFF, 0xFD, 0xFF, 0xDE, 0x10, 0x02, 0x01, 0x00, 0x00, 0x00,
    0x00, 0x00, 0x00, 0x00, 0x00, 0x00, 0x00, 0x00, 0x00, 0x00, 0x00, 0x00, 0x00, 0x00, 0x00, 0x00,
    0x00, 0x00, 0x00, 0x00, 0x00, 0x00, 0x00, 0x00, 0x00, 0x00, 0x01, 0x00, 0x00, 0x00, 0x00, 0x00,
    0x00, 0x03, 0x00, 0xB5, 0xFF, 0xFC, 0xFF, 0xFF, 0xFB, 0xFF, 0x96, 0x00, 0x03, 0x00, 0x00, 0x00,
    0x00, 0x00, 0x00, 0x00, 0x00, 0x00, 0x01, 0x02, 0x02, 0x02, 0x02, 0x02, 0x02, 0x02, 0x02, 0x02,
    0x02, 0x02, 0x02, 0x02, 0x02, 0x02, 0x02, 0x02, 0x02, 0x01, 0x00, 0x00, 0x00, 0x00, 0x00, 0x00,
    0x00, 0x04, 0x01, 0x81, 0xFF, 0xFB, 0xFF, 0xFF, 0xFE, 0xFC, 0xFD, 0x31, 0x00, 0x03, 0x00, 0x00,
    0x00, 0x00, 0x00, 0x02, 0x02, 0x02, 0x02, 0x02, 0x02, 0x02, 0x02, 0x02, 0x02, 0x02, 0x02, 0x02,
    0x02, 0x02, 0x02, 0x02, 0x02, 0x02, 0x02, 0x02, 0x02, 0x01, 0x00, 0x00, 0x00, 0x00, 0x00, 0x00,
    0x00, 0x04, 0x01, 0x81, 0xFF, 0xFB, 0xFF, 0xFF, 0xFF, 0xFC, 0xFF, 0xB0, 0x00, 0x03, 0x00, 0x00,
    0x00, 0x00, 0x00, 0x00, 0x00, 0x00, 0x00, 0x00, 0x00, 0x00, 0x00, 0x00, 0x00, 0x00, 0x00, 0x00,
    0x00, 0x00, 0x00, 0x00, 0x00, 0x00, 0x00, 0x00, 0x00, 0x00, 0x01, 0x00, 0x00, 0x00, 0x00, 0x00,
    0x00, 0x03, 0x00, 0xB5, 0xFF, 0xFC, 0xFF, 0xFF, 0xFF, 0xFE, 0xFD, 0xFE, 0x2B, 0x00, 0x02, 0x00,
    0x00, 0x00, 0x00, 0x1A, 0x27, 0x27, 0x27, 0x27, 0x27, 0x27, 0x27, 0x27, 0x27, 0x27, 0x27, 0x26,
    0x24, 0x23, 0x23, 0x24, 0x26, 0x27, 0x27, 0x26, 0x27, 0x09, 0x00, 0x03, 0x00, 0x00, 0x00, 0x00,
    0x05, 0x00, 0x25, 0xF7, 0xFE, 0xFE, 0xFF, 0xFF, 0xFF, 0xFF, 0xFB, 0xFF, 0x8C, 0x00, 0x04, 0x00,
    0x01, 0x01, 0x05, 0xD9, 0xFF, 0xFD, 0xFF, 0xFF, 0xFF, 0xFF, 0xFF, 0xFF, 0xFF, 0xFF, 0xFC, 0xFF,
    0xFF, 0xFF, 0xFF, 0xFF, 0xFF, 0xFC, 0xFF, 0xFC, 0xFE, 0xC0, 0x06, 0x00, 0x03, 0x04, 0x04, 0x03,
    0x00, 0x06, 0xC4, 0xFF, 0xFC, 0xFF, 0xFF, 0xFF, 0xFF, 0xFF, 0xFD, 0xFF, 0xDD, 0x05, 0x00, 0x01,
    0x02, 0x00, 0x2D, 0xFF, 0xFF, 0xFF, 0xFF, 0xFF, 0xFF, 0xFF, 0xFF, 0xFF, 0xFF, 0xFD, 0xFF, 0xFB,
    0xB6, 0x84, 0x84, 0xB6, 0xFB, 0xFF, 0xFD, 0xFF, 0xFD, 0xFF, 0xC0, 0x2C, 0x00, 0x00, 0x00, 0x00,
    0x2C, 0xC0, 0xFF, 0xFC, 0xFF, 0xFE, 0xFE, 0xFE, 0xFE, 0xFE, 0xFE, 0xFE, 0xFE, 0x2D, 0x00, 0x02,
    0x04, 0x00, 0x68, 0xFF, 0xFB, 0xFF, 0xFE, 0xFE, 0xFE, 0xFE, 0xFE, 0xFF, 0xFC, 0xFF, 0xC0, 0x2C,
    0x00, 0x00, 0x00, 0x00, 0x2C, 0xC0, 0xFF, 0xFD, 0xFF, 0xFD, 0xFF, 0xFB, 0xB6, 0x84, 0x84, 0xB6,
    0xFB, 0xFF, 0xFD, 0xFF, 0xFF, 0xFF, 0xFF, 0xFF, 0xFF, 0xFF, 0xFF, 0xFC, 0xFF, 0x68, 0x00, 0x04,
    0x04, 0x00, 0x97, 0xFF, 0xFB, 0xFF, 0xFF, 0xFF, 0xFF, 0xFF, 0xFF, 0xFC, 0xFF, 0xC4, 0x06, 0x00,
    0x03, 0x04, 0x04, 0x03, 0x00, 0x06, 0xC0, 0xFE, 0xFC, 0xFF, 0xFC, 0xFF, 0xFF, 0xFF, 0xFF, 0xFF,
    0xFF, 0xFC, 0xFF, 0xFF, 0xFF, 0xFF, 0xFF, 0xFF, 0xFF, 0xFF, 0xFF, 0xFB, 0xFE, 0x96, 0x00, 0x04,
    0x02, 0x00, 0xB9, 0xFF, 0xFC, 0xFF, 0xFF, 0xFF, 0xFF, 0xFF, 0xFE, 0xFE, 0xF7, 0x25, 0x00, 0x05,
    0x00, 0x00, 0x00, 0x00, 0x03, 0x00, 0x09, 0x27, 0x26, 0x27, 0x27, 0x26, 0x24, 0x23, 0x23, 0x24,
    0x26, 0x27, 0x27, 0x27, 0x27, 0x27, 0x27, 0x27, 0x27, 0x27, 0x27, 0x27, 0x27, 0x1A, 0x00, 0x01,
    0x01, 0x00, 0xCF, 0xFF, 0xFD, 0xFF, 0xFF, 0xFF, 0xFF, 0xFF, 0xFC, 0xFF, 0xB5, 0x00, 0x03, 0x00,
    0x00, 0x00, 0x00, 0x00, 0x00, 0x01, 0x00, 0x00, 0x00, 0x00, 0x00, 0x00, 0x00, 0x00, 0x00, 0x00,
    0x00, 0x00, 0x00, 0x00, 0x00, 0x00, 0x00, 0x00, 0x00, 0x00, 0x00, 0x00, 0x00, 0x00, 0x00, 0x00,
    0x00, 0x00, 0xDA, 0xFF, 0xFD, 0xFF, 0xFF, 0xFF, 0xFF, 0xFF, 0xFB, 0xFF, 0x81, 0x01, 0x04, 0x00,
    0x00, 0x00, 0x00, 0x00, 0x00, 0x00, 0x01, 0x02, 0x02, 0x02, 0x02, 0x02, 0x02, 0x02, 0x02, 0x02,
    0x02, 0x02, 0x02, 0x02, 0x02, 0x02, 0x02, 0x02, 0x02, 0x02, 0x02, 0x02, 0x02, 0x01, 0x00, 0x00,
    0x00, 0x00, 0xDA, 0xFF, 0xFD, 0xFF, 0xFF, 0xFF, 0xFF, 0xFF, 0xFB, 0xFF, 0x81, 0x01, 0x04, 0x00,
    0x00, 0x00, 0x00, 0x00, 0x00, 0x00, 0x01, 0x02, 0x02, 0x02, 0x02, 0x02, 0x02, 0x02, 0x02, 0x02,
    0x02, 0x02, 0x02, 0x02, 0x02, 0x02, 0x02, 0x02, 0x02, 0x02, 0x02, 0x02, 0x02, 0x01, 0x00, 0x00,
    0x01, 0x00, 0xCF, 0xFF, 0xFD, 0xFF, 0xFF, 0xFF, 0xFF, 0xFF, 0xFC, 0xFF, 0xB5, 0x00, 0x03, 0x00,
    0x00, 0x00, 0x00, 0x00, 0x00, 0x01, 0x00, 0x00, 0x00, 0x00, 0x00, 0x00, 0x00, 0x00, 0x00, 0x00,
    0x00, 0x00, 0x00, 0x00, 0x00, 0x00, 0x00, 0x00, 0x00, 0x00, 0x00, 0x00, 0x00, 0x00, 0x00, 0x00,
    0x02, 0x00, 0xB9, 0xFF, 0xFC, 0xFF, 0xFF, 0xFF, 0xFF, 0xFF, 0xFE, 0xFE, 0xF7, 0x25, 0x00, 0x05,
    0x00, 0x00, 0x00, 0x00, 0x03, 0x00, 0x09, 0x27, 0x26, 0x27, 0x27, 0x26, 0x24, 0x23, 0x23, 0x24,
    0x26, 0x27, 0x27, 0x27, 0x27, 0x27, 0x27, 0x27, 0x27, 0x27, 0x27, 0x27, 0x27, 0x1A, 0x00, 0x01,
    0x04, 0x00, 0x97, 0xFF, 0xFB, 0xFF, 0xFF, 0xFF, 0xFF, 0xFF, 0xFF, 0xFC, 0xFF, 0xC4, 0x06, 0x00,
    0x03, 0x04, 0x04, 0x03, 0x00, 0x06, 0xC0, 0xFE, 0xFC, 0xFF, 0xFC, 0xFF, 0xFF, 0xFF, 0xFF, 0xFF,
    0xFF, 0xFC, 0xFF, 0xFF, 0xFF, 0xFF, 0xFF, 0xFF, 0xFF, 0xFF, 0xFF, 0xFB, 0xFE, 0x96, 0x00, 0x04,
    0x04, 0x00, 0x68, 0xFF, 0xFB, 0xFF, 0xFE, 0xFE, 0xFE, 0xFE, 0xFE, 0xFF, 0xFC, 0xFF, 0xC0, 0x2C,
    0x00, 0x00, 0x00, 0x00, 0x2C, 0xC0, 0xFF, 0xFD, 0xFF, 0xFD, 0xFF, 0xFB, 0xB6, 0x84, 0x84, 0xB6,
    0xFB, 0xFF, 0xFD, 0xFF, 0xFF, 0xFF, 0xFF, 0xFF, 0xFF, 0xFF, 0xFF, 0xFC, 0xFF, 0x68, 0x00, 0x04,
    0x02, 0x00, 0x2D, 0xFF, 0xFF, 0xFF, 0xFF, 0xFF, 0xFF, 0xFF, 0xFF, 0xFF, 0xFF, 0xFD, 0xFF, 0xFB,
    0xB6, 0x84, 0x84, 0xB6, 0xFB, 0xFF, 0xFD, 0xFF, 0xFD, 0xFF, 0xC0, 0x2C, 0x00, 0x00, 0x00, 0x00,
    0x2C, 0xC0, 0xFF, 0xFC, 0xFF, 0xFE, 0xFE, 0xFE, 0xFE, 0xFE, 0xFE, 0xFE, 0xFE, 0x2D, 0x00, 0x02,
    0x01, 0x01, 0x05, 0xD9, 0xFF, 0xFD, 0xFF, 0xFF, 0xFF, 0xFF, 0xFF, 0xFF, 0xFF, 0xFF, 0xFC, 0xFF,
    0xFF, 0xFF, 0xFF, 0xFF, 0xFF, 0xFC, 0xFF, 0xFC, 0xFE, 0xC0, 0x06, 0x00, 0x03, 0x04, 0x04, 0x03,
    0x00, 0x06, 0xC4, 0xFF, 0xFC, 0xFF, 0xFF, 0xFF, 0xFF, 0xFF, 0xFD, 0xFF, 0xDD, 0x05, 0x00, 0x01,
    0x00, 0x00, 0x00, 0x1A, 0x27, 0x27, 0x27, 0x27, 0x27, 0x27, 0x27, 0x27, 0x27, 0x27, 0x27, 0x26,
    0x24, 0x23, 0x23, 0x24, 0x26, 0x27, 0x27, 0x26, 0x27, 0x09, 0x00, 0x03, 0x00, 0x00, 0x00, 0x00,
    0x05, 0x00, 0x25, 0xF7, 0xFE, 0xFE, 0xFF, 0xFF, 0xFF, 0xFF, 0xFB, 0xFF, 0x8C, 0x00, 0x04, 0x00,
    0x00, 0x00, 0x00, 0x00, 0x00, 0x00, 0x00, 0x00, 0x00, 0x00, 0x00, 0x00, 0x00, 0x00, 0x00, 0x00,
    0x00, 0x00, 0x00, 0x00, 0x00, 0x00, 0x00, 0x00, 0x00, 0x00, 0x01, 0x00, 0x00, 0x00, 0x00, 0x00,
    0x00, 0x03, 0x00, 0xB5, 0xFF, 0xFC, 0xFF, 0xFF, 0xFF, 0xFE, 0xFD, 0xFE, 0x2B, 0x00, 0x02, 0x00,
    0x00, 0x00, 0x00, 0x02, 0x02, 0x02, 0x02, 0x02, 0x02, 0x02, 0x02, 0x02, 0x02, 0x02, 0x02, 0x02,
    0x02, 0x02, 0x02, 0x02, 0x02, 0x02, 0x02, 0x02, 0x02, 0x01, 0x00, 0x00, 0x00, 0x00, 0x00, 0x00,
    0x00, 0x04, 0x01, 0x81, 0xFF, 0xFB, 0xFF, 0xFF, 0xFF, 0xFC, 0xFF, 0xB0, 0x00, 0x03, 0x00, 0x00,
    0x00, 0x00, 0x00, 0x00, 0x00, 0x00, 0x01, 0x02, 0x02, 0x02, 0x02, 0x02, 0x02, 0x02, 0x02, 0x02,
    0x02, 0x02, 0x02, 0x02, 0x02, 0x02, 0x02, 0x02, 0x02, 0x01, 0x00, 0x00, 0x00, 0x00, 0x00, 0x00,
    0x00, 0x04, 0x01, 0x81, 0xFF, 0xFB, 0xFF, 0xFF, 0xFE, 0xFC, 0xFD, 0x31, 0x00, 0x03, 0x00, 0x00,
    0x00, 0x00, 0x00, 0x00, 0x00, 0x00, 0x00, 0x00, 0x00, 0x00, 0x00, 0x00, 0x00, 0x00, 0x00, 0x00,
    0x00, 0x00, 0x00, 0x00, 0x00, 0x00, 0x00, 0x00, 0x00, 0x00, 0x01, 0x00, 0x00, 0x00, 0x00, 0x00,
    0x00, 0x03, 0x00, 0xB5, 0xFF, 0xFC, 0xFF, 0xFF, 0xFB, 0xFF, 0x96, 0x00, 0x03, 0x00, 0x00, 0x00,
    0x00, 0x00, 0x00, 0x00, 0x01, 0x00, 0x1C, 0x28, 0x26, 0x27, 0x27, 0x27, 0x27, 0x27, 0x27, 0x27,
    0x27, 0x27, 0x27, 0x27, 0x27, 0x27, 0x27, 0x26, 0x27, 0x09, 0x00, 0x03, 0x00, 0x00, 0x00, 0x00,
    0x05, 0x00, 0x25, 0xF7, 0xFE, 0xFE, 0xFF, 0xFD, 0xFF, 0xDE, 0x10, 0x02, 0x01, 0x00, 0x00, 0x00,
    0x00, 0x00, 0x00, 0x00, 0x02, 0x00, 0x3C, 0xFB, 0xFC, 0xFD, 0xFF, 0xFF, 0xFF, 0xFF, 0xFF, 0xFF,
    0xFF, 0xFF, 0xFF, 0xFF, 0xFF, 0xFF, 0xFF, 0xFC, 0xFE, 0xC0, 0x06, 0x00, 0x03, 0x04, 0x04, 0x03,
    0x00, 0x06, 0xC4, 0xFF, 0xFC, 0xFF, 0xFE, 0xFC, 0xFC, 0x37, 0x00, 0x03, 0x00, 0x00, 0x00, 0x00,
    0x00, 0x00, 0x00, 0x00, 0x00, 0x03, 0x00, 0x5F, 0xFF, 0xFC, 0xFE, 0xFF, 0xFF, 0xFF, 0xFF, 0xFF,
    0xFF, 0xFF, 0xFF, 0xFF, 0xFF, 0xFF, 0xFF, 0xFF, 0xFE, 0xFF, 0xC1, 0x2D, 0x00, 0x00, 0x00, 0x00,
    0x2D, 0xC1, 0xFF, 0xFD, 0xFF, 0xFE, 0xFB, 0xFF, 0x5F, 0x00, 0x04, 0x00, 0x00, 0x00, 0x00, 0x00,
    0x00, 0x00, 0x00, 0x00, 0x00, 0x00, 0x04, 0x00, 0x71, 0xFF, 0xFD, 0xFC, 0xFF, 0xFE, 0xFE, 0xFE,
    0xFE, 0xFE, 0xFE, 0xFE, 0xFE, 0xFE, 0xFE, 0xFE, 0xFF, 0xFC, 0xFF, 0xFA, 0xB6, 0x84, 0x84, 0xB6,
    0xFA, 0xFF, 0xFC, 0xFF, 0xFD, 0xFE, 0xFF, 0x72, 0x00, 0x04, 0x00, 0x00, 0x00, 0x00, 0x00, 0x00,
    0x00, 0x00, 0x00, 0x00, 0x00, 0x00, 0x00, 0x04, 0x00, 0x60, 0xFB, 0xFF, 0xFB, 0xFF, 0xFF, 0xFF,
    0xFF, 0xFF, 0xFF, 0xFF, 0xFF, 0xFF, 0xFF, 0xFF, 0xFF, 0xFF, 0xFD, 0xFF, 0xFF, 0xFF, 0xFF, 0xFF,
    0xFF, 0xFD, 0xFF, 0xFB, 0xFF, 0xFB, 0x60, 0x00, 0x04, 0x00, 0x00, 0x00, 0x00, 0x00, 0x00, 0x00,
    0x00, 0x00, 0x00, 0x00, 0x00, 0x00, 0x00, 0x00, 0x04, 0x00, 0x3B, 0xDB, 0xFF, 0xFE, 0xFC, 0xFF,
    0xFF, 0xFF, 0xFF, 0xFF, 0xFF, 0xFF, 0xFF, 0xFF, 0xFF, 0xFF, 0xFF, 0xFE, 0xFC, 0xFB, 0xFB, 0xFC,
    0xFE, 0xFC, 0xFE, 0xFF, 0xDB, 0x3B, 0x00, 0x04, 0x00, 0x00, 0x00, 0x00, 0x00, 0x00, 0x00, 0x00,
    0x00, 0x00, 0x00, 0x00, 0x00, 0x00, 0x00, 0x00, 0x00, 0x04, 0x00, 0x12, 0x95, 0xFD, 0xFF, 0xFF,
    0xFB, 0xFD, 0xFF, 0xFF, 0xFF, 0xFF, 0xFF, 0xFF, 0xFF, 0xFF, 0xFF, 0xFF, 0xFF, 0xFF, 0xFD, 0xFB,
    0xFF, 0xFF, 0xFD, 0x95, 0x12, 0x00, 0x04, 0x00, 0x00, 0x00, 0x00, 0x00, 0x00, 0x00, 0x00, 0x00,
    0x00, 0x00, 0x00, 0x00, 0x00, 0x00, 0x00, 0x00, 0x00, 0x00, 0x03, 0x00, 0x00, 0x37, 0xAC, 0xFD,
    0xFF, 0xFF, 0xFF, 0xFB, 0xFB, 0xFC, 0xFD, 0xFD, 0xFD, 0xFD, 0xFC, 0xFB, 0xFB, 0xFF, 0xFF, 0xFF,
    0xFD, 0xAC, 0x37, 0x00, 0x00, 0x03, 0x00, 0x00, 0x00, 0x00, 0x00, 0x00, 0x00, 0x00, 0x00, 0x00,
    0x00, 0x00, 0x00, 0x00, 0x00, 0x00, 0x00, 0x00, 0x00, 0x00, 0x00, 0x01, 0x03, 0x00, 0x00, 0x30,
    0x8C, 0xD8, 0xFF, 0xFF, 0xFF, 0xFF, 0xFF, 0xFF, 0xFF, 0xFF, 0xFF, 0xFF, 0xFF, 0xFF, 0xD8, 0x8C,
    0x30, 0x00, 0x00, 0x03, 0x01, 0x00, 0x00, 0x00, 0x00, 0x00, 0x00, 0x00, 0x00, 0x00, 0x00, 0x00,
    0x00, 0x00, 0x00, 0x00, 0x00, 0x00, 0x00, 0x00, 0x00, 0x00, 0x00, 0x00, 0x00, 0x02, 0x02, 0x00,
    0x00, 0x04, 0x2F, 0x67, 0x94, 0xB9, 0xCE, 0xD9, 0xD9, 0xCE, 0xB9, 0x94, 0x67, 0x2F, 0x04, 0x00,
    0x00, 0x02, 0x02, 0x00, 0x00, 0x00, 0x00, 0x00, 0x00, 0x00, 0x00, 0x00, 0x00, 0x00, 0x00, 0x00,
    0x00, 0x00, 0x00, 0x00, 0x00, 0x00, 0x00, 0x00, 0x00, 0x00, 0x00, 0x00, 0x00, 0x00, 0x00, 0x02,
    0x04, 0x00, 0x00, 0x00, 0x00, 0x00, 0x00, 0x00, 0x00, 0x00, 0x00, 0x00, 0x00, 0x00, 0x00, 0x04,
    0x02, 0x00, 0x00, 0x00, 0x00, 0x00, 0x00, 0x00, 0x00, 0x00, 0x00, 0x00, 0x00, 0x00, 0x00, 0x00,
    0x00, 0x00, 0x00, 0x00, 0x00, 0x00, 0x00, 0x00, 0x00, 0x00, 0x00, 0x00, 0x00, 0x00, 0x00, 0x00,
    0x00, 0x01, 0x02, 0x04, 0x04, 0x03, 0x01, 0x00, 0x00, 0x01, 0x03, 0x04, 0x04, 0x02, 0x01, 0x00,
    0x00, 0x00, 0x00, 0x00, 0x00, 0x00, 0x00, 0x00, 0x00, 0x00, 0x00, 0x00, 0x00, 0x00, 0x00, 0x00,
};
const lv_image_dsc_t ui_feed_icon_dlna_48 = {
    .header = {.magic = LV_IMAGE_HEADER_MAGIC, .cf = LV_COLOR_FORMAT_A8,
               .w = 48, .h = 48, .stride = 48},
    .data_size = sizeof(s_dlna_48),
    .data = s_dlna_48,
};

static const uint8_t s_dlna_64[] = {
    0x00, 0x00, 0x00, 0x00, 0x00, 0x00, 0x00, 0x00, 0x00, 0x00, 0x00, 0x00, 0x00, 0x00, 0x00, 0x00,
    0x00, 0x00, 0x00, 0x00, 0x00, 0x00, 0x00, 0x00, 0x00, 0x00, 0x00, 0x00, 0x01, 0x01, 0x02, 0x02,
    0x02, 0x02, 0x01, 0x01, 0x00, 0x00, 0x00, 0x00, 0x00, 0x00, 0x00, 0x00, 0x00, 0x00, 0x00, 0x00,
    0x00, 0x00, 0x00, 0x00, 0x00, 0x00, 0x00, 0x00, 0x00, 0x00, 0x00, 0x00, 0x00, 0x00, 0x00, 0x00,
    0x00, 0x00, 0x00, 0x00, 0x00, 0x00, 0x00, 0x00, 0x00, 0x00, 0x00, 0x00, 0x00, 0x00, 0x00, 0x00,
    0x00, 0x00, 0x00, 0x00, 0x00, 0x00, 0x00, 0x01, 0x02, 0x04, 0x04, 0x02, 0x00, 0x00, 0x00, 0x00,
    0x00, 0x00, 0x00, 0x00, 0x02, 0x04, 0x04, 0x02, 0x01, 0x00, 0x00, 0x00, 0x00, 0x00, 0x00, 0x00,
    0x00, 0x00, 0x00, 0x00, 0x00, 0x00, 0x00, 0x00, 0x00, 0x00, 0x00, 0x00, 0x00, 0x00, 0x00, 0x00,
    0x00, 0x00, 0x00, 0x00, 0x00, 0x00, 0x00, 0x00, 0x00, 0x00, 0x00, 0x00, 0x00, 0x00, 0x00, 0x00,
    0x00, 0x00, 0x00, 0x00, 0x00, 0x02, 0x04, 0x00, 0x00, 0x00, 0x00, 0x00, 0x05, 0x11, 0x24, 0x27,
    0x27, 0x24, 0x11, 0x05, 0x00, 0x00, 0x00, 0x00, 0x00, 0x04, 0x02, 0x00, 0x00, 0x00, 0x00, 0x00,
    0x00, 0x00, 0x00, 0x00, 0x00, 0x00, 0x00, 0x00, 0x00, 0x00, 0x00, 0x00, 0x00, 0x00, 0x00, 0x00,
    0x00, 0x00, 0x00, 0x00, 0x00, 0x00, 0x00, 0x00, 0x00, 0x00, 0x00, 0x00, 0x00, 0x00, 0x00, 0x00,
    0x00, 0x00, 0x00, 0x03, 0x02, 0x00, 0x00, 0x01, 0x2C, 0x63, 0x99, 0xC2, 0xDD, 0xED, 0xFC, 0xFF,
    0xFF, 0xFC, 0xED, 0xDD, 0xC2, 0x99, 0x63, 0x2C, 0x01, 0x00, 0x00, 0x02, 0x03, 0x00, 0x00, 0x00,
    0x00, 0x00, 0x00, 0x00, 0x00, 0x00, 0x00, 0x00, 0x00, 0x00, 0x00, 0x00, 0x00, 0x00, 0x00, 0x00,
    0x00, 0x00, 0x00, 0x00, 0x00, 0x00, 0x00, 0x00, 0x00, 0x00, 0x00, 0x00, 0x00, 0x00, 0x00, 0x00,
    0x00, 0x03, 0x00, 0x00, 0x00, 0x30, 0x85, 0xD1, 0xFD, 0xFF, 0xFF, 0xFF, 0xFF, 0xFF, 0xFF, 0xFF,
    0xFF, 0xFF, 0xFF, 0xFF, 0xFF, 0xFF, 0xFF, 0xFD, 0xD1, 0x85, 0x30, 0x00, 0x00, 0x00, 0x03, 0x00,
    0x00, 0x00, 0x00, 0x00, 0x00, 0x00, 0x00, 0x00, 0x00, 0x00, 0x00, 0x00, 0x00, 0x00, 0x00, 0x00,
    0x00, 0x00, 0x00, 0x00, 0x00, 0x00, 0x00, 0x00, 0x00, 0x00, 0x00, 0x00, 0x00, 0x00, 0x00, 0x01,
    0x03, 0x00, 0x00, 0x51, 0xB8, 0xFD, 0xFF, 0xFF, 0xFF, 0xFB, 0xFB, 0xFC, 0xFD, 0xFE, 0xFE, 0xFE,
    0xFE, 0xFE, 0xFE, 0xFD, 0xFC, 0xFB, 0xFB, 0xFF, 0xFF, 0xFF, 0xFD, 0xB8, 0x51, 0x00, 0x00, 0x03,
    0x01, 0x00, 0x00, 0x00, 0x00, 0x00, 0x00, 0x00, 0x00, 0x00, 0x00, 0x00, 0x00, 0x00, 0x00, 0x00,
    0x00, 0x00, 0x00, 0x00, 0x00, 0x00, 0x00, 0x00, 0x00, 0x00, 0x00, 0x00, 0x00, 0x00, 0x03, 0x00,
    0x00, 0x46, 0xC7, 0xFF, 0xFF, 0xFF, 0xFB, 0xFD, 0xFE, 0xFF, 0xFF, 0xFF, 0xFF, 0xFF, 0xFF, 0xFF,
    0xFF, 0xFF, 0xFF, 0xFF, 0xFF, 0xFF, 0xFF, 0xFE, 0xFD, 0xFB, 0xFF, 0xFF, 0xFF, 0xC7, 0x46, 0x00,
    0x00, 0x03, 0x00, 0x00, 0x00, 0x00, 0x00, 0x00, 0x00, 0x00, 0x00, 0x00, 0x00, 0x00, 0x00, 0x00,
    0x00, 0x00, 0x00, 0x00, 0x00, 0x00, 0x00, 0x00, 0x00, 0x00, 0x00, 0x00, 0x00, 0x04, 0x00, 0x18,
    0xA0, 0xFF, 0xFF, 0xFC, 0xFC, 0xFE, 0xFF, 0xFF, 0xFF, 0xFF, 0xFF, 0xFF, 0xFF, 0xFF, 0xFF, 0xFF,
    0xFF, 0xFF, 0xFF, 0xFF, 0xFF, 0xFF, 0xFF, 0xFF, 0xFF, 0xFF, 0xFE, 0xFC, 0xFC, 0xFF, 0xFF, 0xA0,
    0x18, 0x00, 0x04, 0x00, 0x00, 0x00, 0x00, 0x00, 0x00, 0x00, 0x00, 0x00, 0x00, 0x00, 0x00, 0x00,
    0x00, 0x00, 0x00, 0x00, 0x00, 0x00, 0x00, 0x00, 0x00, 0x00, 0x00, 0x01, 0x03, 0x00, 0x48, 0xE4,
    0xFF, 0xFD, 0xFD, 0xFF, 0xFF, 0xFF, 0xFF, 0xFF, 0xFF, 0xFF, 0xFF, 0xFF, 0xFF, 0xFF, 0xFF, 0xFF,
    0xFF, 0xFF, 0xFF, 0xFF, 0xFF, 0xFF, 0xFF, 0xFF, 0xFF, 0xFF, 0xFF, 0xFF, 0xFF, 0xFD, 0xFD, 0xFF,
    0xE4, 0x48, 0x00, 0x03, 0x01, 0x00, 0x00, 0x00, 0x00, 0x00, 0x00, 0x00, 0x00, 0x00, 0x00, 0x00,
    0x00, 0x00, 0x00, 0x00, 0x00, 0x00, 0x00, 0x00, 0x00, 0x00, 0x01, 0x02, 0x00, 0x7A, 0xFF, 0xFF,
    0xFB, 0xFF, 0xFF, 0xFF, 0xFF, 0xFF, 0xFF, 0xFF, 0xFF, 0xFF, 0xFF, 0xFF, 0xFF, 0xFF, 0xFF, 0xFF,
    0xFF, 0xFF, 0xFF, 0xFF, 0xFF, 0xFD, 0xFB, 0xFB, 0xFB, 0xFB, 0xFD, 0xFF, 0xFF, 0xFF, 0xFF, 0xFB,
    0xFF, 0xFF, 0x7A, 0x00, 0x02, 0x01, 0x00, 0x00, 0x00, 0x00, 0x00, 0x00, 0x00, 0x00, 0x00, 0x00,
    0x00, 0x00, 0x00, 0x00, 0x00, 0x00, 0x00, 0x00, 0x00, 0x01, 0x01, 0x00, 0x97, 0xFF, 0xFD, 0xFD,
    0xFF, 0xFF, 0xFF, 0xFF, 0xFF, 0xFF, 0xFF, 0xFF, 0xFF, 0xFF, 0xFF, 0xFF, 0xFF, 0xFF, 0xFF, 0xFF,
    0xFF, 0xFF, 0xFF, 0xFD, 0xFE, 0xFF, 0xFF, 0xFF, 0xFF, 0xFF, 0xFF, 0xFE, 0xFD, 0xFF, 0xFF, 0xFF,
    0xFD, 0xFD, 0xFF, 0x97, 0x00, 0x01, 0x01, 0x00, 0x00, 0x00, 0x00, 0x00, 0x00, 0x00, 0x00, 0x00,
    0x00, 0x00, 0x00, 0x00, 0x00, 0x00, 0x00, 0x00, 0x01, 0x03, 0x01, 0xA7, 0xFF, 0xFA, 0xFE, 0xFF,
    0xFF, 0xFF, 0xFF, 0xFF, 0xFF, 0xFF, 0xFF, 0xFF, 0xFF, 0xFF, 0xFF, 0xFF, 0xFF, 0xFF, 0xFF, 0xFF,
    0xFF, 0xFF, 0xFD, 0xFF, 0xFF, 0xCB, 0x8A, 0x62, 0x62, 0x8A, 0xCB, 0xFF, 0xFF, 0xFD, 0xFF, 0xFF,
    0xFF, 0xFE, 0xFA, 0xFF, 0xA7, 0x01, 0x03, 0x01, 0x00, 0x00, 0x00, 0x00, 0x00, 0x00, 0x00, 0x00,
    0x00, 0x00, 0x00, 0x00, 0x00, 0x00, 0x00, 0x00, 0x03, 0x00, 0x96, 0xFF, 0xF7, 0xFD, 0xFD, 0xFD,
    0xFD, 0xFD, 0xFD, 0xFD, 0xFD, 0xFD, 0xFD, 0xFD, 0xFD, 0xFD, 0xFD, 0xFD, 0xFD, 0xFD, 0xFD, 0xFD,
    0xFD, 0xFB, 0xFF, 0xDF, 0x4D, 0x00, 0x00, 0x00, 0x00, 0x00, 0x00, 0x4D, 0xDF, 0xFF, 0xFD, 0xFF,
    0xFF, 0xFF, 0xFF, 0xF9, 0xFF, 0x98, 0x00, 0x04, 0x00, 0x00, 0x00, 0x00, 0x00, 0x00, 0x00, 0x00,
    0x00, 0x00, 0x00, 0x00, 0x00, 0x00, 0x00, 0x03, 0x00, 0x82, 0xFF, 0xFF, 0xFF, 0xFF, 0xFF, 0xFF,
    0xFF, 0xFF, 0xFF, 0xFF, 0xFF, 0xFF, 0xFF, 0xFF, 0xFF, 0xFF, 0xFF, 0xFF, 0xFF, 0xFF, 0xFF, 0xFF,
    0xFF, 0xFF, 0xD5, 0x1B, 0x00, 0x02, 0x04, 0x04, 0x04, 0x04, 0x02, 0x00, 0x1B, 0xD5, 0xFF, 0xFD,
    0xFF, 0xFF, 0xFF, 0xFF, 0xFA, 0xFF, 0x79, 0x00, 0x04, 0x00, 0x00, 0x00, 0x00, 0x00, 0x00, 0x00,
    0x00, 0x00, 0x00, 0x00, 0x00, 0x00, 0x02, 0x00, 0x2F, 0xD9, 0xD5, 0xD7, 0xD8, 0xD8, 0xD8, 0xD8,
    0xD8, 0xD8, 0xD8, 0xD8, 0xD8, 0xD8, 0xD8, 0xD8, 0xD8, 0xD8, 0xD8, 0xD8, 0xD8, 0xD8, 0xD8, 0xD7,
    0xD7, 0xCD, 0x21, 0x00, 0x05, 0x00, 0x00, 0x00, 0x00, 0x00, 0x00, 0x05, 0x00, 0x21, 0xEF, 0xFD,
    0xFE, 0xFF, 0xFF, 0xFF, 0xFE, 0xFB, 0xFF, 0x44, 0x00, 0x03, 0x00, 0x00, 0x00, 0x00, 0x00, 0x00,
    0x00, 0x00, 0x00, 0x00, 0x00, 0x00, 0x00, 0x00, 0x07, 0x00, 0x00, 0x01, 0x00, 0x00, 0x00, 0x00,
    0x00, 0x00, 0x00, 0x00, 0x00, 0x00, 0x00, 0x00, 0x00, 0x00, 0x00, 0x00, 0x00, 0x00, 0x00, 0x00,
    0x01, 0x00, 0x00, 0x01, 0x00, 0x00, 0x00, 0x00, 0x00, 0x00, 0x00, 0x00, 0x05, 0x00, 0x77, 0xFF,
    0xFB, 0xFF, 0xFF, 0xFF, 0xFF, 0xFD, 0xFE, 0xE7, 0x16, 0x02, 0x02, 0x00, 0x00, 0x00, 0x00, 0x00,
    0x00, 0x00, 0x00, 0x00, 0x00, 0x00, 0x00, 0x00, 0x00, 0x00, 0x00, 0x00, 0x00, 0x00, 0x00, 0x00,
    0x00, 0x00, 0x00, 0x00, 0x00, 0x00, 0x00, 0x00, 0x00, 0x00, 0x00, 0x00, 0x00, 0x00, 0x00, 0x00,
    0x00, 0x00, 0x01, 0x00, 0x00, 0x00, 0x00, 0x00, 0x00, 0x00, 0x00, 0x00, 0x02, 0x01, 0x1B, 0xF7,
    0xFF, 0xFE, 0xFF, 0xFF, 0xFF, 0xFF, 0xFB, 0xFF, 0xA4, 0x00, 0x03, 0x00, 0x00, 0x00, 0x00, 0x00,
    0x00, 0x00, 0x00, 0x00, 0x00, 0x00, 0x00, 0x00, 0x00, 0x01, 0x00, 0x01, 0x01, 0x01, 0x01, 0x01,
    0x01, 0x01, 0x01, 0x01, 0x01, 0x01, 0x01, 0x01, 0x01, 0x01, 0x01, 0x01, 0x01, 0x01, 0x01, 0x01,
    0x01, 0x00, 0x00, 0x00, 0x00, 0x00, 0x00, 0x00, 0x00, 0x00, 0x00, 0x00, 0x01, 0x01, 0x00, 0xCF,
    0xFF, 0xFD, 0xFF, 0xFF, 0xFF, 0xFF, 0xFF, 0xFC, 0xFF, 0x41, 0x00, 0x03, 0x00, 0x00, 0x00, 0x00,
    0x00, 0x00, 0x00, 0x00, 0x00, 0x00, 0x00, 0x00, 0x00, 0x00, 0x00, 0x00, 0x00, 0x00, 0x00, 0x00,
    0x00, 0x00, 0x00, 0x00, 0x00, 0x00, 0x00, 0x00, 0x00, 0x00, 0x00, 0x00, 0x00, 0x00, 0x00, 0x00,
    0x00, 0x00, 0x00, 0x00, 0x00, 0x00, 0x00, 0x00, 0x00, 0x00, 0x00, 0x00, 0x00, 0x02, 0x01, 0xBA,
    0xFF, 0xFC, 0xFF, 0xFF, 0xFF, 0xFF, 0xFF, 0xFC, 0xFF, 0xCC, 0x02, 0x02, 0x00, 0x00, 0x00, 0x00,
    0x00, 0x00, 0x00, 0x00, 0x00, 0x00, 0x00, 0x00, 0x00, 0x00, 0x00, 0x00, 0x00, 0x00, 0x00, 0x00,
    0x00, 0x00, 0x00, 0x00, 0x00, 0x00, 0x00, 0x00, 0x00, 0x00, 0x00, 0x00, 0x00, 0x00, 0x00, 0x00,
    0x00, 0x00, 0x00, 0x00, 0x00, 0x00, 0x00, 0x00, 0x00, 0x00, 0x00, 0x00, 0x00, 0x01, 0x00, 0xC6,
    0xFF, 0xFC, 0xFF, 0xFF, 0xFF, 0xFF, 0xFF, 0xFF, 0xFC, 0xFF, 0x4D, 0x00, 0x04, 0x00, 0x00, 0x00,
    0x00, 0x00, 0x00, 0x00, 0x03, 0x04, 0x04, 0x04, 0x04, 0x04, 0x04, 0x04, 0x04, 0x04, 0x04, 0x04,
    0x04, 0x04, 0x04, 0x04, 0x04, 0x04, 0x04, 0x04, 0x04, 0x04, 0x04, 0x04, 0x04, 0x04, 0x04, 0x04,
    0x04, 0x04, 0x01, 0x00, 0x00, 0x00, 0x00, 0x00, 0x00, 0x00, 0x00, 0x00, 0x01, 0x01, 0x0F, 0xEE,
    0xFF, 0xFE, 0xFF, 0xFF, 0xFF, 0xFF, 0xFF, 0xFF, 0xFC, 0xFE, 0xBD, 0x00, 0x02, 0x00, 0x00, 0x00,
    0x00, 0x00, 0x00, 0x00, 0x00, 0x00, 0x00, 0x00, 0x00, 0x00, 0x00, 0x00, 0x00, 0x00, 0x00, 0x00,
    0x00, 0x00, 0x00, 0x00, 0x00, 0x00, 0x00, 0x00, 0x00, 0x00, 0x00, 0x00, 0x00, 0x00, 0x00, 0x00,
    0x00, 0x00, 0x00, 0x01, 0x00, 0x00, 0x00, 0x00, 0x00, 0x00, 0x00, 0x00, 0x04, 0x00, 0x58, 0xFF,
    0xFC, 0xFF, 0xFF, 0xFF, 0xFF, 0xFF, 0xFF, 0xFF, 0xFE, 0xFE, 0xFD, 0x2C, 0x00, 0x02, 0x00, 0x00,
    0x00, 0x00, 0x02, 0x00, 0x4B, 0x7F, 0x7D, 0x7F, 0x7F, 0x7F, 0x7F, 0x7F, 0x7F, 0x7F, 0x7F, 0x7F,
    0x7F, 0x7F, 0x7F, 0x7F, 0x7F, 0x7F, 0x7E, 0x7D, 0x7D, 0x7E, 0x7F, 0x7F, 0x7F, 0x7F, 0x7F, 0x7F,
    0x7F, 0x79, 0x07, 0x00, 0x03, 0x00, 0x00, 0x00, 0x00, 0x00, 0x00, 0x03, 0x01, 0x07, 0xD8, 0xFE,
    0xFD, 0xFF, 0xFF, 0xFF, 0xFF, 0xFF, 0xFF, 0xFF, 0xFF, 0xFB, 0xFF, 0x85, 0x00, 0x04, 0x00, 0x00,
    0x00, 0x00, 0x01, 0x02, 0xDC, 0xFF, 0xFF, 0xFF, 0xFF, 0xFF, 0xFF, 0xFF, 0xFF, 0xFF, 0xFF, 0xFF,
    0xFF, 0xFF, 0xFF, 0xFF, 0xFF, 0xFF, 0xFF, 0xFF, 0xFF, 0xFF, 0xFF, 0xFF, 0xFF, 0xFF, 0xFF, 0xFF,
    0xFF, 0xFF, 0xAA, 0x00, 0x00, 0x04, 0x03, 0x02, 0x02, 0x03, 0x04, 0x00, 0x00, 0xAA, 0xFF, 0xFD,
    0xFF, 0xFF, 0xFF, 0xFF, 0xFF, 0xFF, 0xFF, 0xFF, 0xFF, 0xFD, 0xFF, 0xD4, 0x02, 0x01, 0x00, 0x00,
    0x00, 0x02, 0x00, 0x2B, 0xFB, 0xFA, 0xFA, 0xFB, 0xFB, 0xFB, 0xFB, 0xFB, 0xFB, 0xFB, 0xFB, 0xFB,
    0xFB, 0xFB, 0xFA, 0xF9, 0xFF, 0xFF, 0xDA, 0xBB, 0xBB, 0xDA, 0xFF, 0xFF, 0xF9, 0xFA, 0xFB, 0xFB,
    0xFB, 0xF9, 0xFF, 0xB2, 0x1D, 0x00, 0x00, 0x00, 0x00, 0x00, 0x00, 0x1D, 0xB2, 0xFF, 0xFC, 0xFF,
    0xFF, 0xFF, 0xFF, 0xFF, 0xFF, 0xFF, 0xFF, 0xFF, 0xFF, 0xFF, 0xFE, 0xFD, 0x2B, 0x00, 0x02, 0x00,
    0x00, 0x04, 0x00, 0x65, 0xFF, 0xFB, 0xFF, 0xFF, 0xFF, 0xFF, 0xFF, 0xFF, 0xFF, 0xFF, 0xFF, 0xFF,
    0xFF, 0xFE, 0xFE, 0xFF, 0xA5, 0x39, 0x07, 0x00, 0x00, 0x07, 0x39, 0xA5, 0xFF, 0xFE, 0xFE, 0xFF,
    0xFF, 0xFF, 0xFC, 0xFF, 0xEC, 0x92, 0x4C, 0x29, 0x29, 0x4C, 0x92, 0xEC, 0xFF, 0xFC, 0xFF, 0xFF,
    0xFF, 0xFF, 0xFF, 0xFF, 0xFF, 0xFF, 0xFF, 0xFF, 0xFF, 0xFF, 0xFB, 0xFF, 0x65, 0x00, 0x04, 0x00,
    0x00, 0x04, 0x00, 0x99, 0xFF, 0xFB, 0xFF, 0xFF, 0xFF, 0xFF, 0xFF, 0xFF, 0xFF, 0xFF, 0xFF, 0xFF,
    0xFE, 0xFD, 0xFD, 0x60, 0x00, 0x00, 0x00, 0x02, 0x02, 0x00, 0x00, 0x00, 0x60, 0xFD, 0xFC, 0xFC,
    0xFD, 0xFD, 0xFD, 0xFA, 0xFF, 0xFF, 0xFF, 0xFD, 0xFD, 0xFF, 0xFF, 0xFF, 0xFA, 0xFD, 0xFD, 0xFD,
    0xFD, 0xFD, 0xFD, 0xFD, 0xFD, 0xFD, 0xFD, 0xFD, 0xFD, 0xFD, 0xF9, 0xFD, 0x97, 0x00, 0x04, 0x00,
    0x00, 0x02, 0x00, 0xC2, 0xFF, 0xFC, 0xFF, 0xFF, 0xFF, 0xFF, 0xFF, 0xFF, 0xFF, 0xFF, 0xFF, 0xFF,
    0xFD, 0xFF, 0x5F, 0x00, 0x05, 0x03, 0x01, 0x00, 0x00, 0x01, 0x03, 0x05, 0x00, 0x5F, 0xFF, 0xFF,
    0xFF, 0xFF, 0xFF, 0xFF, 0xFF, 0xFF, 0xFF, 0xFF, 0xFF, 0xFF, 0xFF, 0xFF, 0xFF, 0xFF, 0xFF, 0xFF,
    0xFF, 0xFF, 0xFF, 0xFF, 0xFF, 0xFF, 0xFF, 0xFF, 0xFF, 0xFF, 0xFF, 0xFF, 0xCC, 0x00, 0x02, 0x00,
    0x01, 0x00, 0x04, 0xDF, 0xFF, 0xFD, 0xFF, 0xFF, 0xFF, 0xFF, 0xFF, 0xFF, 0xFF, 0xFF, 0xFF, 0xFC,
    0xFF, 0xA9, 0x00, 0x05, 0x00, 0x00, 0x00, 0x00, 0x00, 0x00, 0x00, 0x00, 0x03, 0x00, 0x39, 0x42,
    0x41, 0x42, 0x42, 0x42, 0x42, 0x42, 0x42, 0x41, 0x41, 0x42, 0x42, 0x42, 0x42, 0x42, 0x42, 0x42,
    0x42, 0x42, 0x42, 0x42, 0x42, 0x42, 0x42, 0x42, 0x42, 0x42, 0x41, 0x42, 0x39, 0x00, 0x00, 0x00,
    0x01, 0x00, 0x12, 0xEF, 0xFF, 0xFE, 0xFF, 0xFF, 0xFF, 0xFF, 0xFF, 0xFF, 0xFF, 0xFF, 0xFF, 0xFD,
    0xFE, 0x34, 0x02, 0x03, 0x00, 0x00, 0x00, 0x00, 0x00, 0x00, 0x00, 0x00, 0x00, 0x02, 0x00, 0x00,
    0x00, 0x00, 0x00, 0x00, 0x00, 0x00, 0x00, 0x00, 0x00, 0x00, 0x00, 0x00, 0x00, 0x00, 0x00, 0x00,
    0x00, 0x00, 0x00, 0x00, 0x00, 0x00, 0x00, 0x00, 0x00, 0x00, 0x00, 0x00, 0x00, 0x00, 0x00, 0x00,
    0x02, 0x00, 0x23, 0xFC, 0xFF, 0xFE, 0xFF, 0xFF, 0xFF, 0xFF, 0xFF, 0xFF, 0xFF, 0xFF, 0xFD, 0xFF,
    0xDF, 0x04, 0x00, 0x01, 0x00, 0x00, 0x00, 0x00, 0x00, 0x00, 0x00, 0x00, 0x00, 0x00, 0x03, 0x03,
    0x03, 0x03, 0x03, 0x03, 0x03, 0x03, 0x03, 0x03, 0x03, 0x03, 0x03, 0x03, 0x03, 0x03, 0x03, 0x03,
    0x03, 0x03, 0x03, 0x03, 0x03, 0x03, 0x03, 0x03, 0x03, 0x03, 0x03, 0x03, 0x03, 0x00, 0x00, 0x00,
    0x02, 0x00, 0x28, 0xFF, 0xFF, 0xFE, 0xFF, 0xFF, 0xFF, 0xFF, 0xFF, 0xFF, 0xFF, 0xFF, 0xFC, 0xFF,
    0xBD, 0x00, 0x02, 0x00, 0x00, 0x00, 0x00, 0x00, 0x00, 0x00, 0x00, 0x00, 0x00, 0x00, 0x00, 0x00,
    0x00, 0x00, 0x00, 0x00, 0x00, 0x00, 0x00, 0x00, 0x00, 0x00, 0x00, 0x00, 0x00, 0x00, 0x00, 0x00,
    0x00, 0x00, 0x00, 0x00, 0x00, 0x00, 0x00, 0x00, 0x00, 0x00, 0x00, 0x00, 0x00, 0x00, 0x00, 0x00,
    0x02, 0x00, 0x28, 0xFF, 0xFF, 0xFE, 0xFF, 0xFF, 0xFF, 0xFF, 0xFF, 0xFF, 0xFF, 0xFF, 0xFC, 0xFF,
    0xBD, 0x00, 0x02, 0x00, 0x00, 0x00, 0x00, 0x00, 0x00, 0x00, 0x00, 0x00, 0x00, 0x00, 0x00, 0x00,
    0x00, 0x00, 0x00, 0x00, 0x00, 0x00, 0x00, 0x00, 0x00, 0x00, 0x00, 0x00, 0x00, 0x00, 0x00, 0x00,
    0x00, 0x00, 0x00, 0x00, 0x00, 0x00, 0x00, 0x00, 0x00, 0x00, 0x00, 0x00, 0x00, 0x00, 0x00, 0x00,
    0x02, 0x00, 0x23, 0xFC, 0xFF, 0xFE, 0xFF, 0xFF, 0xFF, 0xFF, 0xFF, 0xFF, 0xFF, 0xFF, 0xFD, 0xFF,
    0xDF, 0x04, 0x00, 0x01, 0x00, 0x00, 0x00, 0x00, 0x00, 0x00, 0x00, 0x00, 0x00, 0x00, 0x03, 0x03,
    0x03, 0x03, 0x03, 0x03, 0x03, 0x03, 0x03, 0x03, 0x03, 0x03, 0x03, 0x03, 0x03, 0x03, 0x03, 0x03,
    0x03, 0x03, 0x03, 0x03, 0x03, 0x03, 0x03, 0x03, 0x03, 0x03, 0x03, 0x03, 0x03, 0x00, 0x00, 0x00,
    0x01, 0x00, 0x12, 0xEF, 0xFF, 0xFE, 0xFF, 0xFF, 0xFF, 0xFF, 0xFF, 0xFF, 0xFF, 0xFF, 0xFF, 0xFD,
    0xFE, 0x34, 0x02, 0x03, 0x00, 0x00, 0x00, 0x00, 0x00, 0x00, 0x00, 0x00, 0x00, 0x02, 0x00, 0x00,
    0x00, 0x00, 0x00, 0x00, 0x00, 0x00, 0x00, 0x00, 0x00, 0x00, 0x00, 0x00, 0x00, 0x00, 0x00, 0x00,
    0x00, 0x00, 0x00, 0x00, 0x00, 0x00, 0x00, 0x00, 0x00, 0x00, 0x00, 0x00, 0x00, 0x00, 0x00, 0x00,
    0x01, 0x00, 0x04, 0xDF, 0xFF, 0xFD, 0xFF, 0xFF, 0xFF, 0xFF, 0xFF, 0xFF, 0xFF, 0xFF, 0xFF, 0xFC,
    0xFF, 0xA9, 0x00, 0x05, 0x00, 0x00, 0x00, 0x00, 0x00, 0x00, 0x00, 0x00, 0x03, 0x00, 0x39, 0x42,
    0x41, 0x42, 0x42, 0x42, 0x42, 0x42, 0x42, 0x41, 0x41, 0x42, 0x42, 0x42, 0x42, 0x42, 0x42, 0x42,
    0x42, 0x42, 0x42, 0x42, 0x42, 0x42, 0x42, 0x42, 0x42, 0x42, 0x41, 0x42, 0x39, 0x00, 0x00, 0x00,
    0x00, 0x02, 0x00, 0xC2, 0xFF, 0xFC, 0xFF, 0xFF, 0xFF, 0xFF, 0xFF, 0xFF, 0xFF, 0xFF, 0xFF, 0xFF,
    0xFD, 0xFF, 0x5F, 0x00, 0x05, 0x03, 0x01, 0x00, 0x00, 0x01, 0x03, 0x05, 0x00, 0x5F, 0xFF, 0xFF,
    0xFF, 0xFF, 0xFF, 0xFF, 0xFF, 0xFF, 0xFF, 0xFF, 0xFF, 0xFF, 0xFF, 0xFF, 0xFF, 0xFF, 0xFF, 0xFF,
    0xFF, 0xFF, 0xFF, 0xFF, 0xFF, 0xFF, 0xFF, 0xFF, 0xFF, 0xFF, 0xFF, 0xFF, 0xCC, 0x00, 0x02, 0x00,
    0x00, 0x04, 0x00, 0x99, 0xFF, 0xFB, 0xFF, 0xFF, 0xFF, 0xFF, 0xFF, 0xFF, 0xFF, 0xFF, 0xFF, 0xFF,
    0xFE, 0xFD, 0xFD, 0x60, 0x00, 0x00, 0x00, 0x02, 0x02, 0x00, 0x00, 0x00, 0x60, 0xFD, 0xFC, 0xFC,
    0xFD, 0xFD, 0xFD, 0xFA, 0xFF, 0xFF, 0xFF, 0xFD, 0xFD, 0xFF, 0xFF, 0xFF, 0xFA, 0xFD, 0xFD, 0xFD,
    0xFD, 0xFD, 0xFD, 0xFD, 0xFD, 0xFD, 0xFD, 0xFD, 0xFD, 0xFD, 0xF9, 0xFD, 0x97, 0x00, 0x04, 0x00,
    0x00, 0x04, 0x00, 0x65, 0xFF, 0xFB, 0xFF, 0xFF, 0xFF, 0xFF, 0xFF, 0xFF, 0xFF, 0xFF, 0xFF, 0xFF,
    0xFF, 0xFE, 0xFE, 0xFF, 0xA5, 0x39, 0x07, 0x00, 0x00, 0x07, 0x39, 0xA5, 0xFF, 0xFE, 0xFE, 0xFF,
    0xFF, 0xFF, 0xFC, 0xFF, 0xEC, 0x92, 0x4C, 0x29, 0x29, 0x4C, 0x92, 0xEC, 0xFF, 0xFC, 0xFF, 0xFF,
    0xFF, 0xFF, 0xFF, 0xFF, 0xFF, 0xFF, 0xFF, 0xFF, 0xFF, 0xFF, 0xFB, 0xFF, 0x65, 0x00, 0x04, 0x00,
    0x00, 0x02, 0x00, 0x2B, 0xFB, 0xFA, 0xFA, 0xFB, 0xFB, 0xFB, 0xFB, 0xFB, 0xFB, 0xFB, 0xFB, 0xFB,
    0xFB, 0xFB, 0xFA, 0xF9, 0xFF, 0xFF, 0xDA, 0xBB, 0xBB, 0xDA, 0xFF, 0xFF, 0xF9, 0xFA, 0xFB, 0xFB,
    0xFB, 0xF9, 0xFF, 0xB2, 0x1D, 0x00, 0x00, 0x00, 0x00, 0x00, 0x00, 0x1D, 0xB2, 0xFF, 0xFC, 0xFF,
    0xFF, 0xFF, 0xFF, 0xFF, 0xFF, 0xFF, 0xFF, 0xFF, 0xFF, 0xFF, 0xFE, 0xFD, 0x2B, 0x00, 0x02, 0x00,
    0x00, 0x00, 0x01, 0x02, 0xDC, 0xFF, 0xFF, 0xFF, 0xFF, 0xFF, 0xFF, 0xFF, 0xFF, 0xFF, 0xFF, 0xFF,
    0xFF, 0xFF, 0xFF, 0xFF, 0xFF, 0xFF, 0xFF, 0xFF, 0xFF, 0xFF, 0xFF, 0xFF, 0xFF, 0xFF, 0xFF, 0xFF,
    0xFF, 0xFF, 0xAA, 0x00, 0x00, 0x04, 0x03, 0x02, 0x02, 0x03, 0x04, 0x00, 0x00, 0xAA, 0xFF, 0xFD,
    0xFF, 0xFF, 0xFF, 0xFF, 0xFF, 0xFF, 0xFF, 0xFF, 0xFF, 0xFD, 0xFF, 0xD4, 0x02, 0x01, 0x00, 0x00,
    0x00, 0x00, 0x02, 0x00, 0x4B, 0x7F, 0x7D, 0x7F, 0x7F, 0x7F, 0x7F, 0x7F, 0x7F, 0x7F, 0x7F, 0x7F,
    0x7F, 0x7F, 0x7F, 0x7F, 0x7F, 0x7F, 0x7E, 0x7D, 0x7D, 0x7E, 0x7F, 0x7F, 0x7F, 0x7F, 0x7F, 0x7F,
    0x7F, 0x79, 0x07, 0x00, 0x03, 0x00, 0x00, 0x00, 0x00, 0x00, 0x00, 0x03, 0x01, 0x07, 0xD8, 0xFE,
    0xFD, 0xFF, 0xFF, 0xFF, 0xFF, 0xFF, 0xFF, 0xFF, 0xFF, 0xFB, 0xFF, 0x85, 0x00, 0x04, 0x00, 0x00,
    0x00, 0x00, 0x00, 0x00, 0x00, 0x00, 0x00, 0x00, 0x00, 0x00, 0x00, 0x00, 0x00, 0x00, 0x00, 0x00,
    0x00, 0x00, 0x00, 0x00, 0x00, 0x00, 0x00, 0x00, 0x00, 0x00, 0x00, 0x00, 0x00, 0x00, 0x00, 0x00,
    0x00, 0x00, 0x00, 0x01, 0x00, 0x00, 0x00, 0x00, 0x00, 0x00, 0x00, 0x00, 0x04, 0x00, 0x58, 0xFF,
    0xFC, 0xFF, 0xFF, 0xFF, 0xFF, 0xFF, 0xFF, 0xFF, 0xFE, 0xFE, 0xFD, 0x2C, 0x00, 0x02, 0x00, 0x00,
    0x00, 0x00, 0x00, 0x00, 0x03, 0x04, 0x04, 0x04, 0x04, 0x04, 0x04, 0x04, 0x04, 0x04, 0x04, 0x04,
    0x04, 0x04, 0x04, 0x04, 0x04, 0x04, 0x04, 0x04, 0x04, 0x04, 0x04, 0x04, 0x04, 0x04, 0x04, 0x04,
    0x04, 0x04, 0x01, 0x00, 0x00, 0x00, 0x00, 0x00, 0x00, 0x00, 0x00, 0x00, 0x01, 0x01, 0x0F, 0xEE,
    0xFF, 0xFE, 0xFF, 0xFF, 0xFF, 0xFF, 0xFF, 0xFF, 0xFC, 0xFE, 0xBD, 0x00, 0x02, 0x00, 0x00, 0x00,
    0x00, 0x00, 0x00, 0x00, 0x00, 0x00, 0x00, 0x00, 0x00, 0x00, 0x00, 0x00, 0x00, 0x00, 0x00, 0x00,
    0x00, 0x00, 0x00, 0x00, 0x00, 0x00, 0x00, 0x00, 0x00, 0x00, 0x00, 0x00, 0x00, 0x00, 0x00, 0x00,
    0x00, 0x00, 0x00, 0x00, 0x00, 0x00, 0x00, 0x00, 0x00, 0x00, 0x00, 0x00, 0x00, 0x01, 0x00, 0xC6,
    0xFF, 0xFC, 0xFF, 0xFF, 0xFF, 0xFF, 0xFF, 0xFF, 0xFC, 0xFF, 0x4D, 0x00, 0x04, 0x00, 0x00, 0x00,
    0x00, 0x00, 0x00, 0x00, 0x00, 0x00, 0x00, 0x00, 0x00, 0x00, 0x00, 0x00, 0x00, 0x00, 0x00, 0x00,
    0x00, 0x00, 0x00, 0x00, 0x00, 0x00, 0x00, 0x00, 0x00, 0x00, 0x00, 0x00, 0x00, 0x00, 0x00, 0x00,
    0x00, 0x00, 0x00, 0x00, 0x00, 0x00, 0x00, 0x00, 0x00, 0x00, 0x00, 0x00, 0x00, 0x02, 0x01, 0xBA,
    0xFF, 0xFC, 0xFF, 0xFF, 0xFF, 0xFF, 0xFF, 0xFC, 0xFF, 0xCC, 0x02, 0x02, 0x00, 0x00, 0x00, 0x00,
    0x00, 0x00, 0x00, 0x00, 0x00, 0x00, 0x00, 0x00, 0x00, 0x01, 0x00, 0x01, 0x01, 0x01, 0x01, 0x01,
    0x01, 0x01, 0x01, 0x01, 0x01, 0x01, 0x01, 0x01, 0x01, 0x01, 0x01, 0x01, 0x01, 0x01, 0x01, 0x01,
    0x01, 0x00, 0x00, 0x00, 0x00, 0x00, 0x00, 0x00, 0x00, 0x00, 0x00, 0x00, 0x01, 0x01, 0x00, 0xCF,
    0xFF, 0xFD, 0xFF, 0xFF, 0xFF, 0xFF, 0xFF, 0xFC, 0xFF, 0x41, 0x00, 0x03, 0x00, 0x00, 0x00, 0x00,
    0x00, 0x00, 0x00, 0x00, 0x00, 0x00, 0x00, 0x00, 0x00, 0x00, 0x00, 0x00, 0x00, 0x00, 0x00, 0x00,
    0x00, 0x00, 0x00, 0x00, 0x00, 0x00, 0x00, 0x00, 0x00, 0x00, 0x00, 0x00, 0x00, 0x00, 0x00, 0x00,
    0x00, 0x00, 0x01, 0x00, 0x00, 0x00, 0x00, 0x00, 0x00, 0x00, 0x00, 0x00, 0x02, 0x01, 0x1B, 0xF7,
    0xFF, 0xFE, 0xFF, 0xFF, 0xFF, 0xFF, 0xFB, 0xFF, 0xA4, 0x00, 0x03, 0x00, 0x00, 0x00, 0x00, 0x00,
    0x00, 0x00, 0x00, 0x00, 0x00, 0x00, 0x00, 0x00, 0x07, 0x00, 0x00, 0x01, 0x00, 0x00, 0x00, 0x00,
    0x00, 0x00, 0x00, 0x00, 0x00, 0x00, 0x00, 0x00, 0x00, 0x00, 0x00, 0x00, 0x00, 0x00, 0x00, 0x00,
    0x01, 0x00, 0x00, 0x01, 0x00, 0x00, 0x00, 0x00, 0x00, 0x00, 0x00, 0x00, 0x05, 0x00, 0x77, 0xFF,
    0xFB, 0xFF, 0xFF, 0xFF, 0xFF, 0xFD, 0xFE, 0xE7, 0x16, 0x02, 0x02, 0x00, 0x00, 0x00, 0x00, 0x00,
    0x00, 0x00, 0x00, 0x00, 0x00, 0x00, 0x02, 0x00, 0x2F, 0xD9, 0xD5, 0xD7, 0xD8, 0xD8, 0xD8, 0xD8,
    0xD8, 0xD8, 0xD8, 0xD8, 0xD8, 0xD8, 0xD8, 0xD8, 0xD8, 0xD8, 0xD8, 0xD8, 0xD8, 0xD8, 0xD8, 0xD7,
    0xD7, 0xCD, 0x21, 0x00, 0x05, 0x00, 0x00, 0x00, 0x00, 0x00, 0x00, 0x05, 0x00, 0x21, 0xEF, 0xFD,
    0xFE, 0xFF, 0xFF, 0xFF, 0xFE, 0xFB, 0xFF, 0x44, 0x00, 0x03, 0x00, 0x00, 0x00, 0x00, 0x00, 0x00,
    0x00, 0x00, 0x00, 0x00, 0x00, 0x00, 0x00, 0x03, 0x00, 0x82, 0xFF, 0xFF, 0xFF, 0xFF, 0xFF, 0xFF,
    0xFF, 0xFF, 0xFF, 0xFF, 0xFF, 0xFF, 0xFF, 0xFF, 0xFF, 0xFF, 0xFF, 0xFF, 0xFF, 0xFF, 0xFF, 0xFF,
    0xFF, 0xFF, 0xD5, 0x1B, 0x00, 0x02, 0x04, 0x04, 0x04, 0x04, 0x02, 0x00, 0x1B, 0xD5, 0xFF, 0xFD,
    0xFF, 0xFF, 0xFF, 0xFF, 0xFA, 0xFF, 0x79, 0x00, 0x04, 0x00, 0x00, 0x00, 0x00, 0x00, 0x00, 0x00,
    0x00, 0x00, 0x00, 0x00, 0x00, 0x00, 0x00, 0x00, 0x03, 0x00, 0x96, 0xFF, 0xF7, 0xFD, 0xFD, 0xFD,
    0xFD, 0xFD, 0xFD, 0xFD, 0xFD, 0xFD, 0xFD, 0xFD, 0xFD, 0xFD, 0xFD, 0xFD, 0xFD, 0xFD, 0xFD, 0xFD,
    0xFD, 0xFB, 0xFF, 0xDF, 0x4D, 0x00, 0x00, 0x00, 0x00, 0x00, 0x00, 0x4D, 0xDF, 0xFF, 0xFD, 0xFF,
    0xFF, 0xFF, 0xFF, 0xF9, 0xFF, 0x98, 0x00, 0x04, 0x00, 0x00, 0x00, 0x00, 0x00, 0x00, 0x00, 0x00,
    0x00, 0x00, 0x00, 0x00, 0x00, 0x00, 0x00, 0x00, 0x01, 0x03, 0x01, 0xA7, 0xFF, 0xFA, 0xFE, 0xFF,
    0xFF, 0xFF, 0xFF, 0xFF, 0xFF, 0xFF, 0xFF, 0xFF, 0xFF, 0xFF, 0xFF, 0xFF, 0xFF, 0xFF, 0xFF, 0xFF,
    0xFF, 0xFF, 0xFD, 0xFF, 0xFF, 0xCB, 0x8A, 0x62, 0x62, 0x8A, 0xCB, 0xFF, 0xFF, 0xFD, 0xFF, 0xFF,
    0xFF, 0xFE, 0xFA, 0xFF, 0xA7, 0x01, 0x03, 0x01, 0x00, 0x00, 0x00, 0x00, 0x00, 0x00, 0x00, 0x00,
    0x00, 0x00, 0x00, 0x00, 0x00, 0x00, 0x00, 0x00, 0x00, 0x01, 0x01, 0x00, 0x97, 0xFF, 0xFD, 0xFD,
    0xFF, 0xFF, 0xFF, 0xFF, 0xFF, 0xFF, 0xFF, 0xFF, 0xFF, 0xFF, 0xFF, 0xFF, 0xFF, 0xFF, 0xFF, 0xFF,
    0xFF, 0xFF, 0xFF, 0xFD, 0xFE, 0xFF, 0xFF, 0xFF, 0xFF, 0xFF, 0xFF, 0xFE, 0xFD, 0xFF, 0xFF, 0xFF,
    0xFD, 0xFD, 0xFF, 0x97, 0x00, 0x01, 0x01, 0x00, 0x00, 0x00, 0x00, 0x00, 0x00, 0x00, 0x00, 0x00,
    0x00, 0x00, 0x00, 0x00, 0x00, 0x00, 0x00, 0x00, 0x00, 0x00, 0x01, 0x02, 0x00, 0x7A, 0xFF, 0xFF,
    0xFB, 0xFF, 0xFF, 0xFF, 0xFF, 0xFF, 0xFF, 0xFF, 0xFF, 0xFF, 0xFF, 0xFF, 0xFF, 0xFF, 0xFF, 0xFF,
    0xFF, 0xFF, 0xFF, 0xFF, 0xFF, 0xFD, 0xFB, 0xFB, 0xFB, 0xFB, 0xFD, 0xFF, 0xFF, 0xFF, 0xFF, 0xFB,
    0xFF, 0xFF, 0x7A, 0x00, 0x02, 0x01, 0x00, 0x00, 0x00, 0x00, 0x00, 0x00, 0x00, 0x00, 0x00, 0x00,
    0x00, 0x00, 0x00, 0x00, 0x00, 0x00, 0x00, 0x00, 0x00, 0x00, 0x00, 0x01, 0x03, 0x00, 0x48, 0xE4,
    0xFF, 0xFD, 0xFD, 0xFF, 0xFF, 0xFF, 0xFF, 0xFF, 0xFF, 0xFF, 0xFF, 0xFF, 0xFF, 0xFF, 0xFF, 0xFF,
    0xFF, 0xFF, 0xFF, 0xFF, 0xFF, 0xFF, 0xFF, 0xFF, 0xFF, 0xFF, 0xFF, 0xFF, 0xFF, 0xFD, 0xFD, 0xFF,
    0xE4, 0x48, 0x00, 0x03, 0x01, 0x00, 0x00, 0x00, 0x00, 0x00, 0x00, 0x00, 0x00, 0x00, 0x00, 0x00,
    0x00, 0x00, 0x00, 0x00, 0x00, 0x00, 0x00, 0x00, 0x00, 0x00, 0x00, 0x00, 0x00, 0x04, 0x00, 0x18,
    0xA0, 0xFF, 0xFF, 0xFC, 0xFC, 0xFE, 0xFF, 0xFF, 0xFF, 0xFF, 0xFF, 0xFF, 0xFF, 0xFF, 0xFF, 0xFF,
    0xFF, 0xFF, 0xFF, 0xFF, 0xFF, 0xFF, 0xFF, 0xFF, 0xFF, 0xFF, 0xFE, 0xFC, 0xFC, 0xFF, 0xFF, 0xA0,
    0x18, 0x00, 0x04, 0x00, 0x00, 0x00, 0x00, 0x00, 0x00, 0x00, 0x00, 0x00, 0x00, 0x00, 0x00, 0x00,
    0x00, 0x00, 0x00, 0x00, 0x00, 0x00, 0x00, 0x00, 0x00, 0x00, 0x00, 0x00, 0x00, 0x00, 0x03, 0x00,
    0x00, 0x46, 0xC7, 0xFF, 0xFF, 0xFF, 0xFB, 0xFD, 0xFE, 0xFF, 0xFF, 0xFF, 0xFF, 0xFF, 0xFF, 0xFF,
    0xFF, 0xFF, 0xFF, 0xFF, 0xFF, 0xFF, 0xFF, 0xFE, 0xFD, 0xFB, 0xFF, 0xFF, 0xFF, 0xC7, 0x46, 0x00,
    0x00, 0x03, 0x00, 0x00, 0x00, 0x00, 0x00, 0x00, 0x00, 0x00, 0x00, 0x00, 0x00, 0x00, 0x00, 0x00,
    0x00, 0x00, 0x00, 0x00, 0x00, 0x00, 0x00, 0x00, 0x00, 0x00, 0x00, 0x00, 0x00, 0x00, 0x00, 0x01,
    0x03, 0x00, 0x00, 0x51, 0xB8, 0xFD, 0xFF, 0xFF, 0xFF, 0xFB, 0xFB, 0xFC, 0xFD, 0xFE, 0xFE, 0xFE,
    0xFE, 0xFE, 0xFE, 0xFD, 0xFC, 0xFB, 0xFB, 0xFF, 0xFF, 0xFF, 0xFD, 0xB8, 0x51, 0x00, 0x00, 0x03,
    0x01, 0x00, 0x00, 0x00, 0x00, 0x00, 0x00, 0x00, 0x00, 0x00, 0x00, 0x00, 0x00, 0x00, 0x00, 0x00,
    0x00, 0x00, 0x00, 0x00, 0x00, 0x00, 0x00, 0x00, 0x00, 0x00, 0x00, 0x00, 0x00, 0x00, 0x00, 0x00,
    0x00, 0x03, 0x00, 0x00, 0x00, 0x30, 0x85, 0xD1, 0xFD, 0xFF, 0xFF, 0xFF, 0xFF, 0xFF, 0xFF, 0xFF,
    0xFF, 0xFF, 0xFF, 0xFF, 0xFF, 0xFF, 0xFF, 0xFD, 0xD1, 0x85, 0x30, 0x00, 0x00, 0x00, 0x03, 0x00,
    0x00, 0x00, 0x00, 0x00, 0x00, 0x00, 0x00, 0x00, 0x00, 0x00, 0x00, 0x00, 0x00, 0x00, 0x00, 0x00,
    0x00, 0x00, 0x00, 0x00, 0x00, 0x00, 0x00, 0x00, 0x00, 0x00, 0x00, 0x00, 0x00, 0x00, 0x00, 0x00,
    0x00, 0x00, 0x00, 0x03, 0x02, 0x00, 0x00, 0x01, 0x2C, 0x63, 0x99, 0xC2, 0xDD, 0xED, 0xFC, 0xFF,
    0xFF, 0xFC, 0xED, 0xDD, 0xC2, 0x99, 0x63, 0x2C, 0x01, 0x00, 0x00, 0x02, 0x03, 0x00, 0x00, 0x00,
    0x00, 0x00, 0x00, 0x00, 0x00, 0x00, 0x00, 0x00, 0x00, 0x00, 0x00, 0x00, 0x00, 0x00, 0x00, 0x00,
    0x00, 0x00, 0x00, 0x00, 0x00, 0x00, 0x00, 0x00, 0x00, 0x00, 0x00, 0x00, 0x00, 0x00, 0x00, 0x00,
    0x00, 0x00, 0x00, 0x00, 0x00, 0x02, 0x04, 0x00, 0x00, 0x00, 0x00, 0x00, 0x05, 0x11, 0x24, 0x27,
    0x27, 0x24, 0x11, 0x05, 0x00, 0x00, 0x00, 0x00, 0x00, 0x04, 0x02, 0x00, 0x00, 0x00, 0x00, 0x00,
    0x00, 0x00, 0x00, 0x00, 0x00, 0x00, 0x00, 0x00, 0x00, 0x00, 0x00, 0x00, 0x00, 0x00, 0x00, 0x00,
    0x00, 0x00, 0x00, 0x00, 0x00, 0x00, 0x00, 0x00, 0x00, 0x00, 0x00, 0x00, 0x00, 0x00, 0x00, 0x00,
    0x00, 0x00, 0x00, 0x00, 0x00, 0x00, 0x00, 0x01, 0x02, 0x04, 0x04, 0x02, 0x00, 0x00, 0x00, 0x00,
    0x00, 0x00, 0x00, 0x00, 0x02, 0x04, 0x04, 0x02, 0x01, 0x00, 0x00, 0x00, 0x00, 0x00, 0x00, 0x00,
    0x00, 0x00, 0x00, 0x00, 0x00, 0x00, 0x00, 0x00, 0x00, 0x00, 0x00, 0x00, 0x00, 0x00, 0x00, 0x00,
    0x00, 0x00, 0x00, 0x00, 0x00, 0x00, 0x00, 0x00, 0x00, 0x00, 0x00, 0x00, 0x00, 0x00, 0x00, 0x00,
    0x00, 0x00, 0x00, 0x00, 0x00, 0x00, 0x00, 0x00, 0x00, 0x00, 0x00, 0x00, 0x01, 0x01, 0x02, 0x02,
    0x02, 0x02, 0x01, 0x01, 0x00, 0x00, 0x00, 0x00, 0x00, 0x00, 0x00, 0x00, 0x00, 0x00, 0x00, 0x00,
    0x00, 0x00, 0x00, 0x00, 0x00, 0x00, 0x00, 0x00, 0x00, 0x00, 0x00, 0x00, 0x00, 0x00, 0x00, 0x00,
};
const lv_image_dsc_t ui_feed_icon_dlna_64 = {
    .header = {.magic = LV_IMAGE_HEADER_MAGIC, .cf = LV_COLOR_FORMAT_A8,
               .w = 64, .h = 64, .stride = 64},
    .data_size = sizeof(s_dlna_64),
    .data = s_dlna_64,
};

static const uint8_t s_spark_24[] = {
    0x00, 0x00, 0x00, 0x00, 0x00, 0x00, 0x00, 0x00, 0x00, 0x00, 0x00, 0x00, 0x00, 0x00, 0x00, 0x00,
    0x00, 0x00, 0x00, 0x00, 0x00, 0x00, 0x00, 0x00, 0x00, 0x00, 0x00, 0x00, 0x00, 0x00, 0x00, 0x00,
    0x00, 0x00, 0x00, 0x00, 0x00, 0x01, 0x00, 0x00, 0x00, 0x00, 0x00, 0x00, 0x00, 0x00, 0x00, 0x00,
    0x00, 0x00, 0x00, 0x00, 0x00, 0x00, 0x00, 0x00, 0x00, 0x00, 0x02, 0x00, 0x00, 0x00, 0x00, 0x00,
    0x01, 0x00, 0x00, 0x00, 0x00, 0x00, 0x00, 0x00, 0x00, 0x00, 0x00, 0x00, 0x00, 0x00, 0x00, 0x00,
    0x00, 0x05, 0x00, 0x02, 0x04, 0x17, 0x00, 0x02, 0x00, 0x00, 0x00, 0x00, 0x00, 0x00, 0x00, 0x00,
    0x00, 0x00, 0x00, 0x00, 0x00, 0x00, 0x00, 0x05, 0x02, 0x3B, 0x3E, 0x00, 0x15, 0x97, 0x04, 0x00,
    0x0B, 0x02, 0x01, 0x00, 0x00, 0x00, 0x00, 0x00, 0x00, 0x00, 0x00, 0x00, 0x00, 0x04, 0x0E, 0x00,
    0x00, 0x0D, 0xCE, 0x46, 0x00, 0xF5, 0x23, 0x26, 0x97, 0x05, 0x00, 0x00, 0x00, 0x00, 0x00, 0x00,
    0x00, 0x00, 0x00, 0x00, 0x02, 0x06, 0x40, 0x7B, 0x3A, 0x00, 0x47, 0xFA, 0x7F, 0xFF, 0xA3, 0xD6,
    0x8E, 0x00, 0x15, 0x05, 0x00, 0x00, 0x00, 0x00, 0x00, 0x00, 0x00, 0x00, 0x01, 0x02, 0x00, 0x3F,
    0xC6, 0xC9, 0x58, 0xD5, 0xFF, 0xFC, 0xFF, 0xFF, 0xA3, 0xAC, 0x8F, 0x08, 0x03, 0x00, 0x00, 0x00,
    0x00, 0x00, 0x00, 0x00, 0x00, 0x00, 0x00, 0x00, 0x00, 0x86, 0xFC, 0xF6, 0xFC, 0xFF, 0xFD, 0xFB,
    0xFF, 0xD4, 0x00, 0x00, 0x00, 0x00, 0x00, 0x00, 0x00, 0x00, 0x00, 0x06, 0x14, 0x27, 0x38, 0x4C,
    0x5B, 0x61, 0xC2, 0xFF, 0xFD, 0xFF, 0xFF, 0xFE, 0xFC, 0xE1, 0xC3, 0x6D, 0x0D, 0x01, 0x01, 0x00,
    0x00, 0x00, 0x01, 0x0E, 0x37, 0x71, 0xA7, 0xD3, 0xF5, 0xFF, 0xFF, 0xFF, 0xFF, 0xFF, 0xFF, 0xFE,
    0xFE, 0xE6, 0x6B, 0x28, 0x05, 0x01, 0x00, 0x00, 0x00, 0x00, 0x00, 0x00, 0x00, 0x00, 0x00, 0x00,
    0x0B, 0x17, 0xAA, 0xFC, 0xFD, 0xFF, 0xFF, 0xFE, 0xFA, 0xF5, 0x78, 0x03, 0x00, 0x01, 0x00, 0x00,
    0x00, 0x00, 0x00, 0x00, 0x02, 0x03, 0x04, 0x04, 0x00, 0x6C, 0xFE, 0xFF, 0xFF, 0xFF, 0xFE, 0xFF,
    0xFF, 0x7A, 0x99, 0x85, 0x15, 0x02, 0x01, 0x00, 0x00, 0x00, 0x00, 0x00, 0x00, 0x01, 0x03, 0x00,
    0x90, 0xFF, 0xEA, 0x77, 0xDB, 0xFF, 0xFF, 0xE9, 0xC5, 0xCB, 0x00, 0x05, 0x09, 0x00, 0x00, 0x00,
    0x00, 0x00, 0x00, 0x00, 0x01, 0x00, 0x00, 0x9C, 0xFC, 0x84, 0x14, 0x00, 0xF2, 0xEB, 0x6E, 0xFF,
    0x23, 0x95, 0x93, 0x00, 0x01, 0x00, 0x00, 0x00, 0x00, 0x00, 0x00, 0x01, 0x01, 0x11, 0x9A, 0xAB,
    0x1F, 0x00, 0x00, 0x17, 0xFE, 0xAA, 0x00, 0xD6, 0x70, 0x00, 0x5C, 0x33, 0x00, 0x02, 0x00, 0x00,
    0x00, 0x00, 0x00, 0x02, 0x07, 0x55, 0x3F, 0x00, 0x00, 0x05, 0x01, 0x24, 0xFF, 0x45, 0x01, 0x55,
    0xA8, 0x01, 0x00, 0x09, 0x00, 0x00, 0x00, 0x00, 0x00, 0x00, 0x00, 0x00, 0x03, 0x00, 0x00, 0x03,
    0x02, 0x02, 0x00, 0x3A, 0xDC, 0x05, 0x02, 0x03, 0x82, 0x0E, 0x02, 0x00, 0x00, 0x00, 0x00, 0x00,
    0x00, 0x00, 0x00, 0x00, 0x00, 0x00, 0x02, 0x00, 0x00, 0x03, 0x00, 0x55, 0x84, 0x00, 0x06, 0x00,
    0x28, 0x1C, 0x00, 0x02, 0x00, 0x00, 0x00, 0x00, 0x00, 0x00, 0x00, 0x00, 0x00, 0x00, 0x00, 0x00,
    0x00, 0x03, 0x00, 0x4D, 0x2C, 0x00, 0x01, 0x00, 0x00, 0x00, 0x00, 0x00, 0x00, 0x00, 0x00, 0x00,
    0x00, 0x00, 0x00, 0x00, 0x00, 0x00, 0x00, 0x00, 0x00, 0x01, 0x00, 0x10, 0x02, 0x00, 0x00, 0x00,
    0x01, 0x00, 0x00, 0x00, 0x00, 0x00, 0x00, 0x00, 0x00, 0x00, 0x00, 0x00, 0x00, 0x00, 0x00, 0x00,
    0x00, 0x00, 0x00, 0x00, 0x00, 0x00, 0x00, 0x00, 0x00, 0x00, 0x00, 0x00, 0x00, 0x00, 0x00, 0x00,
    0x00, 0x00, 0x00, 0x00, 0x00, 0x00, 0x00, 0x00, 0x00, 0x00, 0x00, 0x01, 0x00, 0x00, 0x00, 0x00,
    0x00, 0x00, 0x00, 0x00, 0x00, 0x00, 0x00, 0x00, 0x00, 0x00, 0x00, 0x00, 0x00, 0x00, 0x00, 0x00,
    0x00, 0x00, 0x00, 0x00, 0x00, 0x00, 0x00, 0x00, 0x00, 0x00, 0x00, 0x00, 0x00, 0x00, 0x00, 0x00,
};
const lv_image_dsc_t ui_feed_icon_spark_24 = {
    .header = {.magic = LV_IMAGE_HEADER_MAGIC, .cf = LV_COLOR_FORMAT_A8,
               .w = 24, .h = 24, .stride = 24},
    .data_size = sizeof(s_spark_24),
    .data = s_spark_24,
};

static const uint8_t s_spark_32[] = {
    0x00, 0x00, 0x00, 0x00, 0x00, 0x00, 0x00, 0x00, 0x00, 0x00, 0x00, 0x00, 0x00, 0x00, 0x00, 0x00,
    0x00, 0x00, 0x00, 0x00, 0x00, 0x00, 0x00, 0x00, 0x00, 0x00, 0x00, 0x00, 0x00, 0x00, 0x00, 0x00,
    0x00, 0x00, 0x00, 0x00, 0x00, 0x00, 0x00, 0x00, 0x00, 0x00, 0x00, 0x00, 0x00, 0x00, 0x00, 0x00,
    0x00, 0x00, 0x00, 0x00, 0x00, 0x00, 0x00, 0x00, 0x00, 0x00, 0x00, 0x00, 0x00, 0x00, 0x00, 0x00,
    0x00, 0x00, 0x00, 0x00, 0x00, 0x00, 0x00, 0x00, 0x00, 0x00, 0x00, 0x00, 0x00, 0x00, 0x00, 0x00,
    0x00, 0x01, 0x00, 0x00, 0x00, 0x00, 0x00, 0x00, 0x00, 0x00, 0x00, 0x00, 0x00, 0x00, 0x00, 0x00,
    0x00, 0x00, 0x00, 0x00, 0x00, 0x00, 0x00, 0x00, 0x00, 0x00, 0x00, 0x00, 0x00, 0x01, 0x00, 0x00,
    0x00, 0x00, 0x00, 0x00, 0x00, 0x00, 0x00, 0x00, 0x00, 0x00, 0x00, 0x00, 0x00, 0x00, 0x00, 0x00,
    0x00, 0x00, 0x00, 0x00, 0x00, 0x00, 0x00, 0x00, 0x00, 0x00, 0x00, 0x00, 0x00, 0x00, 0x02, 0x00,
    0x00, 0x06, 0x00, 0x00, 0x00, 0x01, 0x01, 0x00, 0x00, 0x00, 0x00, 0x00, 0x00, 0x00, 0x00, 0x00,
    0x00, 0x00, 0x00, 0x00, 0x00, 0x00, 0x00, 0x00, 0x01, 0x00, 0x02, 0x00, 0x2A, 0x30, 0x00, 0x07,
    0x00, 0x69, 0x2A, 0x00, 0x03, 0x00, 0x00, 0x00, 0x00, 0x00, 0x00, 0x00, 0x00, 0x00, 0x00, 0x00,
    0x00, 0x00, 0x00, 0x00, 0x00, 0x00, 0x00, 0x00, 0x00, 0x02, 0x03, 0x02, 0x0A, 0xAD, 0x36, 0x00,
    0x02, 0xAC, 0x8B, 0x01, 0x00, 0x13, 0x2A, 0x00, 0x02, 0x00, 0x00, 0x00, 0x00, 0x00, 0x00, 0x00,
    0x00, 0x00, 0x00, 0x00, 0x00, 0x00, 0x00, 0x08, 0x16, 0x00, 0x00, 0x04, 0x01, 0x4B, 0xF4, 0x3F,
    0x00, 0xC6, 0xEA, 0x00, 0x08, 0xC7, 0x45, 0x03, 0x06, 0x00, 0x00, 0x00, 0x00, 0x00, 0x00, 0x00,
    0x00, 0x00, 0x00, 0x00, 0x00, 0x00, 0x02, 0x07, 0x44, 0x87, 0x42, 0x00, 0x00, 0x00, 0xD5, 0xF8,
    0x40, 0xCC, 0xFF, 0x5F, 0xB5, 0xFF, 0x0A, 0x00, 0x00, 0x03, 0x00, 0x00, 0x00, 0x00, 0x00, 0x00,
    0x00, 0x00, 0x00, 0x00, 0x00, 0x00, 0x00, 0x00, 0x00, 0x36, 0xC0, 0xD2, 0x6E, 0x16, 0x3D, 0xFD,
    0xF7, 0xF5, 0xFE, 0xFF, 0xFF, 0xCF, 0x17, 0x50, 0x97, 0x28, 0x00, 0x02, 0x00, 0x00, 0x00, 0x00,
    0x00, 0x00, 0x00, 0x00, 0x00, 0x00, 0x00, 0x00, 0x02, 0x00, 0x01, 0x8D, 0xFF, 0xF9, 0xA2, 0xE7,
    0xFF, 0xFF, 0xFF, 0xFE, 0xFD, 0xF2, 0xED, 0xFF, 0x88, 0x03, 0x05, 0x00, 0x00, 0x00, 0x00, 0x00,
    0x00, 0x00, 0x00, 0x00, 0x00, 0x01, 0x03, 0x03, 0x02, 0x02, 0x00, 0x00, 0x32, 0xCE, 0xFF, 0xFF,
    0xFE, 0xFF, 0xFF, 0xFF, 0xFF, 0xFF, 0xFF, 0x99, 0x00, 0x00, 0x00, 0x00, 0x00, 0x00, 0x00, 0x00,
    0x00, 0x00, 0x00, 0x00, 0x00, 0x00, 0x00, 0x00, 0x00, 0x00, 0x0B, 0x24, 0x2E, 0x67, 0xE5, 0xFD,
    0xFE, 0xFF, 0xFF, 0xFF, 0xFF, 0xFE, 0xFD, 0xBF, 0x9A, 0x70, 0x35, 0x04, 0x01, 0x00, 0x00, 0x00,
    0x00, 0x00, 0x00, 0x01, 0x08, 0x2D, 0x68, 0x9A, 0xC4, 0xE6, 0xFD, 0xFF, 0xFF, 0xFF, 0xFF, 0xFF,
    0xFF, 0xFF, 0xFF, 0xFF, 0xFF, 0xFF, 0xFE, 0xFF, 0xE3, 0x97, 0x36, 0x04, 0x01, 0x00, 0x00, 0x00,
    0x00, 0x00, 0x00, 0x00, 0x02, 0x0B, 0x1C, 0x30, 0x48, 0x67, 0x88, 0xA8, 0xC8, 0xD9, 0xF4, 0xFF,
    0xFF, 0xFF, 0xFF, 0xFF, 0xFF, 0xFD, 0xFF, 0xAE, 0x00, 0x00, 0x00, 0x00, 0x00, 0x00, 0x00, 0x00,
    0x00, 0x00, 0x00, 0x00, 0x00, 0x00, 0x00, 0x00, 0x00, 0x00, 0x00, 0x00, 0x00, 0x33, 0xE9, 0xFB,
    0xFD, 0xFF, 0xFF, 0xFF, 0xFF, 0xFE, 0xFD, 0xFF, 0xD1, 0x32, 0x00, 0x00, 0x00, 0x00, 0x00, 0x00,
    0x00, 0x00, 0x00, 0x00, 0x00, 0x00, 0x01, 0x02, 0x03, 0x04, 0x09, 0x00, 0x3F, 0xE5, 0xFE, 0xFF,
    0xFF, 0xFF, 0xFE, 0xFD, 0xFE, 0xFF, 0xD3, 0x62, 0xAE, 0xBF, 0x54, 0x06, 0x02, 0x00, 0x00, 0x00,
    0x00, 0x00, 0x00, 0x00, 0x00, 0x00, 0x00, 0x00, 0x00, 0x05, 0x00, 0x3E, 0xF2, 0xFF, 0xFF, 0xCF,
    0xDD, 0xFF, 0xFF, 0xFF, 0xFC, 0xED, 0xFF, 0x55, 0x00, 0x06, 0x25, 0x08, 0x00, 0x00, 0x00, 0x00,
    0x00, 0x00, 0x00, 0x00, 0x00, 0x00, 0x00, 0x00, 0x04, 0x00, 0x42, 0xFA, 0xFF, 0xDC, 0x71, 0x04,
    0xC7, 0xFF, 0xE4, 0xD6, 0xFB, 0x62, 0xA6, 0xFF, 0x25, 0x00, 0x00, 0x00, 0x00, 0x00, 0x00, 0x00,
    0x00, 0x00, 0x00, 0x00, 0x00, 0x00, 0x00, 0x04, 0x00, 0x5A, 0xFF, 0xEA, 0x79, 0x0E, 0x00, 0x00,
    0xD6, 0xFE, 0x8E, 0x3B, 0xFF, 0x81, 0x00, 0x8D, 0xCF, 0x08, 0x02, 0x01, 0x00, 0x00, 0x00, 0x00,
    0x00, 0x00, 0x00, 0x00, 0x00, 0x00, 0x01, 0x00, 0x69, 0xF5, 0x83, 0x14, 0x00, 0x00, 0x04, 0x0B,
    0xE3, 0xFF, 0x40, 0x00, 0xD4, 0xCE, 0x00, 0x00, 0x5D, 0x6B, 0x04, 0x03, 0x00, 0x00, 0x00, 0x00,
    0x00, 0x00, 0x00, 0x00, 0x00, 0x02, 0x08, 0x6A, 0x9B, 0x24, 0x00, 0x00, 0x04, 0x02, 0x00, 0x0F,
    0xF8, 0xDE, 0x07, 0x01, 0x46, 0xF5, 0x0C, 0x03, 0x00, 0x1F, 0x0B, 0x00, 0x00, 0x00, 0x00, 0x00,
    0x00, 0x00, 0x00, 0x00, 0x01, 0x00, 0x1C, 0x35, 0x00, 0x00, 0x03, 0x01, 0x00, 0x02, 0x00, 0x1A,
    0xFF, 0x82, 0x00, 0x05, 0x00, 0xBE, 0x44, 0x00, 0x05, 0x00, 0x00, 0x00, 0x00, 0x00, 0x00, 0x00,
    0x00, 0x00, 0x00, 0x00, 0x00, 0x00, 0x00, 0x00, 0x02, 0x02, 0x00, 0x00, 0x00, 0x02, 0x00, 0x28,
    0xF9, 0x26, 0x00, 0x05, 0x00, 0x45, 0x70, 0x00, 0x04, 0x01, 0x00, 0x00, 0x00, 0x00, 0x00, 0x00,
    0x00, 0x00, 0x00, 0x00, 0x00, 0x00, 0x01, 0x02, 0x00, 0x00, 0x00, 0x00, 0x00, 0x03, 0x00, 0x48,
    0xC6, 0x00, 0x02, 0x00, 0x00, 0x04, 0x4C, 0x02, 0x01, 0x00, 0x00, 0x00, 0x00, 0x00, 0x00, 0x00,
    0x00, 0x00, 0x00, 0x00, 0x00, 0x00, 0x00, 0x00, 0x00, 0x00, 0x00, 0x00, 0x00, 0x03, 0x00, 0x54,
    0x6B, 0x01, 0x04, 0x00, 0x00, 0x00, 0x04, 0x01, 0x00, 0x00, 0x00, 0x00, 0x00, 0x00, 0x00, 0x00,
    0x00, 0x00, 0x00, 0x00, 0x00, 0x00, 0x00, 0x00, 0x00, 0x00, 0x00, 0x00, 0x00, 0x03, 0x00, 0x44,
    0x20, 0x00, 0x01, 0x00, 0x00, 0x00, 0x00, 0x00, 0x00, 0x00, 0x00, 0x00, 0x00, 0x00, 0x00, 0x00,
    0x00, 0x00, 0x00, 0x00, 0x00, 0x00, 0x00, 0x00, 0x00, 0x00, 0x00, 0x00, 0x00, 0x00, 0x00, 0x09,
    0x01, 0x00, 0x00, 0x00, 0x00, 0x00, 0x00, 0x00, 0x00, 0x00, 0x00, 0x00, 0x00, 0x00, 0x00, 0x00,
    0x00, 0x00, 0x00, 0x00, 0x00, 0x00, 0x00, 0x00, 0x00, 0x00, 0x00, 0x00, 0x00, 0x00, 0x00, 0x00,
    0x00, 0x00, 0x00, 0x00, 0x00, 0x00, 0x00, 0x00, 0x00, 0x00, 0x00, 0x00, 0x00, 0x00, 0x00, 0x00,
    0x00, 0x00, 0x00, 0x00, 0x00, 0x00, 0x00, 0x00, 0x00, 0x00, 0x00, 0x00, 0x00, 0x00, 0x00, 0x00,
    0x00, 0x00, 0x00, 0x00, 0x00, 0x00, 0x00, 0x00, 0x00, 0x00, 0x00, 0x00, 0x00, 0x00, 0x00, 0x00,
    0x00, 0x00, 0x00, 0x00, 0x00, 0x00, 0x00, 0x00, 0x00, 0x00, 0x00, 0x00, 0x00, 0x00, 0x00, 0x00,
    0x00, 0x00, 0x00, 0x00, 0x00, 0x00, 0x00, 0x00, 0x00, 0x00, 0x00, 0x00, 0x00, 0x00, 0x00, 0x00,
    0x00, 0x00, 0x00, 0x00, 0x00, 0x00, 0x00, 0x00, 0x00, 0x00, 0x00, 0x00, 0x00, 0x00, 0x00, 0x00,
    0x00, 0x00, 0x00, 0x00, 0x00, 0x00, 0x00, 0x00, 0x00, 0x00, 0x00, 0x00, 0x00, 0x00, 0x00, 0x00,
};
const lv_image_dsc_t ui_feed_icon_spark_32 = {
    .header = {.magic = LV_IMAGE_HEADER_MAGIC, .cf = LV_COLOR_FORMAT_A8,
               .w = 32, .h = 32, .stride = 32},
    .data_size = sizeof(s_spark_32),
    .data = s_spark_32,
};

static const uint8_t s_spark_44[] = {
    0x00, 0x00, 0x00, 0x00, 0x00, 0x00, 0x00, 0x00, 0x00, 0x00, 0x00, 0x00, 0x00, 0x00, 0x00, 0x00,
    0x00, 0x00, 0x00, 0x00, 0x00, 0x00, 0x00, 0x00, 0x00, 0x00, 0x00, 0x00, 0x00, 0x00, 0x00, 0x00,
    0x00, 0x00, 0x00, 0x00, 0x00, 0x00, 0x00, 0x00, 0x00, 0x00, 0x00, 0x00, 0x00, 0x00, 0x00, 0x00,
    0x00, 0x00, 0x00, 0x00, 0x00, 0x00, 0x00, 0x00, 0x00, 0x00, 0x00, 0x00, 0x00, 0x00, 0x00, 0x00,
    0x00, 0x00, 0x00, 0x00, 0x00, 0x00, 0x00, 0x00, 0x00, 0x00, 0x00, 0x00, 0x00, 0x00, 0x00, 0x00,
    0x00, 0x00, 0x00, 0x00, 0x00, 0x00, 0x00, 0x00, 0x00, 0x00, 0x00, 0x00, 0x00, 0x00, 0x00, 0x00,
    0x00, 0x00, 0x00, 0x00, 0x00, 0x00, 0x00, 0x00, 0x00, 0x00, 0x00, 0x00, 0x00, 0x00, 0x00, 0x00,
    0x00, 0x00, 0x00, 0x00, 0x00, 0x00, 0x00, 0x00, 0x00, 0x00, 0x00, 0x00, 0x00, 0x00, 0x00, 0x00,
    0x00, 0x00, 0x00, 0x00, 0x00, 0x00, 0x00, 0x00, 0x00, 0x00, 0x00, 0x00, 0x00, 0x00, 0x00, 0x00,
    0x00, 0x00, 0x00, 0x00, 0x00, 0x00, 0x00, 0x00, 0x00, 0x00, 0x00, 0x00, 0x00, 0x00, 0x00, 0x00,
    0x00, 0x00, 0x00, 0x00, 0x00, 0x00, 0x00, 0x00, 0x00, 0x00, 0x00, 0x00, 0x00, 0x00, 0x00, 0x00,
    0x00, 0x00, 0x00, 0x00, 0x00, 0x00, 0x00, 0x00, 0x00, 0x00, 0x00, 0x00, 0x00, 0x00, 0x00, 0x00,
    0x00, 0x00, 0x00, 0x00, 0x00, 0x00, 0x00, 0x00, 0x01, 0x00, 0x00, 0x00, 0x00, 0x00, 0x00, 0x00,
    0x00, 0x00, 0x00, 0x00, 0x00, 0x00, 0x00, 0x00, 0x00, 0x00, 0x00, 0x00, 0x00, 0x00, 0x00, 0x00,
    0x00, 0x00, 0x00, 0x00, 0x00, 0x00, 0x00, 0x00, 0x00, 0x00, 0x00, 0x00, 0x00, 0x01, 0x01, 0x00,
    0x00, 0x00, 0x00, 0x00, 0x00, 0x00, 0x00, 0x00, 0x00, 0x00, 0x00, 0x00, 0x00, 0x00, 0x00, 0x00,
    0x00, 0x00, 0x00, 0x00, 0x00, 0x00, 0x00, 0x00, 0x00, 0x00, 0x00, 0x00, 0x00, 0x00, 0x00, 0x00,
    0x00, 0x00, 0x00, 0x00, 0x00, 0x00, 0x00, 0x00, 0x00, 0x00, 0x00, 0x02, 0x00, 0x00, 0x00, 0x03,
    0x0C, 0x00, 0x00, 0x00, 0x00, 0x00, 0x00, 0x00, 0x00, 0x00, 0x00, 0x00, 0x00, 0x00, 0x00, 0x00,
    0x00, 0x00, 0x00, 0x00, 0x00, 0x00, 0x00, 0x00, 0x00, 0x00, 0x00, 0x00, 0x00, 0x00, 0x00, 0x00,
    0x00, 0x00, 0x00, 0x02, 0x00, 0x40, 0x17, 0x00, 0x03, 0x00, 0x00, 0x0C, 0x83, 0x01, 0x01, 0x00,
    0x00, 0x02, 0x00, 0x00, 0x00, 0x00, 0x00, 0x00, 0x00, 0x00, 0x00, 0x00, 0x00, 0x00, 0x00, 0x00,
    0x00, 0x00, 0x00, 0x00, 0x00, 0x00, 0x00, 0x00, 0x00, 0x00, 0x00, 0x01, 0x00, 0x00, 0x00, 0x02,
    0x00, 0x23, 0xC4, 0x1E, 0x00, 0x05, 0x00, 0x0E, 0xEA, 0x2C, 0x01, 0x02, 0x02, 0x00, 0x02, 0x01,
    0x00, 0x00, 0x00, 0x00, 0x00, 0x00, 0x00, 0x00, 0x00, 0x00, 0x00, 0x00, 0x00, 0x00, 0x00, 0x00,
    0x00, 0x00, 0x00, 0x00, 0x00, 0x00, 0x00, 0x00, 0x02, 0x03, 0x00, 0x00, 0x04, 0x00, 0x8F, 0xE2,
    0x19, 0x00, 0x02, 0x1C, 0xFF, 0x8C, 0x00, 0x07, 0x00, 0x25, 0x82, 0x02, 0x02, 0x00, 0x00, 0x00,
    0x00, 0x00, 0x00, 0x00, 0x00, 0x00, 0x00, 0x00, 0x00, 0x00, 0x00, 0x00, 0x00, 0x00, 0x00, 0x00,
    0x00, 0x00, 0x08, 0x17, 0x00, 0x00, 0x01, 0x04, 0x03, 0x01, 0x0E, 0xF2, 0xDF, 0x2B, 0x00, 0x3B,
    0xFE, 0xE6, 0x0F, 0x00, 0x1E, 0xE1, 0x96, 0x00, 0x04, 0x01, 0x02, 0x00, 0x00, 0x00, 0x00, 0x00,
    0x00, 0x00, 0x00, 0x00, 0x00, 0x00, 0x00, 0x00, 0x00, 0x00, 0x00, 0x00, 0x00, 0x02, 0x07, 0x45,
    0x8E, 0x47, 0x00, 0x00, 0x00, 0x06, 0x01, 0x8B, 0xFF, 0xE6, 0x23, 0x46, 0xFF, 0xFF, 0x56, 0x1E,
    0xE4, 0xFF, 0x5D, 0x04, 0x07, 0x00, 0x00, 0x00, 0x00, 0x00, 0x00, 0x00, 0x00, 0x00, 0x00, 0x00,
    0x00, 0x00, 0x00, 0x00, 0x00, 0x00, 0x00, 0x00, 0x00, 0x00, 0x00, 0x00, 0x38, 0xC6, 0xD6, 0x6F,
    0x1D, 0x00, 0x00, 0x1A, 0xF6, 0xFF, 0xE4, 0xAD, 0xFF, 0xFE, 0xD5, 0xDE, 0xFF, 0xFF, 0x34, 0x00,
    0x00, 0x0C, 0x35, 0x04, 0x00, 0x00, 0x00, 0x00, 0x00, 0x00, 0x00, 0x00, 0x00, 0x00, 0x00, 0x00,
    0x00, 0x00, 0x00, 0x00, 0x00, 0x00, 0x00, 0x02, 0x00, 0x01, 0x91, 0xFF, 0xF9, 0xA9, 0x51, 0x03,
    0x7F, 0xFD, 0xFF, 0xFF, 0xFF, 0xFF, 0xFF, 0xFF, 0xFD, 0xF7, 0x40, 0x5E, 0xA5, 0xEA, 0x61, 0x01,
    0x03, 0x00, 0x00, 0x00, 0x00, 0x00, 0x00, 0x00, 0x00, 0x00, 0x00, 0x00, 0x00, 0x00, 0x00, 0x00,
    0x00, 0x00, 0x00, 0x00, 0x02, 0x01, 0x00, 0x41, 0xE1, 0xFF, 0xFF, 0xDA, 0xA2, 0xF8, 0xFD, 0xFC,
    0xFF, 0xFF, 0xFD, 0xFD, 0xFF, 0xFB, 0xFB, 0xFF, 0xFF, 0x8C, 0x00, 0x03, 0x00, 0x00, 0x00, 0x00,
    0x00, 0x00, 0x00, 0x00, 0x00, 0x00, 0x00, 0x00, 0x00, 0x00, 0x00, 0x00, 0x00, 0x00, 0x00, 0x00,
    0x00, 0x02, 0x06, 0x00, 0x19, 0xAB, 0xFF, 0xFF, 0xFF, 0xFF, 0xFF, 0xFF, 0xFF, 0xFF, 0xFF, 0xFF,
    0xFF, 0xFF, 0xFE, 0xFC, 0xA2, 0x00, 0x06, 0x05, 0x03, 0x00, 0x00, 0x00, 0x00, 0x00, 0x00, 0x00,
    0x00, 0x00, 0x00, 0x00, 0x00, 0x00, 0x01, 0x02, 0x03, 0x04, 0x04, 0x02, 0x00, 0x00, 0x00, 0x00,
    0x00, 0x00, 0x59, 0xE3, 0xFA, 0xFE, 0xFF, 0xFF, 0xFF, 0xFF, 0xFF, 0xFF, 0xFF, 0xFE, 0xFD, 0xEE,
    0x3C, 0x0C, 0x00, 0x00, 0x00, 0x00, 0x00, 0x00, 0x00, 0x00, 0x00, 0x00, 0x00, 0x00, 0x00, 0x00,
    0x00, 0x00, 0x00, 0x00, 0x00, 0x00, 0x00, 0x00, 0x00, 0x0C, 0x20, 0x37, 0x52, 0x71, 0x7E, 0xCA,
    0xFF, 0xFE, 0xFF, 0xFF, 0xFF, 0xFF, 0xFF, 0xFF, 0xFF, 0xFF, 0xFF, 0xFD, 0xFC, 0xE7, 0xC7, 0x9A,
    0x4E, 0x07, 0x01, 0x00, 0x00, 0x00, 0x00, 0x00, 0x00, 0x00, 0x00, 0x00, 0x00, 0x01, 0x0E, 0x34,
    0x63, 0x8D, 0xB4, 0xD1, 0xE6, 0xF6, 0xFF, 0xFF, 0xFF, 0xFF, 0xFF, 0xFF, 0xFF, 0xFF, 0xFF, 0xFF,
    0xFF, 0xFF, 0xFF, 0xFF, 0xFF, 0xFF, 0xFF, 0xFF, 0xFF, 0xFF, 0xD2, 0x82, 0x30, 0x04, 0x01, 0x00,
    0x00, 0x00, 0x00, 0x00, 0x00, 0x00, 0x00, 0x00, 0x00, 0x00, 0x06, 0x18, 0x33, 0x50, 0x6E, 0x90,
    0xB0, 0xCC, 0xE4, 0xF7, 0xFF, 0xFF, 0xFF, 0xFF, 0xFF, 0xFF, 0xFF, 0xFF, 0xFF, 0xFF, 0xFF, 0xFF,
    0xFF, 0xFF, 0xFD, 0xFC, 0x92, 0x21, 0x00, 0x00, 0x00, 0x00, 0x00, 0x00, 0x00, 0x00, 0x00, 0x00,
    0x00, 0x00, 0x00, 0x00, 0x00, 0x00, 0x00, 0x00, 0x00, 0x00, 0x00, 0x00, 0x00, 0x00, 0x08, 0x1F,
    0x3A, 0x5B, 0x76, 0xB3, 0xFF, 0xFE, 0xFF, 0xFF, 0xFF, 0xFF, 0xFF, 0xFF, 0xFF, 0xFF, 0xFE, 0xFB,
    0xC5, 0x35, 0x00, 0x05, 0x03, 0x00, 0x00, 0x00, 0x00, 0x00, 0x00, 0x00, 0x00, 0x00, 0x00, 0x00,
    0x00, 0x00, 0x00, 0x01, 0x02, 0x03, 0x04, 0x04, 0x03, 0x01, 0x00, 0x00, 0x00, 0x00, 0x10, 0xC3,
    0xFE, 0xFD, 0xFF, 0xFF, 0xFF, 0xFF, 0xFF, 0xFF, 0xFF, 0xFF, 0xFF, 0xFF, 0xFF, 0xFF, 0x7F, 0x00,
    0x00, 0x01, 0x00, 0x00, 0x00, 0x00, 0x00, 0x00, 0x00, 0x00, 0x00, 0x00, 0x00, 0x00, 0x00, 0x00,
    0x00, 0x00, 0x00, 0x00, 0x00, 0x00, 0x01, 0x06, 0x00, 0x2E, 0xEA, 0xFF, 0xFC, 0xFC, 0xFF, 0xFF,
    0xFF, 0xFF, 0xFF, 0xFF, 0xFF, 0xFB, 0xFB, 0x97, 0xA3, 0xD4, 0xFF, 0xC7, 0x32, 0x01, 0x01, 0x00,
    0x00, 0x00, 0x00, 0x00, 0x00, 0x00, 0x00, 0x00, 0x00, 0x00, 0x00, 0x00, 0x00, 0x00, 0x00, 0x00,
    0x00, 0x00, 0x04, 0x00, 0x34, 0xE7, 0xFF, 0xF8, 0xFF, 0xFF, 0xFC, 0xFF, 0xFF, 0xFE, 0xFD, 0xFF,
    0xFF, 0xFF, 0xFF, 0xB3, 0x00, 0x03, 0x1E, 0x59, 0x6E, 0x19, 0x01, 0x01, 0x00, 0x00, 0x00, 0x00,
    0x00, 0x00, 0x00, 0x00, 0x00, 0x00, 0x00, 0x00, 0x00, 0x00, 0x00, 0x00, 0x00, 0x05, 0x00, 0x40,
    0xF3, 0xFE, 0xFF, 0xFF, 0xEA, 0x68, 0xAC, 0xFF, 0xFC, 0xFF, 0xFF, 0xFE, 0xFC, 0xAC, 0xFA, 0xFF,
    0x75, 0x00, 0x00, 0x00, 0x00, 0x01, 0x00, 0x00, 0x00, 0x00, 0x00, 0x00, 0x00, 0x00, 0x00, 0x00,
    0x00, 0x00, 0x00, 0x00, 0x00, 0x00, 0x00, 0x00, 0x04, 0x00, 0x45, 0xF1, 0xFF, 0xFF, 0xEC, 0x80,
    0x18, 0x00, 0xB9, 0xFF, 0xFE, 0xE5, 0xAC, 0xFF, 0xFF, 0x57, 0x3F, 0xEF, 0xFE, 0x25, 0x02, 0x06,
    0x03, 0x00, 0x00, 0x00, 0x00, 0x00, 0x00, 0x00, 0x00, 0x00, 0x00, 0x00, 0x00, 0x00, 0x00, 0x00,
    0x00, 0x00, 0x00, 0x04, 0x00, 0x55, 0xFF, 0xFF, 0xEF, 0x8F, 0x1E, 0x00, 0x00, 0x04, 0xC5, 0xFF,
    0xFF, 0xA4, 0x10, 0xF5, 0xFE, 0xA3, 0x00, 0x2D, 0xD8, 0xDA, 0x00, 0x03, 0x01, 0x00, 0x00, 0x00,
    0x00, 0x00, 0x00, 0x00, 0x00, 0x00, 0x00, 0x00, 0x00, 0x00, 0x00, 0x00, 0x00, 0x01, 0x04, 0x00,
    0x5C, 0xFF, 0xFA, 0x97, 0x21, 0x00, 0x00, 0x05, 0x01, 0x00, 0xD8, 0xFF, 0xFF, 0x50, 0x00, 0x86,
    0xFF, 0xCD, 0x03, 0x00, 0x10, 0xC4, 0x91, 0x00, 0x03, 0x00, 0x00, 0x00, 0x00, 0x00, 0x00, 0x00,
    0x00, 0x00, 0x00, 0x00, 0x00, 0x00, 0x00, 0x00, 0x00, 0x00, 0x00, 0x80, 0xFF, 0x9D, 0x2A, 0x00,
    0x00, 0x04, 0x01, 0x01, 0x00, 0x05, 0xDC, 0xFF, 0xE0, 0x0A, 0x02, 0x11, 0xEF, 0xF4, 0x15, 0x02,
    0x00, 0x00, 0x8E, 0x41, 0x00, 0x02, 0x00, 0x00, 0x00, 0x00, 0x00, 0x00, 0x00, 0x00, 0x00, 0x00,
    0x00, 0x00, 0x00, 0x00, 0x02, 0x09, 0x7D, 0xBC, 0x38, 0x00, 0x00, 0x03, 0x02, 0x00, 0x00, 0x01,
    0x00, 0x10, 0xEA, 0xFF, 0x8A, 0x00, 0x07, 0x00, 0x78, 0xFF, 0x3B, 0x00, 0x05, 0x00, 0x00, 0x2C,
    0x03, 0x01, 0x00, 0x00, 0x00, 0x00, 0x00, 0x00, 0x00, 0x00, 0x00, 0x00, 0x00, 0x00, 0x00, 0x02,
    0x04, 0x4E, 0x50, 0x00, 0x00, 0x03, 0x02, 0x00, 0x00, 0x00, 0x00, 0x01, 0x00, 0x19, 0xF3, 0xFD,
    0x2F, 0x00, 0x04, 0x02, 0x08, 0xF1, 0x76, 0x00, 0x04, 0x01, 0x01, 0x00, 0x00, 0x00, 0x00, 0x00,
    0x00, 0x00, 0x00, 0x00, 0x00, 0x00, 0x00, 0x00, 0x00, 0x00, 0x00, 0x00, 0x02, 0x02, 0x00, 0x02,
    0x02, 0x00, 0x00, 0x00, 0x00, 0x00, 0x00, 0x02, 0x00, 0x24, 0xFF, 0xC9, 0x00, 0x02, 0x00, 0x04,
    0x00, 0x80, 0xB5, 0x00, 0x04, 0x00, 0x00, 0x01, 0x00, 0x00, 0x00, 0x00, 0x00, 0x00, 0x00, 0x00,
    0x00, 0x00, 0x00, 0x00, 0x00, 0x00, 0x00, 0x00, 0x00, 0x00, 0x03, 0x00, 0x00, 0x00, 0x00, 0x00,
    0x00, 0x00, 0x00, 0x03, 0x00, 0x31, 0xFF, 0x6B, 0x00, 0x04, 0x00, 0x01, 0x01, 0x0D, 0xAF, 0x0A,
    0x00, 0x01, 0x00, 0x00, 0x00, 0x00, 0x00, 0x00, 0x00, 0x00, 0x00, 0x00, 0x00, 0x00, 0x00, 0x00,
    0x00, 0x00, 0x00, 0x00, 0x00, 0x00, 0x00, 0x00, 0x00, 0x00, 0x00, 0x00, 0x00, 0x00, 0x00, 0x03,
    0x00, 0x44, 0xF9, 0x16, 0x00, 0x02, 0x00, 0x00, 0x03, 0x00, 0x57, 0x2E, 0x00, 0x02, 0x00, 0x00,
    0x00, 0x00, 0x00, 0x00, 0x00, 0x00, 0x00, 0x00, 0x00, 0x00, 0x00, 0x00, 0x00, 0x00, 0x00, 0x00,
    0x00, 0x00, 0x00, 0x00, 0x00, 0x00, 0x00, 0x00, 0x00, 0x00, 0x00, 0x04, 0x00, 0x61, 0xBA, 0x00,
    0x03, 0x00, 0x00, 0x00, 0x01, 0x01, 0x0A, 0x15, 0x00, 0x01, 0x00, 0x00, 0x00, 0x00, 0x00, 0x00,
    0x00, 0x00, 0x00, 0x00, 0x00, 0x00, 0x00, 0x00, 0x00, 0x00, 0x00, 0x00, 0x00, 0x00, 0x00, 0x00,
    0x00, 0x00, 0x00, 0x00, 0x00, 0x00, 0x00, 0x04, 0x00, 0x6E, 0x5E, 0x01, 0x04, 0x00, 0x00, 0x00,
    0x00, 0x00, 0x00, 0x00, 0x00, 0x00, 0x00, 0x00, 0x00, 0x00, 0x00, 0x00, 0x00, 0x00, 0x00, 0x00,
    0x00, 0x00, 0x00, 0x00, 0x00, 0x00, 0x00, 0x00, 0x00, 0x00, 0x00, 0x00, 0x00, 0x00, 0x00, 0x00,
    0x00, 0x00, 0x00, 0x02, 0x00, 0x54, 0x18, 0x00, 0x01, 0x00, 0x00, 0x00, 0x00, 0x00, 0x01, 0x01,
    0x00, 0x00, 0x00, 0x00, 0x00, 0x00, 0x00, 0x00, 0x00, 0x00, 0x00, 0x00, 0x00, 0x00, 0x00, 0x00,
    0x00, 0x00, 0x00, 0x00, 0x00, 0x00, 0x00, 0x00, 0x00, 0x00, 0x00, 0x00, 0x00, 0x00, 0x00, 0x00,
    0x00, 0x10, 0x00, 0x00, 0x00, 0x00, 0x00, 0x00, 0x00, 0x00, 0x00, 0x00, 0x00, 0x00, 0x00, 0x00,
    0x00, 0x00, 0x00, 0x00, 0x00, 0x00, 0x00, 0x00, 0x00, 0x00, 0x00, 0x00, 0x00, 0x00, 0x00, 0x00,
    0x00, 0x00, 0x00, 0x00, 0x00, 0x00, 0x00, 0x00, 0x00, 0x00, 0x00, 0x00, 0x00, 0x00, 0x00, 0x00,
    0x00, 0x00, 0x00, 0x00, 0x00, 0x00, 0x00, 0x00, 0x00, 0x00, 0x00, 0x00, 0x00, 0x00, 0x00, 0x00,
    0x00, 0x00, 0x00, 0x00, 0x00, 0x00, 0x00, 0x00, 0x00, 0x00, 0x00, 0x00, 0x00, 0x00, 0x00, 0x00,
    0x00, 0x00, 0x00, 0x00, 0x00, 0x00, 0x00, 0x00, 0x00, 0x01, 0x00, 0x00, 0x00, 0x00, 0x00, 0x00,
    0x00, 0x00, 0x00, 0x00, 0x00, 0x00, 0x00, 0x00, 0x00, 0x00, 0x00, 0x00, 0x00, 0x00, 0x00, 0x00,
    0x00, 0x00, 0x00, 0x00, 0x00, 0x00, 0x00, 0x00, 0x00, 0x00, 0x00, 0x00, 0x00, 0x00, 0x00, 0x00,
    0x00, 0x00, 0x00, 0x00, 0x00, 0x00, 0x00, 0x00, 0x00, 0x00, 0x00, 0x00, 0x00, 0x00, 0x00, 0x00,
    0x00, 0x00, 0x00, 0x00, 0x00, 0x00, 0x00, 0x00, 0x00, 0x00, 0x00, 0x00, 0x00, 0x00, 0x00, 0x00,
    0x00, 0x00, 0x00, 0x00, 0x00, 0x00, 0x00, 0x00, 0x00, 0x00, 0x00, 0x00, 0x00, 0x00, 0x00, 0x00,
    0x00, 0x00, 0x00, 0x00, 0x00, 0x00, 0x00, 0x00, 0x00, 0x00, 0x00, 0x00, 0x00, 0x00, 0x00, 0x00,
    0x00, 0x00, 0x00, 0x00, 0x00, 0x00, 0x00, 0x00, 0x00, 0x00, 0x00, 0x00, 0x00, 0x00, 0x00, 0x00,
    0x00, 0x00, 0x00, 0x00, 0x00, 0x00, 0x00, 0x00, 0x00, 0x00, 0x00, 0x00, 0x00, 0x00, 0x00, 0x00,
    0x00, 0x00, 0x00, 0x00, 0x00, 0x00, 0x00, 0x00, 0x00, 0x00, 0x00, 0x00, 0x00, 0x00, 0x00, 0x00,
    0x00, 0x00, 0x00, 0x00, 0x00, 0x00, 0x00, 0x00, 0x00, 0x00, 0x00, 0x00, 0x00, 0x00, 0x00, 0x00,
    0x00, 0x00, 0x00, 0x00, 0x00, 0x00, 0x00, 0x00, 0x00, 0x00, 0x00, 0x00, 0x00, 0x00, 0x00, 0x00,
    0x00, 0x00, 0x00, 0x00, 0x00, 0x00, 0x00, 0x00, 0x00, 0x00, 0x00, 0x00, 0x00, 0x00, 0x00, 0x00,
};
const lv_image_dsc_t ui_feed_icon_spark_44 = {
    .header = {.magic = LV_IMAGE_HEADER_MAGIC, .cf = LV_COLOR_FORMAT_A8,
               .w = 44, .h = 44, .stride = 44},
    .data_size = sizeof(s_spark_44),
    .data = s_spark_44,
};

static const uint8_t s_spark_48[] = {
    0x00, 0x00, 0x00, 0x00, 0x00, 0x00, 0x00, 0x00, 0x00, 0x00, 0x00, 0x00, 0x00, 0x00, 0x00, 0x00,
    0x00, 0x00, 0x00, 0x00, 0x00, 0x00, 0x00, 0x00, 0x00, 0x00, 0x00, 0x00, 0x00, 0x00, 0x00, 0x00,
    0x00, 0x00, 0x00, 0x00, 0x00, 0x00, 0x00, 0x00, 0x00, 0x00, 0x00, 0x00, 0x00, 0x00, 0x00, 0x00,
    0x00, 0x00, 0x00, 0x00, 0x00, 0x00, 0x00, 0x00, 0x00, 0x00, 0x00, 0x00, 0x00, 0x00, 0x00, 0x00,
    0x00, 0x00, 0x00, 0x00, 0x00, 0x00, 0x00, 0x00, 0x00, 0x00, 0x00, 0x00, 0x00, 0x00, 0x00, 0x00,
    0x00, 0x00, 0x00, 0x00, 0x00, 0x00, 0x00, 0x00, 0x00, 0x00, 0x00, 0x00, 0x00, 0x00, 0x00, 0x00,
    0x00, 0x00, 0x00, 0x00, 0x00, 0x00, 0x00, 0x00, 0x00, 0x00, 0x00, 0x00, 0x00, 0x00, 0x00, 0x00,
    0x00, 0x00, 0x00, 0x00, 0x00, 0x00, 0x00, 0x00, 0x00, 0x00, 0x00, 0x00, 0x00, 0x00, 0x00, 0x00,
    0x00, 0x00, 0x00, 0x00, 0x00, 0x00, 0x00, 0x00, 0x00, 0x00, 0x00, 0x00, 0x00, 0x00, 0x00, 0x00,
    0x00, 0x00, 0x00, 0x00, 0x00, 0x00, 0x00, 0x00, 0x00, 0x00, 0x00, 0x00, 0x00, 0x00, 0x00, 0x00,
    0x00, 0x00, 0x00, 0x00, 0x00, 0x00, 0x00, 0x00, 0x00, 0x00, 0x00, 0x00, 0x00, 0x00, 0x00, 0x00,
    0x00, 0x00, 0x00, 0x00, 0x00, 0x00, 0x00, 0x00, 0x00, 0x00, 0x00, 0x00, 0x00, 0x00, 0x00, 0x00,
    0x00, 0x00, 0x00, 0x00, 0x00, 0x00, 0x00, 0x00, 0x00, 0x00, 0x00, 0x00, 0x00, 0x00, 0x00, 0x00,
    0x00, 0x00, 0x00, 0x00, 0x00, 0x00, 0x00, 0x00, 0x00, 0x00, 0x00, 0x00, 0x00, 0x00, 0x00, 0x00,
    0x00, 0x00, 0x00, 0x00, 0x00, 0x00, 0x00, 0x00, 0x00, 0x00, 0x00, 0x00, 0x00, 0x00, 0x00, 0x00,
    0x00, 0x00, 0x00, 0x00, 0x00, 0x00, 0x00, 0x00, 0x00, 0x00, 0x00, 0x00, 0x00, 0x00, 0x00, 0x00,
    0x00, 0x00, 0x00, 0x00, 0x00, 0x00, 0x00, 0x00, 0x00, 0x00, 0x01, 0x00, 0x00, 0x00, 0x00, 0x00,
    0x00, 0x00, 0x00, 0x00, 0x00, 0x00, 0x00, 0x00, 0x00, 0x00, 0x00, 0x00, 0x00, 0x00, 0x00, 0x00,
    0x00, 0x00, 0x00, 0x00, 0x00, 0x00, 0x00, 0x00, 0x00, 0x00, 0x00, 0x00, 0x00, 0x00, 0x00, 0x00,
    0x00, 0x00, 0x00, 0x00, 0x01, 0x00, 0x00, 0x00, 0x00, 0x00, 0x00, 0x00, 0x00, 0x00, 0x00, 0x00,
    0x00, 0x00, 0x00, 0x00, 0x00, 0x00, 0x00, 0x00, 0x00, 0x00, 0x00, 0x00, 0x00, 0x00, 0x00, 0x00,
    0x00, 0x00, 0x00, 0x00, 0x00, 0x00, 0x00, 0x00, 0x00, 0x00, 0x00, 0x00, 0x00, 0x00, 0x00, 0x00,
    0x00, 0x00, 0x07, 0x01, 0x00, 0x01, 0x00, 0x00, 0x01, 0x00, 0x3E, 0x08, 0x00, 0x00, 0x00, 0x00,
    0x00, 0x01, 0x00, 0x00, 0x00, 0x00, 0x00, 0x00, 0x00, 0x00, 0x00, 0x00, 0x00, 0x00, 0x00, 0x00,
    0x00, 0x00, 0x00, 0x00, 0x00, 0x00, 0x00, 0x00, 0x00, 0x00, 0x00, 0x00, 0x00, 0x00, 0x00, 0x00,
    0x00, 0x01, 0x0A, 0x6A, 0x0D, 0x00, 0x02, 0x00, 0x03, 0x00, 0xAD, 0x40, 0x01, 0x03, 0x00, 0x00,
    0x01, 0x00, 0x00, 0x00, 0x00, 0x00, 0x00, 0x00, 0x00, 0x00, 0x00, 0x00, 0x00, 0x00, 0x00, 0x00,
    0x00, 0x00, 0x00, 0x00, 0x00, 0x00, 0x00, 0x00, 0x00, 0x00, 0x00, 0x00, 0x01, 0x00, 0x00, 0x00,
    0x00, 0x03, 0x00, 0x53, 0xCD, 0x0B, 0x00, 0x03, 0x01, 0x00, 0xD6, 0xA1, 0x00, 0x03, 0x00, 0x02,
    0x00, 0x19, 0x00, 0x00, 0x00, 0x00, 0x00, 0x00, 0x00, 0x00, 0x00, 0x00, 0x00, 0x00, 0x00, 0x00,
    0x00, 0x00, 0x00, 0x00, 0x00, 0x00, 0x00, 0x00, 0x00, 0x00, 0x00, 0x00, 0x00, 0x02, 0x03, 0x00,
    0x00, 0x00, 0x02, 0x00, 0xD0, 0xC7, 0x0C, 0x00, 0x01, 0x03, 0xE2, 0xF4, 0x10, 0x00, 0x05, 0x00,
    0x83, 0x6B, 0x00, 0x04, 0x00, 0x00, 0x00, 0x00, 0x00, 0x00, 0x00, 0x00, 0x00, 0x00, 0x00, 0x00,
    0x00, 0x00, 0x00, 0x00, 0x00, 0x00, 0x00, 0x00, 0x00, 0x00, 0x00, 0x08, 0x17, 0x00, 0x00, 0x01,
    0x04, 0x02, 0x03, 0x00, 0x3B, 0xFF, 0xCE, 0x19, 0x00, 0x1B, 0xEF, 0xFF, 0x6A, 0x01, 0x00, 0x71,
    0xFF, 0x3B, 0x00, 0x03, 0x00, 0x01, 0x00, 0x00, 0x00, 0x00, 0x00, 0x00, 0x00, 0x00, 0x00, 0x00,
    0x00, 0x00, 0x00, 0x00, 0x00, 0x00, 0x00, 0x00, 0x00, 0x00, 0x02, 0x07, 0x45, 0x8B, 0x47, 0x00,
    0x00, 0x00, 0x03, 0x06, 0x00, 0xBB, 0xFF, 0xD4, 0x14, 0x21, 0xFE, 0xFE, 0xD1, 0x00, 0x71, 0xFF,
    0xF3, 0x1B, 0x03, 0x05, 0x01, 0x00, 0x00, 0x00, 0x00, 0x00, 0x00, 0x00, 0x00, 0x00, 0x00, 0x00,
    0x00, 0x00, 0x00, 0x00, 0x00, 0x00, 0x00, 0x00, 0x00, 0x00, 0x00, 0x00, 0x00, 0x36, 0xC3, 0xD6,
    0x6F, 0x1C, 0x00, 0x00, 0x00, 0x44, 0xFF, 0xFF, 0xD6, 0x74, 0xFF, 0xFF, 0xFC, 0xA7, 0xFF, 0xFE,
    0xDE, 0x00, 0x00, 0x00, 0x00, 0x21, 0x06, 0x00, 0x00, 0x00, 0x00, 0x00, 0x00, 0x00, 0x00, 0x00,
    0x00, 0x00, 0x00, 0x00, 0x00, 0x00, 0x00, 0x00, 0x00, 0x00, 0x00, 0x00, 0x02, 0x00, 0x01, 0x8D,
    0xFF, 0xFA, 0xA9, 0x52, 0x0C, 0x00, 0xB5, 0xFE, 0xFF, 0xFF, 0xFF, 0xFF, 0xFF, 0xFF, 0xFB, 0xFF,
    0xB7, 0x0A, 0x41, 0x7D, 0xCD, 0x88, 0x04, 0x03, 0x00, 0x00, 0x00, 0x00, 0x00, 0x00, 0x00, 0x00,
    0x00, 0x00, 0x00, 0x00, 0x00, 0x00, 0x00, 0x00, 0x00, 0x00, 0x00, 0x00, 0x00, 0x02, 0x01, 0x00,
    0x3E, 0xDD, 0xFF, 0xFF, 0xDE, 0x86, 0x6E, 0xFA, 0xFB, 0xFE, 0xFF, 0xFF, 0xFF, 0xFC, 0xFE, 0xFF,
    0xE5, 0xE2, 0xFF, 0xFF, 0xCA, 0x04, 0x01, 0x01, 0x00, 0x00, 0x00, 0x00, 0x00, 0x00, 0x00, 0x00,
    0x00, 0x00, 0x00, 0x00, 0x00, 0x00, 0x00, 0x00, 0x00, 0x00, 0x00, 0x00, 0x00, 0x00, 0x00, 0x04,
    0x00, 0x11, 0xA0, 0xFF, 0xFF, 0xFF, 0xFE, 0xFC, 0xFF, 0xFF, 0xFF, 0xFF, 0xFF, 0xFF, 0xFF, 0xFF,
    0xFF, 0xFF, 0xFF, 0xE1, 0x16, 0x03, 0x03, 0x00, 0x00, 0x00, 0x00, 0x00, 0x00, 0x00, 0x00, 0x00,
    0x00, 0x00, 0x00, 0x00, 0x00, 0x00, 0x00, 0x00, 0x00, 0x00, 0x01, 0x02, 0x02, 0x03, 0x04, 0x04,
    0x07, 0x00, 0x00, 0x5F, 0xE9, 0xFD, 0xFF, 0xFF, 0xFF, 0xFF, 0xFF, 0xFF, 0xFF, 0xFF, 0xFF, 0xFF,
    0xFD, 0xFB, 0xED, 0x27, 0x00, 0x00, 0x00, 0x00, 0x00, 0x00, 0x00, 0x00, 0x00, 0x00, 0x00, 0x00,
    0x00, 0x00, 0x00, 0x00, 0x00, 0x00, 0x00, 0x00, 0x00, 0x00, 0x00, 0x00, 0x00, 0x00, 0x00, 0x00,
    0x00, 0x00, 0x02, 0x00, 0x49, 0xDF, 0xFD, 0xFE, 0xFF, 0xFF, 0xFF, 0xFF, 0xFF, 0xFF, 0xFF, 0xFF,
    0xFE, 0xFF, 0xEA, 0x9B, 0x6A, 0x36, 0x14, 0x03, 0x01, 0x00, 0x00, 0x00, 0x00, 0x00, 0x00, 0x00,
    0x00, 0x00, 0x00, 0x00, 0x00, 0x00, 0x00, 0x02, 0x05, 0x08, 0x10, 0x1E, 0x30, 0x46, 0x60, 0x7E,
    0x9B, 0xB7, 0xD3, 0xEB, 0xF0, 0xF7, 0xFF, 0xFF, 0xFF, 0xFF, 0xFF, 0xFF, 0xFF, 0xFF, 0xFF, 0xFF,
    0xFF, 0xFF, 0xFF, 0xFF, 0xFF, 0xFF, 0xF4, 0x98, 0x20, 0x01, 0x01, 0x00, 0x00, 0x00, 0x00, 0x00,
    0x00, 0x00, 0x00, 0x00, 0x00, 0x00, 0x00, 0x1E, 0x59, 0x96, 0xC6, 0xEF, 0xFF, 0xFF, 0xFF, 0xFF,
    0xFF, 0xFF, 0xFF, 0xFF, 0xFF, 0xFF, 0xFF, 0xFF, 0xFF, 0xFF, 0xFF, 0xFF, 0xFF, 0xFF, 0xFF, 0xFF,
    0xFF, 0xFF, 0xFE, 0xFF, 0xE4, 0x95, 0x41, 0x0D, 0x01, 0x00, 0x00, 0x00, 0x00, 0x00, 0x00, 0x00,
    0x00, 0x00, 0x00, 0x00, 0x00, 0x00, 0x00, 0x00, 0x00, 0x04, 0x10, 0x21, 0x3B, 0x5B, 0x82, 0xA6,
    0xC6, 0xE2, 0xF8, 0xFF, 0xFF, 0xFF, 0xFF, 0xFF, 0xFF, 0xFF, 0xFF, 0xFF, 0xFF, 0xFF, 0xFF, 0xFF,
    0xFF, 0xFD, 0xF8, 0x6D, 0x02, 0x00, 0x00, 0x00, 0x00, 0x00, 0x00, 0x00, 0x00, 0x00, 0x00, 0x00,
    0x00, 0x00, 0x00, 0x00, 0x00, 0x00, 0x00, 0x00, 0x00, 0x00, 0x00, 0x00, 0x00, 0x00, 0x00, 0x00,
    0x00, 0x0B, 0x22, 0x46, 0x5D, 0xC9, 0xFF, 0xFD, 0xFF, 0xFF, 0xFF, 0xFF, 0xFF, 0xFF, 0xFF, 0xFF,
    0xFF, 0xFE, 0xFA, 0xD1, 0x4A, 0x00, 0x02, 0x03, 0x00, 0x00, 0x00, 0x00, 0x00, 0x00, 0x00, 0x00,
    0x00, 0x00, 0x00, 0x00, 0x00, 0x00, 0x00, 0x00, 0x00, 0x00, 0x01, 0x02, 0x03, 0x04, 0x04, 0x03,
    0x01, 0x00, 0x00, 0x00, 0x49, 0xED, 0xFD, 0xFE, 0xFF, 0xFF, 0xFF, 0xFF, 0xFF, 0xFF, 0xFF, 0xFF,
    0xFF, 0xFF, 0xFF, 0xFF, 0xFF, 0x92, 0x05, 0x00, 0x01, 0x00, 0x00, 0x00, 0x00, 0x00, 0x00, 0x00,
    0x00, 0x00, 0x00, 0x00, 0x00, 0x00, 0x00, 0x00, 0x00, 0x00, 0x00, 0x00, 0x00, 0x00, 0x00, 0x00,
    0x01, 0x06, 0x00, 0x75, 0xFF, 0xFF, 0xFE, 0xFC, 0xFE, 0xFF, 0xFF, 0xFF, 0xFF, 0xFF, 0xFF, 0xFD,
    0xFD, 0xF1, 0x81, 0xB2, 0xDC, 0xFF, 0xDD, 0x47, 0x00, 0x01, 0x00, 0x00, 0x00, 0x00, 0x00, 0x00,
    0x00, 0x00, 0x00, 0x00, 0x00, 0x00, 0x00, 0x00, 0x00, 0x00, 0x00, 0x00, 0x00, 0x00, 0x00, 0x01,
    0x04, 0x00, 0x72, 0xFF, 0xFC, 0xFB, 0xFE, 0xFF, 0xFF, 0xFF, 0xFF, 0xFF, 0xFD, 0xFF, 0xFF, 0xFF,
    0xFF, 0xFC, 0x7D, 0x00, 0x09, 0x26, 0x5F, 0x8B, 0x38, 0x02, 0x01, 0x00, 0x00, 0x00, 0x00, 0x00,
    0x00, 0x00, 0x00, 0x00, 0x00, 0x00, 0x00, 0x00, 0x00, 0x00, 0x00, 0x00, 0x00, 0x00, 0x01, 0x03,
    0x00, 0x78, 0xFF, 0xF9, 0xFC, 0xFF, 0xFF, 0xA4, 0xBC, 0xFF, 0xFD, 0xFF, 0xFF, 0xFE, 0xFF, 0xE4,
    0xE0, 0xFF, 0xFF, 0x45, 0x00, 0x00, 0x00, 0x00, 0x04, 0x00, 0x00, 0x00, 0x00, 0x00, 0x00, 0x00,
    0x00, 0x00, 0x00, 0x00, 0x00, 0x00, 0x00, 0x00, 0x00, 0x00, 0x00, 0x00, 0x00, 0x01, 0x04, 0x00,
    0x8D, 0xFF, 0xF9, 0xFF, 0xFF, 0xBA, 0x46, 0x00, 0xB1, 0xFF, 0xFB, 0xFF, 0xDD, 0xFC, 0xFF, 0xE4,
    0x26, 0xBB, 0xFF, 0xDA, 0x0B, 0x05, 0x05, 0x03, 0x00, 0x00, 0x00, 0x00, 0x00, 0x00, 0x00, 0x00,
    0x00, 0x00, 0x00, 0x00, 0x00, 0x00, 0x00, 0x00, 0x00, 0x00, 0x00, 0x00, 0x01, 0x02, 0x00, 0x8B,
    0xFF, 0xFF, 0xFF, 0xC7, 0x51, 0x00, 0x00, 0x03, 0xC4, 0xFF, 0xFC, 0xFE, 0x33, 0xCC, 0xFE, 0xFF,
    0x32, 0x01, 0x95, 0xFF, 0x9B, 0x00, 0x04, 0x00, 0x00, 0x00, 0x00, 0x00, 0x00, 0x00, 0x00, 0x00,
    0x00, 0x00, 0x00, 0x00, 0x00, 0x00, 0x00, 0x00, 0x00, 0x00, 0x00, 0x01, 0x02, 0x00, 0x90, 0xFF,
    0xFF, 0xD3, 0x59, 0x00, 0x00, 0x03, 0x03, 0x00, 0xD7, 0xFF, 0xFF, 0xC9, 0x00, 0x52, 0xFF, 0xFE,
    0x6D, 0x00, 0x00, 0x66, 0xFF, 0x52, 0x00, 0x03, 0x00, 0x00, 0x00, 0x00, 0x00, 0x00, 0x00, 0x00,
    0x00, 0x00, 0x00, 0x00, 0x00, 0x00, 0x00, 0x00, 0x00, 0x00, 0x02, 0x01, 0x00, 0xAB, 0xFF, 0xDC,
    0x63, 0x06, 0x00, 0x01, 0x03, 0x01, 0x00, 0x05, 0xDE, 0xFF, 0xFF, 0x68, 0x01, 0x04, 0xC5, 0xFE,
    0x9F, 0x01, 0x07, 0x00, 0x45, 0xD3, 0x21, 0x00, 0x02, 0x00, 0x00, 0x00, 0x00, 0x00, 0x00, 0x00,
    0x00, 0x00, 0x00, 0x00, 0x00, 0x00, 0x00, 0x00, 0x00, 0x01, 0x00, 0x03, 0xB8, 0xF0, 0x6C, 0x0E,
    0x00, 0x00, 0x03, 0x00, 0x00, 0x01, 0x00, 0x10, 0xED, 0xFF, 0xEF, 0x15, 0x00, 0x00, 0x3E, 0xFF,
    0xCF, 0x00, 0x01, 0x05, 0x00, 0x28, 0x6E, 0x08, 0x02, 0x00, 0x00, 0x00, 0x00, 0x00, 0x00, 0x00,
    0x00, 0x00, 0x00, 0x00, 0x00, 0x00, 0x00, 0x00, 0x01, 0x01, 0x1E, 0xA6, 0x90, 0x12, 0x00, 0x00,
    0x03, 0x01, 0x00, 0x00, 0x00, 0x02, 0x00, 0x1C, 0xF2, 0xFE, 0xA3, 0x00, 0x04, 0x03, 0x00, 0xB9,
    0xFA, 0x16, 0x00, 0x01, 0x03, 0x00, 0x07, 0x07, 0x00, 0x00, 0x00, 0x00, 0x00, 0x00, 0x00, 0x00,
    0x00, 0x00, 0x00, 0x00, 0x00, 0x00, 0x00, 0x00, 0x01, 0x08, 0x53, 0x2C, 0x00, 0x00, 0x04, 0x01,
    0x00, 0x00, 0x00, 0x00, 0x00, 0x02, 0x00, 0x27, 0xFE, 0xFF, 0x41, 0x01, 0x03, 0x03, 0x00, 0x2F,
    0xFF, 0x44, 0x00, 0x03, 0x00, 0x02, 0x00, 0x00, 0x00, 0x00, 0x00, 0x00, 0x00, 0x00, 0x00, 0x00,
    0x00, 0x00, 0x00, 0x00, 0x00, 0x00, 0x00, 0x00, 0x00, 0x02, 0x00, 0x00, 0x04, 0x01, 0x00, 0x00,
    0x00, 0x00, 0x00, 0x00, 0x00, 0x03, 0x00, 0x36, 0xFF, 0xD7, 0x04, 0x01, 0x01, 0x00, 0x03, 0x00,
    0xB5, 0x8D, 0x00, 0x04, 0x00, 0x00, 0x01, 0x00, 0x00, 0x00, 0x00, 0x00, 0x00, 0x00, 0x00, 0x00,
    0x00, 0x00, 0x00, 0x00, 0x00, 0x00, 0x00, 0x00, 0x00, 0x00, 0x01, 0x02, 0x00, 0x00, 0x00, 0x00,
    0x00, 0x00, 0x00, 0x00, 0x00, 0x03, 0x00, 0x40, 0xFF, 0x79, 0x00, 0x04, 0x00, 0x00, 0x02, 0x01,
    0x34, 0xAD, 0x00, 0x02, 0x00, 0x00, 0x00, 0x00, 0x00, 0x00, 0x00, 0x00, 0x00, 0x00, 0x00, 0x00,
    0x00, 0x00, 0x00, 0x00, 0x00, 0x00, 0x00, 0x00, 0x00, 0x00, 0x00, 0x00, 0x00, 0x00, 0x00, 0x00,
    0x00, 0x00, 0x00, 0x00, 0x00, 0x04, 0x00, 0x5B, 0xFF, 0x1F, 0x00, 0x02, 0x00, 0x00, 0x00, 0x02,
    0x00, 0x6F, 0x17, 0x00, 0x01, 0x00, 0x00, 0x00, 0x00, 0x00, 0x00, 0x00, 0x00, 0x00, 0x00, 0x00,
    0x00, 0x00, 0x00, 0x00, 0x00, 0x00, 0x00, 0x00, 0x00, 0x00, 0x00, 0x00, 0x00, 0x00, 0x00, 0x00,
    0x00, 0x00, 0x00, 0x00, 0x00, 0x04, 0x00, 0x72, 0xC9, 0x00, 0x02, 0x00, 0x00, 0x00, 0x00, 0x01,
    0x01, 0x17, 0x16, 0x00, 0x01, 0x00, 0x00, 0x00, 0x00, 0x00, 0x00, 0x00, 0x00, 0x00, 0x00, 0x00,
    0x00, 0x00, 0x00, 0x00, 0x00, 0x00, 0x00, 0x00, 0x00, 0x00, 0x00, 0x00, 0x00, 0x00, 0x00, 0x00,
    0x00, 0x00, 0x00, 0x00, 0x00, 0x04, 0x00, 0x8B, 0x6B, 0x01, 0x04, 0x00, 0x00, 0x00, 0x00, 0x00,
    0x00, 0x00, 0x00, 0x00, 0x00, 0x00, 0x00, 0x00, 0x00, 0x00, 0x00, 0x00, 0x00, 0x00, 0x00, 0x00,
    0x00, 0x00, 0x00, 0x00, 0x00, 0x00, 0x00, 0x00, 0x00, 0x00, 0x00, 0x00, 0x00, 0x00, 0x00, 0x00,
    0x00, 0x00, 0x00, 0x00, 0x00, 0x03, 0x00, 0x71, 0x1D, 0x00, 0x01, 0x00, 0x00, 0x00, 0x00, 0x00,
    0x00, 0x01, 0x01, 0x00, 0x00, 0x00, 0x00, 0x00, 0x00, 0x00, 0x00, 0x00, 0x00, 0x00, 0x00, 0x00,
    0x00, 0x00, 0x00, 0x00, 0x00, 0x00, 0x00, 0x00, 0x00, 0x00, 0x00, 0x00, 0x00, 0x00, 0x00, 0x00,
    0x00, 0x00, 0x00, 0x00, 0x00, 0x00, 0x00, 0x2E, 0x00, 0x00, 0x00, 0x00, 0x00, 0x00, 0x00, 0x00,
    0x00, 0x00, 0x00, 0x00, 0x00, 0x00, 0x00, 0x00, 0x00, 0x00, 0x00, 0x00, 0x00, 0x00, 0x00, 0x00,
    0x00, 0x00, 0x00, 0x00, 0x00, 0x00, 0x00, 0x00, 0x00, 0x00, 0x00, 0x00, 0x00, 0x00, 0x00, 0x00,
    0x00, 0x00, 0x00, 0x00, 0x00, 0x00, 0x00, 0x00, 0x00, 0x00, 0x00, 0x00, 0x00, 0x00, 0x00, 0x00,
    0x00, 0x00, 0x00, 0x00, 0x00, 0x00, 0x00, 0x00, 0x00, 0x00, 0x00, 0x00, 0x00, 0x00, 0x00, 0x00,
    0x00, 0x00, 0x00, 0x00, 0x00, 0x00, 0x00, 0x00, 0x00, 0x00, 0x00, 0x00, 0x00, 0x00, 0x00, 0x00,
    0x00, 0x00, 0x00, 0x00, 0x00, 0x00, 0x00, 0x01, 0x00, 0x00, 0x00, 0x00, 0x00, 0x00, 0x00, 0x00,
    0x00, 0x00, 0x00, 0x00, 0x00, 0x00, 0x00, 0x00, 0x00, 0x00, 0x00, 0x00, 0x00, 0x00, 0x00, 0x00,
    0x00, 0x00, 0x00, 0x00, 0x00, 0x00, 0x00, 0x00, 0x00, 0x00, 0x00, 0x00, 0x00, 0x00, 0x00, 0x00,
    0x00, 0x00, 0x00, 0x00, 0x00, 0x00, 0x00, 0x00, 0x00, 0x00, 0x00, 0x00, 0x00, 0x00, 0x00, 0x00,
    0x00, 0x00, 0x00, 0x00, 0x00, 0x00, 0x00, 0x00, 0x00, 0x00, 0x00, 0x00, 0x00, 0x00, 0x00, 0x00,
    0x00, 0x00, 0x00, 0x00, 0x00, 0x00, 0x00, 0x00, 0x00, 0x00, 0x00, 0x00, 0x00, 0x00, 0x00, 0x00,
    0x00, 0x00, 0x00, 0x00, 0x00, 0x00, 0x00, 0x00, 0x00, 0x00, 0x00, 0x00, 0x00, 0x00, 0x00, 0x00,
    0x00, 0x00, 0x00, 0x00, 0x00, 0x00, 0x00, 0x00, 0x00, 0x00, 0x00, 0x00, 0x00, 0x00, 0x00, 0x00,
    0x00, 0x00, 0x00, 0x00, 0x00, 0x00, 0x00, 0x00, 0x00, 0x00, 0x00, 0x00, 0x00, 0x00, 0x00, 0x00,
    0x00, 0x00, 0x00, 0x00, 0x00, 0x00, 0x00, 0x00, 0x00, 0x00, 0x00, 0x00, 0x00, 0x00, 0x00, 0x00,
    0x00, 0x00, 0x00, 0x00, 0x00, 0x00, 0x00, 0x00, 0x00, 0x00, 0x00, 0x00, 0x00, 0x00, 0x00, 0x00,
    0x00, 0x00, 0x00, 0x00, 0x00, 0x00, 0x00, 0x00, 0x00, 0x00, 0x00, 0x00, 0x00, 0x00, 0x00, 0x00,
    0x00, 0x00, 0x00, 0x00, 0x00, 0x00, 0x00, 0x00, 0x00, 0x00, 0x00, 0x00, 0x00, 0x00, 0x00, 0x00,
    0x00, 0x00, 0x00, 0x00, 0x00, 0x00, 0x00, 0x00, 0x00, 0x00, 0x00, 0x00, 0x00, 0x00, 0x00, 0x00,
    0x00, 0x00, 0x00, 0x00, 0x00, 0x00, 0x00, 0x00, 0x00, 0x00, 0x00, 0x00, 0x00, 0x00, 0x00, 0x00,
    0x00, 0x00, 0x00, 0x00, 0x00, 0x00, 0x00, 0x00, 0x00, 0x00, 0x00, 0x00, 0x00, 0x00, 0x00, 0x00,
    0x00, 0x00, 0x00, 0x00, 0x00, 0x00, 0x00, 0x00, 0x00, 0x00, 0x00, 0x00, 0x00, 0x00, 0x00, 0x00,
};
const lv_image_dsc_t ui_feed_icon_spark_48 = {
    .header = {.magic = LV_IMAGE_HEADER_MAGIC, .cf = LV_COLOR_FORMAT_A8,
               .w = 48, .h = 48, .stride = 48},
    .data_size = sizeof(s_spark_48),
    .data = s_spark_48,
};

static const uint8_t s_spark_64[] = {
    0x00, 0x00, 0x00, 0x00, 0x00, 0x00, 0x00, 0x00, 0x00, 0x00, 0x00, 0x00, 0x00, 0x00, 0x00, 0x00,
    0x00, 0x00, 0x00, 0x00, 0x00, 0x00, 0x00, 0x00, 0x00, 0x00, 0x00, 0x00, 0x00, 0x00, 0x00, 0x00,
    0x00, 0x00, 0x00, 0x00, 0x00, 0x00, 0x00, 0x00, 0x00, 0x00, 0x00, 0x00, 0x00, 0x00, 0x00, 0x00,
    0x00, 0x00, 0x00, 0x00, 0x00, 0x00, 0x00, 0x00, 0x00, 0x00, 0x00, 0x00, 0x00, 0x00, 0x00, 0x00,
    0x00, 0x00, 0x00, 0x00, 0x00, 0x00, 0x00, 0x00, 0x00, 0x00, 0x00, 0x00, 0x00, 0x00, 0x00, 0x00,
    0x00, 0x00, 0x00, 0x00, 0x00, 0x00, 0x00, 0x00, 0x00, 0x00, 0x00, 0x00, 0x00, 0x00, 0x00, 0x00,
    0x00, 0x00, 0x00, 0x00, 0x00, 0x00, 0x00, 0x00, 0x00, 0x00, 0x00, 0x00, 0x00, 0x00, 0x00, 0x00,
    0x00, 0x00, 0x00, 0x00, 0x00, 0x00, 0x00, 0x00, 0x00, 0x00, 0x00, 0x00, 0x00, 0x00, 0x00, 0x00,
    0x00, 0x00, 0x00, 0x00, 0x00, 0x00, 0x00, 0x00, 0x00, 0x00, 0x00, 0x00, 0x00, 0x00, 0x00, 0x00,
    0x00, 0x00, 0x00, 0x00, 0x00, 0x00, 0x00, 0x00, 0x00, 0x00, 0x00, 0x00, 0x00, 0x00, 0x00, 0x00,
    0x00, 0x00, 0x00, 0x00, 0x00, 0x00, 0x00, 0x00, 0x00, 0x00, 0x00, 0x00, 0x00, 0x00, 0x00, 0x00,
    0x00, 0x00, 0x00, 0x00, 0x00, 0x00, 0x00, 0x00, 0x00, 0x00, 0x00, 0x00, 0x00, 0x00, 0x00, 0x00,
    0x00, 0x00, 0x00, 0x00, 0x00, 0x00, 0x00, 0x00, 0x00, 0x00, 0x00, 0x00, 0x00, 0x00, 0x00, 0x00,
    0x00, 0x00, 0x00, 0x00, 0x00, 0x00, 0x00, 0x00, 0x00, 0x00, 0x00, 0x00, 0x00, 0x00, 0x00, 0x00,
    0x00, 0x00, 0x00, 0x00, 0x00, 0x00, 0x00, 0x00, 0x00, 0x00, 0x00, 0x00, 0x00, 0x00, 0x00, 0x00,
    0x00, 0x00, 0x00, 0x00, 0x00, 0x00, 0x00, 0x00, 0x00, 0x00, 0x00, 0x00, 0x00, 0x00, 0x00, 0x00,
    0x00, 0x00, 0x00, 0x00, 0x00, 0x00, 0x00, 0x00, 0x00, 0x00, 0x00, 0x00, 0x00, 0x00, 0x00, 0x00,
    0x00, 0x00, 0x00, 0x00, 0x00, 0x00, 0x00, 0x00, 0x00, 0x00, 0x00, 0x00, 0x00, 0x00, 0x00, 0x00,
    0x00, 0x00, 0x00, 0x00, 0x00, 0x00, 0x00, 0x00, 0x00, 0x00, 0x00, 0x00, 0x00, 0x00, 0x00, 0x00,
    0x00, 0x00, 0x00, 0x00, 0x00, 0x00, 0x00, 0x00, 0x00, 0x00, 0x00, 0x00, 0x00, 0x00, 0x00, 0x00,
    0x00, 0x00, 0x00, 0x00, 0x00, 0x00, 0x00, 0x00, 0x00, 0x00, 0x00, 0x00, 0x00, 0x00, 0x00, 0x00,
    0x00, 0x00, 0x00, 0x00, 0x00, 0x00, 0x00, 0x00, 0x00, 0x00, 0x00, 0x00, 0x00, 0x00, 0x00, 0x00,
    0x00, 0x00, 0x00, 0x00, 0x00, 0x00, 0x00, 0x00, 0x00, 0x00, 0x00, 0x00, 0x00, 0x00, 0x00, 0x00,
    0x00, 0x00, 0x00, 0x00, 0x00, 0x00, 0x00, 0x00, 0x00, 0x00, 0x00, 0x00, 0x00, 0x00, 0x00, 0x00,
    0x00, 0x00, 0x00, 0x00, 0x00, 0x00, 0x00, 0x00, 0x00, 0x00, 0x00, 0x00, 0x00, 0x00, 0x00, 0x00,
    0x00, 0x00, 0x00, 0x00, 0x00, 0x00, 0x00, 0x00, 0x00, 0x00, 0x00, 0x00, 0x00, 0x00, 0x00, 0x00,
    0x00, 0x00, 0x00, 0x00, 0x00, 0x00, 0x00, 0x00, 0x00, 0x00, 0x00, 0x00, 0x00, 0x00, 0x00, 0x00,
    0x00, 0x00, 0x00, 0x00, 0x00, 0x00, 0x00, 0x00, 0x00, 0x00, 0x00, 0x00, 0x00, 0x00, 0x00, 0x00,
    0x00, 0x00, 0x00, 0x00, 0x00, 0x00, 0x00, 0x00, 0x00, 0x00, 0x00, 0x00, 0x00, 0x00, 0x00, 0x00,
    0x00, 0x00, 0x00, 0x00, 0x00, 0x00, 0x00, 0x00, 0x00, 0x00, 0x00, 0x00, 0x00, 0x00, 0x00, 0x00,
    0x00, 0x00, 0x00, 0x01, 0x00, 0x00, 0x00, 0x00, 0x00, 0x00, 0x00, 0x00, 0x00, 0x00, 0x00, 0x00,
    0x00, 0x00, 0x00, 0x00, 0x00, 0x00, 0x00, 0x00, 0x00, 0x00, 0x00, 0x00, 0x00, 0x00, 0x00, 0x00,
    0x00, 0x00, 0x00, 0x00, 0x00, 0x00, 0x00, 0x00, 0x00, 0x00, 0x00, 0x00, 0x00, 0x00, 0x00, 0x00,
    0x00, 0x00, 0x00, 0x00, 0x00, 0x00, 0x00, 0x00, 0x00, 0x01, 0x00, 0x00, 0x00, 0x00, 0x00, 0x00,
    0x00, 0x00, 0x00, 0x00, 0x00, 0x00, 0x00, 0x00, 0x00, 0x00, 0x00, 0x00, 0x00, 0x00, 0x00, 0x00,
    0x00, 0x00, 0x00, 0x00, 0x00, 0x00, 0x00, 0x00, 0x00, 0x00, 0x00, 0x00, 0x00, 0x00, 0x00, 0x00,
    0x00, 0x00, 0x00, 0x00, 0x00, 0x00, 0x00, 0x00, 0x00, 0x00, 0x00, 0x00, 0x00, 0x00, 0x00, 0x00,
    0x00, 0x00, 0x00, 0x00, 0x00, 0x00, 0x00, 0x00, 0x00, 0x00, 0x01, 0x00, 0x00, 0x00, 0x00, 0x00,
    0x00, 0x00, 0x01, 0x0E, 0x00, 0x00, 0x00, 0x00, 0x00, 0x00, 0x00, 0x00, 0x00, 0x00, 0x00, 0x00,
    0x00, 0x00, 0x00, 0x00, 0x00, 0x00, 0x00, 0x00, 0x00, 0x00, 0x00, 0x00, 0x00, 0x00, 0x00, 0x00,
    0x00, 0x00, 0x00, 0x00, 0x00, 0x00, 0x00, 0x00, 0x00, 0x00, 0x00, 0x00, 0x00, 0x00, 0x00, 0x00,
    0x00, 0x00, 0x00, 0x00, 0x00, 0x00, 0x00, 0x01, 0x02, 0x30, 0x00, 0x01, 0x01, 0x00, 0x00, 0x00,
    0x00, 0x00, 0x01, 0x87, 0x0B, 0x00, 0x00, 0x00, 0x00, 0x00, 0x00, 0x00, 0x00, 0x00, 0x00, 0x00,
    0x00, 0x00, 0x00, 0x00, 0x00, 0x00, 0x00, 0x00, 0x00, 0x00, 0x00, 0x00, 0x00, 0x00, 0x00, 0x00,
    0x00, 0x00, 0x00, 0x00, 0x00, 0x00, 0x00, 0x00, 0x00, 0x00, 0x00, 0x00, 0x00, 0x00, 0x00, 0x00,
    0x00, 0x00, 0x00, 0x00, 0x00, 0x00, 0x00, 0x03, 0x00, 0x50, 0x81, 0x00, 0x04, 0x01, 0x00, 0x00,
    0x01, 0x00, 0x00, 0xE2, 0x4B, 0x01, 0x03, 0x00, 0x00, 0x00, 0x00, 0x02, 0x00, 0x00, 0x00, 0x00,
    0x00, 0x00, 0x00, 0x00, 0x00, 0x00, 0x00, 0x00, 0x00, 0x00, 0x00, 0x00, 0x00, 0x00, 0x00, 0x00,
    0x00, 0x00, 0x00, 0x00, 0x00, 0x00, 0x00, 0x00, 0x00, 0x00, 0x00, 0x00, 0x00, 0x00, 0x00, 0x00,
    0x00, 0x00, 0x00, 0x00, 0x00, 0x00, 0x00, 0x00, 0x02, 0x00, 0xD1, 0x98, 0x00, 0x04, 0x01, 0x00,
    0x01, 0x00, 0x0F, 0xFD, 0xAF, 0x00, 0x03, 0x00, 0x00, 0x00, 0x02, 0x00, 0x04, 0x00, 0x00, 0x00,
    0x00, 0x00, 0x00, 0x00, 0x00, 0x00, 0x00, 0x00, 0x00, 0x00, 0x00, 0x00, 0x00, 0x00, 0x00, 0x00,
    0x00, 0x00, 0x00, 0x00, 0x00, 0x00, 0x00, 0x00, 0x00, 0x00, 0x00, 0x00, 0x00, 0x00, 0x00, 0x01,
    0x01, 0x00, 0x00, 0x00, 0x00, 0x00, 0x00, 0x00, 0x03, 0x00, 0x3D, 0xFF, 0x8B, 0x00, 0x02, 0x01,
    0x02, 0x00, 0x2A, 0xFE, 0xF7, 0x1C, 0x00, 0x02, 0x00, 0x04, 0x00, 0x3A, 0x74, 0x00, 0x03, 0x00,
    0x00, 0x00, 0x00, 0x00, 0x00, 0x00, 0x00, 0x00, 0x00, 0x00, 0x00, 0x00, 0x00, 0x00, 0x00, 0x00,
    0x00, 0x00, 0x00, 0x00, 0x00, 0x00, 0x00, 0x00, 0x00, 0x00, 0x00, 0x00, 0x00, 0x00, 0x00, 0x00,
    0x00, 0x02, 0x03, 0x01, 0x00, 0x00, 0x00, 0x00, 0x00, 0x02, 0x00, 0xBA, 0xFF, 0x8E, 0x00, 0x02,
    0x05, 0x00, 0x49, 0xFF, 0xFF, 0x7D, 0x00, 0x04, 0x04, 0x00, 0x28, 0xF0, 0x6C, 0x00, 0x04, 0x00,
    0x00, 0x00, 0x00, 0x00, 0x00, 0x00, 0x00, 0x00, 0x00, 0x00, 0x00, 0x00, 0x00, 0x00, 0x00, 0x00,
    0x00, 0x00, 0x00, 0x00, 0x00, 0x00, 0x00, 0x00, 0x00, 0x00, 0x00, 0x00, 0x00, 0x01, 0x00, 0x0E,
    0x21, 0x00, 0x00, 0x00, 0x04, 0x02, 0x00, 0x00, 0x00, 0x03, 0x00, 0x40, 0xFE, 0xFF, 0xA7, 0x00,
    0x05, 0x01, 0x67, 0xFF, 0xFE, 0xDE, 0x06, 0x03, 0x00, 0x2A, 0xE5, 0xFF, 0x3C, 0x00, 0x03, 0x00,
    0x00, 0x00, 0x00, 0x00, 0x00, 0x00, 0x00, 0x00, 0x00, 0x00, 0x00, 0x00, 0x00, 0x00, 0x00, 0x00,
    0x00, 0x00, 0x00, 0x00, 0x00, 0x00, 0x00, 0x00, 0x00, 0x00, 0x00, 0x00, 0x00, 0x00, 0x02, 0x08,
    0x49, 0x96, 0x53, 0x01, 0x00, 0x00, 0x02, 0x03, 0x01, 0x00, 0x02, 0x01, 0xCB, 0xFC, 0xFF, 0xA7,
    0x01, 0x00, 0x8D, 0xFF, 0xF8, 0xFF, 0x55, 0x00, 0x2D, 0xE6, 0xFF, 0xF7, 0x20, 0x00, 0x02, 0x00,
    0x01, 0x03, 0x02, 0x00, 0x00, 0x00, 0x00, 0x00, 0x00, 0x00, 0x00, 0x00, 0x00, 0x00, 0x00, 0x00,
    0x00, 0x00, 0x00, 0x00, 0x00, 0x00, 0x00, 0x00, 0x00, 0x00, 0x00, 0x00, 0x00, 0x00, 0x00, 0x00,
    0x00, 0x2E, 0xBE, 0xE0, 0x80, 0x25, 0x00, 0x00, 0x00, 0x03, 0x06, 0x00, 0x4F, 0xFF, 0xF8, 0xFF,
    0xB1, 0x06, 0xA8, 0xFF, 0xF8, 0xFE, 0xB5, 0x2B, 0xE8, 0xFF, 0xFE, 0xE4, 0x08, 0x02, 0x05, 0x03,
    0x00, 0x00, 0x00, 0x00, 0x00, 0x00, 0x00, 0x00, 0x00, 0x00, 0x00, 0x00, 0x00, 0x00, 0x00, 0x00,
    0x00, 0x00, 0x00, 0x00, 0x00, 0x00, 0x00, 0x00, 0x00, 0x00, 0x00, 0x00, 0x00, 0x00, 0x00, 0x00,
    0x03, 0x00, 0x00, 0x7D, 0xFF, 0xFF, 0xB1, 0x59, 0x0E, 0x00, 0x00, 0x03, 0x05, 0xCE, 0xFE, 0xF8,
    0xFF, 0xB9, 0xD0, 0xFF, 0xFD, 0xFF, 0xF8, 0xF0, 0xFF, 0xFA, 0xFF, 0xC8, 0x00, 0x00, 0x00, 0x00,
    0x0A, 0x45, 0x4D, 0x02, 0x02, 0x00, 0x00, 0x00, 0x00, 0x00, 0x00, 0x00, 0x00, 0x00, 0x00, 0x00,
    0x00, 0x00, 0x00, 0x00, 0x00, 0x00, 0x00, 0x00, 0x00, 0x00, 0x00, 0x00, 0x00, 0x00, 0x00, 0x00,
    0x00, 0x02, 0x02, 0x00, 0x34, 0xD4, 0xFF, 0xFF, 0xE1, 0x92, 0x36, 0x00, 0x00, 0x4A, 0xFF, 0xFD,
    0xFC, 0xFF, 0xFF, 0xFF, 0xFF, 0xFF, 0xFF, 0xFF, 0xFE, 0xFB, 0xFF, 0x98, 0x00, 0x2F, 0x67, 0xA9,
    0xE3, 0xF0, 0x2F, 0x01, 0x02, 0x00, 0x00, 0x00, 0x00, 0x00, 0x00, 0x00, 0x00, 0x00, 0x00, 0x00,
    0x00, 0x00, 0x00, 0x00, 0x00, 0x00, 0x00, 0x00, 0x00, 0x00, 0x00, 0x00, 0x00, 0x00, 0x00, 0x00,
    0x00, 0x00, 0x00, 0x04, 0x00, 0x0A, 0x93, 0xFF, 0xFF, 0xFF, 0xFF, 0xC9, 0x6E, 0x19, 0xC0, 0xFF,
    0xFC, 0xFD, 0xFE, 0xFF, 0xFF, 0xFF, 0xFF, 0xFE, 0xFF, 0xFE, 0xFF, 0xD3, 0xD1, 0xFF, 0xFF, 0xFF,
    0xFF, 0x3A, 0x00, 0x03, 0x00, 0x00, 0x00, 0x00, 0x00, 0x00, 0x00, 0x00, 0x00, 0x00, 0x00, 0x00,
    0x00, 0x00, 0x00, 0x00, 0x00, 0x00, 0x00, 0x00, 0x00, 0x00, 0x00, 0x00, 0x00, 0x00, 0x00, 0x00,
    0x00, 0x00, 0x00, 0x00, 0x03, 0x00, 0x00, 0x55, 0xE7, 0xFF, 0xFB, 0xFF, 0xFF, 0xED, 0xD6, 0xFF,
    0xFE, 0xFF, 0xFF, 0xFF, 0xFF, 0xFF, 0xFF, 0xFF, 0xFF, 0xFF, 0xFF, 0xFF, 0xFF, 0xFF, 0xF7, 0xFF,
    0x66, 0x00, 0x04, 0x00, 0x00, 0x00, 0x00, 0x00, 0x00, 0x00, 0x00, 0x00, 0x00, 0x00, 0x00, 0x00,
    0x00, 0x00, 0x00, 0x00, 0x00, 0x00, 0x00, 0x00, 0x00, 0x00, 0x00, 0x00, 0x00, 0x00, 0x00, 0x00,
    0x00, 0x00, 0x00, 0x00, 0x00, 0x01, 0x04, 0x00, 0x1E, 0xB6, 0xFF, 0xFC, 0xFA, 0xFF, 0xFF, 0xFF,
    0xFF, 0xFF, 0xFF, 0xFF, 0xFF, 0xFF, 0xFF, 0xFF, 0xFF, 0xFF, 0xFF, 0xFD, 0xFD, 0xFC, 0xFF, 0x9B,
    0x00, 0x06, 0x01, 0x00, 0x00, 0x00, 0x00, 0x00, 0x00, 0x00, 0x00, 0x00, 0x00, 0x00, 0x00, 0x00,
    0x00, 0x00, 0x00, 0x00, 0x00, 0x00, 0x00, 0x00, 0x00, 0x00, 0x00, 0x00, 0x00, 0x00, 0x00, 0x00,
    0x00, 0x00, 0x00, 0x00, 0x01, 0x02, 0x03, 0x07, 0x00, 0x01, 0x78, 0xFB, 0xFF, 0xFD, 0xFE, 0xFF,
    0xFF, 0xFF, 0xFF, 0xFF, 0xFF, 0xFF, 0xFF, 0xFF, 0xFF, 0xFF, 0xFF, 0xFF, 0xFC, 0xFF, 0xAD, 0x00,
    0x00, 0x00, 0x00, 0x03, 0x04, 0x02, 0x00, 0x00, 0x00, 0x00, 0x00, 0x00, 0x00, 0x00, 0x00, 0x00,
    0x00, 0x00, 0x00, 0x00, 0x00, 0x00, 0x00, 0x00, 0x00, 0x00, 0x00, 0x01, 0x01, 0x02, 0x03, 0x04,
    0x04, 0x04, 0x02, 0x00, 0x00, 0x00, 0x00, 0x00, 0x00, 0x00, 0x00, 0x31, 0xD1, 0xFE, 0xFE, 0xFF,
    0xFF, 0xFF, 0xFF, 0xFF, 0xFF, 0xFF, 0xFF, 0xFF, 0xFF, 0xFF, 0xFF, 0xFF, 0xFE, 0xFE, 0xAA, 0x6F,
    0x41, 0x1C, 0x00, 0x00, 0x00, 0x00, 0x00, 0x00, 0x00, 0x00, 0x00, 0x00, 0x00, 0x00, 0x00, 0x00,
    0x00, 0x00, 0x00, 0x00, 0x00, 0x00, 0x00, 0x00, 0x00, 0x00, 0x00, 0x00, 0x00, 0x00, 0x00, 0x00,
    0x00, 0x00, 0x00, 0x00, 0x0D, 0x22, 0x38, 0x55, 0x70, 0x90, 0xAE, 0xBD, 0xDE, 0xFF, 0xFE, 0xFF,
    0xFF, 0xFF, 0xFF, 0xFF, 0xFF, 0xFF, 0xFF, 0xFF, 0xFF, 0xFF, 0xFF, 0xFF, 0xFF, 0xFF, 0xFF, 0xFF,
    0xFF, 0xF2, 0xD4, 0xB9, 0x8C, 0x44, 0x05, 0x01, 0x00, 0x00, 0x00, 0x00, 0x00, 0x00, 0x00, 0x00,
    0x00, 0x00, 0x00, 0x00, 0x00, 0x00, 0x00, 0x00, 0x00, 0x03, 0x0C, 0x19, 0x25, 0x37, 0x4A, 0x64,
    0x7F, 0x9B, 0xB7, 0xD0, 0xE6, 0xF9, 0xFF, 0xFF, 0xFF, 0xFF, 0xFF, 0xFF, 0xFF, 0xFF, 0xFF, 0xFF,
    0xFF, 0xFF, 0xFF, 0xFF, 0xFF, 0xFF, 0xFF, 0xFF, 0xFF, 0xFF, 0xFF, 0xFF, 0xFF, 0xFF, 0xFB, 0xF9,
    0xFF, 0xFF, 0xFF, 0xD5, 0x7F, 0x2B, 0x03, 0x01, 0x00, 0x00, 0x00, 0x00, 0x00, 0x00, 0x00, 0x00,
    0x00, 0x00, 0x00, 0x00, 0x00, 0x00, 0x00, 0x00, 0x01, 0x10, 0x3C, 0x78, 0xAD, 0xDB, 0xFE, 0xFF,
    0xFF, 0xFF, 0xFF, 0xFF, 0xFF, 0xFF, 0xFE, 0xF9, 0xF7, 0xF7, 0xF8, 0xFA, 0xFD, 0xFF, 0xFF, 0xFF,
    0xFF, 0xFF, 0xFF, 0xFF, 0xFF, 0xFF, 0xFF, 0xFF, 0xFF, 0xFF, 0xFF, 0xFF, 0xFF, 0xFF, 0xFF, 0xFF,
    0xE1, 0x8E, 0x32, 0x00, 0x00, 0x00, 0x00, 0x00, 0x00, 0x00, 0x00, 0x00, 0x00, 0x00, 0x00, 0x00,
    0x00, 0x00, 0x00, 0x00, 0x00, 0x00, 0x00, 0x00, 0x00, 0x00, 0x00, 0x00, 0x00, 0x03, 0x15, 0x2E,
    0x4D, 0x70, 0x94, 0xB3, 0xD4, 0xEE, 0xFF, 0xFF, 0xFF, 0xFF, 0xFF, 0xFF, 0xFF, 0xFF, 0xFF, 0xFF,
    0xFF, 0xFF, 0xFF, 0xFF, 0xFF, 0xFF, 0xFF, 0xFF, 0xFF, 0xFF, 0xFF, 0xFF, 0xFE, 0xFE, 0xDC, 0x47,
    0x09, 0x00, 0x00, 0x01, 0x04, 0x01, 0x00, 0x00, 0x00, 0x00, 0x00, 0x00, 0x00, 0x00, 0x00, 0x00,
    0x00, 0x00, 0x00, 0x00, 0x00, 0x00, 0x00, 0x00, 0x00, 0x00, 0x01, 0x02, 0x01, 0x00, 0x00, 0x00,
    0x00, 0x00, 0x00, 0x00, 0x00, 0x14, 0x2E, 0x4E, 0x70, 0x93, 0xB6, 0xD6, 0xE4, 0xFF, 0xFF, 0xFF,
    0xFF, 0xFF, 0xFF, 0xFF, 0xFF, 0xFF, 0xFF, 0xFF, 0xFF, 0xFF, 0xFF, 0xFF, 0xFF, 0xFD, 0xF3, 0x87,
    0x08, 0x00, 0x06, 0x01, 0x00, 0x00, 0x00, 0x00, 0x00, 0x00, 0x00, 0x00, 0x00, 0x00, 0x00, 0x00,
    0x00, 0x00, 0x00, 0x00, 0x00, 0x00, 0x00, 0x00, 0x00, 0x00, 0x00, 0x00, 0x00, 0x01, 0x01, 0x02,
    0x03, 0x04, 0x04, 0x03, 0x00, 0x00, 0x00, 0x00, 0x00, 0x00, 0x00, 0x00, 0x9C, 0xFF, 0xFD, 0xFF,
    0xFF, 0xFF, 0xFF, 0xFF, 0xFF, 0xFF, 0xFF, 0xFF, 0xFF, 0xFF, 0xFF, 0xFF, 0xFF, 0xFC, 0xFD, 0xFF,
    0xD0, 0x34, 0x00, 0x02, 0x02, 0x00, 0x00, 0x00, 0x00, 0x00, 0x00, 0x00, 0x00, 0x00, 0x00, 0x00,
    0x00, 0x00, 0x00, 0x00, 0x00, 0x00, 0x00, 0x00, 0x00, 0x00, 0x00, 0x00, 0x00, 0x00, 0x00, 0x00,
    0x00, 0x00, 0x00, 0x00, 0x01, 0x01, 0x02, 0x03, 0x06, 0x06, 0x03, 0x9B, 0xFF, 0xFD, 0xFF, 0xFF,
    0xFF, 0xFF, 0xFF, 0xFF, 0xFF, 0xFF, 0xFF, 0xFF, 0xFF, 0xFF, 0xFF, 0xFF, 0xFF, 0xFF, 0xFF, 0xFF,
    0xFF, 0xF4, 0x6D, 0x00, 0x00, 0x03, 0x00, 0x00, 0x00, 0x00, 0x00, 0x00, 0x00, 0x00, 0x00, 0x00,
    0x00, 0x00, 0x00, 0x00, 0x00, 0x00, 0x00, 0x00, 0x00, 0x00, 0x00, 0x00, 0x00, 0x00, 0x00, 0x00,
    0x00, 0x00, 0x00, 0x00, 0x00, 0x00, 0x00, 0x02, 0x01, 0x00, 0xA7, 0xFF, 0xFC, 0xFF, 0xFF, 0xFF,
    0xFE, 0xFF, 0xFF, 0xFF, 0xFF, 0xFF, 0xFF, 0xFF, 0xFF, 0xFF, 0xFF, 0xFE, 0xFD, 0xA7, 0xC0, 0xEB,
    0xFF, 0xFF, 0xFF, 0xBC, 0x1E, 0x00, 0x00, 0x00, 0x00, 0x00, 0x00, 0x00, 0x00, 0x00, 0x00, 0x00,
    0x00, 0x00, 0x00, 0x00, 0x00, 0x00, 0x00, 0x00, 0x00, 0x00, 0x00, 0x00, 0x00, 0x00, 0x00, 0x00,
    0x00, 0x00, 0x00, 0x00, 0x00, 0x00, 0x02, 0x00, 0x06, 0xA7, 0xFF, 0xFA, 0xFF, 0xFF, 0xFD, 0xFD,
    0xFF, 0xFF, 0xFF, 0xFF, 0xFF, 0xFF, 0xFF, 0xFF, 0xFF, 0xFF, 0xFD, 0xFB, 0xFF, 0xA7, 0x00, 0x13,
    0x37, 0x69, 0x98, 0xDA, 0xD9, 0x58, 0x07, 0x02, 0x00, 0x00, 0x00, 0x00, 0x00, 0x00, 0x00, 0x00,
    0x00, 0x00, 0x00, 0x00, 0x00, 0x00, 0x00, 0x00, 0x00, 0x00, 0x00, 0x00, 0x00, 0x00, 0x00, 0x00,
    0x00, 0x00, 0x00, 0x00, 0x00, 0x03, 0x00, 0x0A, 0xBE, 0xFF, 0xFA, 0xFF, 0xFE, 0xFC, 0xFF, 0xFF,
    0xF4, 0xFF, 0xFF, 0xFF, 0xFF, 0xFE, 0xFE, 0xFF, 0xFF, 0xFF, 0xFF, 0xFF, 0xFA, 0xFF, 0x6C, 0x00,
    0x00, 0x00, 0x00, 0x00, 0x1F, 0x4B, 0x17, 0x00, 0x01, 0x00, 0x00, 0x00, 0x00, 0x00, 0x00, 0x00,
    0x00, 0x00, 0x00, 0x00, 0x00, 0x00, 0x00, 0x00, 0x00, 0x00, 0x00, 0x00, 0x00, 0x00, 0x00, 0x00,
    0x00, 0x00, 0x00, 0x00, 0x03, 0x00, 0x0A, 0xBF, 0xFF, 0xFA, 0xFE, 0xFB, 0xFF, 0xFF, 0xE0, 0x5E,
    0x8C, 0xFF, 0xFB, 0xFF, 0xFF, 0xFF, 0xFF, 0xFF, 0xFE, 0xFE, 0xAD, 0xED, 0xFF, 0xF8, 0xF6, 0x2A,
    0x03, 0x06, 0x03, 0x00, 0x00, 0x00, 0x00, 0x00, 0x00, 0x00, 0x00, 0x00, 0x00, 0x00, 0x00, 0x00,
    0x00, 0x00, 0x00, 0x00, 0x00, 0x00, 0x00, 0x00, 0x00, 0x00, 0x00, 0x00, 0x00, 0x00, 0x00, 0x00,
    0x00, 0x00, 0x00, 0x03, 0x00, 0x18, 0xC7, 0xFF, 0xFA, 0xFC, 0xFF, 0xFF, 0xE9, 0x77, 0x10, 0x00,
    0x9D, 0xFF, 0xFB, 0xFE, 0xFF, 0xEE, 0xE7, 0xFE, 0xF9, 0xFF, 0x7F, 0x28, 0xDA, 0xFF, 0xFD, 0xC6,
    0x02, 0x04, 0x01, 0x00, 0x01, 0x03, 0x01, 0x00, 0x00, 0x00, 0x00, 0x00, 0x00, 0x00, 0x00, 0x00,
    0x00, 0x00, 0x00, 0x00, 0x00, 0x00, 0x00, 0x00, 0x00, 0x00, 0x00, 0x00, 0x00, 0x00, 0x00, 0x00,
    0x00, 0x00, 0x03, 0x00, 0x18, 0xD5, 0xFF, 0xF7, 0xFF, 0xFF, 0xF1, 0x84, 0x16, 0x00, 0x01, 0x03,
    0xA7, 0xFF, 0xFB, 0xFB, 0xFE, 0x9B, 0x4F, 0xFF, 0xF9, 0xFF, 0xC8, 0x00, 0x13, 0xB2, 0xFF, 0xFF,
    0x7E, 0x00, 0x04, 0x00, 0x00, 0x00, 0x00, 0x00, 0x00, 0x00, 0x00, 0x00, 0x00, 0x00, 0x00, 0x00,
    0x00, 0x00, 0x00, 0x00, 0x00, 0x00, 0x00, 0x00, 0x00, 0x00, 0x00, 0x00, 0x00, 0x00, 0x00, 0x00,
    0x00, 0x03, 0x00, 0x1F, 0xD4, 0xFF, 0xFA, 0xFF, 0xF9, 0x91, 0x21, 0x00, 0x00, 0x03, 0x03, 0x00,
    0xBD, 0xFF, 0xFC, 0xFC, 0xFF, 0x4C, 0x00, 0xD0, 0xFF, 0xFE, 0xED, 0x11, 0x00, 0x00, 0x81, 0xFF,
    0xFD, 0x34, 0x00, 0x03, 0x00, 0x00, 0x00, 0x00, 0x00, 0x00, 0x00, 0x00, 0x00, 0x00, 0x00, 0x00,
    0x00, 0x00, 0x00, 0x00, 0x00, 0x00, 0x00, 0x00, 0x00, 0x00, 0x00, 0x00, 0x00, 0x00, 0x00, 0x00,
    0x04, 0x00, 0x2A, 0xE2, 0xFF, 0xFF, 0xFD, 0x9E, 0x2C, 0x00, 0x00, 0x03, 0x01, 0x00, 0x02, 0x00,
    0xC4, 0xFF, 0xFB, 0xFF, 0xE2, 0x0C, 0x01, 0x4D, 0xFF, 0xFB, 0xFF, 0x39, 0x01, 0x05, 0x00, 0x50,
    0xEF, 0xDD, 0x01, 0x03, 0x01, 0x00, 0x00, 0x00, 0x00, 0x00, 0x00, 0x00, 0x00, 0x00, 0x00, 0x00,
    0x00, 0x00, 0x00, 0x00, 0x00, 0x00, 0x00, 0x00, 0x00, 0x00, 0x00, 0x00, 0x00, 0x00, 0x00, 0x04,
    0x00, 0x28, 0xE5, 0xFF, 0xFE, 0xAC, 0x37, 0x00, 0x00, 0x03, 0x02, 0x00, 0x00, 0x01, 0x00, 0x00,
    0xD8, 0xFF, 0xF9, 0xFF, 0x8B, 0x00, 0x06, 0x00, 0xC0, 0xFF, 0xFF, 0x6E, 0x00, 0x05, 0x04, 0x00,
    0x25, 0xDC, 0xA1, 0x00, 0x03, 0x00, 0x00, 0x00, 0x00, 0x00, 0x00, 0x00, 0x00, 0x00, 0x00, 0x00,
    0x00, 0x00, 0x00, 0x00, 0x00, 0x00, 0x00, 0x00, 0x00, 0x00, 0x00, 0x00, 0x00, 0x00, 0x05, 0x00,
    0x3B, 0xF4, 0xFF, 0xB8, 0x42, 0x00, 0x00, 0x03, 0x02, 0x00, 0x00, 0x00, 0x00, 0x01, 0x00, 0x07,
    0xE0, 0xFF, 0xFC, 0xFD, 0x2F, 0x00, 0x06, 0x00, 0x39, 0xFC, 0xFE, 0xA2, 0x00, 0x04, 0x00, 0x04,
    0x00, 0x0E, 0xB2, 0x55, 0x00, 0x03, 0x00, 0x00, 0x00, 0x00, 0x00, 0x00, 0x00, 0x00, 0x00, 0x00,
    0x00, 0x00, 0x00, 0x00, 0x00, 0x00, 0x00, 0x00, 0x00, 0x00, 0x00, 0x00, 0x00, 0x03, 0x00, 0x48,
    0xFF, 0xCA, 0x4B, 0x00, 0x00, 0x03, 0x02, 0x00, 0x00, 0x00, 0x00, 0x00, 0x00, 0x01, 0x00, 0x11,
    0xEE, 0xFF, 0xFF, 0xC9, 0x00, 0x02, 0x00, 0x03, 0x00, 0xAD, 0xFF, 0xD2, 0x01, 0x00, 0x01, 0x00,
    0x02, 0x00, 0x00, 0x59, 0x13, 0x01, 0x01, 0x00, 0x00, 0x00, 0x00, 0x00, 0x00, 0x00, 0x00, 0x00,
    0x00, 0x00, 0x00, 0x00, 0x00, 0x00, 0x00, 0x00, 0x00, 0x00, 0x00, 0x00, 0x02, 0x00, 0x56, 0xD3,
    0x5E, 0x00, 0x00, 0x02, 0x03, 0x00, 0x00, 0x00, 0x00, 0x00, 0x00, 0x00, 0x00, 0x01, 0x00, 0x19,
    0xF4, 0xFE, 0xFF, 0x6B, 0x00, 0x04, 0x00, 0x02, 0x01, 0x27, 0xFA, 0xF8, 0x1E, 0x00, 0x02, 0x00,
    0x00, 0x01, 0x00, 0x00, 0x04, 0x00, 0x00, 0x00, 0x00, 0x00, 0x00, 0x00, 0x00, 0x00, 0x00, 0x00,
    0x00, 0x00, 0x00, 0x00, 0x00, 0x00, 0x00, 0x00, 0x00, 0x00, 0x00, 0x02, 0x02, 0x3F, 0x6D, 0x0A,
    0x00, 0x01, 0x03, 0x00, 0x00, 0x00, 0x00, 0x00, 0x00, 0x00, 0x00, 0x00, 0x00, 0x02, 0x00, 0x26,
    0xFE, 0xFE, 0xF3, 0x18, 0x00, 0x02, 0x00, 0x00, 0x03, 0x00, 0x9C, 0xFF, 0x48, 0x00, 0x03, 0x00,
    0x00, 0x00, 0x01, 0x01, 0x00, 0x00, 0x00, 0x00, 0x00, 0x00, 0x00, 0x00, 0x00, 0x00, 0x00, 0x00,
    0x00, 0x00, 0x00, 0x00, 0x00, 0x00, 0x00, 0x00, 0x00, 0x00, 0x00, 0x00, 0x01, 0x0C, 0x00, 0x00,
    0x03, 0x00, 0x00, 0x00, 0x00, 0x00, 0x00, 0x00, 0x00, 0x00, 0x00, 0x00, 0x00, 0x03, 0x00, 0x35,
    0xFD, 0xFF, 0xAB, 0x00, 0x03, 0x00, 0x00, 0x00, 0x02, 0x01, 0x19, 0xFE, 0x85, 0x01, 0x04, 0x00,
    0x00, 0x00, 0x00, 0x00, 0x00, 0x00, 0x00, 0x00, 0x00, 0x00, 0x00, 0x00, 0x00, 0x00, 0x00, 0x00,
    0x00, 0x00, 0x00, 0x00, 0x00, 0x00, 0x00, 0x00, 0x00, 0x00, 0x00, 0x00, 0x00, 0x00, 0x03, 0x01,
    0x00, 0x00, 0x00, 0x00, 0x00, 0x00, 0x00, 0x00, 0x00, 0x00, 0x00, 0x00, 0x00, 0x03, 0x00, 0x42,
    0xFF, 0xFF, 0x4C, 0x01, 0x04, 0x00, 0x00, 0x00, 0x00, 0x03, 0x00, 0x99, 0xC8, 0x00, 0x02, 0x00,
    0x00, 0x00, 0x00, 0x00, 0x00, 0x00, 0x00, 0x00, 0x00, 0x00, 0x00, 0x00, 0x00, 0x00, 0x00, 0x00,
    0x00, 0x00, 0x00, 0x00, 0x00, 0x00, 0x00, 0x00, 0x00, 0x00, 0x00, 0x00, 0x00, 0x00, 0x00, 0x00,
    0x00, 0x00, 0x00, 0x00, 0x00, 0x00, 0x00, 0x00, 0x00, 0x00, 0x00, 0x00, 0x00, 0x03, 0x00, 0x4F,
    0xFF, 0xDF, 0x08, 0x01, 0x01, 0x00, 0x00, 0x00, 0x00, 0x02, 0x01, 0x17, 0xD5, 0x0E, 0x00, 0x01,
    0x00, 0x00, 0x00, 0x00, 0x00, 0x00, 0x00, 0x00, 0x00, 0x00, 0x00, 0x00, 0x00, 0x00, 0x00, 0x00,
    0x00, 0x00, 0x00, 0x00, 0x00, 0x00, 0x00, 0x00, 0x00, 0x00, 0x00, 0x00, 0x00, 0x00, 0x00, 0x00,
    0x00, 0x00, 0x00, 0x00, 0x00, 0x00, 0x00, 0x00, 0x00, 0x00, 0x00, 0x00, 0x00, 0x04, 0x00, 0x5C,
    0xFE, 0x88, 0x00, 0x04, 0x00, 0x00, 0x00, 0x00, 0x00, 0x00, 0x03, 0x00, 0x7A, 0x41, 0x00, 0x02,
    0x00, 0x00, 0x00, 0x00, 0x00, 0x00, 0x00, 0x00, 0x00, 0x00, 0x00, 0x00, 0x00, 0x00, 0x00, 0x00,
    0x00, 0x00, 0x00, 0x00, 0x00, 0x00, 0x00, 0x00, 0x00, 0x00, 0x00, 0x00, 0x00, 0x00, 0x00, 0x00,
    0x00, 0x00, 0x00, 0x00, 0x00, 0x00, 0x00, 0x00, 0x00, 0x00, 0x00, 0x00, 0x00, 0x04, 0x00, 0x6F,
    0xFF, 0x2B, 0x00, 0x03, 0x00, 0x00, 0x00, 0x00, 0x00, 0x00, 0x01, 0x01, 0x17, 0x42, 0x00, 0x02,
    0x00, 0x00, 0x00, 0x00, 0x00, 0x00, 0x00, 0x00, 0x00, 0x00, 0x00, 0x00, 0x00, 0x00, 0x00, 0x00,
    0x00, 0x00, 0x00, 0x00, 0x00, 0x00, 0x00, 0x00, 0x00, 0x00, 0x00, 0x00, 0x00, 0x00, 0x00, 0x00,
    0x00, 0x00, 0x00, 0x00, 0x00, 0x00, 0x00, 0x00, 0x00, 0x00, 0x00, 0x00, 0x00, 0x04, 0x00, 0x8C,
    0xDC, 0x00, 0x02, 0x00, 0x00, 0x00, 0x00, 0x00, 0x00, 0x00, 0x00, 0x00, 0x00, 0x06, 0x00, 0x00,
    0x00, 0x00, 0x00, 0x00, 0x00, 0x00, 0x00, 0x00, 0x00, 0x00, 0x00, 0x00, 0x00, 0x00, 0x00, 0x00,
    0x00, 0x00, 0x00, 0x00, 0x00, 0x00, 0x00, 0x00, 0x00, 0x00, 0x00, 0x00, 0x00, 0x00, 0x00, 0x00,
    0x00, 0x00, 0x00, 0x00, 0x00, 0x00, 0x00, 0x00, 0x00, 0x00, 0x00, 0x00, 0x00, 0x04, 0x00, 0xA5,
    0x7D, 0x00, 0x04, 0x00, 0x00, 0x00, 0x00, 0x00, 0x00, 0x00, 0x00, 0x00, 0x01, 0x00, 0x00, 0x00,
    0x00, 0x00, 0x00, 0x00, 0x00, 0x00, 0x00, 0x00, 0x00, 0x00, 0x00, 0x00, 0x00, 0x00, 0x00, 0x00,
    0x00, 0x00, 0x00, 0x00, 0x00, 0x00, 0x00, 0x00, 0x00, 0x00, 0x00, 0x00, 0x00, 0x00, 0x00, 0x00,
    0x00, 0x00, 0x00, 0x00, 0x00, 0x00, 0x00, 0x00, 0x00, 0x00, 0x00, 0x00, 0x00, 0x03, 0x00, 0x96,
    0x29, 0x00, 0x02, 0x00, 0x00, 0x00, 0x00, 0x00, 0x00, 0x00, 0x00, 0x00, 0x00, 0x00, 0x00, 0x00,
    0x00, 0x00, 0x00, 0x00, 0x00, 0x00, 0x00, 0x00, 0x00, 0x00, 0x00, 0x00, 0x00, 0x00, 0x00, 0x00,
    0x00, 0x00, 0x00, 0x00, 0x00, 0x00, 0x00, 0x00, 0x00, 0x00, 0x00, 0x00, 0x00, 0x00, 0x00, 0x00,
    0x00, 0x00, 0x00, 0x00, 0x00, 0x00, 0x00, 0x00, 0x00, 0x00, 0x00, 0x00, 0x00, 0x00, 0x04, 0x5C,
    0x02, 0x01, 0x00, 0x00, 0x00, 0x00, 0x00, 0x00, 0x00, 0x00, 0x00, 0x00, 0x00, 0x00, 0x00, 0x00,
    0x00, 0x00, 0x00, 0x00, 0x00, 0x00, 0x00, 0x00, 0x00, 0x00, 0x00, 0x00, 0x00, 0x00, 0x00, 0x00,
    0x00, 0x00, 0x00, 0x00, 0x00, 0x00, 0x00, 0x00, 0x00, 0x00, 0x00, 0x00, 0x00, 0x00, 0x00, 0x00,
    0x00, 0x00, 0x00, 0x00, 0x00, 0x00, 0x00, 0x00, 0x00, 0x00, 0x00, 0x00, 0x00, 0x00, 0x03, 0x0E,
    0x00, 0x00, 0x00, 0x00, 0x00, 0x00, 0x00, 0x00, 0x00, 0x00, 0x00, 0x00, 0x00, 0x00, 0x00, 0x00,
    0x00, 0x00, 0x00, 0x00, 0x00, 0x00, 0x00, 0x00, 0x00, 0x00, 0x00, 0x00, 0x00, 0x00, 0x00, 0x00,
    0x00, 0x00, 0x00, 0x00, 0x00, 0x00, 0x00, 0x00, 0x00, 0x00, 0x00, 0x00, 0x00, 0x00, 0x00, 0x00,
    0x00, 0x00, 0x00, 0x00, 0x00, 0x00, 0x00, 0x00, 0x00, 0x00, 0x00, 0x00, 0x00, 0x00, 0x00, 0x00,
    0x00, 0x00, 0x00, 0x00, 0x00, 0x00, 0x00, 0x00, 0x00, 0x00, 0x00, 0x00, 0x00, 0x00, 0x00, 0x00,
    0x00, 0x00, 0x00, 0x00, 0x00, 0x00, 0x00, 0x00, 0x00, 0x00, 0x00, 0x00, 0x00, 0x00, 0x00, 0x00,
    0x00, 0x00, 0x00, 0x00, 0x00, 0x00, 0x00, 0x00, 0x00, 0x00, 0x00, 0x00, 0x00, 0x00, 0x00, 0x00,
    0x00, 0x00, 0x00, 0x00, 0x00, 0x00, 0x00, 0x00, 0x00, 0x00, 0x00, 0x00, 0x00, 0x00, 0x00, 0x01,
    0x00, 0x00, 0x00, 0x00, 0x00, 0x00, 0x00, 0x00, 0x00, 0x00, 0x00, 0x00, 0x00, 0x00, 0x00, 0x00,
    0x00, 0x00, 0x00, 0x00, 0x00, 0x00, 0x00, 0x00, 0x00, 0x00, 0x00, 0x00, 0x00, 0x00, 0x00, 0x00,
    0x00, 0x00, 0x00, 0x00, 0x00, 0x00, 0x00, 0x00, 0x00, 0x00, 0x00, 0x00, 0x00, 0x00, 0x00, 0x00,
    0x00, 0x00, 0x00, 0x00, 0x00, 0x00, 0x00, 0x00, 0x00, 0x00, 0x00, 0x00, 0x00, 0x00, 0x00, 0x00,
    0x00, 0x00, 0x00, 0x00, 0x00, 0x00, 0x00, 0x00, 0x00, 0x00, 0x00, 0x00, 0x00, 0x00, 0x00, 0x00,
    0x00, 0x00, 0x00, 0x00, 0x00, 0x00, 0x00, 0x00, 0x00, 0x00, 0x00, 0x00, 0x00, 0x00, 0x00, 0x00,
    0x00, 0x00, 0x00, 0x00, 0x00, 0x00, 0x00, 0x00, 0x00, 0x00, 0x00, 0x00, 0x00, 0x00, 0x00, 0x00,
    0x00, 0x00, 0x00, 0x00, 0x00, 0x00, 0x00, 0x00, 0x00, 0x00, 0x00, 0x00, 0x00, 0x00, 0x00, 0x00,
    0x00, 0x00, 0x00, 0x00, 0x00, 0x00, 0x00, 0x00, 0x00, 0x00, 0x00, 0x00, 0x00, 0x00, 0x00, 0x00,
    0x00, 0x00, 0x00, 0x00, 0x00, 0x00, 0x00, 0x00, 0x00, 0x00, 0x00, 0x00, 0x00, 0x00, 0x00, 0x00,
    0x00, 0x00, 0x00, 0x00, 0x00, 0x00, 0x00, 0x00, 0x00, 0x00, 0x00, 0x00, 0x00, 0x00, 0x00, 0x00,
    0x00, 0x00, 0x00, 0x00, 0x00, 0x00, 0x00, 0x00, 0x00, 0x00, 0x00, 0x00, 0x00, 0x00, 0x00, 0x00,
    0x00, 0x00, 0x00, 0x00, 0x00, 0x00, 0x00, 0x00, 0x00, 0x00, 0x00, 0x00, 0x00, 0x00, 0x00, 0x00,
    0x00, 0x00, 0x00, 0x00, 0x00, 0x00, 0x00, 0x00, 0x00, 0x00, 0x00, 0x00, 0x00, 0x00, 0x00, 0x00,
    0x00, 0x00, 0x00, 0x00, 0x00, 0x00, 0x00, 0x00, 0x00, 0x00, 0x00, 0x00, 0x00, 0x00, 0x00, 0x00,
    0x00, 0x00, 0x00, 0x00, 0x00, 0x00, 0x00, 0x00, 0x00, 0x00, 0x00, 0x00, 0x00, 0x00, 0x00, 0x00,
    0x00, 0x00, 0x00, 0x00, 0x00, 0x00, 0x00, 0x00, 0x00, 0x00, 0x00, 0x00, 0x00, 0x00, 0x00, 0x00,
    0x00, 0x00, 0x00, 0x00, 0x00, 0x00, 0x00, 0x00, 0x00, 0x00, 0x00, 0x00, 0x00, 0x00, 0x00, 0x00,
    0x00, 0x00, 0x00, 0x00, 0x00, 0x00, 0x00, 0x00, 0x00, 0x00, 0x00, 0x00, 0x00, 0x00, 0x00, 0x00,
    0x00, 0x00, 0x00, 0x00, 0x00, 0x00, 0x00, 0x00, 0x00, 0x00, 0x00, 0x00, 0x00, 0x00, 0x00, 0x00,
    0x00, 0x00, 0x00, 0x00, 0x00, 0x00, 0x00, 0x00, 0x00, 0x00, 0x00, 0x00, 0x00, 0x00, 0x00, 0x00,
    0x00, 0x00, 0x00, 0x00, 0x00, 0x00, 0x00, 0x00, 0x00, 0x00, 0x00, 0x00, 0x00, 0x00, 0x00, 0x00,
    0x00, 0x00, 0x00, 0x00, 0x00, 0x00, 0x00, 0x00, 0x00, 0x00, 0x00, 0x00, 0x00, 0x00, 0x00, 0x00,
    0x00, 0x00, 0x00, 0x00, 0x00, 0x00, 0x00, 0x00, 0x00, 0x00, 0x00, 0x00, 0x00, 0x00, 0x00, 0x00,
    0x00, 0x00, 0x00, 0x00, 0x00, 0x00, 0x00, 0x00, 0x00, 0x00, 0x00, 0x00, 0x00, 0x00, 0x00, 0x00,
    0x00, 0x00, 0x00, 0x00, 0x00, 0x00, 0x00, 0x00, 0x00, 0x00, 0x00, 0x00, 0x00, 0x00, 0x00, 0x00,
    0x00, 0x00, 0x00, 0x00, 0x00, 0x00, 0x00, 0x00, 0x00, 0x00, 0x00, 0x00, 0x00, 0x00, 0x00, 0x00,
    0x00, 0x00, 0x00, 0x00, 0x00, 0x00, 0x00, 0x00, 0x00, 0x00, 0x00, 0x00, 0x00, 0x00, 0x00, 0x00,
    0x00, 0x00, 0x00, 0x00, 0x00, 0x00, 0x00, 0x00, 0x00, 0x00, 0x00, 0x00, 0x00, 0x00, 0x00, 0x00,
    0x00, 0x00, 0x00, 0x00, 0x00, 0x00, 0x00, 0x00, 0x00, 0x00, 0x00, 0x00, 0x00, 0x00, 0x00, 0x00,
};
const lv_image_dsc_t ui_feed_icon_spark_64 = {
    .header = {.magic = LV_IMAGE_HEADER_MAGIC, .cf = LV_COLOR_FORMAT_A8,
               .w = 64, .h = 64, .stride = 64},
    .data_size = sizeof(s_spark_64),
    .data = s_spark_64,
};

static const uint8_t s_settings_24[] = {
    0x00, 0x00, 0x00, 0x00, 0x00, 0x00, 0x00, 0x00, 0x00, 0x00, 0x0A, 0x12, 0x11, 0x0A, 0x00, 0x00,
    0x00, 0x00, 0x00, 0x00, 0x00, 0x00, 0x00, 0x00, 0x00, 0x00, 0x00, 0x00, 0x00, 0x01, 0x00, 0x02,
    0x00, 0x5A, 0xDE, 0xEB, 0xEB, 0xDE, 0x5A, 0x00, 0x02, 0x00, 0x01, 0x00, 0x00, 0x00, 0x00, 0x00,
    0x00, 0x00, 0x00, 0x00, 0x02, 0x00, 0x04, 0x04, 0x08, 0xE4, 0xFF, 0xF3, 0xF2, 0xFF, 0xE5, 0x08,
    0x04, 0x04, 0x00, 0x02, 0x00, 0x00, 0x00, 0x00, 0x00, 0x00, 0x00, 0x00, 0x00, 0x02, 0x00, 0x00,
    0x0E, 0xF9, 0xE8, 0x18, 0x14, 0xE5, 0xF9, 0x0E, 0x00, 0x00, 0x02, 0x00, 0x00, 0x00, 0x00, 0x00,
    0x00, 0x00, 0x02, 0x02, 0x94, 0xD7, 0x99, 0x45, 0x9D, 0xFF, 0xD5, 0x00, 0x00, 0xD3, 0xFF, 0x9E,
    0x46, 0x99, 0xD7, 0x94, 0x02, 0x02, 0x00, 0x00, 0x00, 0x03, 0x00, 0x65, 0xFF, 0xFF, 0xFF, 0xFF,
    0xFF, 0xF8, 0x88, 0x06, 0x06, 0x88, 0xF8, 0xFF, 0xFF, 0xFF, 0xFF, 0xFF, 0x65, 0x00, 0x03, 0x00,
    0x01, 0x01, 0x13, 0xE6, 0xFE, 0x73, 0x7E, 0xE4, 0xB8, 0x2B, 0x00, 0x00, 0x00, 0x00, 0x2B, 0xBA,
    0xE7, 0x7F, 0x73, 0xFE, 0xE6, 0x13, 0x01, 0x01, 0x05, 0x00, 0x74, 0xFF, 0xC4, 0x00, 0x00, 0x10,
    0x04, 0x00, 0x2F, 0x73, 0x76, 0x36, 0x00, 0x06, 0x13, 0x00, 0x00, 0xC4, 0xFF, 0x74, 0x00, 0x05,
    0x04, 0x00, 0x60, 0xFF, 0xEF, 0x78, 0x07, 0x00, 0x00, 0x67, 0xFA, 0xFF, 0xFF, 0xFF, 0x7A, 0x00,
    0x00, 0x06, 0x75, 0xEF, 0xFF, 0x60, 0x00, 0x04, 0x00, 0x02, 0x02, 0x8A, 0xFF, 0xFF, 0x8A, 0x01,
    0x2A, 0xFD, 0xFF, 0xFA, 0xFA, 0xFE, 0xFF, 0x3C, 0x01, 0x88, 0xFF, 0xFF, 0x8A, 0x02, 0x02, 0x00,
    0x00, 0x00, 0x03, 0x00, 0x88, 0xFC, 0x8B, 0x00, 0x6F, 0xFF, 0xFA, 0xFF, 0xFF, 0xFA, 0xFE, 0x89,
    0x00, 0x8C, 0xFC, 0x88, 0x00, 0x03, 0x00, 0x00, 0x00, 0x00, 0x03, 0x00, 0x88, 0xFC, 0x8C, 0x00,
    0x6F, 0xFF, 0xFA, 0xFF, 0xFF, 0xFA, 0xFE, 0x89, 0x00, 0x8C, 0xFC, 0x85, 0x00, 0x03, 0x00, 0x00,
    0x00, 0x02, 0x02, 0x8A, 0xFF, 0xFF, 0x88, 0x01, 0x2A, 0xFD, 0xFF, 0xFA, 0xFA, 0xFE, 0xFF, 0x3C,
    0x01, 0x88, 0xFF, 0xFE, 0x85, 0x01, 0x02, 0x00, 0x04, 0x00, 0x60, 0xFF, 0xEF, 0x75, 0x06, 0x00,
    0x00, 0x67, 0xFA, 0xFF, 0xFF, 0xFF, 0x7A, 0x00, 0x00, 0x06, 0x75, 0xEF, 0xFF, 0x5A, 0x00, 0x04,
    0x05, 0x00, 0x74, 0xFF, 0xC4, 0x00, 0x00, 0x13, 0x06, 0x00, 0x2F, 0x73, 0x76, 0x36, 0x00, 0x04,
    0x10, 0x00, 0x00, 0xC4, 0xFF, 0x6D, 0x00, 0x04, 0x01, 0x01, 0x13, 0xE6, 0xFE, 0x73, 0x7F, 0xE7,
    0xB9, 0x2B, 0x00, 0x00, 0x00, 0x00, 0x2B, 0xB8, 0xE4, 0x7E, 0x73, 0xFE, 0xE1, 0x10, 0x01, 0x01,
    0x00, 0x03, 0x00, 0x65, 0xFF, 0xFF, 0xFF, 0xFF, 0xFF, 0xF8, 0x88, 0x06, 0x06, 0x88, 0xF8, 0xFF,
    0xFF, 0xFF, 0xFF, 0xFF, 0x5A, 0x00, 0x03, 0x00, 0x00, 0x00, 0x02, 0x02, 0x94, 0xD8, 0x99, 0x46,
    0x9F, 0xFF, 0xD3, 0x00, 0x00, 0xD5, 0xFF, 0x9D, 0x46, 0x9D, 0xD8, 0x8B, 0x00, 0x02, 0x00, 0x00,
    0x00, 0x00, 0x00, 0x00, 0x00, 0x03, 0x00, 0x00, 0x0E, 0xF9, 0xE5, 0x14, 0x18, 0xE8, 0xF9, 0x0E,
    0x00, 0x00, 0x03, 0x00, 0x00, 0x00, 0x00, 0x00, 0x00, 0x00, 0x00, 0x00, 0x02, 0x00, 0x04, 0x04,
    0x08, 0xE4, 0xFF, 0xF1, 0xF2, 0xFF, 0xE3, 0x08, 0x04, 0x03, 0x00, 0x03, 0x00, 0x00, 0x00, 0x00,
    0x00, 0x00, 0x00, 0x00, 0x00, 0x01, 0x00, 0x03, 0x00, 0x5C, 0xE2, 0xF0, 0xEF, 0xE2, 0x5C, 0x00,
    0x02, 0x00, 0x01, 0x00, 0x00, 0x00, 0x00, 0x00, 0x00, 0x00, 0x00, 0x00, 0x00, 0x00, 0x00, 0x00,
    0x00, 0x00, 0x09, 0x10, 0x10, 0x09, 0x00, 0x00, 0x00, 0x00, 0x00, 0x00, 0x00, 0x00, 0x00, 0x00,
    0x00, 0x00, 0x00, 0x00, 0x00, 0x00, 0x00, 0x00, 0x00, 0x02, 0x00, 0x00, 0x00, 0x00, 0x02, 0x00,
    0x00, 0x00, 0x00, 0x00, 0x00, 0x00, 0x00, 0x00, 0x00, 0x00, 0x00, 0x00, 0x00, 0x00, 0x00, 0x00,
    0x00, 0x00, 0x01, 0x01, 0x01, 0x01, 0x00, 0x00, 0x00, 0x00, 0x00, 0x00, 0x00, 0x00, 0x00, 0x00,
};
const lv_image_dsc_t ui_feed_icon_settings_24 = {
    .header = {.magic = LV_IMAGE_HEADER_MAGIC, .cf = LV_COLOR_FORMAT_A8,
               .w = 24, .h = 24, .stride = 24},
    .data_size = sizeof(s_settings_24),
    .data = s_settings_24,
};

static const uint8_t s_settings_32[] = {
    0x00, 0x00, 0x00, 0x00, 0x00, 0x00, 0x00, 0x00, 0x00, 0x00, 0x00, 0x00, 0x00, 0x00, 0x00, 0x00,
    0x00, 0x00, 0x00, 0x00, 0x00, 0x00, 0x00, 0x00, 0x00, 0x00, 0x00, 0x00, 0x00, 0x00, 0x00, 0x00,
    0x00, 0x00, 0x00, 0x00, 0x00, 0x00, 0x00, 0x00, 0x00, 0x00, 0x01, 0x01, 0x06, 0x7A, 0xAE, 0xAE,
    0xAE, 0xAE, 0x7A, 0x06, 0x01, 0x01, 0x00, 0x00, 0x00, 0x00, 0x00, 0x00, 0x00, 0x00, 0x00, 0x00,
    0x00, 0x00, 0x00, 0x00, 0x00, 0x00, 0x00, 0x00, 0x00, 0x00, 0x03, 0x00, 0x91, 0xFF, 0xFF, 0xFF,
    0xFF, 0xFF, 0xFF, 0x91, 0x00, 0x03, 0x00, 0x00, 0x00, 0x00, 0x00, 0x00, 0x00, 0x00, 0x00, 0x00,
    0x00, 0x00, 0x00, 0x00, 0x00, 0x01, 0x04, 0x04, 0x03, 0x01, 0x00, 0x08, 0xE4, 0xFC, 0xF3, 0xE3,
    0xE3, 0xF2, 0xFC, 0xE4, 0x08, 0x00, 0x01, 0x03, 0x04, 0x04, 0x01, 0x00, 0x00, 0x00, 0x00, 0x00,
    0x00, 0x00, 0x00, 0x00, 0x00, 0x00, 0x00, 0x00, 0x00, 0x02, 0x01, 0x11, 0xF1, 0xFF, 0xA4, 0x0C,
    0x0B, 0x9D, 0xFF, 0xF1, 0x11, 0x01, 0x02, 0x00, 0x00, 0x00, 0x00, 0x00, 0x00, 0x00, 0x00, 0x00,
    0x00, 0x00, 0x00, 0x01, 0x01, 0x08, 0x73, 0x92, 0x47, 0x00, 0x00, 0x66, 0xFD, 0xFC, 0x7C, 0x00,
    0x00, 0x77, 0xFC, 0xFD, 0x67, 0x00, 0x00, 0x47, 0x92, 0x73, 0x08, 0x01, 0x01, 0x00, 0x00, 0x00,
    0x00, 0x00, 0x00, 0x03, 0x00, 0xB0, 0xFF, 0xFF, 0xFF, 0xC8, 0xB9, 0xFF, 0xFB, 0xFF, 0x61, 0x01,
    0x01, 0x5F, 0xFF, 0xFB, 0xFF, 0xB9, 0xC8, 0xFF, 0xFF, 0xFF, 0xB0, 0x00, 0x03, 0x00, 0x00, 0x00,
    0x00, 0x00, 0x03, 0x00, 0x52, 0xFF, 0xF9, 0xFF, 0xFF, 0xFF, 0xFF, 0xFF, 0xFE, 0xB7, 0x25, 0x02,
    0x02, 0x25, 0xB7, 0xFE, 0xFF, 0xFF, 0xFF, 0xFF, 0xFF, 0xF9, 0xFF, 0x51, 0x00, 0x03, 0x00, 0x00,
    0x00, 0x01, 0x01, 0x09, 0xDB, 0xFE, 0xFF, 0x63, 0x96, 0xEC, 0xFF, 0xC8, 0x38, 0x00, 0x00, 0x00,
    0x00, 0x00, 0x00, 0x38, 0xC9, 0xFF, 0xEF, 0x98, 0x63, 0xFF, 0xFE, 0xDB, 0x09, 0x01, 0x01, 0x00,
    0x00, 0x04, 0x00, 0x72, 0xFF, 0xFF, 0x96, 0x00, 0x00, 0x19, 0x5E, 0x0A, 0x00, 0x00, 0x00, 0x12,
    0x14, 0x00, 0x00, 0x00, 0x0B, 0x66, 0x1D, 0x00, 0x00, 0x96, 0xFF, 0xFF, 0x72, 0x00, 0x04, 0x00,
    0x00, 0x03, 0x00, 0xB4, 0xFB, 0xFE, 0x61, 0x00, 0x05, 0x00, 0x00, 0x01, 0x00, 0x4C, 0xC0, 0xEC,
    0xEE, 0xC9, 0x5B, 0x00, 0x00, 0x00, 0x00, 0x05, 0x00, 0x60, 0xFE, 0xFB, 0xB3, 0x00, 0x03, 0x00,
    0x00, 0x04, 0x00, 0x69, 0xFF, 0xFA, 0xFE, 0x87, 0x05, 0x03, 0x07, 0x00, 0x66, 0xFF, 0xFF, 0xFF,
    0xFF, 0xFF, 0xFF, 0x80, 0x00, 0x06, 0x03, 0x02, 0x83, 0xFD, 0xFA, 0xFF, 0x69, 0x00, 0x04, 0x00,
    0x00, 0x00, 0x02, 0x02, 0x8D, 0xFF, 0xFD, 0xFF, 0xB2, 0x03, 0x01, 0x24, 0xFA, 0xFD, 0xFB, 0xFE,
    0xFE, 0xFC, 0xFB, 0xFF, 0x3B, 0x00, 0x04, 0xAD, 0xFF, 0xFD, 0xFF, 0x8D, 0x02, 0x02, 0x00, 0x00,
    0x00, 0x00, 0x00, 0x01, 0x00, 0x5D, 0xF7, 0xFC, 0xC6, 0x01, 0x00, 0x78, 0xFF, 0xFB, 0xFF, 0xFF,
    0xFF, 0xFF, 0xFB, 0xFE, 0x9A, 0x00, 0x01, 0xC8, 0xFC, 0xF7, 0x5D, 0x00, 0x01, 0x00, 0x00, 0x00,
    0x00, 0x00, 0x00, 0x01, 0x05, 0x00, 0xE7, 0xFF, 0xA4, 0x00, 0x00, 0x98, 0xFE, 0xFB, 0xFF, 0xFF,
    0xFF, 0xFF, 0xFC, 0xFF, 0xB8, 0x00, 0x00, 0xA5, 0xFF, 0xE7, 0x00, 0x05, 0x01, 0x00, 0x00, 0x00,
    0x00, 0x00, 0x00, 0x03, 0x00, 0x31, 0xF2, 0xFC, 0xB8, 0x00, 0x00, 0x86, 0xFE, 0xFB, 0xFF, 0xFF,
    0xFF, 0xFF, 0xFB, 0xFD, 0xA8, 0x00, 0x00, 0xB8, 0xFC, 0xF1, 0x2D, 0x00, 0x03, 0x00, 0x00, 0x00,
    0x00, 0x00, 0x02, 0x00, 0x55, 0xED, 0xFB, 0xFF, 0xCD, 0x04, 0x00, 0x3A, 0xFF, 0xFA, 0xFE, 0xFF,
    0xFF, 0xFE, 0xF9, 0xFF, 0x57, 0x00, 0x04, 0xCD, 0xFF, 0xFB, 0xEA, 0x50, 0x00, 0x02, 0x00, 0x00,
    0x00, 0x03, 0x00, 0x49, 0xFF, 0xFF, 0xFF, 0xBA, 0x20, 0x02, 0x05, 0x00, 0x97, 0xFF, 0xFF, 0xFD,
    0xFD, 0xFF, 0xFF, 0xB2, 0x03, 0x04, 0x02, 0x20, 0xBA, 0xFF, 0xFF, 0xFF, 0x41, 0x00, 0x03, 0x00,
    0x00, 0x04, 0x00, 0xAE, 0xFD, 0xFC, 0x87, 0x02, 0x00, 0x01, 0x00, 0x03, 0x02, 0x85, 0xEE, 0xFF,
    0xFF, 0xF4, 0x96, 0x09, 0x03, 0x00, 0x02, 0x00, 0x02, 0x87, 0xFC, 0xFE, 0xA5, 0x00, 0x04, 0x00,
    0x00, 0x04, 0x00, 0x8E, 0xFF, 0xFF, 0x6E, 0x00, 0x00, 0x00, 0x2D, 0x00, 0x00, 0x00, 0x18, 0x43,
    0x46, 0x1E, 0x00, 0x00, 0x00, 0x27, 0x00, 0x00, 0x00, 0x6E, 0xFF, 0xFF, 0x85, 0x00, 0x04, 0x00,
    0x00, 0x02, 0x00, 0x1B, 0xF0, 0xFE, 0xF5, 0x2E, 0x5C, 0xC4, 0xFD, 0x96, 0x0E, 0x00, 0x00, 0x00,
    0x00, 0x00, 0x00, 0x0E, 0x94, 0xF9, 0xC0, 0x5A, 0x2E, 0xF5, 0xFE, 0xEA, 0x16, 0x01, 0x01, 0x00,
    0x00, 0x00, 0x04, 0x00, 0x76, 0xFF, 0xFB, 0xF7, 0xFF, 0xFF, 0xFF, 0xFF, 0xDD, 0x7B, 0x15, 0x04,
    0x04, 0x15, 0x7B, 0xDD, 0xFF, 0xFF, 0xFF, 0xFF, 0xF7, 0xFB, 0xFF, 0x68, 0x00, 0x03, 0x00, 0x00,
    0x00, 0x00, 0x01, 0x02, 0x08, 0xD8, 0xFF, 0xFF, 0xFF, 0xF1, 0xE9, 0xFF, 0xFF, 0xFF, 0x55, 0x00,
    0x00, 0x57, 0xFF, 0xFF, 0xFF, 0xE8, 0xF2, 0xFF, 0xFF, 0xFF, 0xCA, 0x03, 0x03, 0x01, 0x00, 0x00,
    0x00, 0x00, 0x00, 0x02, 0x00, 0x25, 0xB0, 0xCB, 0x83, 0x21, 0x15, 0x9A, 0xFC, 0xFB, 0x72, 0x03,
    0x03, 0x76, 0xFB, 0xFC, 0x98, 0x14, 0x24, 0x88, 0xCB, 0xA9, 0x1D, 0x00, 0x02, 0x00, 0x00, 0x00,
    0x00, 0x00, 0x00, 0x00, 0x01, 0x00, 0x00, 0x00, 0x00, 0x00, 0x00, 0x15, 0xF6, 0xFF, 0x8D, 0x00,
    0x00, 0x94, 0xFF, 0xF6, 0x14, 0x00, 0x00, 0x00, 0x00, 0x00, 0x00, 0x01, 0x00, 0x00, 0x00, 0x00,
    0x00, 0x00, 0x00, 0x00, 0x00, 0x02, 0x02, 0x00, 0x04, 0x03, 0x01, 0x0D, 0xE7, 0xFC, 0xE2, 0xB2,
    0xB2, 0xE4, 0xFC, 0xE8, 0x0D, 0x01, 0x03, 0x04, 0x00, 0x03, 0x02, 0x00, 0x00, 0x00, 0x00, 0x00,
    0x00, 0x00, 0x00, 0x00, 0x00, 0x00, 0x00, 0x00, 0x00, 0x00, 0x02, 0x00, 0xB3, 0xFF, 0xFF, 0xFF,
    0xFF, 0xFF, 0xFF, 0xB3, 0x00, 0x02, 0x00, 0x00, 0x00, 0x00, 0x00, 0x00, 0x00, 0x00, 0x00, 0x00,
    0x00, 0x00, 0x00, 0x00, 0x00, 0x00, 0x00, 0x00, 0x00, 0x00, 0x02, 0x01, 0x1D, 0xB7, 0xE3, 0xE2,
    0xE2, 0xE3, 0xB7, 0x1D, 0x01, 0x02, 0x00, 0x00, 0x00, 0x00, 0x00, 0x00, 0x00, 0x00, 0x00, 0x00,
    0x00, 0x00, 0x00, 0x00, 0x00, 0x00, 0x00, 0x00, 0x00, 0x00, 0x00, 0x00, 0x00, 0x00, 0x0B, 0x0C,
    0x0C, 0x0B, 0x00, 0x00, 0x00, 0x00, 0x00, 0x00, 0x00, 0x00, 0x00, 0x00, 0x00, 0x00, 0x00, 0x00,
    0x00, 0x00, 0x00, 0x00, 0x00, 0x00, 0x00, 0x00, 0x00, 0x00, 0x00, 0x00, 0x01, 0x02, 0x00, 0x00,
    0x00, 0x00, 0x02, 0x01, 0x00, 0x00, 0x00, 0x00, 0x00, 0x00, 0x00, 0x00, 0x00, 0x00, 0x00, 0x00,
    0x00, 0x00, 0x00, 0x00, 0x00, 0x00, 0x00, 0x00, 0x00, 0x00, 0x00, 0x00, 0x00, 0x00, 0x01, 0x01,
    0x01, 0x01, 0x00, 0x00, 0x00, 0x00, 0x00, 0x00, 0x00, 0x00, 0x00, 0x00, 0x00, 0x00, 0x00, 0x00,
    0x00, 0x00, 0x00, 0x00, 0x00, 0x00, 0x00, 0x00, 0x00, 0x00, 0x00, 0x00, 0x00, 0x00, 0x00, 0x00,
    0x00, 0x00, 0x00, 0x00, 0x00, 0x00, 0x00, 0x00, 0x00, 0x00, 0x00, 0x00, 0x00, 0x00, 0x00, 0x00,
};
const lv_image_dsc_t ui_feed_icon_settings_32 = {
    .header = {.magic = LV_IMAGE_HEADER_MAGIC, .cf = LV_COLOR_FORMAT_A8,
               .w = 32, .h = 32, .stride = 32},
    .data_size = sizeof(s_settings_32),
    .data = s_settings_32,
};

static const uint8_t s_settings_44[] = {
    0x00, 0x00, 0x00, 0x00, 0x00, 0x00, 0x00, 0x00, 0x00, 0x00, 0x00, 0x00, 0x00, 0x00, 0x00, 0x00,
    0x00, 0x02, 0x00, 0x00, 0x00, 0x00, 0x00, 0x00, 0x00, 0x00, 0x02, 0x00, 0x00, 0x00, 0x00, 0x00,
    0x00, 0x00, 0x00, 0x00, 0x00, 0x00, 0x00, 0x00, 0x00, 0x00, 0x00, 0x00, 0x00, 0x00, 0x00, 0x00,
    0x00, 0x00, 0x00, 0x00, 0x00, 0x00, 0x00, 0x00, 0x00, 0x00, 0x00, 0x00, 0x01, 0x00, 0x07, 0x32,
    0x39, 0x38, 0x38, 0x39, 0x32, 0x07, 0x00, 0x01, 0x00, 0x00, 0x00, 0x00, 0x00, 0x00, 0x00, 0x00,
    0x00, 0x00, 0x00, 0x00, 0x00, 0x00, 0x00, 0x00, 0x00, 0x00, 0x00, 0x00, 0x00, 0x00, 0x00, 0x00,
    0x00, 0x00, 0x00, 0x00, 0x00, 0x00, 0x00, 0x02, 0x00, 0x39, 0xD8, 0xFF, 0xFF, 0xFF, 0xFF, 0xFF,
    0xFF, 0xD8, 0x39, 0x00, 0x02, 0x00, 0x00, 0x00, 0x00, 0x00, 0x00, 0x00, 0x00, 0x00, 0x00, 0x00,
    0x00, 0x00, 0x00, 0x00, 0x00, 0x00, 0x00, 0x00, 0x00, 0x00, 0x00, 0x00, 0x00, 0x00, 0x00, 0x00,
    0x00, 0x00, 0x01, 0x01, 0x12, 0xE8, 0xFF, 0xFD, 0xFA, 0xFA, 0xFA, 0xFA, 0xFD, 0xFF, 0xE8, 0x12,
    0x01, 0x01, 0x00, 0x00, 0x00, 0x00, 0x00, 0x00, 0x00, 0x00, 0x00, 0x00, 0x00, 0x00, 0x00, 0x00,
    0x00, 0x00, 0x00, 0x00, 0x00, 0x00, 0x00, 0x00, 0x00, 0x00, 0x00, 0x00, 0x00, 0x00, 0x04, 0x00,
    0x56, 0xFF, 0xFA, 0xFF, 0xFF, 0xFF, 0xFF, 0xFF, 0xFF, 0xFA, 0xFF, 0x56, 0x00, 0x04, 0x00, 0x00,
    0x00, 0x00, 0x00, 0x00, 0x00, 0x00, 0x00, 0x00, 0x00, 0x00, 0x00, 0x00, 0x00, 0x00, 0x00, 0x00,
    0x00, 0x00, 0x00, 0x00, 0x02, 0x04, 0x04, 0x02, 0x00, 0x00, 0x04, 0x01, 0x7C, 0xFE, 0xFA, 0xFF,
    0x91, 0x75, 0x75, 0x8C, 0xFF, 0xFB, 0xFE, 0x7C, 0x01, 0x04, 0x00, 0x00, 0x02, 0x04, 0x04, 0x02,
    0x00, 0x00, 0x00, 0x00, 0x00, 0x00, 0x00, 0x00, 0x00, 0x00, 0x00, 0x00, 0x00, 0x00, 0x00, 0x02,
    0x00, 0x00, 0x00, 0x00, 0x01, 0x03, 0x07, 0x00, 0x9A, 0xFF, 0xFD, 0xF8, 0x11, 0x00, 0x00, 0x09,
    0xF3, 0xFE, 0xFF, 0x9A, 0x00, 0x07, 0x03, 0x01, 0x00, 0x00, 0x00, 0x00, 0x02, 0x00, 0x00, 0x00,
    0x00, 0x00, 0x00, 0x00, 0x00, 0x00, 0x00, 0x00, 0x00, 0x00, 0x02, 0x00, 0x34, 0x86, 0x82, 0x35,
    0x00, 0x00, 0x00, 0x14, 0xCE, 0xFE, 0xFF, 0xE4, 0x0C, 0x04, 0x04, 0x09, 0xDF, 0xFF, 0xFE, 0xCE,
    0x16, 0x00, 0x00, 0x00, 0x35, 0x82, 0x85, 0x34, 0x00, 0x02, 0x00, 0x00, 0x00, 0x00, 0x00, 0x00,
    0x00, 0x00, 0x00, 0x00, 0x00, 0x03, 0x00, 0x64, 0xFE, 0xFF, 0xFF, 0xFF, 0xBE, 0x54, 0x64, 0xE7,
    0xFF, 0xFB, 0xFB, 0xC8, 0x00, 0x01, 0x01, 0x00, 0xC5, 0xFB, 0xFB, 0xFF, 0xE9, 0x65, 0x54, 0xBE,
    0xFF, 0xFF, 0xFF, 0xFE, 0x64, 0x00, 0x03, 0x00, 0x00, 0x00, 0x00, 0x00, 0x00, 0x00, 0x00, 0x00,
    0x02, 0x01, 0x21, 0xF9, 0xFF, 0xF9, 0xF7, 0xFC, 0xFF, 0xFF, 0xFF, 0xFF, 0xFB, 0xFD, 0xFF, 0xB5,
    0x00, 0x04, 0x04, 0x00, 0xB3, 0xFF, 0xFD, 0xFB, 0xFF, 0xFF, 0xFF, 0xFF, 0xFC, 0xF7, 0xF9, 0xFF,
    0xF9, 0x21, 0x01, 0x02, 0x00, 0x00, 0x00, 0x00, 0x00, 0x00, 0x00, 0x00, 0x03, 0x00, 0xAA, 0xFF,
    0xFB, 0xFF, 0xFF, 0xFF, 0xFC, 0xF9, 0xFB, 0xFB, 0xFF, 0xF5, 0xA8, 0x3D, 0x01, 0x02, 0x02, 0x01,
    0x3D, 0xA8, 0xF5, 0xFF, 0xFB, 0xFB, 0xF9, 0xFB, 0xFF, 0xFF, 0xFF, 0xFB, 0xFF, 0xAA, 0x00, 0x03,
    0x00, 0x00, 0x00, 0x00, 0x00, 0x00, 0x00, 0x03, 0x00, 0x3E, 0xFF, 0xFB, 0xFE, 0xEB, 0x6C, 0xC1,
    0xFF, 0xFF, 0xFF, 0xFF, 0xA8, 0x27, 0x00, 0x00, 0x02, 0x03, 0x03, 0x02, 0x00, 0x00, 0x27, 0xA9,
    0xFF, 0xFF, 0xFF, 0xFF, 0xC4, 0x6D, 0xEA, 0xFE, 0xFB, 0xFF, 0x3E, 0x00, 0x03, 0x00, 0x00, 0x00,
    0x00, 0x00, 0x00, 0x02, 0x04, 0xCB, 0xFF, 0xF9, 0xFF, 0x73, 0x00, 0x00, 0x39, 0x9A, 0xE4, 0x6D,
    0x00, 0x00, 0x06, 0x03, 0x00, 0x00, 0x00, 0x00, 0x02, 0x06, 0x00, 0x00, 0x71, 0xEA, 0xA1, 0x3E,
    0x00, 0x00, 0x74, 0xFF, 0xF9, 0xFF, 0xCB, 0x04, 0x02, 0x00, 0x00, 0x00, 0x00, 0x00, 0x03, 0x00,
    0x4D, 0xFF, 0xFA, 0xFF, 0xC9, 0x05, 0x07, 0x02, 0x00, 0x00, 0x0C, 0x00, 0x02, 0x05, 0x00, 0x00,
    0x23, 0x44, 0x47, 0x2A, 0x00, 0x00, 0x04, 0x02, 0x00, 0x12, 0x00, 0x00, 0x02, 0x07, 0x05, 0xC9,
    0xFF, 0xFA, 0xFF, 0x4D, 0x00, 0x03, 0x00, 0x00, 0x00, 0x00, 0x04, 0x00, 0x75, 0xFC, 0xF8, 0xFE,
    0xA9, 0x04, 0x00, 0x04, 0x02, 0x03, 0x00, 0x02, 0x03, 0x00, 0x3E, 0xBE, 0xF8, 0xFF, 0xFF, 0xFD,
    0xCB, 0x53, 0x00, 0x03, 0x02, 0x00, 0x03, 0x03, 0x04, 0x00, 0x03, 0xA9, 0xFF, 0xF8, 0xFC, 0x75,
    0x00, 0x04, 0x00, 0x00, 0x00, 0x00, 0x03, 0x00, 0x3E, 0xFF, 0xFB, 0xFD, 0xFF, 0xC6, 0x27, 0x00,
    0x01, 0x00, 0x01, 0x02, 0x00, 0x61, 0xFE, 0xFF, 0xFF, 0xFD, 0xFD, 0xFF, 0xFF, 0xFF, 0x82, 0x00,
    0x03, 0x01, 0x00, 0x01, 0x00, 0x23, 0xC4, 0xFF, 0xFD, 0xFB, 0xFF, 0x3E, 0x00, 0x03, 0x00, 0x00,
    0x00, 0x00, 0x00, 0x02, 0x00, 0xA3, 0xFF, 0xFC, 0xFC, 0xFF, 0xEF, 0x59, 0x03, 0x02, 0x03, 0x00,
    0x3B, 0xFF, 0xFE, 0xFB, 0xFE, 0xFF, 0xFF, 0xFF, 0xFC, 0xFB, 0xFF, 0x60, 0x00, 0x03, 0x02, 0x02,
    0x52, 0xEB, 0xFF, 0xFC, 0xFC, 0xFF, 0xA3, 0x00, 0x02, 0x00, 0x00, 0x00, 0x00, 0x00, 0x00, 0x01,
    0x02, 0x02, 0x87, 0xFF, 0xFF, 0xFB, 0xFF, 0xFF, 0x35, 0x00, 0x04, 0x01, 0xC5, 0xFF, 0xFB, 0xFF,
    0xFF, 0xFF, 0xFF, 0xFF, 0xFF, 0xFD, 0xFD, 0xE9, 0x0E, 0x01, 0x00, 0x34, 0xFF, 0xFF, 0xFB, 0xFF,
    0xFF, 0x87, 0x02, 0x02, 0x01, 0x00, 0x00, 0x00, 0x00, 0x00, 0x00, 0x00, 0x00, 0x01, 0x00, 0x50,
    0xEB, 0xFD, 0xFE, 0xF2, 0x1A, 0x00, 0x00, 0x27, 0xFD, 0xFE, 0xFF, 0xFF, 0xFF, 0xFF, 0xFF, 0xFF,
    0xFF, 0xFF, 0xFC, 0xFF, 0x4F, 0x00, 0x00, 0x1B, 0xF3, 0xFE, 0xFD, 0xEB, 0x50, 0x00, 0x01, 0x00,
    0x00, 0x00, 0x00, 0x00, 0x00, 0x00, 0x00, 0x00, 0x00, 0x01, 0x05, 0x00, 0xBA, 0xFF, 0xFF, 0xE2,
    0x08, 0x01, 0x00, 0x4D, 0xFF, 0xFC, 0xFF, 0xFF, 0xFF, 0xFF, 0xFF, 0xFF, 0xFF, 0xFF, 0xFB, 0xFE,
    0x7A, 0x00, 0x02, 0x08, 0xE2, 0xFF, 0xFF, 0xBA, 0x00, 0x05, 0x01, 0x00, 0x00, 0x00, 0x00, 0x00,
    0x00, 0x00, 0x00, 0x00, 0x00, 0x00, 0x05, 0x00, 0xB8, 0xFF, 0xFF, 0xE0, 0x07, 0x01, 0x00, 0x51,
    0xFE, 0xFC, 0xFF, 0xFF, 0xFF, 0xFF, 0xFF, 0xFF, 0xFF, 0xFF, 0xFB, 0xFE, 0x7E, 0x00, 0x02, 0x07,
    0xE1, 0xFF, 0xFF, 0xB7, 0x00, 0x05, 0x00, 0x00, 0x00, 0x00, 0x00, 0x00, 0x00, 0x00, 0x00, 0x00,
    0x00, 0x03, 0x00, 0x21, 0xDB, 0xFE, 0xFF, 0xEC, 0x12, 0x00, 0x00, 0x33, 0xFF, 0xFE, 0xFF, 0xFF,
    0xFF, 0xFF, 0xFF, 0xFF, 0xFF, 0xFF, 0xFB, 0xFF, 0x5E, 0x00, 0x00, 0x12, 0xEC, 0xFF, 0xFE, 0xD5,
    0x1B, 0x00, 0x03, 0x00, 0x00, 0x00, 0x00, 0x00, 0x00, 0x00, 0x00, 0x00, 0x02, 0x00, 0x4F, 0xE9,
    0xFF, 0xFC, 0xFD, 0xFF, 0x37, 0x00, 0x02, 0x06, 0xDC, 0xFD, 0xFD, 0xFF, 0xFF, 0xFF, 0xFF, 0xFF,
    0xFF, 0xFE, 0xFC, 0xF8, 0x1C, 0x01, 0x00, 0x36, 0xFF, 0xFD, 0xFC, 0xFF, 0xE4, 0x48, 0x00, 0x03,
    0x00, 0x00, 0x00, 0x00, 0x00, 0x00, 0x00, 0x02, 0x00, 0x71, 0xFF, 0xFF, 0xFB, 0xFF, 0xFF, 0x8A,
    0x0D, 0x02, 0x04, 0x00, 0x5F, 0xFF, 0xFA, 0xFE, 0xFF, 0xFF, 0xFF, 0xFF, 0xFE, 0xF9, 0xFF, 0x8A,
    0x00, 0x04, 0x02, 0x0D, 0x8A, 0xFF, 0xFF, 0xFB, 0xFF, 0xFF, 0x67, 0x00, 0x03, 0x00, 0x00, 0x00,
    0x00, 0x00, 0x02, 0x00, 0x2A, 0xFF, 0xFE, 0xFC, 0xFF, 0xEC, 0x53, 0x00, 0x00, 0x00, 0x00, 0x02,
    0x00, 0x95, 0xFF, 0xFF, 0xFC, 0xFB, 0xFB, 0xFB, 0xFF, 0xFF, 0xB6, 0x06, 0x03, 0x01, 0x00, 0x00,
    0x00, 0x53, 0xEC, 0xFF, 0xFB, 0xFF, 0xFC, 0x21, 0x00, 0x02, 0x00, 0x00, 0x00, 0x00, 0x04, 0x00,
    0x6F, 0xFE, 0xF8, 0xFE, 0xC4, 0x25, 0x00, 0x04, 0x02, 0x04, 0x02, 0x03, 0x02, 0x00, 0x75, 0xEC,
    0xFF, 0xFF, 0xFF, 0xFF, 0xF5, 0x8D, 0x05, 0x00, 0x03, 0x02, 0x03, 0x01, 0x04, 0x00, 0x25, 0xC4,
    0xFE, 0xF9, 0xFE, 0x63, 0x00, 0x04, 0x00, 0x00, 0x00, 0x00, 0x04, 0x00, 0x60, 0xFF, 0xF8, 0xFF,
    0xAE, 0x00, 0x08, 0x04, 0x00, 0x00, 0x00, 0x00, 0x03, 0x02, 0x00, 0x17, 0x59, 0x81, 0x84, 0x62,
    0x21, 0x00, 0x00, 0x04, 0x00, 0x00, 0x00, 0x00, 0x04, 0x08, 0x00, 0xAE, 0xFF, 0xF9, 0xFF, 0x54,
    0x00, 0x04, 0x00, 0x00, 0x00, 0x00, 0x01, 0x01, 0x10, 0xE5, 0xFE, 0xFB, 0xFF, 0x50, 0x00, 0x00,
    0x11, 0x65, 0xBA, 0x3E, 0x00, 0x01, 0x07, 0x00, 0x00, 0x00, 0x00, 0x00, 0x00, 0x07, 0x01, 0x00,
    0x3A, 0xB1, 0x5D, 0x0D, 0x00, 0x00, 0x50, 0xFF, 0xFA, 0xFE, 0xDD, 0x0C, 0x01, 0x01, 0x00, 0x00,
    0x00, 0x00, 0x00, 0x04, 0x00, 0x60, 0xFF, 0xFA, 0xFE, 0xD6, 0x34, 0x8A, 0xE5, 0xFF, 0xFF, 0xF7,
    0x6E, 0x03, 0x00, 0x00, 0x04, 0x04, 0x04, 0x04, 0x00, 0x00, 0x03, 0x6E, 0xF5, 0xFF, 0xFF, 0xE2,
    0x87, 0x33, 0xD6, 0xFE, 0xF9, 0xFF, 0x52, 0x00, 0x03, 0x00, 0x00, 0x00, 0x00, 0x00, 0x00, 0x00,
    0x03, 0x02, 0xCB, 0xFF, 0xFC, 0xFF, 0xFF, 0xFF, 0xFF, 0xF8, 0xF8, 0xFF, 0xFF, 0xCE, 0x6A, 0x1A,
    0x01, 0x01, 0x01, 0x01, 0x1A, 0x6A, 0xCE, 0xFF, 0xFF, 0xF8, 0xF8, 0xFF, 0xFF, 0xFF, 0xFF, 0xFC,
    0xFF, 0xBB, 0x00, 0x03, 0x00, 0x00, 0x00, 0x00, 0x00, 0x00, 0x00, 0x00, 0x03, 0x00, 0x3D, 0xFF,
    0xFA, 0xFB, 0xFC, 0xF8, 0xFF, 0xFF, 0xFF, 0xFD, 0xFB, 0xFF, 0xFF, 0xA3, 0x00, 0x04, 0x04, 0x00,
    0xA4, 0xFF, 0xFF, 0xFB, 0xFD, 0xFF, 0xFF, 0xFF, 0xF8, 0xFC, 0xFB, 0xFB, 0xFD, 0x2C, 0x01, 0x03,
    0x00, 0x00, 0x00, 0x00, 0x00, 0x00, 0x00, 0x00, 0x00, 0x03, 0x00, 0x95, 0xFF, 0xFF, 0xFF, 0xFF,
    0xEC, 0x90, 0xA0, 0xFF, 0xFF, 0xF9, 0xFB, 0xC0, 0x00, 0x02, 0x02, 0x00, 0xC3, 0xFB, 0xF9, 0xFF,
    0xFF, 0x9F, 0x92, 0xEF, 0xFF, 0xFF, 0xFF, 0xFF, 0x7F, 0x00, 0x03, 0x00, 0x00, 0x00, 0x00, 0x00,
    0x00, 0x00, 0x00, 0x00, 0x00, 0x01, 0x02, 0x00, 0x6D, 0xC2, 0xBF, 0x6E, 0x17, 0x00, 0x00, 0x45,
    0xE1, 0xFD, 0xFF, 0xD9, 0x05, 0x03, 0x03, 0x07, 0xDE, 0xFF, 0xFD, 0xE0, 0x43, 0x00, 0x00, 0x1A,
    0x76, 0xC2, 0xBE, 0x61, 0x00, 0x02, 0x00, 0x00, 0x00, 0x00, 0x00, 0x00, 0x00, 0x00, 0x00, 0x00,
    0x00, 0x00, 0x00, 0x00, 0x00, 0x00, 0x00, 0x00, 0x00, 0x04, 0x06, 0x00, 0xA2, 0xFF, 0xFF, 0xEF,
    0x09, 0x00, 0x00, 0x0F, 0xF4, 0xFE, 0xFF, 0xA2, 0x00, 0x06, 0x03, 0x00, 0x00, 0x00, 0x00, 0x00,
    0x01, 0x00, 0x00, 0x00, 0x00, 0x00, 0x00, 0x00, 0x00, 0x00, 0x00, 0x00, 0x00, 0x00, 0x00, 0x00,
    0x04, 0x02, 0x02, 0x04, 0x01, 0x00, 0x04, 0x03, 0x84, 0xFE, 0xFB, 0xFD, 0x57, 0x39, 0x39, 0x5E,
    0xFF, 0xFA, 0xFE, 0x84, 0x03, 0x04, 0x00, 0x01, 0x04, 0x01, 0x02, 0x03, 0x00, 0x00, 0x00, 0x00,
    0x00, 0x00, 0x00, 0x00, 0x00, 0x00, 0x00, 0x00, 0x00, 0x00, 0x00, 0x00, 0x00, 0x00, 0x00, 0x00,
    0x00, 0x00, 0x04, 0x00, 0x62, 0xFF, 0xFB, 0xFF, 0xFF, 0xFF, 0xFF, 0xFF, 0xFF, 0xFB, 0xFF, 0x62,
    0x00, 0x04, 0x00, 0x00, 0x00, 0x00, 0x00, 0x00, 0x00, 0x00, 0x00, 0x00, 0x00, 0x00, 0x00, 0x00,
    0x00, 0x00, 0x00, 0x00, 0x00, 0x00, 0x00, 0x00, 0x00, 0x00, 0x00, 0x00, 0x00, 0x00, 0x02, 0x00,
    0x23, 0xFC, 0xFF, 0xFA, 0xFA, 0xFA, 0xFA, 0xFA, 0xFA, 0xFF, 0xFC, 0x22, 0x00, 0x02, 0x00, 0x00,
    0x00, 0x00, 0x00, 0x00, 0x00, 0x00, 0x00, 0x00, 0x00, 0x00, 0x00, 0x00, 0x00, 0x00, 0x00, 0x00,
    0x00, 0x00, 0x00, 0x00, 0x00, 0x00, 0x00, 0x00, 0x00, 0x00, 0x00, 0x03, 0x00, 0x68, 0xFC, 0xFF,
    0xFF, 0xFF, 0xFF, 0xFF, 0xFF, 0xFC, 0x67, 0x00, 0x03, 0x00, 0x00, 0x00, 0x00, 0x00, 0x00, 0x00,
    0x00, 0x00, 0x00, 0x00, 0x00, 0x00, 0x00, 0x00, 0x00, 0x00, 0x00, 0x00, 0x00, 0x00, 0x00, 0x00,
    0x00, 0x00, 0x00, 0x00, 0x00, 0x00, 0x00, 0x00, 0x02, 0x00, 0x2F, 0x6D, 0x75, 0x75, 0x75, 0x75,
    0x6D, 0x2F, 0x00, 0x02, 0x00, 0x00, 0x00, 0x00, 0x00, 0x00, 0x00, 0x00, 0x00, 0x00, 0x00, 0x00,
    0x00, 0x00, 0x00, 0x00, 0x00, 0x00, 0x00, 0x00, 0x00, 0x00, 0x00, 0x00, 0x00, 0x00, 0x00, 0x00,
    0x00, 0x00, 0x00, 0x00, 0x00, 0x02, 0x00, 0x00, 0x00, 0x00, 0x00, 0x00, 0x00, 0x00, 0x02, 0x00,
    0x00, 0x00, 0x00, 0x00, 0x00, 0x00, 0x00, 0x00, 0x00, 0x00, 0x00, 0x00, 0x00, 0x00, 0x00, 0x00,
    0x00, 0x00, 0x00, 0x00, 0x00, 0x00, 0x00, 0x00, 0x00, 0x00, 0x00, 0x00, 0x00, 0x00, 0x00, 0x00,
    0x00, 0x00, 0x02, 0x04, 0x04, 0x04, 0x04, 0x04, 0x04, 0x02, 0x00, 0x00, 0x00, 0x00, 0x00, 0x00,
    0x00, 0x00, 0x00, 0x00, 0x00, 0x00, 0x00, 0x00, 0x00, 0x00, 0x00, 0x00, 0x00, 0x00, 0x00, 0x00,
    0x00, 0x00, 0x00, 0x00, 0x00, 0x00, 0x00, 0x00, 0x00, 0x00, 0x00, 0x00, 0x00, 0x00, 0x00, 0x00,
    0x00, 0x00, 0x00, 0x00, 0x00, 0x00, 0x00, 0x00, 0x00, 0x00, 0x00, 0x00, 0x00, 0x00, 0x00, 0x00,
    0x00, 0x00, 0x00, 0x00, 0x00, 0x00, 0x00, 0x00, 0x00, 0x00, 0x00, 0x00, 0x00, 0x00, 0x00, 0x00,
    0x00, 0x00, 0x00, 0x00, 0x00, 0x00, 0x00, 0x00, 0x00, 0x00, 0x00, 0x00, 0x00, 0x00, 0x00, 0x00,
    0x00, 0x00, 0x00, 0x00, 0x00, 0x00, 0x00, 0x00, 0x00, 0x00, 0x00, 0x00, 0x00, 0x00, 0x00, 0x00,
    0x00, 0x00, 0x00, 0x00, 0x00, 0x00, 0x00, 0x00, 0x00, 0x00, 0x00, 0x00, 0x00, 0x00, 0x00, 0x00,
    0x00, 0x00, 0x00, 0x00, 0x00, 0x00, 0x00, 0x00, 0x00, 0x00, 0x00, 0x00, 0x00, 0x00, 0x00, 0x00,
    0x00, 0x00, 0x00, 0x00, 0x00, 0x00, 0x00, 0x00, 0x00, 0x00, 0x00, 0x00, 0x00, 0x00, 0x00, 0x00,
};
const lv_image_dsc_t ui_feed_icon_settings_44 = {
    .header = {.magic = LV_IMAGE_HEADER_MAGIC, .cf = LV_COLOR_FORMAT_A8,
               .w = 44, .h = 44, .stride = 44},
    .data_size = sizeof(s_settings_44),
    .data = s_settings_44,
};

static const uint8_t s_settings_48[] = {
    0x00, 0x00, 0x00, 0x00, 0x00, 0x00, 0x00, 0x00, 0x00, 0x00, 0x00, 0x00, 0x00, 0x00, 0x00, 0x00,
    0x00, 0x00, 0x00, 0x03, 0x01, 0x00, 0x00, 0x00, 0x00, 0x00, 0x00, 0x01, 0x03, 0x00, 0x00, 0x00,
    0x00, 0x00, 0x00, 0x00, 0x00, 0x00, 0x00, 0x00, 0x00, 0x00, 0x00, 0x00, 0x00, 0x00, 0x00, 0x00,
    0x00, 0x00, 0x00, 0x00, 0x00, 0x00, 0x00, 0x00, 0x00, 0x00, 0x00, 0x00, 0x00, 0x00, 0x00, 0x00,
    0x00, 0x00, 0x02, 0x00, 0x00, 0x0F, 0x11, 0x11, 0x11, 0x11, 0x0F, 0x00, 0x00, 0x02, 0x00, 0x00,
    0x00, 0x00, 0x00, 0x00, 0x00, 0x00, 0x00, 0x00, 0x00, 0x00, 0x00, 0x00, 0x00, 0x00, 0x00, 0x00,
    0x00, 0x00, 0x00, 0x00, 0x00, 0x00, 0x00, 0x00, 0x00, 0x00, 0x00, 0x00, 0x00, 0x00, 0x00, 0x00,
    0x00, 0x02, 0x00, 0x44, 0xC5, 0xEB, 0xEE, 0xEF, 0xEF, 0xEE, 0xEB, 0xC5, 0x43, 0x00, 0x02, 0x00,
    0x00, 0x00, 0x00, 0x00, 0x00, 0x00, 0x00, 0x00, 0x00, 0x00, 0x00, 0x00, 0x00, 0x00, 0x00, 0x00,
    0x00, 0x00, 0x00, 0x00, 0x00, 0x00, 0x00, 0x00, 0x00, 0x00, 0x00, 0x00, 0x00, 0x00, 0x00, 0x00,
    0x03, 0x01, 0x38, 0xFB, 0xFF, 0xFF, 0xFF, 0xFF, 0xFF, 0xFF, 0xFF, 0xFF, 0xFB, 0x38, 0x01, 0x03,
    0x00, 0x00, 0x00, 0x00, 0x00, 0x00, 0x00, 0x00, 0x00, 0x00, 0x00, 0x00, 0x00, 0x00, 0x00, 0x00,
    0x00, 0x00, 0x00, 0x00, 0x00, 0x00, 0x00, 0x00, 0x00, 0x00, 0x00, 0x00, 0x00, 0x00, 0x00, 0x00,
    0x03, 0x00, 0xB3, 0xFF, 0xF9, 0xFE, 0xFF, 0xFF, 0xFF, 0xFF, 0xFE, 0xF9, 0xFF, 0xB3, 0x00, 0x03,
    0x00, 0x00, 0x00, 0x00, 0x00, 0x00, 0x00, 0x00, 0x00, 0x00, 0x00, 0x00, 0x00, 0x00, 0x00, 0x00,
    0x00, 0x00, 0x00, 0x00, 0x00, 0x00, 0x00, 0x00, 0x00, 0x00, 0x00, 0x00, 0x00, 0x00, 0x00, 0x01,
    0x00, 0x05, 0xDE, 0xFE, 0xFD, 0xFF, 0xF0, 0xEE, 0xEE, 0xF0, 0xFE, 0xFD, 0xFE, 0xDE, 0x05, 0x00,
    0x01, 0x00, 0x00, 0x00, 0x00, 0x00, 0x00, 0x00, 0x00, 0x00, 0x00, 0x00, 0x00, 0x00, 0x00, 0x00,
    0x00, 0x00, 0x00, 0x00, 0x00, 0x00, 0x00, 0x00, 0x01, 0x04, 0x01, 0x01, 0x04, 0x01, 0x00, 0x01,
    0x01, 0x1B, 0xF4, 0xFF, 0xFF, 0xEC, 0x1F, 0x11, 0x11, 0x19, 0xE5, 0xFF, 0xFF, 0xF3, 0x1B, 0x01,
    0x01, 0x00, 0x01, 0x04, 0x01, 0x01, 0x04, 0x01, 0x00, 0x00, 0x00, 0x00, 0x00, 0x00, 0x00, 0x00,
    0x00, 0x00, 0x00, 0x00, 0x00, 0x00, 0x00, 0x01, 0x00, 0x00, 0x00, 0x00, 0x00, 0x00, 0x03, 0x07,
    0x00, 0x27, 0xFF, 0xFC, 0xFF, 0xD3, 0x00, 0x00, 0x00, 0x00, 0xCB, 0xFF, 0xFC, 0xFF, 0x27, 0x00,
    0x07, 0x03, 0x00, 0x00, 0x00, 0x00, 0x00, 0x00, 0x01, 0x00, 0x00, 0x00, 0x00, 0x00, 0x00, 0x00,
    0x00, 0x00, 0x00, 0x00, 0x00, 0x00, 0x01, 0x00, 0x0F, 0x87, 0xCB, 0xC2, 0x71, 0x19, 0x00, 0x00,
    0x16, 0x98, 0xFE, 0xF9, 0xFF, 0xB6, 0x01, 0x04, 0x04, 0x01, 0xB0, 0xFF, 0xF9, 0xFE, 0x99, 0x18,
    0x00, 0x00, 0x19, 0x71, 0xC2, 0xCB, 0x87, 0x0F, 0x00, 0x01, 0x00, 0x00, 0x00, 0x00, 0x00, 0x00,
    0x00, 0x00, 0x00, 0x00, 0x00, 0x01, 0x03, 0x0B, 0xCA, 0xFF, 0xFF, 0xFF, 0xFF, 0xEE, 0x94, 0x6B,
    0xE7, 0xFF, 0xFE, 0xFA, 0xFB, 0x95, 0x00, 0x04, 0x04, 0x00, 0x91, 0xFB, 0xFA, 0xFE, 0xFF, 0xE8,
    0x6B, 0x94, 0xEE, 0xFF, 0xFF, 0xFF, 0xFF, 0xCA, 0x0B, 0x03, 0x01, 0x00, 0x00, 0x00, 0x00, 0x00,
    0x00, 0x00, 0x00, 0x00, 0x00, 0x04, 0x00, 0x83, 0xFF, 0xF8, 0xFC, 0xF8, 0xF9, 0xFF, 0xFF, 0xFF,
    0xFF, 0xFB, 0xFC, 0xFF, 0xFF, 0x79, 0x00, 0x04, 0x04, 0x00, 0x77, 0xFF, 0xFF, 0xFC, 0xFB, 0xFF,
    0xFF, 0xFF, 0xFF, 0xFA, 0xF8, 0xFC, 0xF8, 0xFF, 0x83, 0x00, 0x04, 0x00, 0x00, 0x00, 0x00, 0x00,
    0x00, 0x00, 0x00, 0x00, 0x02, 0x01, 0x21, 0xF5, 0xFC, 0xFE, 0xFF, 0xFF, 0xFF, 0xFC, 0xF8, 0xFB,
    0xFC, 0xFF, 0xFF, 0xE2, 0x8F, 0x22, 0x01, 0x02, 0x02, 0x01, 0x22, 0x8F, 0xE2, 0xFF, 0xFF, 0xFC,
    0xFB, 0xF9, 0xFB, 0xFF, 0xFF, 0xFF, 0xFE, 0xFC, 0xF5, 0x21, 0x01, 0x02, 0x00, 0x00, 0x00, 0x00,
    0x00, 0x00, 0x00, 0x00, 0x03, 0x00, 0xA9, 0xFF, 0xFA, 0xFE, 0xE5, 0x7F, 0xD6, 0xFF, 0xFF, 0xFE,
    0xFF, 0xF5, 0x78, 0x10, 0x00, 0x00, 0x00, 0x01, 0x01, 0x01, 0x00, 0x00, 0x10, 0x79, 0xF5, 0xFF,
    0xFD, 0xFF, 0xFF, 0xD8, 0x80, 0xE5, 0xFE, 0xFA, 0xFF, 0xA9, 0x00, 0x03, 0x00, 0x00, 0x00, 0x00,
    0x00, 0x00, 0x00, 0x03, 0x00, 0x3F, 0xFF, 0xFC, 0xFC, 0xFF, 0x69, 0x00, 0x08, 0x4E, 0xB0, 0xFB,
    0xD7, 0x2F, 0x00, 0x00, 0x05, 0x05, 0x00, 0x00, 0x00, 0x00, 0x05, 0x06, 0x00, 0x00, 0x31, 0xDC,
    0xFF, 0xB8, 0x54, 0x09, 0x00, 0x69, 0xFF, 0xFC, 0xFC, 0xFF, 0x3F, 0x00, 0x03, 0x00, 0x00, 0x00,
    0x00, 0x00, 0x00, 0x02, 0x01, 0xC2, 0xFF, 0xF9, 0xFF, 0xCC, 0x06, 0x05, 0x00, 0x00, 0x00, 0x2D,
    0x17, 0x00, 0x04, 0x04, 0x00, 0x00, 0x00, 0x0D, 0x0F, 0x00, 0x00, 0x00, 0x04, 0x05, 0x00, 0x1C,
    0x36, 0x00, 0x00, 0x00, 0x05, 0x06, 0xCC, 0xFF, 0xF9, 0xFF, 0xC2, 0x01, 0x02, 0x00, 0x00, 0x00,
    0x00, 0x00, 0x01, 0x00, 0x15, 0xF3, 0xFF, 0xFB, 0xFF, 0x59, 0x00, 0x06, 0x01, 0x03, 0x02, 0x00,
    0x00, 0x02, 0x03, 0x00, 0x1D, 0x86, 0xCB, 0xE8, 0xEB, 0xD3, 0x95, 0x2D, 0x00, 0x02, 0x02, 0x00,
    0x00, 0x02, 0x03, 0x01, 0x06, 0x00, 0x59, 0xFF, 0xFB, 0xFF, 0xF3, 0x15, 0x00, 0x01, 0x00, 0x00,
    0x00, 0x00, 0x01, 0x00, 0x0B, 0xE7, 0xFC, 0xFC, 0xFD, 0xE3, 0x52, 0x00, 0x01, 0x02, 0x00, 0x02,
    0x01, 0x03, 0x00, 0x52, 0xEB, 0xFF, 0xFF, 0xFF, 0xFF, 0xFF, 0xFF, 0xF8, 0x70, 0x00, 0x03, 0x02,
    0x03, 0x00, 0x01, 0x01, 0x00, 0x4F, 0xE2, 0xFD, 0xFC, 0xFC, 0xE7, 0x0B, 0x00, 0x01, 0x00, 0x00,
    0x00, 0x00, 0x00, 0x03, 0x00, 0x8C, 0xFF, 0xF9, 0xFE, 0xFF, 0xFF, 0x8C, 0x04, 0x00, 0x01, 0x00,
    0x03, 0x00, 0x4A, 0xFF, 0xFF, 0xFA, 0xFD, 0xFE, 0xFE, 0xFD, 0xFB, 0xFE, 0xFF, 0x73, 0x00, 0x03,
    0x00, 0x01, 0x00, 0x01, 0x85, 0xFF, 0xFF, 0xFE, 0xF9, 0xFF, 0x8B, 0x00, 0x03, 0x00, 0x00, 0x00,
    0x00, 0x00, 0x00, 0x01, 0x02, 0x09, 0xAE, 0xFF, 0xFE, 0xFD, 0xFD, 0xFF, 0xC2, 0x23, 0x01, 0x03,
    0x01, 0x13, 0xEA, 0xFF, 0xFC, 0xFF, 0xFF, 0xFF, 0xFF, 0xFF, 0xFF, 0xFD, 0xFC, 0xFE, 0x32, 0x00,
    0x04, 0x02, 0x1F, 0xBA, 0xFF, 0xFD, 0xFD, 0xFE, 0xFF, 0xAE, 0x09, 0x02, 0x01, 0x00, 0x00, 0x00,
    0x00, 0x00, 0x00, 0x00, 0x01, 0x00, 0x00, 0x7B, 0xFE, 0xFF, 0xFE, 0xFA, 0xFF, 0x50, 0x00, 0x07,
    0x00, 0x74, 0xFF, 0xFB, 0xFF, 0xFF, 0xFF, 0xFF, 0xFF, 0xFF, 0xFF, 0xFF, 0xFB, 0xFF, 0xA8, 0x00,
    0x07, 0x00, 0x50, 0xFF, 0xFA, 0xFE, 0xFF, 0xFE, 0x7B, 0x00, 0x00, 0x01, 0x00, 0x00, 0x00, 0x00,
    0x00, 0x00, 0x00, 0x00, 0x00, 0x01, 0x02, 0x00, 0x4A, 0xF6, 0xFD, 0xFF, 0xF8, 0x1F, 0x00, 0x04,
    0x00, 0xBD, 0xFE, 0xFC, 0xFF, 0xFF, 0xFF, 0xFF, 0xFF, 0xFF, 0xFF, 0xFF, 0xFE, 0xFE, 0xE6, 0x0A,
    0x00, 0x00, 0x20, 0xF8, 0xFF, 0xFD, 0xF6, 0x4A, 0x00, 0x02, 0x01, 0x00, 0x00, 0x00, 0x00, 0x00,
    0x00, 0x00, 0x00, 0x00, 0x00, 0x00, 0x01, 0x03, 0x09, 0xEC, 0xFF, 0xFF, 0xF0, 0x14, 0x00, 0x01,
    0x01, 0xD9, 0xFF, 0xFD, 0xFF, 0xFF, 0xFF, 0xFF, 0xFF, 0xFF, 0xFF, 0xFF, 0xFE, 0xFF, 0xF9, 0x20,
    0x00, 0x00, 0x14, 0xF0, 0xFF, 0xFF, 0xED, 0x09, 0x03, 0x01, 0x00, 0x00, 0x00, 0x00, 0x00, 0x00,
    0x00, 0x00, 0x00, 0x00, 0x00, 0x00, 0x01, 0x03, 0x09, 0xEC, 0xFF, 0xFF, 0xF0, 0x14, 0x00, 0x01,
    0x01, 0xD9, 0xFF, 0xFD, 0xFF, 0xFF, 0xFF, 0xFF, 0xFF, 0xFF, 0xFF, 0xFF, 0xFE, 0xFF, 0xF9, 0x20,
    0x00, 0x00, 0x14, 0xF0, 0xFF, 0xFF, 0xEB, 0x09, 0x03, 0x01, 0x00, 0x00, 0x00, 0x00, 0x00, 0x00,
    0x00, 0x00, 0x00, 0x00, 0x00, 0x01, 0x02, 0x00, 0x4A, 0xF6, 0xFD, 0xFF, 0xF8, 0x20, 0x00, 0x04,
    0x00, 0xBD, 0xFE, 0xFC, 0xFF, 0xFF, 0xFF, 0xFF, 0xFF, 0xFF, 0xFF, 0xFF, 0xFE, 0xFE, 0xE6, 0x0A,
    0x00, 0x00, 0x20, 0xF8, 0xFF, 0xFD, 0xF3, 0x41, 0x00, 0x03, 0x01, 0x00, 0x00, 0x00, 0x00, 0x00,
    0x00, 0x00, 0x00, 0x00, 0x01, 0x00, 0x00, 0x7B, 0xFE, 0xFF, 0xFE, 0xFA, 0xFF, 0x51, 0x00, 0x07,
    0x00, 0x75, 0xFF, 0xFB, 0xFF, 0xFF, 0xFF, 0xFF, 0xFF, 0xFF, 0xFF, 0xFF, 0xFB, 0xFF, 0xA8, 0x00,
    0x07, 0x00, 0x50, 0xFF, 0xFA, 0xFE, 0xFF, 0xFB, 0x73, 0x00, 0x01, 0x01, 0x00, 0x00, 0x00, 0x00,
    0x00, 0x00, 0x00, 0x01, 0x02, 0x09, 0xAE, 0xFF, 0xFE, 0xFD, 0xFD, 0xFF, 0xBB, 0x1F, 0x02, 0x03,
    0x01, 0x13, 0xEA, 0xFF, 0xFC, 0xFF, 0xFF, 0xFF, 0xFF, 0xFF, 0xFF, 0xFD, 0xFC, 0xFE, 0x32, 0x00,
    0x04, 0x02, 0x1F, 0xBB, 0xFF, 0xFD, 0xFD, 0xFE, 0xFF, 0xA5, 0x06, 0x02, 0x01, 0x00, 0x00, 0x00,
    0x00, 0x00, 0x00, 0x03, 0x00, 0x8B, 0xFF, 0xF9, 0xFE, 0xFF, 0xFF, 0x85, 0x01, 0x00, 0x01, 0x00,
    0x03, 0x00, 0x4A, 0xFF, 0xFF, 0xFA, 0xFD, 0xFE, 0xFE, 0xFD, 0xFB, 0xFE, 0xFF, 0x73, 0x00, 0x03,
    0x00, 0x01, 0x00, 0x01, 0x85, 0xFF, 0xFF, 0xFE, 0xF9, 0xFF, 0x7E, 0x00, 0x04, 0x00, 0x00, 0x00,
    0x00, 0x00, 0x01, 0x00, 0x0B, 0xE7, 0xFC, 0xFC, 0xFD, 0xE2, 0x4F, 0x00, 0x01, 0x01, 0x00, 0x03,
    0x01, 0x03, 0x00, 0x52, 0xEC, 0xFF, 0xFF, 0xFF, 0xFF, 0xFF, 0xFF, 0xF8, 0x71, 0x00, 0x03, 0x02,
    0x02, 0x00, 0x01, 0x01, 0x00, 0x4F, 0xE2, 0xFD, 0xFC, 0xFC, 0xDE, 0x06, 0x01, 0x01, 0x00, 0x00,
    0x00, 0x00, 0x01, 0x00, 0x15, 0xF3, 0xFF, 0xFB, 0xFF, 0x59, 0x00, 0x06, 0x01, 0x03, 0x02, 0x00,
    0x00, 0x02, 0x03, 0x00, 0x1D, 0x86, 0xCB, 0xE8, 0xEB, 0xD3, 0x95, 0x2D, 0x00, 0x02, 0x02, 0x00,
    0x00, 0x02, 0x03, 0x01, 0x06, 0x00, 0x59, 0xFF, 0xFB, 0xFF, 0xEB, 0x0C, 0x00, 0x01, 0x00, 0x00,
    0x00, 0x00, 0x00, 0x02, 0x01, 0xC2, 0xFF, 0xF9, 0xFF, 0xCC, 0x06, 0x05, 0x00, 0x00, 0x00, 0x36,
    0x1C, 0x00, 0x04, 0x04, 0x00, 0x00, 0x00, 0x0E, 0x10, 0x00, 0x00, 0x00, 0x04, 0x05, 0x00, 0x17,
    0x2D, 0x00, 0x00, 0x00, 0x05, 0x06, 0xCC, 0xFF, 0xF9, 0xFF, 0xB6, 0x00, 0x02, 0x00, 0x00, 0x00,
    0x00, 0x00, 0x00, 0x03, 0x00, 0x3F, 0xFF, 0xFC, 0xFC, 0xFF, 0x69, 0x00, 0x09, 0x54, 0xB8, 0xFF,
    0xDC, 0x31, 0x00, 0x00, 0x05, 0x05, 0x00, 0x00, 0x00, 0x00, 0x05, 0x06, 0x00, 0x00, 0x2F, 0xD7,
    0xFB, 0xB0, 0x4E, 0x07, 0x00, 0x69, 0xFF, 0xFB, 0xFD, 0xFC, 0x33, 0x00, 0x03, 0x00, 0x00, 0x00,
    0x00, 0x00, 0x00, 0x00, 0x03, 0x00, 0xA9, 0xFF, 0xFA, 0xFE, 0xE5, 0x80, 0xD8, 0xFF, 0xFF, 0xFD,
    0xFF, 0xF5, 0x79, 0x10, 0x00, 0x00, 0x00, 0x01, 0x01, 0x01, 0x00, 0x00, 0x10, 0x79, 0xF5, 0xFF,
    0xFE, 0xFF, 0xFF, 0xD6, 0x7F, 0xE6, 0xFE, 0xFA, 0xFF, 0x98, 0x00, 0x03, 0x00, 0x00, 0x00, 0x00,
    0x00, 0x00, 0x00, 0x00, 0x02, 0x01, 0x21, 0xF5, 0xFC, 0xFE, 0xFF, 0xFF, 0xFF, 0xFB, 0xF9, 0xFB,
    0xFC, 0xFF, 0xFF, 0xE2, 0x8F, 0x21, 0x01, 0x02, 0x02, 0x01, 0x22, 0x8F, 0xE2, 0xFF, 0xFF, 0xFC,
    0xFB, 0xF8, 0xFC, 0xFF, 0xFF, 0xFF, 0xFD, 0xFD, 0xEC, 0x15, 0x02, 0x02, 0x00, 0x00, 0x00, 0x00,
    0x00, 0x00, 0x00, 0x00, 0x00, 0x04, 0x00, 0x83, 0xFF, 0xF8, 0xFC, 0xF9, 0xFA, 0xFF, 0xFF, 0xFF,
    0xFF, 0xFB, 0xFC, 0xFF, 0xFF, 0x77, 0x00, 0x04, 0x04, 0x00, 0x79, 0xFF, 0xFF, 0xFC, 0xFB, 0xFF,
    0xFF, 0xFF, 0xFF, 0xF9, 0xF9, 0xFC, 0xF8, 0xFF, 0x6B, 0x00, 0x03, 0x00, 0x00, 0x00, 0x00, 0x00,
    0x00, 0x00, 0x00, 0x00, 0x00, 0x01, 0x03, 0x0B, 0xCA, 0xFF, 0xFF, 0xFF, 0xFF, 0xEE, 0x94, 0x6B,
    0xE8, 0xFF, 0xFE, 0xFA, 0xFB, 0x90, 0x00, 0x04, 0x04, 0x00, 0x95, 0xFB, 0xFA, 0xFE, 0xFF, 0xE7,
    0x6B, 0x97, 0xF2, 0xFF, 0xFF, 0xFF, 0xFF, 0xB7, 0x03, 0x03, 0x01, 0x00, 0x00, 0x00, 0x00, 0x00,
    0x00, 0x00, 0x00, 0x00, 0x00, 0x00, 0x01, 0x00, 0x0F, 0x87, 0xCB, 0xC2, 0x72, 0x19, 0x00, 0x00,
    0x18, 0x9A, 0xFE, 0xF9, 0xFF, 0xB0, 0x01, 0x04, 0x04, 0x01, 0xB6, 0xFF, 0xF9, 0xFE, 0x98, 0x16,
    0x00, 0x00, 0x1D, 0x7B, 0xC6, 0xC8, 0x7C, 0x07, 0x01, 0x01, 0x00, 0x00, 0x00, 0x00, 0x00, 0x00,
    0x00, 0x00, 0x00, 0x00, 0x00, 0x00, 0x00, 0x01, 0x00, 0x00, 0x00, 0x00, 0x00, 0x00, 0x03, 0x07,
    0x00, 0x27, 0xFF, 0xFC, 0xFF, 0xCB, 0x00, 0x00, 0x00, 0x00, 0xD3, 0xFF, 0xFC, 0xFF, 0x27, 0x00,
    0x07, 0x03, 0x00, 0x00, 0x00, 0x00, 0x00, 0x00, 0x01, 0x00, 0x00, 0x00, 0x00, 0x00, 0x00, 0x00,
    0x00, 0x00, 0x00, 0x00, 0x00, 0x00, 0x00, 0x00, 0x01, 0x04, 0x01, 0x01, 0x04, 0x01, 0x00, 0x01,
    0x01, 0x1B, 0xF4, 0xFF, 0xFF, 0xE5, 0x19, 0x11, 0x11, 0x1F, 0xEC, 0xFF, 0xFF, 0xF3, 0x1B, 0x01,
    0x01, 0x00, 0x02, 0x04, 0x01, 0x01, 0x04, 0x01, 0x00, 0x00, 0x00, 0x00, 0x00, 0x00, 0x00, 0x00,
    0x00, 0x00, 0x00, 0x00, 0x00, 0x00, 0x00, 0x00, 0x00, 0x00, 0x00, 0x00, 0x00, 0x00, 0x00, 0x01,
    0x00, 0x05, 0xDE, 0xFE, 0xFD, 0xFE, 0xF0, 0xEE, 0xEE, 0xF0, 0xFF, 0xFD, 0xFE, 0xDE, 0x05, 0x00,
    0x01, 0x00, 0x00, 0x00, 0x00, 0x00, 0x00, 0x00, 0x00, 0x00, 0x00, 0x00, 0x00, 0x00, 0x00, 0x00,
    0x00, 0x00, 0x00, 0x00, 0x00, 0x00, 0x00, 0x00, 0x00, 0x00, 0x00, 0x00, 0x00, 0x00, 0x00, 0x00,
    0x03, 0x00, 0xB3, 0xFF, 0xF9, 0xFE, 0xFF, 0xFF, 0xFF, 0xFF, 0xFE, 0xF9, 0xFF, 0xB3, 0x00, 0x03,
    0x00, 0x00, 0x00, 0x00, 0x00, 0x00, 0x00, 0x00, 0x00, 0x00, 0x00, 0x00, 0x00, 0x00, 0x00, 0x00,
    0x00, 0x00, 0x00, 0x00, 0x00, 0x00, 0x00, 0x00, 0x00, 0x00, 0x00, 0x00, 0x00, 0x00, 0x00, 0x00,
    0x03, 0x01, 0x38, 0xFB, 0xFF, 0xFF, 0xFF, 0xFF, 0xFF, 0xFF, 0xFF, 0xFF, 0xFB, 0x38, 0x01, 0x03,
    0x00, 0x00, 0x00, 0x00, 0x00, 0x00, 0x00, 0x00, 0x00, 0x00, 0x00, 0x00, 0x00, 0x00, 0x00, 0x00,
    0x00, 0x00, 0x00, 0x00, 0x00, 0x00, 0x00, 0x00, 0x00, 0x00, 0x00, 0x00, 0x00, 0x00, 0x00, 0x00,
    0x00, 0x02, 0x00, 0x43, 0xC5, 0xEA, 0xED, 0xEE, 0xEE, 0xED, 0xEA, 0xC5, 0x43, 0x00, 0x02, 0x00,
    0x00, 0x00, 0x00, 0x00, 0x00, 0x00, 0x00, 0x00, 0x00, 0x00, 0x00, 0x00, 0x00, 0x00, 0x00, 0x00,
    0x00, 0x00, 0x00, 0x00, 0x00, 0x00, 0x00, 0x00, 0x00, 0x00, 0x00, 0x00, 0x00, 0x00, 0x00, 0x00,
    0x00, 0x00, 0x02, 0x00, 0x00, 0x10, 0x11, 0x11, 0x11, 0x11, 0x10, 0x00, 0x00, 0x02, 0x00, 0x00,
    0x00, 0x00, 0x00, 0x00, 0x00, 0x00, 0x00, 0x00, 0x00, 0x00, 0x00, 0x00, 0x00, 0x00, 0x00, 0x00,
    0x00, 0x00, 0x00, 0x00, 0x00, 0x00, 0x00, 0x00, 0x00, 0x00, 0x00, 0x00, 0x00, 0x00, 0x00, 0x00,
    0x00, 0x00, 0x00, 0x03, 0x01, 0x00, 0x00, 0x00, 0x00, 0x00, 0x00, 0x01, 0x03, 0x00, 0x00, 0x00,
    0x00, 0x00, 0x00, 0x00, 0x00, 0x00, 0x00, 0x00, 0x00, 0x00, 0x00, 0x00, 0x00, 0x00, 0x00, 0x00,
    0x00, 0x00, 0x00, 0x00, 0x00, 0x00, 0x00, 0x00, 0x00, 0x00, 0x00, 0x00, 0x00, 0x00, 0x00, 0x00,
    0x00, 0x00, 0x00, 0x00, 0x00, 0x01, 0x01, 0x01, 0x01, 0x01, 0x01, 0x00, 0x00, 0x00, 0x00, 0x00,
    0x00, 0x00, 0x00, 0x00, 0x00, 0x00, 0x00, 0x00, 0x00, 0x00, 0x00, 0x00, 0x00, 0x00, 0x00, 0x00,
    0x00, 0x00, 0x00, 0x00, 0x00, 0x00, 0x00, 0x00, 0x00, 0x00, 0x00, 0x00, 0x00, 0x00, 0x00, 0x00,
    0x00, 0x00, 0x00, 0x00, 0x00, 0x00, 0x00, 0x00, 0x00, 0x00, 0x00, 0x00, 0x00, 0x00, 0x00, 0x00,
    0x00, 0x00, 0x00, 0x00, 0x00, 0x00, 0x00, 0x00, 0x00, 0x00, 0x00, 0x00, 0x00, 0x00, 0x00, 0x00,
    0x00, 0x00, 0x00, 0x00, 0x00, 0x00, 0x00, 0x00, 0x00, 0x00, 0x00, 0x00, 0x00, 0x00, 0x00, 0x00,
    0x00, 0x00, 0x00, 0x00, 0x00, 0x00, 0x00, 0x00, 0x00, 0x00, 0x00, 0x00, 0x00, 0x00, 0x00, 0x00,
    0x00, 0x00, 0x00, 0x00, 0x00, 0x00, 0x00, 0x00, 0x00, 0x00, 0x00, 0x00, 0x00, 0x00, 0x00, 0x00,
    0x00, 0x00, 0x00, 0x00, 0x00, 0x00, 0x00, 0x00, 0x00, 0x00, 0x00, 0x00, 0x00, 0x00, 0x00, 0x00,
    0x00, 0x00, 0x00, 0x00, 0x00, 0x00, 0x00, 0x00, 0x00, 0x00, 0x00, 0x00, 0x00, 0x00, 0x00, 0x00,
    0x00, 0x00, 0x00, 0x00, 0x00, 0x00, 0x00, 0x00, 0x00, 0x00, 0x00, 0x00, 0x00, 0x00, 0x00, 0x00,
};
const lv_image_dsc_t ui_feed_icon_settings_48 = {
    .header = {.magic = LV_IMAGE_HEADER_MAGIC, .cf = LV_COLOR_FORMAT_A8,
               .w = 48, .h = 48, .stride = 48},
    .data_size = sizeof(s_settings_48),
    .data = s_settings_48,
};

static const uint8_t s_settings_64[] = {
    0x00, 0x00, 0x00, 0x00, 0x00, 0x00, 0x00, 0x00, 0x00, 0x00, 0x00, 0x00, 0x00, 0x00, 0x00, 0x00,
    0x00, 0x00, 0x00, 0x00, 0x00, 0x00, 0x00, 0x00, 0x00, 0x00, 0x00, 0x02, 0x03, 0x04, 0x04, 0x04,
    0x04, 0x04, 0x04, 0x03, 0x02, 0x00, 0x00, 0x00, 0x00, 0x00, 0x00, 0x00, 0x00, 0x00, 0x00, 0x00,
    0x00, 0x00, 0x00, 0x00, 0x00, 0x00, 0x00, 0x00, 0x00, 0x00, 0x00, 0x00, 0x00, 0x00, 0x00, 0x00,
    0x00, 0x00, 0x00, 0x00, 0x00, 0x00, 0x00, 0x00, 0x00, 0x00, 0x00, 0x00, 0x00, 0x00, 0x00, 0x00,
    0x00, 0x00, 0x00, 0x00, 0x00, 0x00, 0x00, 0x00, 0x00, 0x01, 0x02, 0x00, 0x00, 0x00, 0x00, 0x00,
    0x00, 0x00, 0x00, 0x00, 0x00, 0x02, 0x01, 0x00, 0x00, 0x00, 0x00, 0x00, 0x00, 0x00, 0x00, 0x00,
    0x00, 0x00, 0x00, 0x00, 0x00, 0x00, 0x00, 0x00, 0x00, 0x00, 0x00, 0x00, 0x00, 0x00, 0x00, 0x00,
    0x00, 0x00, 0x00, 0x00, 0x00, 0x00, 0x00, 0x00, 0x00, 0x00, 0x00, 0x00, 0x00, 0x00, 0x00, 0x00,
    0x00, 0x00, 0x00, 0x00, 0x00, 0x00, 0x00, 0x00, 0x01, 0x00, 0x00, 0x21, 0x46, 0x4C, 0x4C, 0x4C,
    0x4C, 0x4C, 0x4C, 0x46, 0x21, 0x00, 0x00, 0x01, 0x00, 0x00, 0x00, 0x00, 0x00, 0x00, 0x00, 0x00,
    0x00, 0x00, 0x00, 0x00, 0x00, 0x00, 0x00, 0x00, 0x00, 0x00, 0x00, 0x00, 0x00, 0x00, 0x00, 0x00,
    0x00, 0x00, 0x00, 0x00, 0x00, 0x00, 0x00, 0x00, 0x00, 0x00, 0x00, 0x00, 0x00, 0x00, 0x00, 0x00,
    0x00, 0x00, 0x00, 0x00, 0x00, 0x00, 0x00, 0x01, 0x01, 0x0C, 0x9D, 0xF6, 0xFF, 0xFF, 0xFF, 0xFF,
    0xFF, 0xFF, 0xFF, 0xFF, 0xF6, 0x9D, 0x0C, 0x01, 0x01, 0x00, 0x00, 0x00, 0x00, 0x00, 0x00, 0x00,
    0x00, 0x00, 0x00, 0x00, 0x00, 0x00, 0x00, 0x00, 0x00, 0x00, 0x00, 0x00, 0x00, 0x00, 0x00, 0x00,
    0x00, 0x00, 0x00, 0x00, 0x00, 0x00, 0x00, 0x00, 0x00, 0x00, 0x00, 0x00, 0x00, 0x00, 0x00, 0x00,
    0x00, 0x00, 0x00, 0x00, 0x00, 0x00, 0x00, 0x02, 0x05, 0xBA, 0xFF, 0xFF, 0xFD, 0xFC, 0xFC, 0xFC,
    0xFC, 0xFC, 0xFC, 0xFD, 0xFF, 0xFF, 0xBA, 0x05, 0x02, 0x00, 0x00, 0x00, 0x00, 0x00, 0x00, 0x00,
    0x00, 0x00, 0x00, 0x00, 0x00, 0x00, 0x00, 0x00, 0x00, 0x00, 0x00, 0x00, 0x00, 0x00, 0x00, 0x00,
    0x00, 0x00, 0x00, 0x00, 0x00, 0x00, 0x00, 0x00, 0x00, 0x00, 0x00, 0x00, 0x00, 0x00, 0x00, 0x00,
    0x00, 0x00, 0x00, 0x00, 0x00, 0x00, 0x04, 0x00, 0x63, 0xFF, 0xF9, 0xFE, 0xFF, 0xFE, 0xFE, 0xFE,
    0xFE, 0xFE, 0xFE, 0xFF, 0xFE, 0xF9, 0xFF, 0x63, 0x00, 0x04, 0x00, 0x00, 0x00, 0x00, 0x00, 0x00,
    0x00, 0x00, 0x00, 0x00, 0x00, 0x00, 0x00, 0x00, 0x00, 0x00, 0x00, 0x00, 0x00, 0x00, 0x00, 0x00,
    0x00, 0x00, 0x00, 0x00, 0x00, 0x00, 0x00, 0x00, 0x00, 0x00, 0x00, 0x00, 0x00, 0x00, 0x00, 0x00,
    0x00, 0x00, 0x00, 0x00, 0x00, 0x00, 0x02, 0x00, 0xBA, 0xFD, 0xFC, 0xFF, 0xFF, 0xFF, 0xFF, 0xFF,
    0xFF, 0xFF, 0xFF, 0xFF, 0xFF, 0xFC, 0xFD, 0xBA, 0x00, 0x02, 0x00, 0x00, 0x00, 0x00, 0x00, 0x00,
    0x00, 0x00, 0x00, 0x00, 0x00, 0x00, 0x00, 0x00, 0x00, 0x00, 0x00, 0x00, 0x00, 0x00, 0x00, 0x00,
    0x00, 0x00, 0x00, 0x00, 0x00, 0x00, 0x00, 0x00, 0x00, 0x00, 0x00, 0x00, 0x00, 0x00, 0x00, 0x00,
    0x00, 0x00, 0x00, 0x00, 0x00, 0x01, 0x00, 0x03, 0xDB, 0xFF, 0xFD, 0xFF, 0xFF, 0xF9, 0xF3, 0xF4,
    0xF3, 0xF3, 0xF8, 0xFF, 0xFF, 0xFD, 0xFF, 0xDB, 0x03, 0x00, 0x01, 0x00, 0x00, 0x00, 0x00, 0x00,
    0x00, 0x00, 0x00, 0x00, 0x00, 0x00, 0x00, 0x00, 0x00, 0x00, 0x00, 0x00, 0x00, 0x00, 0x00, 0x00,
    0x00, 0x00, 0x00, 0x00, 0x00, 0x00, 0x00, 0x00, 0x00, 0x00, 0x00, 0x00, 0x00, 0x01, 0x02, 0x01,
    0x00, 0x00, 0x00, 0x00, 0x00, 0x01, 0x00, 0x16, 0xF2, 0xFF, 0xFE, 0xFC, 0xFF, 0x67, 0x17, 0x1C,
    0x1B, 0x17, 0x5A, 0xFF, 0xFD, 0xFE, 0xFF, 0xF1, 0x15, 0x00, 0x01, 0x00, 0x00, 0x00, 0x00, 0x00,
    0x01, 0x02, 0x01, 0x00, 0x00, 0x00, 0x00, 0x00, 0x00, 0x00, 0x00, 0x00, 0x00, 0x00, 0x00, 0x00,
    0x00, 0x00, 0x00, 0x00, 0x00, 0x00, 0x00, 0x00, 0x00, 0x00, 0x00, 0x01, 0x03, 0x00, 0x00, 0x00,
    0x03, 0x03, 0x00, 0x00, 0x00, 0x03, 0x03, 0x31, 0xFF, 0xFE, 0xFE, 0xFE, 0xFF, 0x35, 0x00, 0x00,
    0x00, 0x00, 0x2A, 0xFF, 0xFF, 0xFE, 0xFF, 0xFF, 0x31, 0x03, 0x03, 0x00, 0x00, 0x00, 0x03, 0x03,
    0x00, 0x00, 0x00, 0x03, 0x01, 0x00, 0x00, 0x00, 0x00, 0x00, 0x00, 0x00, 0x00, 0x00, 0x00, 0x00,
    0x00, 0x00, 0x00, 0x00, 0x00, 0x00, 0x00, 0x00, 0x00, 0x00, 0x01, 0x00, 0x00, 0x0D, 0x1F, 0x0D,
    0x00, 0x00, 0x01, 0x03, 0x02, 0x06, 0x00, 0x45, 0xFF, 0xFC, 0xFE, 0xFF, 0xF8, 0x1F, 0x01, 0x03,
    0x03, 0x01, 0x18, 0xF2, 0xFF, 0xFE, 0xFC, 0xFF, 0x45, 0x00, 0x06, 0x02, 0x03, 0x01, 0x00, 0x00,
    0x0D, 0x1F, 0x0D, 0x00, 0x00, 0x01, 0x00, 0x00, 0x00, 0x00, 0x00, 0x00, 0x00, 0x00, 0x00, 0x00,
    0x00, 0x00, 0x00, 0x00, 0x00, 0x00, 0x00, 0x00, 0x00, 0x01, 0x00, 0x16, 0x98, 0xE4, 0xF6, 0xE4,
    0x9D, 0x3A, 0x00, 0x00, 0x00, 0x00, 0x41, 0xC4, 0xFE, 0xFD, 0xFE, 0xFF, 0xE4, 0x09, 0x00, 0x01,
    0x01, 0x00, 0x05, 0xDE, 0xFF, 0xFD, 0xFD, 0xFE, 0xC5, 0x45, 0x00, 0x00, 0x00, 0x00, 0x3A, 0x9D,
    0xE4, 0xF6, 0xE4, 0x97, 0x16, 0x00, 0x01, 0x00, 0x00, 0x00, 0x00, 0x00, 0x00, 0x00, 0x00, 0x00,
    0x00, 0x00, 0x00, 0x00, 0x00, 0x00, 0x00, 0x00, 0x02, 0x02, 0x1A, 0xDA, 0xFF, 0xFF, 0xFF, 0xFF,
    0xFF, 0xFF, 0xC2, 0x5C, 0x26, 0xA3, 0xFF, 0xFF, 0xFE, 0xFF, 0xFD, 0xFF, 0xCA, 0x00, 0x01, 0x00,
    0x00, 0x01, 0x00, 0xC5, 0xFF, 0xFC, 0xFF, 0xFF, 0xFF, 0xFF, 0xA5, 0x26, 0x5C, 0xC2, 0xFF, 0xFF,
    0xFF, 0xFF, 0xFF, 0xFF, 0xDA, 0x1A, 0x02, 0x02, 0x00, 0x00, 0x00, 0x00, 0x00, 0x00, 0x00, 0x00,
    0x00, 0x00, 0x00, 0x00, 0x00, 0x00, 0x00, 0x00, 0x03, 0x00, 0xB3, 0xFF, 0xF8, 0xFE, 0xFE, 0xFE,
    0xFC, 0xFE, 0xFF, 0xFF, 0xFB, 0xFF, 0xFE, 0xFD, 0xFF, 0xFF, 0xF9, 0xFB, 0xAC, 0x00, 0x03, 0x00,
    0x00, 0x03, 0x00, 0xA9, 0xFB, 0xF9, 0xFF, 0xFF, 0xFD, 0xFE, 0xFF, 0xFB, 0xFF, 0xFF, 0xFE, 0xFC,
    0xFE, 0xFE, 0xFE, 0xF8, 0xFF, 0xB3, 0x00, 0x03, 0x00, 0x00, 0x00, 0x00, 0x00, 0x00, 0x00, 0x00,
    0x00, 0x00, 0x00, 0x00, 0x00, 0x00, 0x00, 0x03, 0x00, 0x48, 0xFF, 0xFB, 0xFF, 0xFF, 0xFD, 0xFC,
    0xFE, 0xFF, 0xFC, 0xFC, 0xFF, 0xFC, 0xFF, 0xFF, 0xFC, 0xFE, 0xFF, 0xFF, 0x8C, 0x00, 0x04, 0x00,
    0x00, 0x04, 0x00, 0x8B, 0xFF, 0xFF, 0xFE, 0xFC, 0xFF, 0xFF, 0xFC, 0xFF, 0xFC, 0xFC, 0xFF, 0xFE,
    0xFC, 0xFD, 0xFF, 0xFF, 0xFB, 0xFF, 0x48, 0x00, 0x03, 0x00, 0x00, 0x00, 0x00, 0x00, 0x00, 0x00,
    0x00, 0x00, 0x00, 0x00, 0x00, 0x00, 0x01, 0x02, 0x05, 0xD4, 0xFE, 0xFD, 0xFF, 0xFF, 0xFF, 0xFF,
    0xFF, 0xFB, 0xFE, 0xFF, 0xFE, 0xFF, 0xFE, 0xFC, 0xFF, 0xFF, 0xBE, 0x67, 0x18, 0x01, 0x01, 0x00,
    0x00, 0x01, 0x01, 0x18, 0x68, 0xBE, 0xFF, 0xFF, 0xFC, 0xFE, 0xFF, 0xFE, 0xFF, 0xFE, 0xFB, 0xFF,
    0xFF, 0xFF, 0xFF, 0xFF, 0xFD, 0xFE, 0xD4, 0x05, 0x02, 0x01, 0x00, 0x00, 0x00, 0x00, 0x00, 0x00,
    0x00, 0x00, 0x00, 0x00, 0x00, 0x00, 0x04, 0x00, 0x6D, 0xFF, 0xFC, 0xFF, 0xFD, 0xFF, 0xCE, 0xB0,
    0xFE, 0xFF, 0xFF, 0xFC, 0xFD, 0xFD, 0xFF, 0xFF, 0xBC, 0x3E, 0x00, 0x00, 0x00, 0x00, 0x00, 0x00,
    0x00, 0x00, 0x00, 0x00, 0x00, 0x00, 0x3E, 0xBD, 0xFF, 0xFF, 0xFE, 0xFD, 0xFC, 0xFF, 0xFF, 0xFF,
    0xB1, 0xCE, 0xFF, 0xFD, 0xFF, 0xFC, 0xFF, 0x6D, 0x00, 0x04, 0x00, 0x00, 0x00, 0x00, 0x00, 0x00,
    0x00, 0x00, 0x00, 0x00, 0x00, 0x02, 0x01, 0x14, 0xEB, 0xFD, 0xFD, 0xFF, 0xFC, 0xFD, 0x32, 0x00,
    0x30, 0x8E, 0xE6, 0xFF, 0xFF, 0xFF, 0xF8, 0x6D, 0x00, 0x00, 0x02, 0x04, 0x01, 0x00, 0x00, 0x01,
    0x01, 0x01, 0x00, 0x01, 0x04, 0x02, 0x00, 0x00, 0x6F, 0xFA, 0xFF, 0xFF, 0xFF, 0xEB, 0x95, 0x34,
    0x00, 0x32, 0xFD, 0xFC, 0xFF, 0xFD, 0xFD, 0xEB, 0x14, 0x01, 0x02, 0x00, 0x00, 0x00, 0x00, 0x00,
    0x00, 0x00, 0x00, 0x00, 0x00, 0x03, 0x00, 0x93, 0xFF, 0xFC, 0xFF, 0xFB, 0xFF, 0x9F, 0x00, 0x05,
    0x00, 0x00, 0x12, 0x64, 0xCA, 0xE6, 0x3C, 0x00, 0x02, 0x03, 0x00, 0x00, 0x03, 0x04, 0x01, 0x00,
    0x00, 0x00, 0x03, 0x04, 0x01, 0x00, 0x03, 0x02, 0x00, 0x43, 0xEE, 0xD5, 0x6F, 0x17, 0x00, 0x00,
    0x05, 0x00, 0x9F, 0xFF, 0xFB, 0xFF, 0xFC, 0xFF, 0x93, 0x00, 0x03, 0x00, 0x00, 0x00, 0x00, 0x00,
    0x00, 0x00, 0x00, 0x00, 0x02, 0x00, 0x20, 0xF8, 0xFE, 0xFE, 0xFE, 0xFE, 0xF2, 0x1C, 0x01, 0x02,
    0x02, 0x04, 0x00, 0x00, 0x00, 0x12, 0x00, 0x03, 0x00, 0x00, 0x02, 0x01, 0x00, 0x00, 0x00, 0x08,
    0x0A, 0x00, 0x00, 0x00, 0x00, 0x03, 0x00, 0x00, 0x04, 0x00, 0x1C, 0x07, 0x00, 0x00, 0x03, 0x02,
    0x02, 0x01, 0x1C, 0xF2, 0xFE, 0xFE, 0xFE, 0xFE, 0xF8, 0x20, 0x00, 0x02, 0x00, 0x00, 0x00, 0x00,
    0x00, 0x00, 0x00, 0x00, 0x04, 0x00, 0x5A, 0xFF, 0xFC, 0xFF, 0xFB, 0xFF, 0x71, 0x00, 0x07, 0x00,
    0x00, 0x00, 0x01, 0x04, 0x00, 0x00, 0x02, 0x00, 0x00, 0x03, 0x00, 0x00, 0x47, 0x9A, 0xCC, 0xE2,
    0xE4, 0xD3, 0xA8, 0x5B, 0x09, 0x00, 0x03, 0x00, 0x00, 0x02, 0x00, 0x00, 0x04, 0x01, 0x00, 0x00,
    0x00, 0x06, 0x00, 0x71, 0xFF, 0xFB, 0xFF, 0xFC, 0xFF, 0x5A, 0x00, 0x04, 0x00, 0x00, 0x00, 0x00,
    0x00, 0x00, 0x00, 0x00, 0x04, 0x00, 0x5C, 0xFE, 0xFB, 0xFF, 0xFD, 0xFE, 0xBC, 0x25, 0x00, 0x04,
    0x01, 0x00, 0x00, 0x00, 0x01, 0x01, 0x00, 0x00, 0x03, 0x00, 0x2B, 0xBE, 0xFF, 0xFF, 0xFF, 0xFF,
    0xFF, 0xFF, 0xFF, 0xFF, 0xD6, 0x4B, 0x00, 0x03, 0x00, 0x00, 0x02, 0x01, 0x00, 0x00, 0x00, 0x00,
    0x04, 0x00, 0x23, 0xBC, 0xFE, 0xFD, 0xFF, 0xFB, 0xFE, 0x5C, 0x00, 0x04, 0x00, 0x00, 0x00, 0x00,
    0x00, 0x00, 0x00, 0x00, 0x02, 0x00, 0x28, 0xFE, 0xFC, 0xFF, 0xFF, 0xFE, 0xFF, 0xEC, 0x55, 0x00,
    0x00, 0x02, 0x00, 0x00, 0x00, 0x00, 0x00, 0x03, 0x00, 0x45, 0xF1, 0xFF, 0xFC, 0xFB, 0xFD, 0xFD,
    0xFD, 0xFD, 0xFC, 0xFB, 0xFF, 0xFF, 0x72, 0x00, 0x04, 0x00, 0x00, 0x00, 0x00, 0x00, 0x02, 0x01,
    0x00, 0x50, 0xEA, 0xFF, 0xFE, 0xFF, 0xFF, 0xFC, 0xFE, 0x28, 0x00, 0x02, 0x00, 0x00, 0x00, 0x00,
    0x00, 0x00, 0x00, 0x00, 0x00, 0x02, 0x00, 0xAB, 0xFF, 0xF9, 0xFF, 0xFF, 0xFC, 0xFF, 0xFF, 0x8F,
    0x05, 0x00, 0x01, 0x00, 0x00, 0x00, 0x02, 0x00, 0x30, 0xF5, 0xFF, 0xFB, 0xFF, 0xFF, 0xFF, 0xFF,
    0xFF, 0xFF, 0xFF, 0xFF, 0xFC, 0xFC, 0xFF, 0x63, 0x00, 0x03, 0x00, 0x00, 0x00, 0x01, 0x00, 0x01,
    0x87, 0xFF, 0xFF, 0xFC, 0xFF, 0xFF, 0xF9, 0xFF, 0xAB, 0x00, 0x02, 0x00, 0x00, 0x00, 0x00, 0x00,
    0x00, 0x00, 0x00, 0x00, 0x00, 0x01, 0x02, 0x13, 0xCB, 0xFF, 0xFB, 0xFE, 0xFF, 0xFE, 0xFC, 0xFF,
    0xC6, 0x2B, 0x01, 0x01, 0x00, 0x01, 0x02, 0x07, 0xD4, 0xFF, 0xFB, 0xFF, 0xFF, 0xFF, 0xFF, 0xFF,
    0xFF, 0xFF, 0xFF, 0xFF, 0xFF, 0xFD, 0xFC, 0xF8, 0x26, 0x01, 0x02, 0x00, 0x01, 0x02, 0x22, 0xBC,
    0xFF, 0xFC, 0xFD, 0xFF, 0xFE, 0xFB, 0xFF, 0xCB, 0x13, 0x02, 0x01, 0x00, 0x00, 0x00, 0x00, 0x00,
    0x00, 0x00, 0x00, 0x00, 0x00, 0x00, 0x01, 0x00, 0x0C, 0x9F, 0xFF, 0xFF, 0xFE, 0xFF, 0xFF, 0xF9,
    0xFF, 0xCB, 0x00, 0x02, 0x00, 0x04, 0x00, 0x63, 0xFF, 0xFB, 0xFF, 0xFF, 0xFF, 0xFF, 0xFF, 0xFF,
    0xFF, 0xFF, 0xFF, 0xFF, 0xFF, 0xFF, 0xFB, 0xFF, 0xA6, 0x00, 0x03, 0x00, 0x02, 0x01, 0xC7, 0xFF,
    0xF9, 0xFF, 0xFF, 0xFE, 0xFF, 0xFF, 0x9F, 0x0C, 0x00, 0x01, 0x00, 0x00, 0x00, 0x00, 0x00, 0x00,
    0x00, 0x00, 0x00, 0x00, 0x00, 0x00, 0x00, 0x02, 0x00, 0x00, 0x67, 0xF6, 0xFF, 0xFE, 0xFF, 0xFB,
    0xFD, 0x99, 0x00, 0x04, 0x00, 0x02, 0x00, 0xC4, 0xFE, 0xFC, 0xFF, 0xFF, 0xFF, 0xFF, 0xFF, 0xFF,
    0xFF, 0xFF, 0xFF, 0xFF, 0xFF, 0xFF, 0xFE, 0xFE, 0xF4, 0x17, 0x00, 0x01, 0x04, 0x00, 0x9C, 0xFC,
    0xFB, 0xFF, 0xFE, 0xFF, 0xF6, 0x67, 0x00, 0x00, 0x02, 0x00, 0x00, 0x00, 0x00, 0x00, 0x00, 0x00,
    0x00, 0x00, 0x00, 0x00, 0x00, 0x00, 0x00, 0x00, 0x01, 0x04, 0x00, 0x39, 0xF3, 0xFE, 0xFE, 0xFB,
    0xFF, 0x6E, 0x00, 0x04, 0x01, 0x00, 0x15, 0xF2, 0xFF, 0xFE, 0xFF, 0xFF, 0xFF, 0xFF, 0xFF, 0xFF,
    0xFF, 0xFF, 0xFF, 0xFF, 0xFF, 0xFF, 0xFF, 0xFC, 0xFF, 0x4C, 0x00, 0x03, 0x04, 0x00, 0x6F, 0xFF,
    0xFB, 0xFE, 0xFE, 0xF3, 0x39, 0x00, 0x04, 0x01, 0x00, 0x00, 0x00, 0x00, 0x00, 0x00, 0x00, 0x00,
    0x00, 0x00, 0x00, 0x00, 0x00, 0x00, 0x00, 0x00, 0x00, 0x01, 0x03, 0x08, 0xEB, 0xFF, 0xFE, 0xFB,
    0xFF, 0x5B, 0x00, 0x04, 0x02, 0x00, 0x2F, 0xFF, 0xFF, 0xFF, 0xFF, 0xFF, 0xFF, 0xFF, 0xFF, 0xFF,
    0xFF, 0xFF, 0xFF, 0xFF, 0xFF, 0xFF, 0xFF, 0xFB, 0xFE, 0x6D, 0x00, 0x04, 0x04, 0x00, 0x5C, 0xFF,
    0xFB, 0xFE, 0xFF, 0xEB, 0x08, 0x03, 0x01, 0x00, 0x00, 0x00, 0x00, 0x00, 0x00, 0x00, 0x00, 0x00,
    0x00, 0x00, 0x00, 0x00, 0x00, 0x00, 0x00, 0x00, 0x00, 0x01, 0x00, 0x16, 0xEF, 0xFF, 0xFE, 0xFC,
    0xFF, 0x57, 0x00, 0x04, 0x03, 0x00, 0x37, 0xFF, 0xFE, 0xFF, 0xFF, 0xFF, 0xFF, 0xFF, 0xFF, 0xFF,
    0xFF, 0xFF, 0xFF, 0xFF, 0xFF, 0xFF, 0xFF, 0xFB, 0xFF, 0x77, 0x00, 0x04, 0x04, 0x00, 0x57, 0xFF,
    0xFC, 0xFE, 0xFF, 0xF0, 0x17, 0x00, 0x01, 0x00, 0x00, 0x00, 0x00, 0x00, 0x00, 0x00, 0x00, 0x00,
    0x00, 0x00, 0x00, 0x00, 0x00, 0x00, 0x00, 0x00, 0x00, 0x02, 0x02, 0x02, 0xEA, 0xFF, 0xFE, 0xFB,
    0xFF, 0x60, 0x00, 0x04, 0x02, 0x00, 0x2A, 0xFE, 0xFF, 0xFF, 0xFF, 0xFF, 0xFF, 0xFF, 0xFF, 0xFF,
    0xFF, 0xFF, 0xFF, 0xFF, 0xFF, 0xFF, 0xFF, 0xFB, 0xFE, 0x67, 0x00, 0x04, 0x04, 0x00, 0x5F, 0xFF,
    0xFB, 0xFE, 0xFF, 0xE8, 0x01, 0x02, 0x02, 0x00, 0x00, 0x00, 0x00, 0x00, 0x00, 0x00, 0x00, 0x00,
    0x00, 0x00, 0x00, 0x00, 0x00, 0x00, 0x00, 0x00, 0x03, 0x00, 0x00, 0x6A, 0xF8, 0xFD, 0xFF, 0xFB,
    0xFF, 0x77, 0x00, 0x04, 0x01, 0x00, 0x0D, 0xEA, 0xFF, 0xFE, 0xFF, 0xFF, 0xFF, 0xFF, 0xFF, 0xFF,
    0xFF, 0xFF, 0xFF, 0xFF, 0xFF, 0xFF, 0xFF, 0xFD, 0xFF, 0x3F, 0x00, 0x03, 0x04, 0x00, 0x76, 0xFF,
    0xFB, 0xFE, 0xFD, 0xF4, 0x5D, 0x00, 0x00, 0x02, 0x00, 0x00, 0x00, 0x00, 0x00, 0x00, 0x00, 0x00,
    0x00, 0x00, 0x00, 0x00, 0x00, 0x00, 0x00, 0x03, 0x00, 0x0D, 0xA0, 0xFF, 0xFF, 0xFF, 0xFF, 0xFB,
    0xFC, 0xB4, 0x00, 0x03, 0x00, 0x03, 0x00, 0xB1, 0xFE, 0xFB, 0xFF, 0xFF, 0xFF, 0xFF, 0xFF, 0xFF,
    0xFF, 0xFF, 0xFF, 0xFF, 0xFF, 0xFF, 0xFD, 0xFE, 0xE8, 0x0C, 0x00, 0x01, 0x03, 0x00, 0xB2, 0xFC,
    0xFB, 0xFF, 0xFF, 0xFF, 0xFF, 0x95, 0x07, 0x00, 0x03, 0x00, 0x00, 0x00, 0x00, 0x00, 0x00, 0x00,
    0x00, 0x00, 0x00, 0x00, 0x00, 0x00, 0x02, 0x00, 0x2F, 0xD2, 0xFF, 0xFB, 0xFF, 0xFF, 0xFD, 0xFC,
    0xFF, 0xAC, 0x01, 0x02, 0x00, 0x03, 0x00, 0x46, 0xFF, 0xFB, 0xFF, 0xFF, 0xFF, 0xFF, 0xFF, 0xFF,
    0xFF, 0xFF, 0xFF, 0xFF, 0xFF, 0xFF, 0xFA, 0xFF, 0x86, 0x00, 0x03, 0x00, 0x02, 0x01, 0xAB, 0xFF,
    0xFC, 0xFD, 0xFF, 0xFF, 0xFC, 0xFF, 0xC8, 0x26, 0x00, 0x02, 0x00, 0x00, 0x00, 0x00, 0x00, 0x00,
    0x00, 0x00, 0x00, 0x00, 0x00, 0x02, 0x00, 0x31, 0xF0, 0xFF, 0xFB, 0xFF, 0xFF, 0xFC, 0xFF, 0xFF,
    0x85, 0x04, 0x02, 0x01, 0x00, 0x00, 0x02, 0x00, 0xB0, 0xFF, 0xFA, 0xFF, 0xFF, 0xFF, 0xFF, 0xFF,
    0xFF, 0xFF, 0xFF, 0xFF, 0xFF, 0xFC, 0xFF, 0xE1, 0x10, 0x02, 0x01, 0x00, 0x01, 0x02, 0x04, 0x85,
    0xFF, 0xFF, 0xFC, 0xFF, 0xFF, 0xFA, 0xFF, 0xE8, 0x26, 0x01, 0x02, 0x00, 0x00, 0x00, 0x00, 0x00,
    0x00, 0x00, 0x00, 0x00, 0x00, 0x02, 0x03, 0xCD, 0xFF, 0xFA, 0xFF, 0xFF, 0xFC, 0xFF, 0xE9, 0x4E,
    0x00, 0x01, 0x00, 0x00, 0x00, 0x00, 0x02, 0x02, 0x13, 0xD7, 0xFF, 0xFA, 0xFE, 0xFF, 0xFF, 0xFF,
    0xFF, 0xFF, 0xFF, 0xFE, 0xFA, 0xFF, 0xF6, 0x38, 0x00, 0x02, 0x00, 0x00, 0x00, 0x00, 0x01, 0x00,
    0x4F, 0xE9, 0xFF, 0xFC, 0xFF, 0xFF, 0xFA, 0xFF, 0xBD, 0x00, 0x02, 0x00, 0x00, 0x00, 0x00, 0x00,
    0x00, 0x00, 0x00, 0x00, 0x03, 0x00, 0x38, 0xFF, 0xFD, 0xFF, 0xFF, 0xFD, 0xFF, 0xC0, 0x21, 0x00,
    0x04, 0x00, 0x00, 0x00, 0x00, 0x00, 0x00, 0x02, 0x00, 0x1D, 0xCA, 0xFF, 0xFF, 0xFC, 0xFB, 0xFC,
    0xFC, 0xFB, 0xFB, 0xFF, 0xFF, 0xE7, 0x3F, 0x00, 0x03, 0x00, 0x00, 0x00, 0x00, 0x00, 0x00, 0x04,
    0x00, 0x21, 0xC0, 0xFF, 0xFD, 0xFF, 0xFF, 0xFD, 0xFE, 0x2A, 0x00, 0x02, 0x00, 0x00, 0x00, 0x00,
    0x00, 0x00, 0x00, 0x00, 0x04, 0x00, 0x62, 0xFD, 0xFB, 0xFF, 0xFC, 0xFE, 0x92, 0x04, 0x00, 0x04,
    0x00, 0x00, 0x00, 0x00, 0x02, 0x03, 0x00, 0x00, 0x02, 0x00, 0x09, 0x85, 0xEC, 0xFF, 0xFF, 0xFF,
    0xFF, 0xFF, 0xFF, 0xF8, 0xA2, 0x1D, 0x00, 0x03, 0x00, 0x00, 0x03, 0x02, 0x00, 0x00, 0x00, 0x00,
    0x03, 0x00, 0x04, 0x92, 0xFE, 0xFC, 0xFF, 0xFC, 0xFE, 0x51, 0x00, 0x03, 0x00, 0x00, 0x00, 0x00,
    0x00, 0x00, 0x00, 0x00, 0x04, 0x00, 0x50, 0xFF, 0xFC, 0xFF, 0xFB, 0xFF, 0x8E, 0x00, 0x05, 0x00,
    0x00, 0x00, 0x03, 0x02, 0x00, 0x00, 0x02, 0x00, 0x00, 0x02, 0x00, 0x00, 0x17, 0x5C, 0x92, 0xAD,
    0xB1, 0x9B, 0x6A, 0x26, 0x00, 0x00, 0x03, 0x00, 0x00, 0x03, 0x00, 0x00, 0x03, 0x03, 0x00, 0x00,
    0x00, 0x05, 0x00, 0x8E, 0xFF, 0xFB, 0xFF, 0xFD, 0xFF, 0x40, 0x00, 0x03, 0x00, 0x00, 0x00, 0x00,
    0x00, 0x00, 0x00, 0x00, 0x01, 0x01, 0x11, 0xEA, 0xFE, 0xFD, 0xFF, 0xFD, 0xFF, 0x34, 0x00, 0x04,
    0x04, 0x00, 0x00, 0x00, 0x2E, 0x4D, 0x00, 0x02, 0x02, 0x00, 0x01, 0x03, 0x00, 0x00, 0x00, 0x00,
    0x00, 0x00, 0x00, 0x00, 0x02, 0x02, 0x00, 0x02, 0x02, 0x00, 0x40, 0x23, 0x00, 0x00, 0x01, 0x04,
    0x04, 0x00, 0x34, 0xFF, 0xFD, 0xFF, 0xFD, 0xFE, 0xDF, 0x0A, 0x01, 0x01, 0x00, 0x00, 0x00, 0x00,
    0x00, 0x00, 0x00, 0x00, 0x00, 0x03, 0x00, 0x6D, 0xFF, 0xFC, 0xFF, 0xFC, 0xFF, 0xC1, 0x00, 0x00,
    0x00, 0x01, 0x47, 0xAC, 0xF9, 0xFF, 0x78, 0x00, 0x00, 0x04, 0x01, 0x00, 0x01, 0x04, 0x04, 0x03,
    0x03, 0x04, 0x04, 0x02, 0x00, 0x01, 0x04, 0x00, 0x00, 0x71, 0xFF, 0xF3, 0xA1, 0x3F, 0x00, 0x00,
    0x00, 0x00, 0xC1, 0xFF, 0xFC, 0xFF, 0xFC, 0xFF, 0x5B, 0x00, 0x03, 0x00, 0x00, 0x00, 0x00, 0x00,
    0x00, 0x00, 0x00, 0x00, 0x00, 0x01, 0x02, 0x05, 0xD5, 0xFE, 0xFD, 0xFF, 0xFC, 0xFF, 0x54, 0x0E,
    0x6C, 0xCD, 0xFF, 0xFF, 0xFF, 0xFC, 0xFF, 0xA7, 0x1B, 0x00, 0x00, 0x03, 0x02, 0x00, 0x00, 0x00,
    0x00, 0x00, 0x00, 0x02, 0x03, 0x00, 0x00, 0x1B, 0xA6, 0xFF, 0xFD, 0xFF, 0xFF, 0xFF, 0xC7, 0x68,
    0x0D, 0x55, 0xFF, 0xFC, 0xFF, 0xFC, 0xFF, 0xC3, 0x00, 0x02, 0x00, 0x00, 0x00, 0x00, 0x00, 0x00,
    0x00, 0x00, 0x00, 0x00, 0x00, 0x00, 0x03, 0x00, 0x49, 0xFF, 0xFC, 0xFF, 0xFE, 0xFE, 0xEC, 0xE4,
    0xFF, 0xFF, 0xFD, 0xFC, 0xFF, 0xFF, 0xFC, 0xFF, 0xE9, 0x78, 0x18, 0x00, 0x00, 0x00, 0x00, 0x00,
    0x00, 0x00, 0x00, 0x00, 0x00, 0x18, 0x78, 0xE9, 0xFF, 0xFC, 0xFF, 0xFE, 0xFC, 0xFE, 0xFF, 0xFF,
    0xE3, 0xEC, 0xFE, 0xFE, 0xFF, 0xFC, 0xFD, 0x34, 0x00, 0x03, 0x00, 0x00, 0x00, 0x00, 0x00, 0x00,
    0x00, 0x00, 0x00, 0x00, 0x00, 0x00, 0x00, 0x03, 0x00, 0xB6, 0xFF, 0xFC, 0xFF, 0xFF, 0xFF, 0xFF,
    0xFC, 0xFD, 0xFF, 0xFE, 0xFD, 0xFF, 0xFF, 0xFC, 0xFF, 0xFF, 0xEB, 0xA5, 0x35, 0x01, 0x02, 0x00,
    0x00, 0x02, 0x01, 0x36, 0xA5, 0xEB, 0xFF, 0xFF, 0xFC, 0xFF, 0xFF, 0xFD, 0xFE, 0xFF, 0xFD, 0xFC,
    0xFF, 0xFF, 0xFF, 0xFF, 0xFB, 0xFF, 0x9A, 0x00, 0x03, 0x00, 0x00, 0x00, 0x00, 0x00, 0x00, 0x00,
    0x00, 0x00, 0x00, 0x00, 0x00, 0x00, 0x00, 0x02, 0x01, 0x2A, 0xFB, 0xFB, 0xFE, 0xFF, 0xFE, 0xFD,
    0xFF, 0xFE, 0xFB, 0xFF, 0xFF, 0xFC, 0xFE, 0xFF, 0xFE, 0xFC, 0xFF, 0xFF, 0x99, 0x00, 0x04, 0x00,
    0x00, 0x04, 0x00, 0x9B, 0xFF, 0xFF, 0xFC, 0xFE, 0xFF, 0xFE, 0xFC, 0xFF, 0xFF, 0xFB, 0xFE, 0xFF,
    0xFD, 0xFE, 0xFF, 0xFD, 0xFC, 0xEE, 0x16, 0x02, 0x02, 0x00, 0x00, 0x00, 0x00, 0x00, 0x00, 0x00,
    0x00, 0x00, 0x00, 0x00, 0x00, 0x00, 0x00, 0x00, 0x03, 0x00, 0x8B, 0xFF, 0xF9, 0xFC, 0xFD, 0xFC,
    0xFC, 0xFF, 0xFF, 0xF7, 0xD3, 0xFF, 0xFF, 0xFC, 0xFF, 0xFF, 0xFA, 0xFB, 0xAE, 0x00, 0x03, 0x00,
    0x00, 0x03, 0x00, 0xB2, 0xFB, 0xFB, 0xFF, 0xFF, 0xFD, 0xFF, 0xFF, 0xD3, 0xF9, 0xFF, 0xFF, 0xFC,
    0xFC, 0xFD, 0xFB, 0xFA, 0xFF, 0x69, 0x00, 0x03, 0x00, 0x00, 0x00, 0x00, 0x00, 0x00, 0x00, 0x00,
    0x00, 0x00, 0x00, 0x00, 0x00, 0x00, 0x00, 0x00, 0x01, 0x03, 0x06, 0xAC, 0xFF, 0xFF, 0xFF, 0xFF,
    0xFF, 0xE2, 0x88, 0x28, 0x01, 0x6B, 0xE9, 0xFF, 0xFE, 0xFF, 0xFC, 0xFF, 0xCC, 0x00, 0x01, 0x00,
    0x00, 0x00, 0x00, 0xD2, 0xFF, 0xFD, 0xFF, 0xFE, 0xFF, 0xE5, 0x68, 0x02, 0x2A, 0x8F, 0xE8, 0xFF,
    0xFF, 0xFF, 0xFF, 0xFF, 0x92, 0x00, 0x03, 0x00, 0x00, 0x00, 0x00, 0x00, 0x00, 0x00, 0x00, 0x00,
    0x00, 0x00, 0x00, 0x00, 0x00, 0x00, 0x00, 0x00, 0x00, 0x01, 0x00, 0x00, 0x5C, 0xB2, 0xCD, 0xB2,
    0x60, 0x0E, 0x00, 0x00, 0x00, 0x00, 0x17, 0x9D, 0xFE, 0xFC, 0xFD, 0xFF, 0xE3, 0x08, 0x00, 0x01,
    0x01, 0x00, 0x0E, 0xEA, 0xFF, 0xFE, 0xFC, 0xFE, 0x9B, 0x13, 0x00, 0x00, 0x00, 0x00, 0x15, 0x6C,
    0xBA, 0xCD, 0xAA, 0x4C, 0x00, 0x02, 0x00, 0x00, 0x00, 0x00, 0x00, 0x00, 0x00, 0x00, 0x00, 0x00,
    0x00, 0x00, 0x00, 0x00, 0x00, 0x00, 0x00, 0x00, 0x00, 0x00, 0x01, 0x01, 0x00, 0x00, 0x00, 0x00,
    0x00, 0x00, 0x04, 0x02, 0x00, 0x07, 0x00, 0x3C, 0xFF, 0xFC, 0xFE, 0xFF, 0xF7, 0x1E, 0x03, 0x05,
    0x05, 0x03, 0x26, 0xFC, 0xFF, 0xFE, 0xFC, 0xFF, 0x3C, 0x00, 0x07, 0x00, 0x02, 0x03, 0x00, 0x00,
    0x00, 0x00, 0x00, 0x00, 0x02, 0x00, 0x00, 0x00, 0x00, 0x00, 0x00, 0x00, 0x00, 0x00, 0x00, 0x00,
    0x00, 0x00, 0x00, 0x00, 0x00, 0x00, 0x00, 0x00, 0x00, 0x00, 0x00, 0x00, 0x03, 0x03, 0x00, 0x03,
    0x04, 0x01, 0x00, 0x00, 0x00, 0x02, 0x01, 0x2A, 0xFD, 0xFF, 0xFE, 0xFE, 0xFF, 0x2A, 0x00, 0x00,
    0x00, 0x00, 0x37, 0xFF, 0xFD, 0xFE, 0xFF, 0xFD, 0x2A, 0x01, 0x02, 0x00, 0x00, 0x00, 0x01, 0x04,
    0x02, 0x00, 0x03, 0x03, 0x00, 0x00, 0x00, 0x00, 0x00, 0x00, 0x00, 0x00, 0x00, 0x00, 0x00, 0x00,
    0x00, 0x00, 0x00, 0x00, 0x00, 0x00, 0x00, 0x00, 0x00, 0x00, 0x00, 0x00, 0x00, 0x00, 0x00, 0x00,
    0x00, 0x00, 0x00, 0x00, 0x00, 0x01, 0x00, 0x10, 0xEC, 0xFF, 0xFE, 0xFD, 0xFF, 0x81, 0x4A, 0x4E,
    0x4E, 0x4A, 0x8C, 0xFF, 0xFC, 0xFE, 0xFF, 0xEC, 0x10, 0x00, 0x01, 0x00, 0x00, 0x00, 0x00, 0x00,
    0x00, 0x00, 0x00, 0x00, 0x00, 0x00, 0x00, 0x00, 0x00, 0x00, 0x00, 0x00, 0x00, 0x00, 0x00, 0x00,
    0x00, 0x00, 0x00, 0x00, 0x00, 0x00, 0x00, 0x00, 0x00, 0x00, 0x00, 0x00, 0x00, 0x00, 0x00, 0x00,
    0x00, 0x00, 0x00, 0x00, 0x00, 0x00, 0x00, 0x01, 0xD5, 0xFF, 0xFD, 0xFF, 0xFF, 0xFF, 0xFF, 0xFF,
    0xFF, 0xFF, 0xFF, 0xFF, 0xFF, 0xFD, 0xFF, 0xD4, 0x01, 0x00, 0x00, 0x00, 0x00, 0x00, 0x00, 0x00,
    0x00, 0x00, 0x00, 0x00, 0x00, 0x00, 0x00, 0x00, 0x00, 0x00, 0x00, 0x00, 0x00, 0x00, 0x00, 0x00,
    0x00, 0x00, 0x00, 0x00, 0x00, 0x00, 0x00, 0x00, 0x00, 0x00, 0x00, 0x00, 0x00, 0x00, 0x00, 0x00,
    0x00, 0x00, 0x00, 0x00, 0x00, 0x00, 0x03, 0x00, 0xAC, 0xFE, 0xFB, 0xFF, 0xFF, 0xFD, 0xFC, 0xFC,
    0xFC, 0xFC, 0xFD, 0xFF, 0xFF, 0xFB, 0xFE, 0xAB, 0x00, 0x03, 0x00, 0x00, 0x00, 0x00, 0x00, 0x00,
    0x00, 0x00, 0x00, 0x00, 0x00, 0x00, 0x00, 0x00, 0x00, 0x00, 0x00, 0x00, 0x00, 0x00, 0x00, 0x00,
    0x00, 0x00, 0x00, 0x00, 0x00, 0x00, 0x00, 0x00, 0x00, 0x00, 0x00, 0x00, 0x00, 0x00, 0x00, 0x00,
    0x00, 0x00, 0x00, 0x00, 0x00, 0x00, 0x03, 0x00, 0x45, 0xFF, 0xFA, 0xFC, 0xFE, 0xFE, 0xFE, 0xFE,
    0xFE, 0xFE, 0xFE, 0xFE, 0xFC, 0xFA, 0xFF, 0x45, 0x00, 0x03, 0x00, 0x00, 0x00, 0x00, 0x00, 0x00,
    0x00, 0x00, 0x00, 0x00, 0x00, 0x00, 0x00, 0x00, 0x00, 0x00, 0x00, 0x00, 0x00, 0x00, 0x00, 0x00,
    0x00, 0x00, 0x00, 0x00, 0x00, 0x00, 0x00, 0x00, 0x00, 0x00, 0x00, 0x00, 0x00, 0x00, 0x00, 0x00,
    0x00, 0x00, 0x00, 0x00, 0x00, 0x00, 0x00, 0x02, 0x00, 0x8A, 0xFF, 0xFF, 0xFF, 0xFF, 0xFF, 0xFF,
    0xFF, 0xFF, 0xFF, 0xFF, 0xFF, 0xFF, 0x89, 0x00, 0x02, 0x00, 0x00, 0x00, 0x00, 0x00, 0x00, 0x00,
    0x00, 0x00, 0x00, 0x00, 0x00, 0x00, 0x00, 0x00, 0x00, 0x00, 0x00, 0x00, 0x00, 0x00, 0x00, 0x00,
    0x00, 0x00, 0x00, 0x00, 0x00, 0x00, 0x00, 0x00, 0x00, 0x00, 0x00, 0x00, 0x00, 0x00, 0x00, 0x00,
    0x00, 0x00, 0x00, 0x00, 0x00, 0x00, 0x00, 0x00, 0x02, 0x00, 0x63, 0xCD, 0xEF, 0xF3, 0xF3, 0xF3,
    0xF3, 0xF3, 0xF3, 0xEF, 0xCD, 0x63, 0x00, 0x02, 0x00, 0x00, 0x00, 0x00, 0x00, 0x00, 0x00, 0x00,
    0x00, 0x00, 0x00, 0x00, 0x00, 0x00, 0x00, 0x00, 0x00, 0x00, 0x00, 0x00, 0x00, 0x00, 0x00, 0x00,
    0x00, 0x00, 0x00, 0x00, 0x00, 0x00, 0x00, 0x00, 0x00, 0x00, 0x00, 0x00, 0x00, 0x00, 0x00, 0x00,
    0x00, 0x00, 0x00, 0x00, 0x00, 0x00, 0x00, 0x00, 0x00, 0x01, 0x00, 0x00, 0x15, 0x19, 0x18, 0x18,
    0x18, 0x18, 0x19, 0x15, 0x00, 0x00, 0x01, 0x00, 0x00, 0x00, 0x00, 0x00, 0x00, 0x00, 0x00, 0x00,
    0x00, 0x00, 0x00, 0x00, 0x00, 0x00, 0x00, 0x00, 0x00, 0x00, 0x00, 0x00, 0x00, 0x00, 0x00, 0x00,
    0x00, 0x00, 0x00, 0x00, 0x00, 0x00, 0x00, 0x00, 0x00, 0x00, 0x00, 0x00, 0x00, 0x00, 0x00, 0x00,
    0x00, 0x00, 0x00, 0x00, 0x00, 0x00, 0x00, 0x00, 0x00, 0x00, 0x03, 0x00, 0x00, 0x00, 0x00, 0x00,
    0x00, 0x00, 0x00, 0x00, 0x00, 0x03, 0x00, 0x00, 0x00, 0x00, 0x00, 0x00, 0x00, 0x00, 0x00, 0x00,
    0x00, 0x00, 0x00, 0x00, 0x00, 0x00, 0x00, 0x00, 0x00, 0x00, 0x00, 0x00, 0x00, 0x00, 0x00, 0x00,
    0x00, 0x00, 0x00, 0x00, 0x00, 0x00, 0x00, 0x00, 0x00, 0x00, 0x00, 0x00, 0x00, 0x00, 0x00, 0x00,
    0x00, 0x00, 0x00, 0x00, 0x00, 0x00, 0x00, 0x00, 0x00, 0x00, 0x00, 0x00, 0x01, 0x01, 0x01, 0x01,
    0x01, 0x01, 0x01, 0x01, 0x00, 0x00, 0x00, 0x00, 0x00, 0x00, 0x00, 0x00, 0x00, 0x00, 0x00, 0x00,
    0x00, 0x00, 0x00, 0x00, 0x00, 0x00, 0x00, 0x00, 0x00, 0x00, 0x00, 0x00, 0x00, 0x00, 0x00, 0x00,
    0x00, 0x00, 0x00, 0x00, 0x00, 0x00, 0x00, 0x00, 0x00, 0x00, 0x00, 0x00, 0x00, 0x00, 0x00, 0x00,
    0x00, 0x00, 0x00, 0x00, 0x00, 0x00, 0x00, 0x00, 0x00, 0x00, 0x00, 0x00, 0x00, 0x00, 0x00, 0x00,
    0x00, 0x00, 0x00, 0x00, 0x00, 0x00, 0x00, 0x00, 0x00, 0x00, 0x00, 0x00, 0x00, 0x00, 0x00, 0x00,
    0x00, 0x00, 0x00, 0x00, 0x00, 0x00, 0x00, 0x00, 0x00, 0x00, 0x00, 0x00, 0x00, 0x00, 0x00, 0x00,
    0x00, 0x00, 0x00, 0x00, 0x00, 0x00, 0x00, 0x00, 0x00, 0x00, 0x00, 0x00, 0x00, 0x00, 0x00, 0x00,
    0x00, 0x00, 0x00, 0x00, 0x00, 0x00, 0x00, 0x00, 0x00, 0x00, 0x00, 0x00, 0x00, 0x00, 0x00, 0x00,
    0x00, 0x00, 0x00, 0x00, 0x00, 0x00, 0x00, 0x00, 0x00, 0x00, 0x00, 0x00, 0x00, 0x00, 0x00, 0x00,
    0x00, 0x00, 0x00, 0x00, 0x00, 0x00, 0x00, 0x00, 0x00, 0x00, 0x00, 0x00, 0x00, 0x00, 0x00, 0x00,
    0x00, 0x00, 0x00, 0x00, 0x00, 0x00, 0x00, 0x00, 0x00, 0x00, 0x00, 0x00, 0x00, 0x00, 0x00, 0x00,
    0x00, 0x00, 0x00, 0x00, 0x00, 0x00, 0x00, 0x00, 0x00, 0x00, 0x00, 0x00, 0x00, 0x00, 0x00, 0x00,
    0x00, 0x00, 0x00, 0x00, 0x00, 0x00, 0x00, 0x00, 0x00, 0x00, 0x00, 0x00, 0x00, 0x00, 0x00, 0x00,
    0x00, 0x00, 0x00, 0x00, 0x00, 0x00, 0x00, 0x00, 0x00, 0x00, 0x00, 0x00, 0x00, 0x00, 0x00, 0x00,
    0x00, 0x00, 0x00, 0x00, 0x00, 0x00, 0x00, 0x00, 0x00, 0x00, 0x00, 0x00, 0x00, 0x00, 0x00, 0x00,
    0x00, 0x00, 0x00, 0x00, 0x00, 0x00, 0x00, 0x00, 0x00, 0x00, 0x00, 0x00, 0x00, 0x00, 0x00, 0x00,
    0x00, 0x00, 0x00, 0x00, 0x00, 0x00, 0x00, 0x00, 0x00, 0x00, 0x00, 0x00, 0x00, 0x00, 0x00, 0x00,
    0x00, 0x00, 0x00, 0x00, 0x00, 0x00, 0x00, 0x00, 0x00, 0x00, 0x00, 0x00, 0x00, 0x00, 0x00, 0x00,
    0x00, 0x00, 0x00, 0x00, 0x00, 0x00, 0x00, 0x00, 0x00, 0x00, 0x00, 0x00, 0x00, 0x00, 0x00, 0x00,
    0x00, 0x00, 0x00, 0x00, 0x00, 0x00, 0x00, 0x00, 0x00, 0x00, 0x00, 0x00, 0x00, 0x00, 0x00, 0x00,
    0x00, 0x00, 0x00, 0x00, 0x00, 0x00, 0x00, 0x00, 0x00, 0x00, 0x00, 0x00, 0x00, 0x00, 0x00, 0x00,
    0x00, 0x00, 0x00, 0x00, 0x00, 0x00, 0x00, 0x00, 0x00, 0x00, 0x00, 0x00, 0x00, 0x00, 0x00, 0x00,
};
const lv_image_dsc_t ui_feed_icon_settings_64 = {
    .header = {.magic = LV_IMAGE_HEADER_MAGIC, .cf = LV_COLOR_FORMAT_A8,
               .w = 64, .h = 64, .stride = 64},
    .data_size = sizeof(s_settings_64),
    .data = s_settings_64,
};

static const uint8_t s_volume_16[] = {
    0x00, 0x00, 0x00, 0x00, 0x00, 0x00, 0x00, 0x01, 0x00, 0x00, 0x00, 0x03, 0x00, 0x00, 0x00, 0x00,
    0x00, 0x00, 0x00, 0x00, 0x00, 0x00, 0x02, 0x00, 0x00, 0x0E, 0x19, 0x00, 0x01, 0x00, 0x00, 0x00,
    0x00, 0x00, 0x00, 0x00, 0x00, 0x02, 0x00, 0x0C, 0x00, 0x62, 0xFF, 0x7D, 0x00, 0x03, 0x01, 0x00,
    0x00, 0x00, 0x03, 0x04, 0x05, 0x00, 0x7A, 0xDA, 0x0A, 0x08, 0x72, 0xFF, 0x92, 0x00, 0x02, 0x00,
    0x00, 0x00, 0x00, 0x00, 0x00, 0x75, 0xFF, 0xF3, 0x11, 0x06, 0x00, 0x54, 0xFF, 0x45, 0x00, 0x03,
    0x01, 0x04, 0x83, 0xA9, 0xBD, 0xFF, 0xBF, 0xF0, 0x02, 0xA2, 0x69, 0x00, 0xC8, 0xC4, 0x00, 0x03,
    0x00, 0x11, 0xFF, 0xDD, 0xC0, 0x5E, 0x4C, 0xFF, 0x00, 0xB3, 0xEC, 0x02, 0x6E, 0xF7, 0x05, 0x00,
    0x00, 0x0E, 0xF8, 0x52, 0x00, 0x00, 0x58, 0xFF, 0x00, 0xA5, 0xFF, 0x01, 0x56, 0xFE, 0x0D, 0x00,
    0x00, 0x0F, 0xFA, 0xFF, 0xFA, 0x97, 0x58, 0xFD, 0x00, 0xBC, 0xD7, 0x00, 0x82, 0xF0, 0x02, 0x00,
    0x01, 0x01, 0x4A, 0x64, 0x76, 0xFE, 0xE5, 0xEA, 0x06, 0x79, 0x3B, 0x00, 0xE4, 0xA5, 0x00, 0x04,
    0x00, 0x00, 0x00, 0x00, 0x00, 0x41, 0xFD, 0xFE, 0x12, 0x00, 0x00, 0x90, 0xFF, 0x24, 0x01, 0x02,
    0x00, 0x00, 0x03, 0x04, 0x06, 0x00, 0x48, 0xA9, 0x06, 0x28, 0xBE, 0xFF, 0x58, 0x00, 0x03, 0x00,
    0x00, 0x00, 0x00, 0x00, 0x00, 0x02, 0x00, 0x00, 0x00, 0x58, 0xCE, 0x3B, 0x00, 0x03, 0x00, 0x00,
    0x00, 0x00, 0x00, 0x00, 0x00, 0x00, 0x02, 0x03, 0x00, 0x00, 0x00, 0x00, 0x02, 0x00, 0x00, 0x00,
    0x00, 0x00, 0x00, 0x00, 0x00, 0x00, 0x00, 0x00, 0x00, 0x00, 0x01, 0x02, 0x00, 0x00, 0x00, 0x00,
    0x00, 0x00, 0x00, 0x00, 0x00, 0x00, 0x00, 0x00, 0x00, 0x00, 0x00, 0x00, 0x00, 0x00, 0x00, 0x00,
};
const lv_image_dsc_t ui_feed_icon_volume_16 = {
    .header = {.magic = LV_IMAGE_HEADER_MAGIC, .cf = LV_COLOR_FORMAT_A8,
               .w = 16, .h = 16, .stride = 16},
    .data_size = sizeof(s_volume_16),
    .data = s_volume_16,
};

static const uint8_t s_heart_16[] = {
    0x00, 0x01, 0x00, 0x00, 0x00, 0x00, 0x00, 0x00, 0x00, 0x00, 0x00, 0x00, 0x00, 0x00, 0x01, 0x00,
    0x01, 0x00, 0x10, 0x8D, 0xDA, 0xD9, 0x8C, 0x0C, 0x0C, 0x8C, 0xD9, 0xDA, 0x8D, 0x10, 0x00, 0x01,
    0x02, 0x0B, 0xD0, 0xF8, 0x93, 0x91, 0xF4, 0xD8, 0xD8, 0xF4, 0x91, 0x93, 0xF9, 0xD0, 0x0B, 0x02,
    0x00, 0x71, 0xFF, 0x1F, 0x00, 0x00, 0x16, 0xE6, 0xE6, 0x16, 0x00, 0x00, 0x1F, 0xFF, 0x70, 0x00,
    0x00, 0xB4, 0xBE, 0x00, 0x07, 0x05, 0x00, 0x15, 0x15, 0x00, 0x05, 0x07, 0x00, 0xBE, 0xB4, 0x00,
    0x00, 0xA7, 0xD2, 0x00, 0x03, 0x00, 0x01, 0x00, 0x00, 0x01, 0x00, 0x03, 0x00, 0xD2, 0xA7, 0x00,
    0x00, 0x58, 0xFF, 0x33, 0x00, 0x03, 0x00, 0x01, 0x01, 0x00, 0x03, 0x00, 0x33, 0xFF, 0x59, 0x00,
    0x02, 0x05, 0xD7, 0xDD, 0x07, 0x01, 0x02, 0x00, 0x00, 0x02, 0x01, 0x07, 0xDD, 0xD8, 0x06, 0x02,
    0x02, 0x00, 0x25, 0xF3, 0xB6, 0x00, 0x01, 0x02, 0x02, 0x01, 0x00, 0xB5, 0xF5, 0x27, 0x00, 0x02,
    0x00, 0x03, 0x00, 0x32, 0xFB, 0xAF, 0x01, 0x00, 0x00, 0x01, 0xAE, 0xFD, 0x35, 0x00, 0x03, 0x00,
    0x00, 0x00, 0x04, 0x00, 0x34, 0xF9, 0xBD, 0x05, 0x05, 0xBD, 0xF9, 0x36, 0x00, 0x04, 0x00, 0x00,
    0x00, 0x00, 0x00, 0x04, 0x00, 0x2C, 0xEF, 0xD1, 0xD1, 0xEF, 0x2D, 0x00, 0x04, 0x00, 0x00, 0x00,
    0x00, 0x00, 0x00, 0x00, 0x04, 0x00, 0x21, 0xCF, 0xCF, 0x20, 0x00, 0x04, 0x00, 0x00, 0x00, 0x00,
    0x00, 0x00, 0x00, 0x00, 0x00, 0x02, 0x00, 0x00, 0x00, 0x00, 0x02, 0x00, 0x00, 0x00, 0x00, 0x00,
    0x00, 0x00, 0x00, 0x00, 0x00, 0x00, 0x02, 0x00, 0x00, 0x02, 0x00, 0x00, 0x00, 0x00, 0x00, 0x00,
    0x00, 0x00, 0x00, 0x00, 0x00, 0x00, 0x00, 0x00, 0x00, 0x00, 0x00, 0x00, 0x00, 0x00, 0x00, 0x00,
};
const lv_image_dsc_t ui_feed_icon_heart_16 = {
    .header = {.magic = LV_IMAGE_HEADER_MAGIC, .cf = LV_COLOR_FORMAT_A8,
               .w = 16, .h = 16, .stride = 16},
    .data_size = sizeof(s_heart_16),
    .data = s_heart_16,
};

static const uint8_t s_heart_filled_16[] = {
    0x00, 0x01, 0x00, 0x00, 0x00, 0x00, 0x00, 0x00, 0x00, 0x00, 0x00, 0x00, 0x00, 0x00, 0x01, 0x00,
    0x01, 0x00, 0x10, 0x88, 0xC8, 0xC7, 0x86, 0x0D, 0x0D, 0x86, 0xC7, 0xC8, 0x88, 0x10, 0x00, 0x01,
    0x02, 0x0D, 0xCE, 0xFF, 0xFF, 0xFF, 0xFF, 0xD3, 0xD3, 0xFF, 0xFF, 0xFF, 0xFF, 0xCE, 0x0D, 0x02,
    0x00, 0x6E, 0xFF, 0xF8, 0xFD, 0xFD, 0xFB, 0xFF, 0xFF, 0xFB, 0xFD, 0xFD, 0xF8, 0xFF, 0x6D, 0x00,
    0x00, 0xA4, 0xFD, 0xFB, 0xFF, 0xFF, 0xFF, 0xFD, 0xFD, 0xFF, 0xFF, 0xFF, 0xFB, 0xFD, 0xA4, 0x00,
    0x00, 0x9B, 0xFE, 0xFB, 0xFF, 0xFF, 0xFF, 0xFF, 0xFF, 0xFF, 0xFF, 0xFF, 0xFB, 0xFE, 0x9B, 0x00,
    0x00, 0x59, 0xFF, 0xFB, 0xFF, 0xFF, 0xFF, 0xFF, 0xFF, 0xFF, 0xFF, 0xFF, 0xFB, 0xFF, 0x59, 0x00,
    0x02, 0x07, 0xD2, 0xFF, 0xFC, 0xFF, 0xFF, 0xFF, 0xFF, 0xFF, 0xFF, 0xFC, 0xFF, 0xD4, 0x08, 0x02,
    0x02, 0x00, 0x27, 0xEB, 0xFF, 0xFC, 0xFF, 0xFF, 0xFF, 0xFF, 0xFC, 0xFF, 0xED, 0x2A, 0x00, 0x02,
    0x00, 0x03, 0x00, 0x35, 0xEF, 0xFF, 0xFC, 0xFF, 0xFF, 0xFC, 0xFF, 0xF2, 0x39, 0x00, 0x03, 0x00,
    0x00, 0x00, 0x04, 0x00, 0x38, 0xED, 0xFF, 0xFB, 0xFB, 0xFF, 0xEE, 0x3A, 0x00, 0x04, 0x00, 0x00,
    0x00, 0x00, 0x00, 0x04, 0x00, 0x30, 0xE4, 0xFF, 0xFF, 0xE4, 0x31, 0x00, 0x04, 0x00, 0x00, 0x00,
    0x00, 0x00, 0x00, 0x00, 0x04, 0x00, 0x23, 0xC6, 0xC6, 0x23, 0x00, 0x04, 0x00, 0x00, 0x00, 0x00,
    0x00, 0x00, 0x00, 0x00, 0x00, 0x02, 0x00, 0x00, 0x00, 0x00, 0x02, 0x00, 0x00, 0x00, 0x00, 0x00,
    0x00, 0x00, 0x00, 0x00, 0x00, 0x00, 0x02, 0x00, 0x00, 0x02, 0x00, 0x00, 0x00, 0x00, 0x00, 0x00,
    0x00, 0x00, 0x00, 0x00, 0x00, 0x00, 0x00, 0x00, 0x00, 0x00, 0x00, 0x00, 0x00, 0x00, 0x00, 0x00,
};
const lv_image_dsc_t ui_feed_icon_heart_filled_16 = {
    .header = {.magic = LV_IMAGE_HEADER_MAGIC, .cf = LV_COLOR_FORMAT_A8,
               .w = 16, .h = 16, .stride = 16},
    .data_size = sizeof(s_heart_filled_16),
    .data = s_heart_filled_16,
};

static const uint8_t s_heart_slash_16[] = {
    0x00, 0x00, 0x01, 0x00, 0x00, 0x00, 0x00, 0x00, 0x00, 0x00, 0x00, 0x00, 0x00, 0x00, 0x01, 0x00,
    0x00, 0x04, 0x00, 0x5C, 0xDC, 0xD8, 0x8C, 0x0C, 0x0C, 0x8C, 0xD9, 0xDA, 0x8D, 0x10, 0x00, 0x01,
    0x01, 0x00, 0xB0, 0xA3, 0x7B, 0x97, 0xF4, 0xD8, 0xD8, 0xF4, 0x91, 0x93, 0xF9, 0xD0, 0x0B, 0x02,
    0x00, 0x42, 0xA2, 0xFF, 0x5D, 0x00, 0x1A, 0xE7, 0xE6, 0x16, 0x00, 0x00, 0x1F, 0xFF, 0x70, 0x00,
    0x00, 0xBB, 0x9F, 0x60, 0xFF, 0x74, 0x00, 0x1A, 0x15, 0x00, 0x05, 0x07, 0x00, 0xBE, 0xB4, 0x00,
    0x00, 0xA7, 0xD8, 0x00, 0x72, 0xFF, 0x71, 0x00, 0x00, 0x02, 0x00, 0x03, 0x00, 0xD2, 0xA7, 0x00,
    0x00, 0x58, 0xFF, 0x38, 0x00, 0x73, 0xFF, 0x71, 0x00, 0x04, 0x04, 0x00, 0x33, 0xFF, 0x59, 0x00,
    0x02, 0x05, 0xD7, 0xDD, 0x0A, 0x00, 0x71, 0xFF, 0x70, 0x00, 0x02, 0x06, 0xDD, 0xD8, 0x06, 0x02,
    0x02, 0x00, 0x25, 0xF3, 0xB6, 0x02, 0x00, 0x71, 0xFF, 0x70, 0x02, 0xC4, 0xF5, 0x27, 0x00, 0x02,
    0x00, 0x03, 0x00, 0x32, 0xFB, 0xAF, 0x04, 0x00, 0x6F, 0xFF, 0x85, 0xB5, 0x41, 0x00, 0x03, 0x00,
    0x00, 0x00, 0x04, 0x00, 0x34, 0xF9, 0xBD, 0x08, 0x00, 0x8E, 0xFF, 0x69, 0x00, 0x06, 0x00, 0x00,
    0x00, 0x00, 0x00, 0x04, 0x00, 0x2C, 0xEF, 0xD0, 0xDD, 0xAE, 0x69, 0xFF, 0x71, 0x00, 0x02, 0x00,
    0x00, 0x00, 0x00, 0x00, 0x04, 0x00, 0x21, 0xD0, 0xCE, 0x2C, 0x00, 0x71, 0xFF, 0x7B, 0x00, 0x02,
    0x00, 0x00, 0x00, 0x00, 0x00, 0x02, 0x00, 0x00, 0x00, 0x00, 0x04, 0x00, 0x7A, 0xBA, 0x00, 0x01,
    0x00, 0x00, 0x00, 0x00, 0x00, 0x00, 0x02, 0x00, 0x00, 0x02, 0x00, 0x02, 0x00, 0x00, 0x00, 0x00,
    0x00, 0x00, 0x00, 0x00, 0x00, 0x00, 0x00, 0x00, 0x00, 0x00, 0x00, 0x00, 0x02, 0x01, 0x00, 0x00,
};
const lv_image_dsc_t ui_feed_icon_heart_slash_16 = {
    .header = {.magic = LV_IMAGE_HEADER_MAGIC, .cf = LV_COLOR_FORMAT_A8,
               .w = 16, .h = 16, .stride = 16},
    .data_size = sizeof(s_heart_slash_16),
    .data = s_heart_slash_16,
};

static const uint8_t s_music_note_64[] = {
    0x00, 0x00, 0x00, 0x00, 0x00, 0x00, 0x00, 0x00, 0x00, 0x00, 0x00, 0x00, 0x00, 0x00, 0x00, 0x00,
    0x00, 0x00, 0x00, 0x00, 0x00, 0x00, 0x00, 0x00, 0x00, 0x00, 0x00, 0x00, 0x00, 0x00, 0x00, 0x00,
    0x00, 0x00, 0x00, 0x00, 0x00, 0x00, 0x00, 0x00, 0x00, 0x00, 0x00, 0x00, 0x00, 0x00, 0x00, 0x00,
    0x00, 0x00, 0x00, 0x00, 0x00, 0x00, 0x00, 0x00, 0x00, 0x00, 0x00, 0x00, 0x00, 0x00, 0x00, 0x00,
    0x00, 0x00, 0x00, 0x00, 0x00, 0x00, 0x00, 0x00, 0x00, 0x00, 0x00, 0x00, 0x00, 0x00, 0x00, 0x00,
    0x00, 0x00, 0x00, 0x00, 0x00, 0x00, 0x00, 0x00, 0x00, 0x00, 0x00, 0x00, 0x00, 0x00, 0x00, 0x00,
    0x00, 0x00, 0x00, 0x00, 0x00, 0x00, 0x00, 0x00, 0x00, 0x00, 0x00, 0x00, 0x00, 0x00, 0x00, 0x00,
    0x00, 0x00, 0x00, 0x00, 0x00, 0x00, 0x00, 0x00, 0x00, 0x00, 0x00, 0x00, 0x00, 0x00, 0x00, 0x00,
    0x00, 0x00, 0x00, 0x00, 0x00, 0x00, 0x00, 0x00, 0x00, 0x00, 0x00, 0x00, 0x00, 0x00, 0x00, 0x00,
    0x00, 0x00, 0x00, 0x00, 0x00, 0x00, 0x00, 0x00, 0x00, 0x00, 0x00, 0x00, 0x00, 0x00, 0x00, 0x00,
    0x00, 0x00, 0x00, 0x00, 0x00, 0x00, 0x00, 0x00, 0x00, 0x00, 0x00, 0x00, 0x00, 0x00, 0x00, 0x00,
    0x00, 0x00, 0x00, 0x00, 0x00, 0x00, 0x00, 0x00, 0x00, 0x00, 0x00, 0x00, 0x00, 0x00, 0x00, 0x00,
    0x00, 0x00, 0x00, 0x00, 0x00, 0x00, 0x00, 0x00, 0x00, 0x00, 0x00, 0x00, 0x00, 0x00, 0x00, 0x00,
    0x00, 0x00, 0x00, 0x00, 0x00, 0x00, 0x00, 0x00, 0x00, 0x00, 0x00, 0x00, 0x00, 0x00, 0x00, 0x00,
    0x00, 0x03, 0x04, 0x04, 0x04, 0x04, 0x04, 0x04, 0x04, 0x04, 0x04, 0x04, 0x04, 0x04, 0x03, 0x00,
    0x00, 0x00, 0x00, 0x00, 0x00, 0x00, 0x00, 0x00, 0x00, 0x00, 0x00, 0x00, 0x00, 0x00, 0x00, 0x00,
    0x00, 0x00, 0x00, 0x00, 0x00, 0x00, 0x00, 0x00, 0x00, 0x00, 0x00, 0x00, 0x00, 0x00, 0x00, 0x00,
    0x00, 0x00, 0x00, 0x00, 0x00, 0x00, 0x00, 0x00, 0x00, 0x00, 0x00, 0x00, 0x00, 0x00, 0x00, 0x00,
    0x01, 0x00, 0x00, 0x00, 0x00, 0x00, 0x00, 0x00, 0x00, 0x00, 0x00, 0x00, 0x00, 0x00, 0x00, 0x01,
    0x00, 0x00, 0x00, 0x00, 0x00, 0x00, 0x00, 0x00, 0x00, 0x00, 0x00, 0x00, 0x00, 0x00, 0x00, 0x00,
    0x00, 0x00, 0x00, 0x00, 0x00, 0x00, 0x00, 0x00, 0x00, 0x00, 0x00, 0x00, 0x00, 0x00, 0x00, 0x00,
    0x00, 0x00, 0x00, 0x00, 0x00, 0x00, 0x00, 0x00, 0x00, 0x00, 0x00, 0x00, 0x00, 0x00, 0x00, 0x01,
    0x00, 0x5A, 0x9A, 0x9E, 0x9F, 0x9F, 0x9F, 0x9F, 0x9F, 0x9F, 0x9F, 0x9F, 0x9E, 0x9A, 0x5A, 0x00,
    0x01, 0x00, 0x00, 0x00, 0x00, 0x00, 0x00, 0x00, 0x00, 0x00, 0x00, 0x00, 0x00, 0x00, 0x00, 0x00,
    0x00, 0x00, 0x00, 0x00, 0x00, 0x00, 0x00, 0x00, 0x00, 0x00, 0x00, 0x00, 0x00, 0x00, 0x00, 0x00,
    0x00, 0x00, 0x00, 0x00, 0x00, 0x00, 0x00, 0x00, 0x00, 0x00, 0x00, 0x00, 0x00, 0x00, 0x03, 0x00,
    0x7E, 0xFF, 0xFF, 0xFF, 0xFF, 0xFF, 0xFF, 0xFF, 0xFF, 0xFF, 0xFF, 0xFF, 0xFF, 0xFF, 0xFF, 0x7E,
    0x00, 0x03, 0x00, 0x00, 0x00, 0x00, 0x00, 0x00, 0x00, 0x00, 0x00, 0x00, 0x00, 0x00, 0x00, 0x00,
    0x00, 0x00, 0x00, 0x00, 0x00, 0x00, 0x00, 0x00, 0x00, 0x00, 0x00, 0x00, 0x00, 0x00, 0x00, 0x00,
    0x00, 0x00, 0x00, 0x00, 0x00, 0x00, 0x00, 0x00, 0x00, 0x00, 0x00, 0x00, 0x00, 0x01, 0x00, 0x09,
    0xE9, 0xFC, 0xF9, 0xFB, 0xFB, 0xFB, 0xFB, 0xFB, 0xFB, 0xFB, 0xFB, 0xFB, 0xFB, 0xF9, 0xFC, 0xE9,
    0x09, 0x00, 0x01, 0x00, 0x00, 0x00, 0x00, 0x00, 0x00, 0x00, 0x00, 0x00, 0x00, 0x00, 0x00, 0x00,
    0x00, 0x00, 0x00, 0x00, 0x00, 0x00, 0x00, 0x00, 0x00, 0x00, 0x00, 0x00, 0x00, 0x00, 0x00, 0x00,
    0x00, 0x00, 0x00, 0x00, 0x00, 0x00, 0x00, 0x00, 0x00, 0x00, 0x00, 0x00, 0x00, 0x01, 0x00, 0x12,
    0xEE, 0xFF, 0xFE, 0xFF, 0xFF, 0xFF, 0xFF, 0xFF, 0xFF, 0xFF, 0xFF, 0xFF, 0xFF, 0xFE, 0xFF, 0xEE,
    0x12, 0x00, 0x01, 0x00, 0x00, 0x00, 0x00, 0x00, 0x00, 0x00, 0x00, 0x00, 0x00, 0x00, 0x00, 0x00,
    0x00, 0x00, 0x00, 0x00, 0x00, 0x00, 0x00, 0x00, 0x00, 0x00, 0x00, 0x00, 0x00, 0x00, 0x00, 0x00,
    0x00, 0x00, 0x00, 0x00, 0x00, 0x00, 0x00, 0x00, 0x00, 0x00, 0x00, 0x00, 0x00, 0x01, 0x00, 0x11,
    0xEE, 0xFF, 0xFE, 0xFF, 0xFF, 0xFF, 0xFF, 0xFF, 0xFF, 0xFF, 0xFF, 0xFF, 0xFF, 0xFE, 0xFF, 0xEE,
    0x11, 0x00, 0x01, 0x00, 0x00, 0x00, 0x00, 0x00, 0x00, 0x00, 0x00, 0x00, 0x00, 0x00, 0x00, 0x00,
    0x00, 0x00, 0x00, 0x00, 0x00, 0x00, 0x00, 0x00, 0x00, 0x00, 0x00, 0x00, 0x00, 0x00, 0x00, 0x00,
    0x00, 0x00, 0x00, 0x00, 0x00, 0x00, 0x00, 0x00, 0x00, 0x00, 0x00, 0x00, 0x00, 0x01, 0x00, 0x11,
    0xEE, 0xFF, 0xFE, 0xFF, 0xFF, 0xFF, 0xFF, 0xFF, 0xFF, 0xFF, 0xFF, 0xFF, 0xFF, 0xFE, 0xFF, 0xEE,
    0x11, 0x00, 0x01, 0x00, 0x00, 0x00, 0x00, 0x00, 0x00, 0x00, 0x00, 0x00, 0x00, 0x00, 0x00, 0x00,
    0x00, 0x00, 0x00, 0x00, 0x00, 0x00, 0x00, 0x00, 0x00, 0x00, 0x00, 0x00, 0x00, 0x00, 0x00, 0x00,
    0x00, 0x00, 0x00, 0x00, 0x00, 0x00, 0x00, 0x00, 0x00, 0x00, 0x00, 0x00, 0x00, 0x01, 0x00, 0x11,
    0xEE, 0xFF, 0xFE, 0xFF, 0xFF, 0xFF, 0xFF, 0xFF, 0xFF, 0xFF, 0xFF, 0xFF, 0xFF, 0xFE, 0xFF, 0xEE,
    0x11, 0x00, 0x01, 0x00, 0x00, 0x00, 0x00, 0x00, 0x00, 0x00, 0x00, 0x00, 0x00, 0x00, 0x00, 0x00,
    0x00, 0x00, 0x00, 0x00, 0x00, 0x00, 0x00, 0x00, 0x00, 0x00, 0x00, 0x00, 0x00, 0x00, 0x00, 0x00,
    0x00, 0x00, 0x00, 0x00, 0x00, 0x00, 0x00, 0x00, 0x00, 0x00, 0x00, 0x00, 0x00, 0x01, 0x00, 0x11,
    0xEE, 0xFF, 0xFE, 0xFF, 0xFF, 0xFF, 0xFF, 0xFF, 0xFF, 0xFF, 0xFF, 0xFF, 0xFF, 0xFE, 0xFF, 0xED,
    0x11, 0x00, 0x01, 0x00, 0x00, 0x00, 0x00, 0x00, 0x00, 0x00, 0x00, 0x00, 0x00, 0x00, 0x00, 0x00,
    0x00, 0x00, 0x00, 0x00, 0x00, 0x00, 0x00, 0x00, 0x00, 0x00, 0x00, 0x00, 0x00, 0x00, 0x00, 0x00,
    0x00, 0x00, 0x00, 0x00, 0x00, 0x00, 0x00, 0x00, 0x00, 0x00, 0x00, 0x00, 0x00, 0x01, 0x00, 0x11,
    0xEE, 0xFF, 0xFE, 0xFF, 0xFF, 0xFE, 0xFE, 0xFE, 0xFE, 0xFE, 0xFE, 0xFE, 0xFE, 0xFD, 0xFC, 0xEF,
    0x0F, 0x00, 0x01, 0x00, 0x00, 0x00, 0x00, 0x00, 0x00, 0x00, 0x00, 0x00, 0x00, 0x00, 0x00, 0x00,
    0x00, 0x00, 0x00, 0x00, 0x00, 0x00, 0x00, 0x00, 0x00, 0x00, 0x00, 0x00, 0x00, 0x00, 0x00, 0x00,
    0x00, 0x00, 0x00, 0x00, 0x00, 0x00, 0x00, 0x00, 0x00, 0x00, 0x00, 0x00, 0x00, 0x01, 0x00, 0x11,
    0xEE, 0xFF, 0xFE, 0xFF, 0xFF, 0xFF, 0xFF, 0xFF, 0xFF, 0xFF, 0xFF, 0xFF, 0xFF, 0xFF, 0xFF, 0xBD,
    0x01, 0x02, 0x00, 0x00, 0x00, 0x00, 0x00, 0x00, 0x00, 0x00, 0x00, 0x00, 0x00, 0x00, 0x00, 0x00,
    0x00, 0x00, 0x00, 0x00, 0x00, 0x00, 0x00, 0x00, 0x00, 0x00, 0x00, 0x00, 0x00, 0x00, 0x00, 0x00,
    0x00, 0x00, 0x00, 0x00, 0x00, 0x00, 0x00, 0x00, 0x00, 0x00, 0x00, 0x00, 0x00, 0x01, 0x00, 0x11,
    0xEE, 0xFF, 0xFE, 0xFF, 0xFF, 0xF7, 0xF3, 0xF3, 0xF3, 0xF3, 0xF3, 0xF3, 0xF3, 0xF0, 0xBD, 0x21,
    0x01, 0x02, 0x00, 0x00, 0x00, 0x00, 0x00, 0x00, 0x00, 0x00, 0x00, 0x00, 0x00, 0x00, 0x00, 0x00,
    0x00, 0x00, 0x00, 0x00, 0x00, 0x00, 0x00, 0x00, 0x00, 0x00, 0x00, 0x00, 0x00, 0x00, 0x00, 0x00,
    0x00, 0x00, 0x00, 0x00, 0x00, 0x00, 0x00, 0x00, 0x00, 0x00, 0x00, 0x00, 0x00, 0x01, 0x00, 0x11,
    0xEE, 0xFF, 0xFE, 0xFC, 0xFF, 0x66, 0x17, 0x1C, 0x18, 0x18, 0x18, 0x18, 0x19, 0x16, 0x00, 0x00,
    0x00, 0x00, 0x00, 0x00, 0x00, 0x00, 0x00, 0x00, 0x00, 0x00, 0x00, 0x00, 0x00, 0x00, 0x00, 0x00,
    0x00, 0x00, 0x00, 0x00, 0x00, 0x00, 0x00, 0x00, 0x00, 0x00, 0x00, 0x00, 0x00, 0x00, 0x00, 0x00,
    0x00, 0x00, 0x00, 0x00, 0x00, 0x00, 0x00, 0x00, 0x00, 0x00, 0x00, 0x00, 0x00, 0x01, 0x00, 0x11,
    0xEE, 0xFF, 0xFE, 0xFC, 0xFF, 0x52, 0x00, 0x00, 0x00, 0x00, 0x00, 0x00, 0x00, 0x00, 0x01, 0x02,
    0x00, 0x00, 0x00, 0x00, 0x00, 0x00, 0x00, 0x00, 0x00, 0x00, 0x00, 0x00, 0x00, 0x00, 0x00, 0x00,
    0x00, 0x00, 0x00, 0x00, 0x00, 0x00, 0x00, 0x00, 0x00, 0x00, 0x00, 0x00, 0x00, 0x00, 0x00, 0x00,
    0x00, 0x00, 0x00, 0x00, 0x00, 0x00, 0x00, 0x00, 0x00, 0x00, 0x00, 0x00, 0x00, 0x01, 0x00, 0x11,
    0xEE, 0xFF, 0xFE, 0xFC, 0xFF, 0x57, 0x01, 0x05, 0x01, 0x01, 0x01, 0x01, 0x01, 0x01, 0x00, 0x00,
    0x00, 0x00, 0x00, 0x00, 0x00, 0x00, 0x00, 0x00, 0x00, 0x00, 0x00, 0x00, 0x00, 0x00, 0x00, 0x00,
    0x00, 0x00, 0x00, 0x00, 0x00, 0x00, 0x00, 0x00, 0x00, 0x00, 0x00, 0x00, 0x00, 0x00, 0x00, 0x00,
    0x00, 0x00, 0x00, 0x00, 0x00, 0x00, 0x00, 0x00, 0x00, 0x00, 0x00, 0x00, 0x00, 0x01, 0x00, 0x11,
    0xEE, 0xFF, 0xFE, 0xFC, 0xFF, 0x56, 0x00, 0x04, 0x00, 0x00, 0x00, 0x00, 0x00, 0x00, 0x00, 0x00,
    0x00, 0x00, 0x00, 0x00, 0x00, 0x00, 0x00, 0x00, 0x00, 0x00, 0x00, 0x00, 0x00, 0x00, 0x00, 0x00,
    0x00, 0x00, 0x00, 0x00, 0x00, 0x00, 0x00, 0x00, 0x00, 0x00, 0x00, 0x00, 0x00, 0x00, 0x00, 0x00,
    0x00, 0x00, 0x00, 0x00, 0x00, 0x00, 0x00, 0x00, 0x00, 0x00, 0x00, 0x00, 0x00, 0x01, 0x00, 0x11,
    0xEE, 0xFF, 0xFE, 0xFC, 0xFF, 0x56, 0x00, 0x04, 0x00, 0x00, 0x00, 0x00, 0x00, 0x00, 0x00, 0x00,
    0x00, 0x00, 0x00, 0x00, 0x00, 0x00, 0x00, 0x00, 0x00, 0x00, 0x00, 0x00, 0x00, 0x00, 0x00, 0x00,
    0x00, 0x00, 0x00, 0x00, 0x00, 0x00, 0x00, 0x00, 0x00, 0x00, 0x00, 0x00, 0x00, 0x00, 0x00, 0x00,
    0x00, 0x00, 0x00, 0x00, 0x00, 0x00, 0x00, 0x00, 0x00, 0x00, 0x00, 0x00, 0x00, 0x01, 0x00, 0x11,
    0xEE, 0xFF, 0xFE, 0xFC, 0xFF, 0x56, 0x00, 0x04, 0x00, 0x00, 0x00, 0x00, 0x00, 0x00, 0x00, 0x00,
    0x00, 0x00, 0x00, 0x00, 0x00, 0x00, 0x00, 0x00, 0x00, 0x00, 0x00, 0x00, 0x00, 0x00, 0x00, 0x00,
    0x00, 0x00, 0x00, 0x00, 0x00, 0x00, 0x00, 0x00, 0x00, 0x00, 0x00, 0x00, 0x00, 0x00, 0x00, 0x00,
    0x00, 0x00, 0x00, 0x00, 0x00, 0x00, 0x00, 0x00, 0x00, 0x00, 0x00, 0x00, 0x00, 0x01, 0x00, 0x11,
    0xEE, 0xFF, 0xFE, 0xFC, 0xFF, 0x56, 0x00, 0x04, 0x00, 0x00, 0x00, 0x00, 0x00, 0x00, 0x00, 0x00,
    0x00, 0x00, 0x00, 0x00, 0x00, 0x00, 0x00, 0x00, 0x00, 0x00, 0x00, 0x00, 0x00, 0x00, 0x00, 0x00,
    0x00, 0x00, 0x00, 0x00, 0x00, 0x00, 0x00, 0x00, 0x00, 0x00, 0x00, 0x00, 0x00, 0x00, 0x00, 0x00,
    0x00, 0x00, 0x00, 0x00, 0x00, 0x00, 0x00, 0x00, 0x00, 0x00, 0x00, 0x00, 0x00, 0x01, 0x00, 0x11,
    0xEE, 0xFF, 0xFE, 0xFC, 0xFF, 0x56, 0x00, 0x04, 0x00, 0x00, 0x00, 0x00, 0x00, 0x00, 0x00, 0x00,
    0x00, 0x00, 0x00, 0x00, 0x00, 0x00, 0x00, 0x00, 0x00, 0x00, 0x00, 0x00, 0x00, 0x00, 0x00, 0x00,
    0x00, 0x00, 0x00, 0x00, 0x00, 0x00, 0x00, 0x00, 0x00, 0x00, 0x00, 0x00, 0x00, 0x00, 0x00, 0x00,
    0x00, 0x00, 0x00, 0x00, 0x00, 0x00, 0x00, 0x00, 0x00, 0x00, 0x00, 0x00, 0x00, 0x01, 0x00, 0x11,
    0xEE, 0xFF, 0xFE, 0xFC, 0xFF, 0x56, 0x00, 0x04, 0x00, 0x00, 0x00, 0x00, 0x00, 0x00, 0x00, 0x00,
    0x00, 0x00, 0x00, 0x00, 0x00, 0x00, 0x00, 0x00, 0x00, 0x00, 0x00, 0x00, 0x00, 0x00, 0x00, 0x00,
    0x00, 0x00, 0x00, 0x00, 0x00, 0x00, 0x00, 0x00, 0x00, 0x00, 0x00, 0x00, 0x00, 0x00, 0x00, 0x00,
    0x00, 0x00, 0x00, 0x00, 0x00, 0x00, 0x00, 0x00, 0x00, 0x00, 0x00, 0x00, 0x00, 0x01, 0x00, 0x11,
    0xEE, 0xFF, 0xFE, 0xFC, 0xFF, 0x56, 0x00, 0x04, 0x00, 0x00, 0x00, 0x00, 0x00, 0x00, 0x00, 0x00,
    0x00, 0x00, 0x00, 0x00, 0x00, 0x00, 0x00, 0x00, 0x00, 0x00, 0x00, 0x00, 0x00, 0x00, 0x00, 0x00,
    0x00, 0x00, 0x00, 0x00, 0x00, 0x00, 0x00, 0x00, 0x00, 0x00, 0x00, 0x00, 0x00, 0x00, 0x00, 0x00,
    0x00, 0x00, 0x00, 0x00, 0x00, 0x00, 0x00, 0x00, 0x00, 0x00, 0x00, 0x00, 0x00, 0x01, 0x00, 0x11,
    0xEE, 0xFF, 0xFE, 0xFC, 0xFF, 0x56, 0x00, 0x04, 0x00, 0x00, 0x00, 0x00, 0x00, 0x00, 0x00, 0x00,
    0x00, 0x00, 0x00, 0x00, 0x00, 0x00, 0x00, 0x00, 0x00, 0x00, 0x00, 0x00, 0x00, 0x00, 0x00, 0x00,
    0x00, 0x00, 0x00, 0x00, 0x00, 0x00, 0x00, 0x00, 0x00, 0x00, 0x00, 0x00, 0x00, 0x00, 0x00, 0x00,
    0x00, 0x00, 0x00, 0x00, 0x00, 0x00, 0x00, 0x00, 0x00, 0x00, 0x00, 0x00, 0x00, 0x01, 0x00, 0x11,
    0xEE, 0xFF, 0xFE, 0xFC, 0xFF, 0x56, 0x00, 0x04, 0x00, 0x00, 0x00, 0x00, 0x00, 0x00, 0x00, 0x00,
    0x00, 0x00, 0x00, 0x00, 0x00, 0x00, 0x00, 0x00, 0x00, 0x00, 0x00, 0x00, 0x00, 0x00, 0x00, 0x00,
    0x00, 0x00, 0x00, 0x00, 0x00, 0x00, 0x00, 0x00, 0x00, 0x00, 0x00, 0x00, 0x00, 0x00, 0x00, 0x00,
    0x00, 0x00, 0x00, 0x00, 0x00, 0x00, 0x00, 0x00, 0x00, 0x00, 0x00, 0x00, 0x00, 0x01, 0x00, 0x11,
    0xEE, 0xFF, 0xFE, 0xFC, 0xFF, 0x56, 0x00, 0x04, 0x00, 0x00, 0x00, 0x00, 0x00, 0x00, 0x00, 0x00,
    0x00, 0x00, 0x00, 0x00, 0x00, 0x00, 0x00, 0x00, 0x00, 0x00, 0x00, 0x00, 0x00, 0x00, 0x00, 0x00,
    0x00, 0x00, 0x00, 0x00, 0x00, 0x00, 0x00, 0x00, 0x00, 0x00, 0x00, 0x00, 0x00, 0x00, 0x00, 0x00,
    0x00, 0x00, 0x00, 0x00, 0x00, 0x00, 0x00, 0x00, 0x00, 0x01, 0x01, 0x01, 0x00, 0x01, 0x00, 0x11,
    0xEE, 0xFF, 0xFE, 0xFC, 0xFF, 0x56, 0x00, 0x04, 0x00, 0x00, 0x00, 0x00, 0x00, 0x00, 0x00, 0x00,
    0x00, 0x00, 0x00, 0x00, 0x00, 0x00, 0x00, 0x00, 0x00, 0x00, 0x00, 0x00, 0x00, 0x00, 0x00, 0x00,
    0x00, 0x00, 0x00, 0x00, 0x00, 0x00, 0x00, 0x00, 0x00, 0x00, 0x00, 0x00, 0x00, 0x00, 0x00, 0x00,
    0x00, 0x00, 0x00, 0x00, 0x00, 0x00, 0x02, 0x04, 0x02, 0x00, 0x00, 0x00, 0x01, 0x05, 0x03, 0x11,
    0xEE, 0xFF, 0xFE, 0xFC, 0xFF, 0x56, 0x00, 0x04, 0x00, 0x00, 0x00, 0x00, 0x00, 0x00, 0x00, 0x00,
    0x00, 0x00, 0x00, 0x00, 0x00, 0x00, 0x00, 0x00, 0x00, 0x00, 0x00, 0x00, 0x00, 0x00, 0x00, 0x00,
    0x00, 0x00, 0x00, 0x00, 0x00, 0x00, 0x00, 0x00, 0x00, 0x00, 0x00, 0x00, 0x00, 0x00, 0x00, 0x00,
    0x00, 0x00, 0x00, 0x00, 0x01, 0x02, 0x00, 0x00, 0x00, 0x04, 0x0B, 0x07, 0x00, 0x00, 0x00, 0x12,
    0xEF, 0xFF, 0xFE, 0xFC, 0xFF, 0x56, 0x00, 0x04, 0x00, 0x00, 0x00, 0x00, 0x00, 0x00, 0x00, 0x00,
    0x00, 0x00, 0x00, 0x00, 0x00, 0x00, 0x00, 0x00, 0x00, 0x00, 0x00, 0x00, 0x00, 0x00, 0x00, 0x00,
    0x00, 0x00, 0x00, 0x00, 0x00, 0x00, 0x00, 0x00, 0x00, 0x00, 0x00, 0x00, 0x00, 0x00, 0x00, 0x00,
    0x00, 0x00, 0x00, 0x03, 0x00, 0x00, 0x2C, 0x7E, 0xBB, 0xDB, 0xE6, 0xDF, 0xC8, 0x94, 0x3F, 0x0B,
    0xEC, 0xFF, 0xFE, 0xFC, 0xFF, 0x56, 0x00, 0x04, 0x00, 0x00, 0x00, 0x00, 0x00, 0x00, 0x00, 0x00,
    0x00, 0x00, 0x00, 0x00, 0x00, 0x00, 0x00, 0x00, 0x00, 0x00, 0x00, 0x00, 0x00, 0x00, 0x00, 0x00,
    0x00, 0x00, 0x00, 0x00, 0x00, 0x00, 0x00, 0x00, 0x00, 0x00, 0x00, 0x00, 0x00, 0x00, 0x00, 0x00,
    0x00, 0x00, 0x03, 0x00, 0x19, 0xA0, 0xFA, 0xFF, 0xFF, 0xFF, 0xFF, 0xFF, 0xFF, 0xFF, 0xFF, 0xC6,
    0xF2, 0xFF, 0xFE, 0xFC, 0xFF, 0x56, 0x00, 0x04, 0x00, 0x00, 0x00, 0x00, 0x00, 0x00, 0x00, 0x00,
    0x00, 0x00, 0x00, 0x00, 0x00, 0x00, 0x00, 0x00, 0x00, 0x00, 0x00, 0x00, 0x00, 0x00, 0x00, 0x00,
    0x00, 0x00, 0x00, 0x00, 0x00, 0x00, 0x00, 0x00, 0x00, 0x00, 0x00, 0x00, 0x00, 0x00, 0x00, 0x00,
    0x00, 0x03, 0x00, 0x3A, 0xE2, 0xFF, 0xFF, 0xFB, 0xFC, 0xFD, 0xFE, 0xFD, 0xFD, 0xFB, 0xFE, 0xFF,
    0xFF, 0xFF, 0xFF, 0xFC, 0xFF, 0x56, 0x00, 0x04, 0x00, 0x00, 0x00, 0x00, 0x00, 0x00, 0x00, 0x00,
    0x00, 0x00, 0x00, 0x00, 0x00, 0x00, 0x00, 0x00, 0x00, 0x00, 0x00, 0x00, 0x00, 0x00, 0x00, 0x00,
    0x00, 0x00, 0x00, 0x00, 0x00, 0x00, 0x00, 0x00, 0x00, 0x00, 0x00, 0x00, 0x00, 0x00, 0x00, 0x00,
    0x02, 0x00, 0x39, 0xF4, 0xFF, 0xFB, 0xFF, 0xFF, 0xFF, 0xFF, 0xFF, 0xFF, 0xFF, 0xFF, 0xFF, 0xFC,
    0xFF, 0xFF, 0xFF, 0xFC, 0xFF, 0x56, 0x00, 0x04, 0x00, 0x00, 0x00, 0x00, 0x00, 0x00, 0x00, 0x00,
    0x00, 0x00, 0x00, 0x00, 0x00, 0x00, 0x00, 0x00, 0x00, 0x00, 0x00, 0x00, 0x00, 0x00, 0x00, 0x00,
    0x00, 0x00, 0x00, 0x00, 0x00, 0x00, 0x00, 0x00, 0x00, 0x00, 0x00, 0x00, 0x00, 0x00, 0x00, 0x02,
    0x02, 0x18, 0xE8, 0xFF, 0xFC, 0xFF, 0xFF, 0xFF, 0xFF, 0xFF, 0xFF, 0xFF, 0xFF, 0xFF, 0xFF, 0xFF,
    0xFF, 0xFF, 0xFF, 0xFC, 0xFF, 0x56, 0x00, 0x04, 0x00, 0x00, 0x00, 0x00, 0x00, 0x00, 0x00, 0x00,
    0x00, 0x00, 0x00, 0x00, 0x00, 0x00, 0x00, 0x00, 0x00, 0x00, 0x00, 0x00, 0x00, 0x00, 0x00, 0x00,
    0x00, 0x00, 0x00, 0x00, 0x00, 0x00, 0x00, 0x00, 0x00, 0x00, 0x00, 0x00, 0x00, 0x00, 0x00, 0x03,
    0x00, 0xA7, 0xFF, 0xFB, 0xFF, 0xFF, 0xFF, 0xFF, 0xFF, 0xFF, 0xFF, 0xFF, 0xFF, 0xFF, 0xFF, 0xFF,
    0xFF, 0xFF, 0xFF, 0xFC, 0xFF, 0x56, 0x00, 0x04, 0x00, 0x00, 0x00, 0x00, 0x00, 0x00, 0x00, 0x00,
    0x00, 0x00, 0x00, 0x00, 0x00, 0x00, 0x00, 0x00, 0x00, 0x00, 0x00, 0x00, 0x00, 0x00, 0x00, 0x00,
    0x00, 0x00, 0x00, 0x00, 0x00, 0x00, 0x00, 0x00, 0x00, 0x00, 0x00, 0x00, 0x00, 0x00, 0x02, 0x00,
    0x2D, 0xFE, 0xFD, 0xFF, 0xFF, 0xFF, 0xFF, 0xFF, 0xFF, 0xFF, 0xFF, 0xFF, 0xFF, 0xFF, 0xFF, 0xFF,
    0xFF, 0xFF, 0xFF, 0xFC, 0xFF, 0x56, 0x00, 0x04, 0x00, 0x00, 0x00, 0x00, 0x00, 0x00, 0x00, 0x00,
    0x00, 0x00, 0x00, 0x00, 0x00, 0x00, 0x00, 0x00, 0x00, 0x00, 0x00, 0x00, 0x00, 0x00, 0x00, 0x00,
    0x00, 0x00, 0x00, 0x00, 0x00, 0x00, 0x00, 0x00, 0x00, 0x00, 0x00, 0x00, 0x00, 0x00, 0x04, 0x00,
    0x88, 0xFF, 0xFB, 0xFF, 0xFF, 0xFF, 0xFF, 0xFF, 0xFF, 0xFF, 0xFF, 0xFF, 0xFF, 0xFF, 0xFF, 0xFF,
    0xFF, 0xFF, 0xFF, 0xFC, 0xFF, 0x56, 0x00, 0x04, 0x00, 0x00, 0x00, 0x00, 0x00, 0x00, 0x00, 0x00,
    0x00, 0x00, 0x00, 0x00, 0x00, 0x00, 0x00, 0x00, 0x00, 0x00, 0x00, 0x00, 0x00, 0x00, 0x00, 0x00,
    0x00, 0x00, 0x00, 0x00, 0x00, 0x00, 0x00, 0x00, 0x00, 0x00, 0x00, 0x00, 0x00, 0x00, 0x01, 0x00,
    0xC5, 0xFF, 0xFC, 0xFF, 0xFF, 0xFF, 0xFF, 0xFF, 0xFF, 0xFF, 0xFF, 0xFF, 0xFF, 0xFF, 0xFF, 0xFF,
    0xFF, 0xFF, 0xFF, 0xFC, 0xFF, 0x56, 0x00, 0x04, 0x00, 0x00, 0x00, 0x00, 0x00, 0x00, 0x00, 0x00,
    0x00, 0x00, 0x00, 0x00, 0x00, 0x00, 0x00, 0x00, 0x00, 0x00, 0x00, 0x00, 0x00, 0x00, 0x00, 0x00,
    0x00, 0x00, 0x00, 0x00, 0x00, 0x00, 0x00, 0x00, 0x00, 0x00, 0x00, 0x00, 0x00, 0x01, 0x00, 0x08,
    0xE3, 0xFF, 0xFD, 0xFF, 0xFF, 0xFF, 0xFF, 0xFF, 0xFF, 0xFF, 0xFF, 0xFF, 0xFF, 0xFF, 0xFF, 0xFF,
    0xFF, 0xFF, 0xFF, 0xFC, 0xFF, 0x56, 0x00, 0x04, 0x00, 0x00, 0x00, 0x00, 0x00, 0x00, 0x00, 0x00,
    0x00, 0x00, 0x00, 0x00, 0x00, 0x00, 0x00, 0x00, 0x00, 0x00, 0x00, 0x00, 0x00, 0x00, 0x00, 0x00,
    0x00, 0x00, 0x00, 0x00, 0x00, 0x00, 0x00, 0x00, 0x00, 0x00, 0x00, 0x00, 0x00, 0x01, 0x00, 0x11,
    0xED, 0xFF, 0xFE, 0xFF, 0xFF, 0xFF, 0xFF, 0xFF, 0xFF, 0xFF, 0xFF, 0xFF, 0xFF, 0xFF, 0xFF, 0xFF,
    0xFF, 0xFF, 0xFF, 0xFC, 0xFF, 0x56, 0x00, 0x04, 0x00, 0x00, 0x00, 0x00, 0x00, 0x00, 0x00, 0x00,
    0x00, 0x00, 0x00, 0x00, 0x00, 0x00, 0x00, 0x00, 0x00, 0x00, 0x00, 0x00, 0x00, 0x00, 0x00, 0x00,
    0x00, 0x00, 0x00, 0x00, 0x00, 0x00, 0x00, 0x00, 0x00, 0x00, 0x00, 0x00, 0x00, 0x01, 0x00, 0x0D,
    0xE9, 0xFF, 0xFE, 0xFF, 0xFF, 0xFF, 0xFF, 0xFF, 0xFF, 0xFF, 0xFF, 0xFF, 0xFF, 0xFF, 0xFF, 0xFF,
    0xFF, 0xFF, 0xFF, 0xFC, 0xFF, 0x4F, 0x00, 0x03, 0x00, 0x00, 0x00, 0x00, 0x00, 0x00, 0x00, 0x00,
    0x00, 0x00, 0x00, 0x00, 0x00, 0x00, 0x00, 0x00, 0x00, 0x00, 0x00, 0x00, 0x00, 0x00, 0x00, 0x00,
    0x00, 0x00, 0x00, 0x00, 0x00, 0x00, 0x00, 0x00, 0x00, 0x00, 0x00, 0x00, 0x00, 0x00, 0x00, 0x01,
    0xD5, 0xFF, 0xFD, 0xFF, 0xFF, 0xFF, 0xFF, 0xFF, 0xFF, 0xFF, 0xFF, 0xFF, 0xFF, 0xFF, 0xFF, 0xFF,
    0xFF, 0xFF, 0xFF, 0xFE, 0xFF, 0x36, 0x00, 0x03, 0x00, 0x00, 0x00, 0x00, 0x00, 0x00, 0x00, 0x00,
    0x00, 0x00, 0x00, 0x00, 0x00, 0x00, 0x00, 0x00, 0x00, 0x00, 0x00, 0x00, 0x00, 0x00, 0x00, 0x00,
    0x00, 0x00, 0x00, 0x00, 0x00, 0x00, 0x00, 0x00, 0x00, 0x00, 0x00, 0x00, 0x00, 0x00, 0x04, 0x00,
    0xA6, 0xFE, 0xFB, 0xFF, 0xFF, 0xFF, 0xFF, 0xFF, 0xFF, 0xFF, 0xFF, 0xFF, 0xFF, 0xFF, 0xFF, 0xFF,
    0xFF, 0xFF, 0xFE, 0xFF, 0xEC, 0x0F, 0x00, 0x01, 0x00, 0x00, 0x00, 0x00, 0x00, 0x00, 0x00, 0x00,
    0x00, 0x00, 0x00, 0x00, 0x00, 0x00, 0x00, 0x00, 0x00, 0x00, 0x00, 0x00, 0x00, 0x00, 0x00, 0x00,
    0x00, 0x00, 0x00, 0x00, 0x00, 0x00, 0x00, 0x00, 0x00, 0x00, 0x00, 0x00, 0x00, 0x00, 0x04, 0x00,
    0x54, 0xFF, 0xFC, 0xFF, 0xFF, 0xFF, 0xFF, 0xFF, 0xFF, 0xFF, 0xFF, 0xFF, 0xFF, 0xFF, 0xFF, 0xFF,
    0xFF, 0xFF, 0xFB, 0xFE, 0xA9, 0x00, 0x03, 0x00, 0x00, 0x00, 0x00, 0x00, 0x00, 0x00, 0x00, 0x00,
    0x00, 0x00, 0x00, 0x00, 0x00, 0x00, 0x00, 0x00, 0x00, 0x00, 0x00, 0x00, 0x00, 0x00, 0x00, 0x00,
    0x00, 0x00, 0x00, 0x00, 0x00, 0x00, 0x00, 0x00, 0x00, 0x00, 0x00, 0x00, 0x00, 0x00, 0x01, 0x01,
    0x08, 0xDB, 0xFE, 0xFD, 0xFF, 0xFF, 0xFF, 0xFF, 0xFF, 0xFF, 0xFF, 0xFF, 0xFF, 0xFF, 0xFF, 0xFF,
    0xFF, 0xFF, 0xFB, 0xFF, 0x39, 0x00, 0x03, 0x00, 0x00, 0x00, 0x00, 0x00, 0x00, 0x00, 0x00, 0x00,
    0x00, 0x00, 0x00, 0x00, 0x00, 0x00, 0x00, 0x00, 0x00, 0x00, 0x00, 0x00, 0x00, 0x00, 0x00, 0x00,
    0x00, 0x00, 0x00, 0x00, 0x00, 0x00, 0x00, 0x00, 0x00, 0x00, 0x00, 0x00, 0x00, 0x00, 0x00, 0x03,
    0x00, 0x4C, 0xFF, 0xFA, 0xFE, 0xFF, 0xFF, 0xFF, 0xFF, 0xFF, 0xFF, 0xFF, 0xFF, 0xFF, 0xFF, 0xFF,
    0xFF, 0xFA, 0xFF, 0x9F, 0x00, 0x03, 0x00, 0x00, 0x00, 0x00, 0x00, 0x00, 0x00, 0x00, 0x00, 0x00,
    0x00, 0x00, 0x00, 0x00, 0x00, 0x00, 0x00, 0x00, 0x00, 0x00, 0x00, 0x00, 0x00, 0x00, 0x00, 0x00,
    0x00, 0x00, 0x00, 0x00, 0x00, 0x00, 0x00, 0x00, 0x00, 0x00, 0x00, 0x00, 0x00, 0x00, 0x00, 0x00,
    0x03, 0x00, 0x88, 0xFF, 0xFA, 0xFE, 0xFF, 0xFF, 0xFF, 0xFF, 0xFF, 0xFF, 0xFF, 0xFF, 0xFF, 0xFF,
    0xFA, 0xFF, 0xCE, 0x0C, 0x02, 0x01, 0x00, 0x00, 0x00, 0x00, 0x00, 0x00, 0x00, 0x00, 0x00, 0x00,
    0x00, 0x00, 0x00, 0x00, 0x00, 0x00, 0x00, 0x00, 0x00, 0x00, 0x00, 0x00, 0x00, 0x00, 0x00, 0x00,
    0x00, 0x00, 0x00, 0x00, 0x00, 0x00, 0x00, 0x00, 0x00, 0x00, 0x00, 0x00, 0x00, 0x00, 0x00, 0x00,
    0x00, 0x03, 0x00, 0x91, 0xFF, 0xFF, 0xFB, 0xFD, 0xFF, 0xFF, 0xFF, 0xFF, 0xFF, 0xFE, 0xFC, 0xFC,
    0xFF, 0xCD, 0x18, 0x00, 0x02, 0x00, 0x00, 0x00, 0x00, 0x00, 0x00, 0x00, 0x00, 0x00, 0x00, 0x00,
    0x00, 0x00, 0x00, 0x00, 0x00, 0x00, 0x00, 0x00, 0x00, 0x00, 0x00, 0x00, 0x00, 0x00, 0x00, 0x00,
    0x00, 0x00, 0x00, 0x00, 0x00, 0x00, 0x00, 0x00, 0x00, 0x00, 0x00, 0x00, 0x00, 0x00, 0x00, 0x00,
    0x00, 0x01, 0x02, 0x00, 0x6A, 0xEF, 0xFF, 0xFF, 0xFF, 0xFC, 0xFB, 0xFC, 0xFE, 0xFF, 0xFF, 0xFF,
    0xA0, 0x0E, 0x00, 0x02, 0x00, 0x00, 0x00, 0x00, 0x00, 0x00, 0x00, 0x00, 0x00, 0x00, 0x00, 0x00,
    0x00, 0x00, 0x00, 0x00, 0x00, 0x00, 0x00, 0x00, 0x00, 0x00, 0x00, 0x00, 0x00, 0x00, 0x00, 0x00,
    0x00, 0x00, 0x00, 0x00, 0x00, 0x00, 0x00, 0x00, 0x00, 0x00, 0x00, 0x00, 0x00, 0x00, 0x00, 0x00,
    0x00, 0x00, 0x00, 0x02, 0x00, 0x20, 0x8B, 0xDC, 0xFF, 0xFF, 0xFF, 0xFF, 0xFF, 0xED, 0xAC, 0x42,
    0x00, 0x00, 0x02, 0x00, 0x00, 0x00, 0x00, 0x00, 0x00, 0x00, 0x00, 0x00, 0x00, 0x00, 0x00, 0x00,
    0x00, 0x00, 0x00, 0x00, 0x00, 0x00, 0x00, 0x00, 0x00, 0x00, 0x00, 0x00, 0x00, 0x00, 0x00, 0x00,
    0x00, 0x00, 0x00, 0x00, 0x00, 0x00, 0x00, 0x00, 0x00, 0x00, 0x00, 0x00, 0x00, 0x00, 0x00, 0x00,
    0x00, 0x00, 0x00, 0x00, 0x03, 0x00, 0x00, 0x07, 0x30, 0x50, 0x5F, 0x57, 0x3C, 0x14, 0x00, 0x00,
    0x02, 0x01, 0x00, 0x00, 0x00, 0x00, 0x00, 0x00, 0x00, 0x00, 0x00, 0x00, 0x00, 0x00, 0x00, 0x00,
    0x00, 0x00, 0x00, 0x00, 0x00, 0x00, 0x00, 0x00, 0x00, 0x00, 0x00, 0x00, 0x00, 0x00, 0x00, 0x00,
    0x00, 0x00, 0x00, 0x00, 0x00, 0x00, 0x00, 0x00, 0x00, 0x00, 0x00, 0x00, 0x00, 0x00, 0x00, 0x00,
    0x00, 0x00, 0x00, 0x00, 0x00, 0x02, 0x04, 0x00, 0x00, 0x00, 0x00, 0x00, 0x00, 0x00, 0x03, 0x03,
    0x00, 0x00, 0x00, 0x00, 0x00, 0x00, 0x00, 0x00, 0x00, 0x00, 0x00, 0x00, 0x00, 0x00, 0x00, 0x00,
    0x00, 0x00, 0x00, 0x00, 0x00, 0x00, 0x00, 0x00, 0x00, 0x00, 0x00, 0x00, 0x00, 0x00, 0x00, 0x00,
    0x00, 0x00, 0x00, 0x00, 0x00, 0x00, 0x00, 0x00, 0x00, 0x00, 0x00, 0x00, 0x00, 0x00, 0x00, 0x00,
    0x00, 0x00, 0x00, 0x00, 0x00, 0x00, 0x00, 0x01, 0x02, 0x03, 0x04, 0x04, 0x03, 0x01, 0x00, 0x00,
    0x00, 0x00, 0x00, 0x00, 0x00, 0x00, 0x00, 0x00, 0x00, 0x00, 0x00, 0x00, 0x00, 0x00, 0x00, 0x00,
    0x00, 0x00, 0x00, 0x00, 0x00, 0x00, 0x00, 0x00, 0x00, 0x00, 0x00, 0x00, 0x00, 0x00, 0x00, 0x00,
    0x00, 0x00, 0x00, 0x00, 0x00, 0x00, 0x00, 0x00, 0x00, 0x00, 0x00, 0x00, 0x00, 0x00, 0x00, 0x00,
    0x00, 0x00, 0x00, 0x00, 0x00, 0x00, 0x00, 0x00, 0x00, 0x00, 0x00, 0x00, 0x00, 0x00, 0x00, 0x00,
    0x00, 0x00, 0x00, 0x00, 0x00, 0x00, 0x00, 0x00, 0x00, 0x00, 0x00, 0x00, 0x00, 0x00, 0x00, 0x00,
    0x00, 0x00, 0x00, 0x00, 0x00, 0x00, 0x00, 0x00, 0x00, 0x00, 0x00, 0x00, 0x00, 0x00, 0x00, 0x00,
    0x00, 0x00, 0x00, 0x00, 0x00, 0x00, 0x00, 0x00, 0x00, 0x00, 0x00, 0x00, 0x00, 0x00, 0x00, 0x00,
    0x00, 0x00, 0x00, 0x00, 0x00, 0x00, 0x00, 0x00, 0x00, 0x00, 0x00, 0x00, 0x00, 0x00, 0x00, 0x00,
    0x00, 0x00, 0x00, 0x00, 0x00, 0x00, 0x00, 0x00, 0x00, 0x00, 0x00, 0x00, 0x00, 0x00, 0x00, 0x00,
    0x00, 0x00, 0x00, 0x00, 0x00, 0x00, 0x00, 0x00, 0x00, 0x00, 0x00, 0x00, 0x00, 0x00, 0x00, 0x00,
    0x00, 0x00, 0x00, 0x00, 0x00, 0x00, 0x00, 0x00, 0x00, 0x00, 0x00, 0x00, 0x00, 0x00, 0x00, 0x00,
    0x00, 0x00, 0x00, 0x00, 0x00, 0x00, 0x00, 0x00, 0x00, 0x00, 0x00, 0x00, 0x00, 0x00, 0x00, 0x00,
    0x00, 0x00, 0x00, 0x00, 0x00, 0x00, 0x00, 0x00, 0x00, 0x00, 0x00, 0x00, 0x00, 0x00, 0x00, 0x00,
    0x00, 0x00, 0x00, 0x00, 0x00, 0x00, 0x00, 0x00, 0x00, 0x00, 0x00, 0x00, 0x00, 0x00, 0x00, 0x00,
    0x00, 0x00, 0x00, 0x00, 0x00, 0x00, 0x00, 0x00, 0x00, 0x00, 0x00, 0x00, 0x00, 0x00, 0x00, 0x00,
    0x00, 0x00, 0x00, 0x00, 0x00, 0x00, 0x00, 0x00, 0x00, 0x00, 0x00, 0x00, 0x00, 0x00, 0x00, 0x00,
    0x00, 0x00, 0x00, 0x00, 0x00, 0x00, 0x00, 0x00, 0x00, 0x00, 0x00, 0x00, 0x00, 0x00, 0x00, 0x00,
    0x00, 0x00, 0x00, 0x00, 0x00, 0x00, 0x00, 0x00, 0x00, 0x00, 0x00, 0x00, 0x00, 0x00, 0x00, 0x00,
    0x00, 0x00, 0x00, 0x00, 0x00, 0x00, 0x00, 0x00, 0x00, 0x00, 0x00, 0x00, 0x00, 0x00, 0x00, 0x00,
    0x00, 0x00, 0x00, 0x00, 0x00, 0x00, 0x00, 0x00, 0x00, 0x00, 0x00, 0x00, 0x00, 0x00, 0x00, 0x00,
    0x00, 0x00, 0x00, 0x00, 0x00, 0x00, 0x00, 0x00, 0x00, 0x00, 0x00, 0x00, 0x00, 0x00, 0x00, 0x00,
    0x00, 0x00, 0x00, 0x00, 0x00, 0x00, 0x00, 0x00, 0x00, 0x00, 0x00, 0x00, 0x00, 0x00, 0x00, 0x00,
    0x00, 0x00, 0x00, 0x00, 0x00, 0x00, 0x00, 0x00, 0x00, 0x00, 0x00, 0x00, 0x00, 0x00, 0x00, 0x00,
    0x00, 0x00, 0x00, 0x00, 0x00, 0x00, 0x00, 0x00, 0x00, 0x00, 0x00, 0x00, 0x00, 0x00, 0x00, 0x00,
    0x00, 0x00, 0x00, 0x00, 0x00, 0x00, 0x00, 0x00, 0x00, 0x00, 0x00, 0x00, 0x00, 0x00, 0x00, 0x00,
    0x00, 0x00, 0x00, 0x00, 0x00, 0x00, 0x00, 0x00, 0x00, 0x00, 0x00, 0x00, 0x00, 0x00, 0x00, 0x00,
    0x00, 0x00, 0x00, 0x00, 0x00, 0x00, 0x00, 0x00, 0x00, 0x00, 0x00, 0x00, 0x00, 0x00, 0x00, 0x00,
    0x00, 0x00, 0x00, 0x00, 0x00, 0x00, 0x00, 0x00, 0x00, 0x00, 0x00, 0x00, 0x00, 0x00, 0x00, 0x00,
    0x00, 0x00, 0x00, 0x00, 0x00, 0x00, 0x00, 0x00, 0x00, 0x00, 0x00, 0x00, 0x00, 0x00, 0x00, 0x00,
    0x00, 0x00, 0x00, 0x00, 0x00, 0x00, 0x00, 0x00, 0x00, 0x00, 0x00, 0x00, 0x00, 0x00, 0x00, 0x00,
    0x00, 0x00, 0x00, 0x00, 0x00, 0x00, 0x00, 0x00, 0x00, 0x00, 0x00, 0x00, 0x00, 0x00, 0x00, 0x00,
    0x00, 0x00, 0x00, 0x00, 0x00, 0x00, 0x00, 0x00, 0x00, 0x00, 0x00, 0x00, 0x00, 0x00, 0x00, 0x00,
    0x00, 0x00, 0x00, 0x00, 0x00, 0x00, 0x00, 0x00, 0x00, 0x00, 0x00, 0x00, 0x00, 0x00, 0x00, 0x00,
    0x00, 0x00, 0x00, 0x00, 0x00, 0x00, 0x00, 0x00, 0x00, 0x00, 0x00, 0x00, 0x00, 0x00, 0x00, 0x00,
};
const lv_image_dsc_t ui_feed_icon_music_note_64 = {
    .header = {.magic = LV_IMAGE_HEADER_MAGIC, .cf = LV_COLOR_FORMAT_A8,
               .w = 64, .h = 64, .stride = 64},
    .data_size = sizeof(s_music_note_64),
    .data = s_music_note_64,
};

static const uint8_t s_music_note_107[] = {
    0x00, 0x00, 0x00, 0x00, 0x00, 0x00, 0x00, 0x00, 0x00, 0x00, 0x00, 0x00, 0x00, 0x00, 0x00, 0x00,
    0x00, 0x00, 0x00, 0x00, 0x00, 0x00, 0x00, 0x00, 0x00, 0x00, 0x00, 0x00, 0x00, 0x00, 0x00, 0x00,
    0x00, 0x00, 0x00, 0x00, 0x00, 0x00, 0x00, 0x00, 0x00, 0x00, 0x00, 0x00, 0x00, 0x00, 0x00, 0x00,
    0x00, 0x00, 0x00, 0x00, 0x00, 0x00, 0x00, 0x00, 0x00, 0x00, 0x00, 0x00, 0x00, 0x00, 0x00, 0x00,
    0x00, 0x00, 0x00, 0x00, 0x00, 0x00, 0x00, 0x00, 0x00, 0x00, 0x00, 0x00, 0x00, 0x00, 0x00, 0x00,
    0x00, 0x00, 0x00, 0x00, 0x00, 0x00, 0x00, 0x00, 0x00, 0x00, 0x00, 0x00, 0x00, 0x00, 0x00, 0x00,
    0x00, 0x00, 0x00, 0x00, 0x00, 0x00, 0x00, 0x00, 0x00, 0x00, 0x00, 0x00, 0x00, 0x00, 0x00, 0x00,
    0x00, 0x00, 0x00, 0x00, 0x00, 0x00, 0x00, 0x00, 0x00, 0x00, 0x00, 0x00, 0x00, 0x00, 0x00, 0x00,
    0x00, 0x00, 0x00, 0x00, 0x00, 0x00, 0x00, 0x00, 0x00, 0x00, 0x00, 0x00, 0x00, 0x00, 0x00, 0x00,
    0x00, 0x00, 0x00, 0x00, 0x00, 0x00, 0x00, 0x00, 0x00, 0x00, 0x00, 0x00, 0x00, 0x00, 0x00, 0x00,
    0x00, 0x00, 0x00, 0x00, 0x00, 0x00, 0x00, 0x00, 0x00, 0x00, 0x00, 0x00, 0x00, 0x00, 0x00, 0x00,
    0x00, 0x00, 0x00, 0x00, 0x00, 0x00, 0x00, 0x00, 0x00, 0x00, 0x00, 0x00, 0x00, 0x00, 0x00, 0x00,
    0x00, 0x00, 0x00, 0x00, 0x00, 0x00, 0x00, 0x00, 0x00, 0x00, 0x00, 0x00, 0x00, 0x00, 0x00, 0x00,
    0x00, 0x00, 0x00, 0x00, 0x00, 0x00, 0x00, 0x00, 0x00, 0x00, 0x00, 0x00, 0x00, 0x00, 0x00, 0x00,
    0x00, 0x00, 0x00, 0x00, 0x00, 0x00, 0x00, 0x00, 0x00, 0x00, 0x00, 0x00, 0x00, 0x00, 0x00, 0x00,
    0x00, 0x00, 0x00, 0x00, 0x00, 0x00, 0x00, 0x00, 0x00, 0x00, 0x00, 0x00, 0x00, 0x00, 0x00, 0x00,
    0x00, 0x00, 0x00, 0x00, 0x00, 0x00, 0x00, 0x00, 0x00, 0x00, 0x00, 0x00, 0x00, 0x00, 0x00, 0x00,
    0x00, 0x00, 0x00, 0x00, 0x00, 0x00, 0x00, 0x00, 0x00, 0x00, 0x00, 0x00, 0x00, 0x00, 0x00, 0x00,
    0x00, 0x00, 0x00, 0x00, 0x00, 0x00, 0x00, 0x00, 0x00, 0x00, 0x00, 0x00, 0x00, 0x00, 0x00, 0x00,
    0x00, 0x00, 0x00, 0x00, 0x00, 0x00, 0x00, 0x00, 0x00, 0x00, 0x00, 0x00, 0x00, 0x00, 0x00, 0x00,
    0x00, 0x00, 0x00, 0x00, 0x00, 0x00, 0x00, 0x00, 0x00, 0x00, 0x00, 0x00, 0x00, 0x00, 0x00, 0x00,
    0x00, 0x00, 0x00, 0x00, 0x00, 0x00, 0x00, 0x00, 0x00, 0x00, 0x00, 0x00, 0x00, 0x00, 0x00, 0x00,
    0x00, 0x00, 0x00, 0x00, 0x00, 0x00, 0x00, 0x00, 0x00, 0x00, 0x00, 0x00, 0x00, 0x00, 0x00, 0x00,
    0x00, 0x00, 0x00, 0x00, 0x00, 0x00, 0x00, 0x00, 0x00, 0x00, 0x00, 0x00, 0x00, 0x00, 0x00, 0x00,
    0x00, 0x00, 0x00, 0x00, 0x00, 0x00, 0x00, 0x00, 0x00, 0x00, 0x00, 0x00, 0x00, 0x00, 0x00, 0x00,
    0x00, 0x00, 0x00, 0x00, 0x00, 0x00, 0x00, 0x00, 0x00, 0x00, 0x00, 0x00, 0x00, 0x00, 0x00, 0x00,
    0x00, 0x00, 0x00, 0x00, 0x00, 0x00, 0x00, 0x00, 0x00, 0x00, 0x00, 0x00, 0x00, 0x00, 0x00, 0x00,
    0x00, 0x00, 0x00, 0x00, 0x00, 0x00, 0x00, 0x00, 0x00, 0x00, 0x00, 0x00, 0x00, 0x00, 0x00, 0x00,
    0x00, 0x00, 0x00, 0x00, 0x00, 0x00, 0x00, 0x00, 0x00, 0x00, 0x00, 0x00, 0x00, 0x00, 0x00, 0x00,
    0x00, 0x00, 0x00, 0x00, 0x00, 0x00, 0x00, 0x00, 0x00, 0x00, 0x00, 0x00, 0x00, 0x00, 0x00, 0x00,
    0x00, 0x00, 0x00, 0x00, 0x00, 0x00, 0x00, 0x00, 0x00, 0x00, 0x00, 0x00, 0x00, 0x00, 0x00, 0x00,
    0x00, 0x00, 0x00, 0x00, 0x00, 0x00, 0x00, 0x00, 0x00, 0x00, 0x00, 0x00, 0x00, 0x00, 0x00, 0x00,
    0x00, 0x00, 0x00, 0x00, 0x00, 0x00, 0x00, 0x00, 0x00, 0x00, 0x00, 0x00, 0x00, 0x00, 0x00, 0x00,
    0x00, 0x00, 0x00, 0x00, 0x00, 0x00, 0x00, 0x00, 0x00, 0x00, 0x00, 0x00, 0x00, 0x00, 0x00, 0x00,
    0x00, 0x00, 0x00, 0x00, 0x00, 0x00, 0x00, 0x00, 0x00, 0x00, 0x00, 0x00, 0x00, 0x00, 0x00, 0x00,
    0x00, 0x00, 0x00, 0x00, 0x00, 0x00, 0x00, 0x00, 0x00, 0x00, 0x00, 0x00, 0x00, 0x00, 0x00, 0x00,
    0x00, 0x00, 0x00, 0x00, 0x00, 0x00, 0x00, 0x00, 0x00, 0x00, 0x00, 0x00, 0x00, 0x00, 0x00, 0x00,
    0x00, 0x00, 0x00, 0x00, 0x00, 0x00, 0x00, 0x00, 0x00, 0x00, 0x00, 0x00, 0x00, 0x00, 0x00, 0x00,
    0x00, 0x00, 0x00, 0x00, 0x00, 0x00, 0x00, 0x00, 0x00, 0x00, 0x00, 0x00, 0x00, 0x00, 0x00, 0x00,
    0x00, 0x00, 0x00, 0x00, 0x00, 0x00, 0x00, 0x00, 0x00, 0x00, 0x00, 0x00, 0x00, 0x00, 0x00, 0x00,
    0x00, 0x00, 0x00, 0x00, 0x00, 0x00, 0x00, 0x00, 0x00, 0x00, 0x00, 0x00, 0x00, 0x00, 0x00, 0x00,
    0x00, 0x00, 0x00, 0x00, 0x00, 0x00, 0x00, 0x00, 0x00, 0x00, 0x00, 0x00, 0x00, 0x00, 0x00, 0x00,
    0x00, 0x00, 0x00, 0x00, 0x00, 0x00, 0x00, 0x00, 0x00, 0x00, 0x00, 0x00, 0x00, 0x00, 0x00, 0x00,
    0x00, 0x00, 0x00, 0x00, 0x00, 0x00, 0x00, 0x00, 0x00, 0x00, 0x01, 0x02, 0x02, 0x02, 0x02, 0x02,
    0x02, 0x02, 0x02, 0x02, 0x02, 0x02, 0x02, 0x02, 0x02, 0x02, 0x02, 0x02, 0x02, 0x02, 0x02, 0x00,
    0x00, 0x00, 0x00, 0x00, 0x00, 0x00, 0x00, 0x00, 0x00, 0x00, 0x00, 0x00, 0x00, 0x00, 0x00, 0x00,
    0x00, 0x00, 0x00, 0x00, 0x00, 0x00, 0x00, 0x00, 0x00, 0x00, 0x00, 0x00, 0x00, 0x00, 0x00, 0x00,
    0x00, 0x00, 0x00, 0x00, 0x00, 0x00, 0x00, 0x00, 0x00, 0x00, 0x00, 0x00, 0x00, 0x00, 0x00, 0x00,
    0x00, 0x00, 0x00, 0x00, 0x00, 0x00, 0x00, 0x00, 0x00, 0x00, 0x00, 0x00, 0x00, 0x00, 0x00, 0x00,
    0x00, 0x00, 0x00, 0x00, 0x00, 0x00, 0x00, 0x00, 0x00, 0x00, 0x00, 0x00, 0x00, 0x00, 0x00, 0x00,
    0x00, 0x00, 0x00, 0x00, 0x03, 0x00, 0x00, 0x00, 0x00, 0x00, 0x00, 0x00, 0x00, 0x00, 0x00, 0x00,
    0x00, 0x00, 0x00, 0x00, 0x00, 0x00, 0x00, 0x00, 0x00, 0x00, 0x01, 0x03, 0x00, 0x00, 0x00, 0x00,
    0x00, 0x00, 0x00, 0x00, 0x00, 0x00, 0x00, 0x00, 0x00, 0x00, 0x00, 0x00, 0x00, 0x00, 0x00, 0x00,
    0x00, 0x00, 0x00, 0x00, 0x00, 0x00, 0x00, 0x00, 0x00, 0x00, 0x00, 0x00, 0x00, 0x00, 0x00, 0x00,
    0x00, 0x00, 0x00, 0x00, 0x00, 0x00, 0x00, 0x00, 0x00, 0x00, 0x00, 0x00, 0x00, 0x00, 0x00, 0x00,
    0x00, 0x00, 0x00, 0x00, 0x00, 0x00, 0x00, 0x00, 0x00, 0x00, 0x00, 0x00, 0x00, 0x00, 0x00, 0x00,
    0x00, 0x00, 0x00, 0x00, 0x00, 0x00, 0x00, 0x00, 0x00, 0x00, 0x00, 0x00, 0x00, 0x00, 0x01, 0x00,
    0x04, 0x21, 0x27, 0x27, 0x27, 0x27, 0x27, 0x27, 0x27, 0x27, 0x27, 0x27, 0x27, 0x27, 0x27, 0x27,
    0x27, 0x27, 0x27, 0x27, 0x1D, 0x00, 0x00, 0x02, 0x00, 0x00, 0x00, 0x00, 0x00, 0x00, 0x00, 0x00,
    0x00, 0x00, 0x00, 0x00, 0x00, 0x00, 0x00, 0x00, 0x00, 0x00, 0x00, 0x00, 0x00, 0x00, 0x00, 0x00,
    0x00, 0x00, 0x00, 0x00, 0x00, 0x00, 0x00, 0x00, 0x00, 0x00, 0x00, 0x00, 0x00, 0x00, 0x00, 0x00,
    0x00, 0x00, 0x00, 0x00, 0x00, 0x00, 0x00, 0x00, 0x00, 0x00, 0x00, 0x00, 0x00, 0x00, 0x00, 0x00,
    0x00, 0x00, 0x00, 0x00, 0x00, 0x00, 0x00, 0x00, 0x00, 0x00, 0x00, 0x00, 0x00, 0x00, 0x00, 0x00,
    0x00, 0x00, 0x00, 0x00, 0x00, 0x00, 0x00, 0x00, 0x02, 0x00, 0x69, 0xD8, 0xF8, 0xFE, 0xFE, 0xFF,
    0xFF, 0xFF, 0xFF, 0xFF, 0xFF, 0xFF, 0xFF, 0xFF, 0xFF, 0xFF, 0xFF, 0xFF, 0xFF, 0xFE, 0xFE, 0xF5,
    0xC6, 0x43, 0x00, 0x02, 0x00, 0x00, 0x00, 0x00, 0x00, 0x00, 0x00, 0x00, 0x00, 0x00, 0x00, 0x00,
    0x00, 0x00, 0x00, 0x00, 0x00, 0x00, 0x00, 0x00, 0x00, 0x00, 0x00, 0x00, 0x00, 0x00, 0x00, 0x00,
    0x00, 0x00, 0x00, 0x00, 0x00, 0x00, 0x00, 0x00, 0x00, 0x00, 0x00, 0x00, 0x00, 0x00, 0x00, 0x00,
    0x00, 0x00, 0x00, 0x00, 0x00, 0x00, 0x00, 0x00, 0x00, 0x00, 0x00, 0x00, 0x00, 0x00, 0x00, 0x00,
    0x00, 0x00, 0x00, 0x00, 0x00, 0x00, 0x00, 0x00, 0x00, 0x00, 0x00, 0x00, 0x00, 0x00, 0x00, 0x00,
    0x00, 0x00, 0x03, 0x00, 0x7F, 0xFF, 0xFF, 0xFF, 0xFF, 0xFF, 0xFF, 0xFF, 0xFF, 0xFF, 0xFF, 0xFF,
    0xFF, 0xFF, 0xFF, 0xFF, 0xFF, 0xFF, 0xFF, 0xFF, 0xFF, 0xFF, 0xFF, 0xFF, 0xFD, 0x47, 0x00, 0x03,
    0x00, 0x00, 0x00, 0x00, 0x00, 0x00, 0x00, 0x00, 0x00, 0x00, 0x00, 0x00, 0x00, 0x00, 0x00, 0x00,
    0x00, 0x00, 0x00, 0x00, 0x00, 0x00, 0x00, 0x00, 0x00, 0x00, 0x00, 0x00, 0x00, 0x00, 0x00, 0x00,
    0x00, 0x00, 0x00, 0x00, 0x00, 0x00, 0x00, 0x00, 0x00, 0x00, 0x00, 0x00, 0x00, 0x00, 0x00, 0x00,
    0x00, 0x00, 0x00, 0x00, 0x00, 0x00, 0x00, 0x00, 0x00, 0x00, 0x00, 0x00, 0x00, 0x00, 0x00, 0x00,
    0x00, 0x00, 0x00, 0x00, 0x00, 0x00, 0x00, 0x00, 0x00, 0x00, 0x00, 0x00, 0x02, 0x00, 0x28, 0xFF,
    0xFC, 0xFC, 0xFE, 0xFE, 0xFE, 0xFE, 0xFE, 0xFE, 0xFE, 0xFE, 0xFE, 0xFE, 0xFE, 0xFE, 0xFE, 0xFE,
    0xFE, 0xFE, 0xFE, 0xFE, 0xFE, 0xFE, 0xFA, 0xFF, 0xDB, 0x07, 0x01, 0x00, 0x00, 0x00, 0x00, 0x00,
    0x00, 0x00, 0x00, 0x00, 0x00, 0x00, 0x00, 0x00, 0x00, 0x00, 0x00, 0x00, 0x00, 0x00, 0x00, 0x00,
    0x00, 0x00, 0x00, 0x00, 0x00, 0x00, 0x00, 0x00, 0x00, 0x00, 0x00, 0x00, 0x00, 0x00, 0x00, 0x00,
    0x00, 0x00, 0x00, 0x00, 0x00, 0x00, 0x00, 0x00, 0x00, 0x00, 0x00, 0x00, 0x00, 0x00, 0x00, 0x00,
    0x00, 0x00, 0x00, 0x00, 0x00, 0x00, 0x00, 0x00, 0x00, 0x00, 0x00, 0x00, 0x00, 0x00, 0x00, 0x00,
    0x00, 0x00, 0x00, 0x00, 0x00, 0x00, 0x00, 0x04, 0x00, 0x6E, 0xFF, 0xFB, 0xFF, 0xFF, 0xFF, 0xFF,
    0xFF, 0xFF, 0xFF, 0xFF, 0xFF, 0xFF, 0xFF, 0xFF, 0xFF, 0xFF, 0xFF, 0xFF, 0xFF, 0xFF, 0xFF, 0xFF,
    0xFF, 0xFF, 0xFE, 0xFF, 0x32, 0x00, 0x03, 0x00, 0x00, 0x00, 0x00, 0x00, 0x00, 0x00, 0x00, 0x00,
    0x00, 0x00, 0x00, 0x00, 0x00, 0x00, 0x00, 0x00, 0x00, 0x00, 0x00, 0x00, 0x00, 0x00, 0x00, 0x00,
    0x00, 0x00, 0x00, 0x00, 0x00, 0x00, 0x00, 0x00, 0x00, 0x00, 0x00, 0x00, 0x00, 0x00, 0x00, 0x00,
    0x00, 0x00, 0x00, 0x00, 0x00, 0x00, 0x00, 0x00, 0x00, 0x00, 0x00, 0x00, 0x00, 0x00, 0x00, 0x00,
    0x00, 0x00, 0x00, 0x00, 0x00, 0x00, 0x00, 0x00, 0x00, 0x00, 0x00, 0x00, 0x00, 0x00, 0x00, 0x00,
    0x00, 0x00, 0x04, 0x00, 0x80, 0xFF, 0xFB, 0xFF, 0xFF, 0xFF, 0xFF, 0xFF, 0xFF, 0xFF, 0xFF, 0xFF,
    0xFF, 0xFF, 0xFF, 0xFF, 0xFF, 0xFF, 0xFF, 0xFF, 0xFF, 0xFF, 0xFF, 0xFF, 0xFF, 0xFD, 0xFE, 0x43,
    0x00, 0x03, 0x00, 0x00, 0x00, 0x00, 0x00, 0x00, 0x00, 0x00, 0x00, 0x00, 0x00, 0x00, 0x00, 0x00,
    0x00, 0x00, 0x00, 0x00, 0x00, 0x00, 0x00, 0x00, 0x00, 0x00, 0x00, 0x00, 0x00, 0x00, 0x00, 0x00,
    0x00, 0x00, 0x00, 0x00, 0x00, 0x00, 0x00, 0x00, 0x00, 0x00, 0x00, 0x00, 0x00, 0x00, 0x00, 0x00,
    0x00, 0x00, 0x00, 0x00, 0x00, 0x00, 0x00, 0x00, 0x00, 0x00, 0x00, 0x00, 0x00, 0x00, 0x00, 0x00,
    0x00, 0x00, 0x00, 0x00, 0x00, 0x00, 0x00, 0x00, 0x00, 0x00, 0x00, 0x00, 0x00, 0x04, 0x00, 0x7F,
    0xFF, 0xFB, 0xFF, 0xFF, 0xFF, 0xFF, 0xFF, 0xFF, 0xFF, 0xFF, 0xFF, 0xFF, 0xFF, 0xFF, 0xFF, 0xFF,
    0xFF, 0xFF, 0xFF, 0xFF, 0xFF, 0xFF, 0xFF, 0xFF, 0xFD, 0xFF, 0x42, 0x00, 0x03, 0x00, 0x00, 0x00,
    0x00, 0x00, 0x00, 0x00, 0x00, 0x00, 0x00, 0x00, 0x00, 0x00, 0x00, 0x00, 0x00, 0x00, 0x00, 0x00,
    0x00, 0x00, 0x00, 0x00, 0x00, 0x00, 0x00, 0x00, 0x00, 0x00, 0x00, 0x00, 0x00, 0x00, 0x00, 0x00,
    0x00, 0x00, 0x00, 0x00, 0x00, 0x00, 0x00, 0x00, 0x00, 0x00, 0x00, 0x00, 0x00, 0x00, 0x00, 0x00,
    0x00, 0x00, 0x00, 0x00, 0x00, 0x00, 0x00, 0x00, 0x00, 0x00, 0x00, 0x00, 0x00, 0x00, 0x00, 0x00,
    0x00, 0x00, 0x00, 0x00, 0x00, 0x00, 0x00, 0x00, 0x04, 0x00, 0x7F, 0xFF, 0xFB, 0xFF, 0xFF, 0xFF,
    0xFF, 0xFF, 0xFF, 0xFF, 0xFF, 0xFF, 0xFF, 0xFF, 0xFF, 0xFF, 0xFF, 0xFF, 0xFF, 0xFF, 0xFF, 0xFF,
    0xFF, 0xFF, 0xFF, 0xFD, 0xFF, 0x42, 0x00, 0x03, 0x00, 0x00, 0x00, 0x00, 0x00, 0x00, 0x00, 0x00,
    0x00, 0x00, 0x00, 0x00, 0x00, 0x00, 0x00, 0x00, 0x00, 0x00, 0x00, 0x00, 0x00, 0x00, 0x00, 0x00,
    0x00, 0x00, 0x00, 0x00, 0x00, 0x00, 0x00, 0x00, 0x00, 0x00, 0x00, 0x00, 0x00, 0x00, 0x00, 0x00,
    0x00, 0x00, 0x00, 0x00, 0x00, 0x00, 0x00, 0x00, 0x00, 0x00, 0x00, 0x00, 0x00, 0x00, 0x00, 0x00,
    0x00, 0x00, 0x00, 0x00, 0x00, 0x00, 0x00, 0x00, 0x00, 0x00, 0x00, 0x00, 0x00, 0x00, 0x00, 0x00,
    0x00, 0x00, 0x00, 0x04, 0x00, 0x7F, 0xFF, 0xFB, 0xFF, 0xFF, 0xFF, 0xFF, 0xFF, 0xFF, 0xFF, 0xFF,
    0xFF, 0xFF, 0xFF, 0xFF, 0xFF, 0xFF, 0xFF, 0xFF, 0xFF, 0xFF, 0xFF, 0xFF, 0xFF, 0xFF, 0xFD, 0xFF,
    0x42, 0x00, 0x03, 0x00, 0x00, 0x00, 0x00, 0x00, 0x00, 0x00, 0x00, 0x00, 0x00, 0x00, 0x00, 0x00,
    0x00, 0x00, 0x00, 0x00, 0x00, 0x00, 0x00, 0x00, 0x00, 0x00, 0x00, 0x00, 0x00, 0x00, 0x00, 0x00,
    0x00, 0x00, 0x00, 0x00, 0x00, 0x00, 0x00, 0x00, 0x00, 0x00, 0x00, 0x00, 0x00, 0x00, 0x00, 0x00,
    0x00, 0x00, 0x00, 0x00, 0x00, 0x00, 0x00, 0x00, 0x00, 0x00, 0x00, 0x00, 0x00, 0x00, 0x00, 0x00,
    0x00, 0x00, 0x00, 0x00, 0x00, 0x00, 0x00, 0x00, 0x00, 0x00, 0x00, 0x00, 0x00, 0x00, 0x04, 0x00,
    0x7F, 0xFF, 0xFB, 0xFF, 0xFF, 0xFF, 0xFF, 0xFF, 0xFF, 0xFF, 0xFF, 0xFF, 0xFF, 0xFF, 0xFF, 0xFF,
    0xFF, 0xFF, 0xFF, 0xFF, 0xFF, 0xFF, 0xFF, 0xFF, 0xFF, 0xFD, 0xFF, 0x42, 0x00, 0x03, 0x00, 0x00,
    0x00, 0x00, 0x00, 0x00, 0x00, 0x00, 0x00, 0x00, 0x00, 0x00, 0x00, 0x00, 0x00, 0x00, 0x00, 0x00,
    0x00, 0x00, 0x00, 0x00, 0x00, 0x00, 0x00, 0x00, 0x00, 0x00, 0x00, 0x00, 0x00, 0x00, 0x00, 0x00,
    0x00, 0x00, 0x00, 0x00, 0x00, 0x00, 0x00, 0x00, 0x00, 0x00, 0x00, 0x00, 0x00, 0x00, 0x00, 0x00,
    0x00, 0x00, 0x00, 0x00, 0x00, 0x00, 0x00, 0x00, 0x00, 0x00, 0x00, 0x00, 0x00, 0x00, 0x00, 0x00,
    0x00, 0x00, 0x00, 0x00, 0x00, 0x00, 0x00, 0x00, 0x00, 0x04, 0x00, 0x7F, 0xFF, 0xFB, 0xFF, 0xFF,
    0xFF, 0xFF, 0xFF, 0xFF, 0xFF, 0xFF, 0xFF, 0xFF, 0xFF, 0xFF, 0xFF, 0xFF, 0xFF, 0xFF, 0xFF, 0xFF,
    0xFF, 0xFF, 0xFF, 0xFF, 0xFD, 0xFF, 0x42, 0x00, 0x03, 0x00, 0x00, 0x00, 0x00, 0x00, 0x00, 0x00,
    0x00, 0x00, 0x00, 0x00, 0x00, 0x00, 0x00, 0x00, 0x00, 0x00, 0x00, 0x00, 0x00, 0x00, 0x00, 0x00,
    0x00, 0x00, 0x00, 0x00, 0x00, 0x00, 0x00, 0x00, 0x00, 0x00, 0x00, 0x00, 0x00, 0x00, 0x00, 0x00,
    0x00, 0x00, 0x00, 0x00, 0x00, 0x00, 0x00, 0x00, 0x00, 0x00, 0x00, 0x00, 0x00, 0x00, 0x00, 0x00,
    0x00, 0x00, 0x00, 0x00, 0x00, 0x00, 0x00, 0x00, 0x00, 0x00, 0x00, 0x00, 0x00, 0x00, 0x00, 0x00,
    0x00, 0x00, 0x00, 0x00, 0x04, 0x00, 0x7F, 0xFF, 0xFB, 0xFF, 0xFF, 0xFF, 0xFF, 0xFF, 0xFF, 0xFF,
    0xFF, 0xFF, 0xFF, 0xFF, 0xFF, 0xFF, 0xFF, 0xFF, 0xFF, 0xFF, 0xFF, 0xFF, 0xFF, 0xFF, 0xFF, 0xFD,
    0xFF, 0x42, 0x00, 0x03, 0x00, 0x00, 0x00, 0x00, 0x00, 0x00, 0x00, 0x00, 0x00, 0x00, 0x00, 0x00,
    0x00, 0x00, 0x00, 0x00, 0x00, 0x00, 0x00, 0x00, 0x00, 0x00, 0x00, 0x00, 0x00, 0x00, 0x00, 0x00,
    0x00, 0x00, 0x00, 0x00, 0x00, 0x00, 0x00, 0x00, 0x00, 0x00, 0x00, 0x00, 0x00, 0x00, 0x00, 0x00,
    0x00, 0x00, 0x00, 0x00, 0x00, 0x00, 0x00, 0x00, 0x00, 0x00, 0x00, 0x00, 0x00, 0x00, 0x00, 0x00,
    0x00, 0x00, 0x00, 0x00, 0x00, 0x00, 0x00, 0x00, 0x00, 0x00, 0x00, 0x00, 0x00, 0x00, 0x00, 0x04,
    0x00, 0x7F, 0xFF, 0xFB, 0xFF, 0xFF, 0xFF, 0xFF, 0xFF, 0xFF, 0xFF, 0xFF, 0xFF, 0xFF, 0xFF, 0xFF,
    0xFF, 0xFF, 0xFF, 0xFF, 0xFF, 0xFF, 0xFF, 0xFF, 0xFF, 0xFF, 0xFD, 0xFF, 0x42, 0x00, 0x03, 0x00,
    0x00, 0x00, 0x00, 0x00, 0x00, 0x00, 0x00, 0x00, 0x00, 0x00, 0x00, 0x00, 0x00, 0x00, 0x00, 0x00,
    0x00, 0x00, 0x00, 0x00, 0x00, 0x00, 0x00, 0x00, 0x00, 0x00, 0x00, 0x00, 0x00, 0x00, 0x00, 0x00,
    0x00, 0x00, 0x00, 0x00, 0x00, 0x00, 0x00, 0x00, 0x00, 0x00, 0x00, 0x00, 0x00, 0x00, 0x00, 0x00,
    0x00, 0x00, 0x00, 0x00, 0x00, 0x00, 0x00, 0x00, 0x00, 0x00, 0x00, 0x00, 0x00, 0x00, 0x00, 0x00,
    0x00, 0x00, 0x00, 0x00, 0x00, 0x00, 0x00, 0x00, 0x00, 0x00, 0x04, 0x00, 0x7F, 0xFF, 0xFB, 0xFF,
    0xFF, 0xFF, 0xFF, 0xFF, 0xFF, 0xFF, 0xFF, 0xFF, 0xFF, 0xFF, 0xFF, 0xFF, 0xFF, 0xFF, 0xFF, 0xFF,
    0xFF, 0xFF, 0xFF, 0xFF, 0xFF, 0xFD, 0xFF, 0x42, 0x00, 0x03, 0x00, 0x00, 0x00, 0x00, 0x00, 0x00,
    0x00, 0x00, 0x00, 0x00, 0x00, 0x00, 0x00, 0x00, 0x00, 0x00, 0x00, 0x00, 0x00, 0x00, 0x00, 0x00,
    0x00, 0x00, 0x00, 0x00, 0x00, 0x00, 0x00, 0x00, 0x00, 0x00, 0x00, 0x00, 0x00, 0x00, 0x00, 0x00,
    0x00, 0x00, 0x00, 0x00, 0x00, 0x00, 0x00, 0x00, 0x00, 0x00, 0x00, 0x00, 0x00, 0x00, 0x00, 0x00,
    0x00, 0x00, 0x00, 0x00, 0x00, 0x00, 0x00, 0x00, 0x00, 0x00, 0x00, 0x00, 0x00, 0x00, 0x00, 0x00,
    0x00, 0x00, 0x00, 0x00, 0x00, 0x04, 0x00, 0x7F, 0xFF, 0xFB, 0xFF, 0xFF, 0xFF, 0xFF, 0xFF, 0xFF,
    0xFF, 0xFF, 0xFF, 0xFF, 0xFF, 0xFF, 0xFF, 0xFF, 0xFF, 0xFF, 0xFF, 0xFF, 0xFF, 0xFF, 0xFF, 0xFF,
    0xFD, 0xFF, 0x40, 0x00, 0x03, 0x00, 0x00, 0x00, 0x00, 0x00, 0x00, 0x00, 0x00, 0x00, 0x00, 0x00,
    0x00, 0x00, 0x00, 0x00, 0x00, 0x00, 0x00, 0x00, 0x00, 0x00, 0x00, 0x00, 0x00, 0x00, 0x00, 0x00,
    0x00, 0x00, 0x00, 0x00, 0x00, 0x00, 0x00, 0x00, 0x00, 0x00, 0x00, 0x00, 0x00, 0x00, 0x00, 0x00,
    0x00, 0x00, 0x00, 0x00, 0x00, 0x00, 0x00, 0x00, 0x00, 0x00, 0x00, 0x00, 0x00, 0x00, 0x00, 0x00,
    0x00, 0x00, 0x00, 0x00, 0x00, 0x00, 0x00, 0x00, 0x00, 0x00, 0x00, 0x00, 0x00, 0x00, 0x00, 0x00,
    0x04, 0x00, 0x7F, 0xFF, 0xFB, 0xFF, 0xFF, 0xFF, 0xFF, 0xFF, 0xFF, 0xFF, 0xFF, 0xFF, 0xFF, 0xFF,
    0xFF, 0xFF, 0xFF, 0xFF, 0xFF, 0xFF, 0xFF, 0xFF, 0xFF, 0xFF, 0xFE, 0xFD, 0xFB, 0x1F, 0x00, 0x02,
    0x00, 0x00, 0x00, 0x00, 0x00, 0x00, 0x00, 0x00, 0x00, 0x00, 0x00, 0x00, 0x00, 0x00, 0x00, 0x00,
    0x00, 0x00, 0x00, 0x00, 0x00, 0x00, 0x00, 0x00, 0x00, 0x00, 0x00, 0x00, 0x00, 0x00, 0x00, 0x00,
    0x00, 0x00, 0x00, 0x00, 0x00, 0x00, 0x00, 0x00, 0x00, 0x00, 0x00, 0x00, 0x00, 0x00, 0x00, 0x00,
    0x00, 0x00, 0x00, 0x00, 0x00, 0x00, 0x00, 0x00, 0x00, 0x00, 0x00, 0x00, 0x00, 0x00, 0x00, 0x00,
    0x00, 0x00, 0x00, 0x00, 0x00, 0x00, 0x00, 0x00, 0x00, 0x00, 0x00, 0x04, 0x00, 0x7F, 0xFF, 0xFB,
    0xFF, 0xFF, 0xFF, 0xFF, 0xFF, 0xFF, 0xFD, 0xFC, 0xFC, 0xFC, 0xFC, 0xFC, 0xFC, 0xFC, 0xFC, 0xFC,
    0xFC, 0xFC, 0xFC, 0xFC, 0xFB, 0xF9, 0xFF, 0xA7, 0x00, 0x03, 0x00, 0x00, 0x00, 0x00, 0x00, 0x00,
    0x00, 0x00, 0x00, 0x00, 0x00, 0x00, 0x00, 0x00, 0x00, 0x00, 0x00, 0x00, 0x00, 0x00, 0x00, 0x00,
    0x00, 0x00, 0x00, 0x00, 0x00, 0x00, 0x00, 0x00, 0x00, 0x00, 0x00, 0x00, 0x00, 0x00, 0x00, 0x00,
    0x00, 0x00, 0x00, 0x00, 0x00, 0x00, 0x00, 0x00, 0x00, 0x00, 0x00, 0x00, 0x00, 0x00, 0x00, 0x00,
    0x00, 0x00, 0x00, 0x00, 0x00, 0x00, 0x00, 0x00, 0x00, 0x00, 0x00, 0x00, 0x00, 0x00, 0x00, 0x00,
    0x00, 0x00, 0x00, 0x00, 0x00, 0x00, 0x04, 0x00, 0x7F, 0xFF, 0xFB, 0xFF, 0xFF, 0xFF, 0xFF, 0xFF,
    0xFF, 0xFF, 0xFF, 0xFF, 0xFF, 0xFF, 0xFF, 0xFF, 0xFF, 0xFF, 0xFF, 0xFF, 0xFF, 0xFF, 0xFF, 0xFF,
    0xFF, 0xC2, 0x12, 0x02, 0x01, 0x00, 0x00, 0x00, 0x00, 0x00, 0x00, 0x00, 0x00, 0x00, 0x00, 0x00,
    0x00, 0x00, 0x00, 0x00, 0x00, 0x00, 0x00, 0x00, 0x00, 0x00, 0x00, 0x00, 0x00, 0x00, 0x00, 0x00,
    0x00, 0x00, 0x00, 0x00, 0x00, 0x00, 0x00, 0x00, 0x00, 0x00, 0x00, 0x00, 0x00, 0x00, 0x00, 0x00,
    0x00, 0x00, 0x00, 0x00, 0x00, 0x00, 0x00, 0x00, 0x00, 0x00, 0x00, 0x00, 0x00, 0x00, 0x00, 0x00,
    0x00, 0x00, 0x00, 0x00, 0x00, 0x00, 0x00, 0x00, 0x00, 0x00, 0x00, 0x00, 0x00, 0x00, 0x00, 0x00,
    0x00, 0x04, 0x00, 0x7F, 0xFF, 0xFB, 0xFF, 0xFF, 0xFF, 0xFF, 0xFE, 0xFF, 0xD3, 0xB3, 0xB5, 0xB3,
    0xB3, 0xB3, 0xB3, 0xB3, 0xB3, 0xB3, 0xB3, 0xB3, 0xB3, 0xB3, 0xA4, 0x63, 0x04, 0x00, 0x01, 0x00,
    0x00, 0x00, 0x00, 0x00, 0x00, 0x00, 0x00, 0x00, 0x00, 0x00, 0x00, 0x00, 0x00, 0x00, 0x00, 0x00,
    0x00, 0x00, 0x00, 0x00, 0x00, 0x00, 0x00, 0x00, 0x00, 0x00, 0x00, 0x00, 0x00, 0x00, 0x00, 0x00,
    0x00, 0x00, 0x00, 0x00, 0x00, 0x00, 0x00, 0x00, 0x00, 0x00, 0x00, 0x00, 0x00, 0x00, 0x00, 0x00,
    0x00, 0x00, 0x00, 0x00, 0x00, 0x00, 0x00, 0x00, 0x00, 0x00, 0x00, 0x00, 0x00, 0x00, 0x00, 0x00,
    0x00, 0x00, 0x00, 0x00, 0x00, 0x00, 0x00, 0x00, 0x00, 0x00, 0x00, 0x00, 0x04, 0x00, 0x7F, 0xFF,
    0xFB, 0xFF, 0xFF, 0xFF, 0xFF, 0xFB, 0xFF, 0x63, 0x00, 0x00, 0x00, 0x00, 0x00, 0x00, 0x00, 0x00,
    0x00, 0x00, 0x00, 0x00, 0x00, 0x00, 0x00, 0x00, 0x01, 0x00, 0x00, 0x00, 0x00, 0x00, 0x00, 0x00,
    0x00, 0x00, 0x00, 0x00, 0x00, 0x00, 0x00, 0x00, 0x00, 0x00, 0x00, 0x00, 0x00, 0x00, 0x00, 0x00,
    0x00, 0x00, 0x00, 0x00, 0x00, 0x00, 0x00, 0x00, 0x00, 0x00, 0x00, 0x00, 0x00, 0x00, 0x00, 0x00,
    0x00, 0x00, 0x00, 0x00, 0x00, 0x00, 0x00, 0x00, 0x00, 0x00, 0x00, 0x00, 0x00, 0x00, 0x00, 0x00,
    0x00, 0x00, 0x00, 0x00, 0x00, 0x00, 0x00, 0x00, 0x00, 0x00, 0x00, 0x00, 0x00, 0x00, 0x00, 0x00,
    0x00, 0x00, 0x00, 0x00, 0x00, 0x00, 0x00, 0x04, 0x00, 0x7F, 0xFF, 0xFB, 0xFF, 0xFF, 0xFF, 0xFF,
    0xFB, 0xFF, 0x6C, 0x03, 0x07, 0x03, 0x03, 0x03, 0x03, 0x03, 0x03, 0x03, 0x03, 0x03, 0x03, 0x03,
    0x03, 0x04, 0x01, 0x00, 0x00, 0x00, 0x00, 0x00, 0x00, 0x00, 0x00, 0x00, 0x00, 0x00, 0x00, 0x00,
    0x00, 0x00, 0x00, 0x00, 0x00, 0x00, 0x00, 0x00, 0x00, 0x00, 0x00, 0x00, 0x00, 0x00, 0x00, 0x00,
    0x00, 0x00, 0x00, 0x00, 0x00, 0x00, 0x00, 0x00, 0x00, 0x00, 0x00, 0x00, 0x00, 0x00, 0x00, 0x00,
    0x00, 0x00, 0x00, 0x00, 0x00, 0x00, 0x00, 0x00, 0x00, 0x00, 0x00, 0x00, 0x00, 0x00, 0x00, 0x00,
    0x00, 0x00, 0x00, 0x00, 0x00, 0x00, 0x00, 0x00, 0x00, 0x00, 0x00, 0x00, 0x00, 0x00, 0x00, 0x00,
    0x00, 0x00, 0x04, 0x00, 0x7F, 0xFF, 0xFB, 0xFF, 0xFF, 0xFF, 0xFF, 0xFB, 0xFF, 0x6A, 0x00, 0x04,
    0x00, 0x00, 0x00, 0x00, 0x00, 0x00, 0x00, 0x00, 0x00, 0x00, 0x00, 0x00, 0x00, 0x00, 0x00, 0x00,
    0x00, 0x00, 0x00, 0x00, 0x00, 0x00, 0x00, 0x00, 0x00, 0x00, 0x00, 0x00, 0x00, 0x00, 0x00, 0x00,
    0x00, 0x00, 0x00, 0x00, 0x00, 0x00, 0x00, 0x00, 0x00, 0x00, 0x00, 0x00, 0x00, 0x00, 0x00, 0x00,
    0x00, 0x00, 0x00, 0x00, 0x00, 0x00, 0x00, 0x00, 0x00, 0x00, 0x00, 0x00, 0x00, 0x00, 0x00, 0x00,
    0x00, 0x00, 0x00, 0x00, 0x00, 0x00, 0x00, 0x00, 0x00, 0x00, 0x00, 0x00, 0x00, 0x00, 0x00, 0x00,
    0x00, 0x00, 0x00, 0x00, 0x00, 0x00, 0x00, 0x00, 0x00, 0x00, 0x00, 0x00, 0x00, 0x04, 0x00, 0x7F,
    0xFF, 0xFB, 0xFF, 0xFF, 0xFF, 0xFF, 0xFB, 0xFF, 0x6A, 0x00, 0x04, 0x00, 0x00, 0x00, 0x00, 0x00,
    0x00, 0x00, 0x00, 0x00, 0x00, 0x00, 0x00, 0x00, 0x00, 0x00, 0x00, 0x00, 0x00, 0x00, 0x00, 0x00,
    0x00, 0x00, 0x00, 0x00, 0x00, 0x00, 0x00, 0x00, 0x00, 0x00, 0x00, 0x00, 0x00, 0x00, 0x00, 0x00,
    0x00, 0x00, 0x00, 0x00, 0x00, 0x00, 0x00, 0x00, 0x00, 0x00, 0x00, 0x00, 0x00, 0x00, 0x00, 0x00,
    0x00, 0x00, 0x00, 0x00, 0x00, 0x00, 0x00, 0x00, 0x00, 0x00, 0x00, 0x00, 0x00, 0x00, 0x00, 0x00,
    0x00, 0x00, 0x00, 0x00, 0x00, 0x00, 0x00, 0x00, 0x00, 0x00, 0x00, 0x00, 0x00, 0x00, 0x00, 0x00,
    0x00, 0x00, 0x00, 0x00, 0x00, 0x00, 0x00, 0x00, 0x04, 0x00, 0x7F, 0xFF, 0xFB, 0xFF, 0xFF, 0xFF,
    0xFF, 0xFB, 0xFF, 0x6A, 0x00, 0x04, 0x00, 0x00, 0x00, 0x00, 0x00, 0x00, 0x00, 0x00, 0x00, 0x00,
    0x00, 0x00, 0x00, 0x00, 0x00, 0x00, 0x00, 0x00, 0x00, 0x00, 0x00, 0x00, 0x00, 0x00, 0x00, 0x00,
    0x00, 0x00, 0x00, 0x00, 0x00, 0x00, 0x00, 0x00, 0x00, 0x00, 0x00, 0x00, 0x00, 0x00, 0x00, 0x00,
    0x00, 0x00, 0x00, 0x00, 0x00, 0x00, 0x00, 0x00, 0x00, 0x00, 0x00, 0x00, 0x00, 0x00, 0x00, 0x00,
    0x00, 0x00, 0x00, 0x00, 0x00, 0x00, 0x00, 0x00, 0x00, 0x00, 0x00, 0x00, 0x00, 0x00, 0x00, 0x00,
    0x00, 0x00, 0x00, 0x00, 0x00, 0x00, 0x00, 0x00, 0x00, 0x00, 0x00, 0x00, 0x00, 0x00, 0x00, 0x00,
    0x00, 0x00, 0x00, 0x04, 0x00, 0x7F, 0xFF, 0xFB, 0xFF, 0xFF, 0xFF, 0xFF, 0xFB, 0xFF, 0x6A, 0x00,
    0x04, 0x00, 0x00, 0x00, 0x00, 0x00, 0x00, 0x00, 0x00, 0x00, 0x00, 0x00, 0x00, 0x00, 0x00, 0x00,
    0x00, 0x00, 0x00, 0x00, 0x00, 0x00, 0x00, 0x00, 0x00, 0x00, 0x00, 0x00, 0x00, 0x00, 0x00, 0x00,
    0x00, 0x00, 0x00, 0x00, 0x00, 0x00, 0x00, 0x00, 0x00, 0x00, 0x00, 0x00, 0x00, 0x00, 0x00, 0x00,
    0x00, 0x00, 0x00, 0x00, 0x00, 0x00, 0x00, 0x00, 0x00, 0x00, 0x00, 0x00, 0x00, 0x00, 0x00, 0x00,
    0x00, 0x00, 0x00, 0x00, 0x00, 0x00, 0x00, 0x00, 0x00, 0x00, 0x00, 0x00, 0x00, 0x00, 0x00, 0x00,
    0x00, 0x00, 0x00, 0x00, 0x00, 0x00, 0x00, 0x00, 0x00, 0x00, 0x00, 0x00, 0x00, 0x00, 0x04, 0x00,
    0x7F, 0xFF, 0xFB, 0xFF, 0xFF, 0xFF, 0xFF, 0xFB, 0xFF, 0x6A, 0x00, 0x04, 0x00, 0x00, 0x00, 0x00,
    0x00, 0x00, 0x00, 0x00, 0x00, 0x00, 0x00, 0x00, 0x00, 0x00, 0x00, 0x00, 0x00, 0x00, 0x00, 0x00,
    0x00, 0x00, 0x00, 0x00, 0x00, 0x00, 0x00, 0x00, 0x00, 0x00, 0x00, 0x00, 0x00, 0x00, 0x00, 0x00,
    0x00, 0x00, 0x00, 0x00, 0x00, 0x00, 0x00, 0x00, 0x00, 0x00, 0x00, 0x00, 0x00, 0x00, 0x00, 0x00,
    0x00, 0x00, 0x00, 0x00, 0x00, 0x00, 0x00, 0x00, 0x00, 0x00, 0x00, 0x00, 0x00, 0x00, 0x00, 0x00,
    0x00, 0x00, 0x00, 0x00, 0x00, 0x00, 0x00, 0x00, 0x00, 0x00, 0x00, 0x00, 0x00, 0x00, 0x00, 0x00,
    0x00, 0x00, 0x00, 0x00, 0x00, 0x00, 0x00, 0x00, 0x00, 0x04, 0x00, 0x7F, 0xFF, 0xFB, 0xFF, 0xFF,
    0xFF, 0xFF, 0xFB, 0xFF, 0x6A, 0x00, 0x04, 0x00, 0x00, 0x00, 0x00, 0x00, 0x00, 0x00, 0x00, 0x00,
    0x00, 0x00, 0x00, 0x00, 0x00, 0x00, 0x00, 0x00, 0x00, 0x00, 0x00, 0x00, 0x00, 0x00, 0x00, 0x00,
    0x00, 0x00, 0x00, 0x00, 0x00, 0x00, 0x00, 0x00, 0x00, 0x00, 0x00, 0x00, 0x00, 0x00, 0x00, 0x00,
    0x00, 0x00, 0x00, 0x00, 0x00, 0x00, 0x00, 0x00, 0x00, 0x00, 0x00, 0x00, 0x00, 0x00, 0x00, 0x00,
    0x00, 0x00, 0x00, 0x00, 0x00, 0x00, 0x00, 0x00, 0x00, 0x00, 0x00, 0x00, 0x00, 0x00, 0x00, 0x00,
    0x00, 0x00, 0x00, 0x00, 0x00, 0x00, 0x00, 0x00, 0x00, 0x00, 0x00, 0x00, 0x00, 0x00, 0x00, 0x00,
    0x00, 0x00, 0x00, 0x00, 0x04, 0x00, 0x7F, 0xFF, 0xFB, 0xFF, 0xFF, 0xFF, 0xFF, 0xFB, 0xFF, 0x6A,
    0x00, 0x04, 0x00, 0x00, 0x00, 0x00, 0x00, 0x00, 0x00, 0x00, 0x00, 0x00, 0x00, 0x00, 0x00, 0x00,
    0x00, 0x00, 0x00, 0x00, 0x00, 0x00, 0x00, 0x00, 0x00, 0x00, 0x00, 0x00, 0x00, 0x00, 0x00, 0x00,
    0x00, 0x00, 0x00, 0x00, 0x00, 0x00, 0x00, 0x00, 0x00, 0x00, 0x00, 0x00, 0x00, 0x00, 0x00, 0x00,
    0x00, 0x00, 0x00, 0x00, 0x00, 0x00, 0x00, 0x00, 0x00, 0x00, 0x00, 0x00, 0x00, 0x00, 0x00, 0x00,
    0x00, 0x00, 0x00, 0x00, 0x00, 0x00, 0x00, 0x00, 0x00, 0x00, 0x00, 0x00, 0x00, 0x00, 0x00, 0x00,
    0x00, 0x00, 0x00, 0x00, 0x00, 0x00, 0x00, 0x00, 0x00, 0x00, 0x00, 0x00, 0x00, 0x00, 0x00, 0x04,
    0x00, 0x7F, 0xFF, 0xFB, 0xFF, 0xFF, 0xFF, 0xFF, 0xFB, 0xFF, 0x6A, 0x00, 0x04, 0x00, 0x00, 0x00,
    0x00, 0x00, 0x00, 0x00, 0x00, 0x00, 0x00, 0x00, 0x00, 0x00, 0x00, 0x00, 0x00, 0x00, 0x00, 0x00,
    0x00, 0x00, 0x00, 0x00, 0x00, 0x00, 0x00, 0x00, 0x00, 0x00, 0x00, 0x00, 0x00, 0x00, 0x00, 0x00,
    0x00, 0x00, 0x00, 0x00, 0x00, 0x00, 0x00, 0x00, 0x00, 0x00, 0x00, 0x00, 0x00, 0x00, 0x00, 0x00,
    0x00, 0x00, 0x00, 0x00, 0x00, 0x00, 0x00, 0x00, 0x00, 0x00, 0x00, 0x00, 0x00, 0x00, 0x00, 0x00,
    0x00, 0x00, 0x00, 0x00, 0x00, 0x00, 0x00, 0x00, 0x00, 0x00, 0x00, 0x00, 0x00, 0x00, 0x00, 0x00,
    0x00, 0x00, 0x00, 0x00, 0x00, 0x00, 0x00, 0x00, 0x00, 0x00, 0x04, 0x00, 0x7F, 0xFF, 0xFB, 0xFF,
    0xFF, 0xFF, 0xFF, 0xFB, 0xFF, 0x6A, 0x00, 0x04, 0x00, 0x00, 0x00, 0x00, 0x00, 0x00, 0x00, 0x00,
    0x00, 0x00, 0x00, 0x00, 0x00, 0x00, 0x00, 0x00, 0x00, 0x00, 0x00, 0x00, 0x00, 0x00, 0x00, 0x00,
    0x00, 0x00, 0x00, 0x00, 0x00, 0x00, 0x00, 0x00, 0x00, 0x00, 0x00, 0x00, 0x00, 0x00, 0x00, 0x00,
    0x00, 0x00, 0x00, 0x00, 0x00, 0x00, 0x00, 0x00, 0x00, 0x00, 0x00, 0x00, 0x00, 0x00, 0x00, 0x00,
    0x00, 0x00, 0x00, 0x00, 0x00, 0x00, 0x00, 0x00, 0x00, 0x00, 0x00, 0x00, 0x00, 0x00, 0x00, 0x00,
    0x00, 0x00, 0x00, 0x00, 0x00, 0x00, 0x00, 0x00, 0x00, 0x00, 0x00, 0x00, 0x00, 0x00, 0x00, 0x00,
    0x00, 0x00, 0x00, 0x00, 0x00, 0x04, 0x00, 0x7F, 0xFF, 0xFB, 0xFF, 0xFF, 0xFF, 0xFF, 0xFB, 0xFF,
    0x6A, 0x00, 0x04, 0x00, 0x00, 0x00, 0x00, 0x00, 0x00, 0x00, 0x00, 0x00, 0x00, 0x00, 0x00, 0x00,
    0x00, 0x00, 0x00, 0x00, 0x00, 0x00, 0x00, 0x00, 0x00, 0x00, 0x00, 0x00, 0x00, 0x00, 0x00, 0x00,
    0x00, 0x00, 0x00, 0x00, 0x00, 0x00, 0x00, 0x00, 0x00, 0x00, 0x00, 0x00, 0x00, 0x00, 0x00, 0x00,
    0x00, 0x00, 0x00, 0x00, 0x00, 0x00, 0x00, 0x00, 0x00, 0x00, 0x00, 0x00, 0x00, 0x00, 0x00, 0x00,
    0x00, 0x00, 0x00, 0x00, 0x00, 0x00, 0x00, 0x00, 0x00, 0x00, 0x00, 0x00, 0x00, 0x00, 0x00, 0x00,
    0x00, 0x00, 0x00, 0x00, 0x00, 0x00, 0x00, 0x00, 0x00, 0x00, 0x00, 0x00, 0x00, 0x00, 0x00, 0x00,
    0x04, 0x00, 0x7F, 0xFF, 0xFB, 0xFF, 0xFF, 0xFF, 0xFF, 0xFB, 0xFF, 0x6A, 0x00, 0x04, 0x00, 0x00,
    0x00, 0x00, 0x00, 0x00, 0x00, 0x00, 0x00, 0x00, 0x00, 0x00, 0x00, 0x00, 0x00, 0x00, 0x00, 0x00,
    0x00, 0x00, 0x00, 0x00, 0x00, 0x00, 0x00, 0x00, 0x00, 0x00, 0x00, 0x00, 0x00, 0x00, 0x00, 0x00,
    0x00, 0x00, 0x00, 0x00, 0x00, 0x00, 0x00, 0x00, 0x00, 0x00, 0x00, 0x00, 0x00, 0x00, 0x00, 0x00,
    0x00, 0x00, 0x00, 0x00, 0x00, 0x00, 0x00, 0x00, 0x00, 0x00, 0x00, 0x00, 0x00, 0x00, 0x00, 0x00,
    0x00, 0x00, 0x00, 0x00, 0x00, 0x00, 0x00, 0x00, 0x00, 0x00, 0x00, 0x00, 0x00, 0x00, 0x00, 0x00,
    0x00, 0x00, 0x00, 0x00, 0x00, 0x00, 0x00, 0x00, 0x00, 0x00, 0x00, 0x04, 0x00, 0x7F, 0xFF, 0xFB,
    0xFF, 0xFF, 0xFF, 0xFF, 0xFB, 0xFF, 0x6A, 0x00, 0x04, 0x00, 0x00, 0x00, 0x00, 0x00, 0x00, 0x00,
    0x00, 0x00, 0x00, 0x00, 0x00, 0x00, 0x00, 0x00, 0x00, 0x00, 0x00, 0x00, 0x00, 0x00, 0x00, 0x00,
    0x00, 0x00, 0x00, 0x00, 0x00, 0x00, 0x00, 0x00, 0x00, 0x00, 0x00, 0x00, 0x00, 0x00, 0x00, 0x00,
    0x00, 0x00, 0x00, 0x00, 0x00, 0x00, 0x00, 0x00, 0x00, 0x00, 0x00, 0x00, 0x00, 0x00, 0x00, 0x00,
    0x00, 0x00, 0x00, 0x00, 0x00, 0x00, 0x00, 0x00, 0x00, 0x00, 0x00, 0x00, 0x00, 0x00, 0x00, 0x00,
    0x00, 0x00, 0x00, 0x00, 0x00, 0x00, 0x00, 0x00, 0x00, 0x00, 0x00, 0x00, 0x00, 0x00, 0x00, 0x00,
    0x00, 0x00, 0x00, 0x00, 0x00, 0x00, 0x04, 0x00, 0x7F, 0xFF, 0xFB, 0xFF, 0xFF, 0xFF, 0xFF, 0xFB,
    0xFF, 0x6A, 0x00, 0x04, 0x00, 0x00, 0x00, 0x00, 0x00, 0x00, 0x00, 0x00, 0x00, 0x00, 0x00, 0x00,
    0x00, 0x00, 0x00, 0x00, 0x00, 0x00, 0x00, 0x00, 0x00, 0x00, 0x00, 0x00, 0x00, 0x00, 0x00, 0x00,
    0x00, 0x00, 0x00, 0x00, 0x00, 0x00, 0x00, 0x00, 0x00, 0x00, 0x00, 0x00, 0x00, 0x00, 0x00, 0x00,
    0x00, 0x00, 0x00, 0x00, 0x00, 0x00, 0x00, 0x00, 0x00, 0x00, 0x00, 0x00, 0x00, 0x00, 0x00, 0x00,
    0x00, 0x00, 0x00, 0x00, 0x00, 0x00, 0x00, 0x00, 0x00, 0x00, 0x00, 0x00, 0x00, 0x00, 0x00, 0x00,
    0x00, 0x00, 0x00, 0x00, 0x00, 0x00, 0x00, 0x00, 0x00, 0x00, 0x00, 0x00, 0x00, 0x00, 0x00, 0x00,
    0x00, 0x04, 0x00, 0x7F, 0xFF, 0xFB, 0xFF, 0xFF, 0xFF, 0xFF, 0xFB, 0xFF, 0x6A, 0x00, 0x04, 0x00,
    0x00, 0x00, 0x00, 0x00, 0x00, 0x00, 0x00, 0x00, 0x00, 0x00, 0x00, 0x00, 0x00, 0x00, 0x00, 0x00,
    0x00, 0x00, 0x00, 0x00, 0x00, 0x00, 0x00, 0x00, 0x00, 0x00, 0x00, 0x00, 0x00, 0x00, 0x00, 0x00,
    0x00, 0x00, 0x00, 0x00, 0x00, 0x00, 0x00, 0x00, 0x00, 0x00, 0x00, 0x00, 0x00, 0x00, 0x00, 0x00,
    0x00, 0x00, 0x00, 0x00, 0x00, 0x00, 0x00, 0x00, 0x00, 0x00, 0x00, 0x00, 0x00, 0x00, 0x00, 0x00,
    0x00, 0x00, 0x00, 0x00, 0x00, 0x00, 0x00, 0x00, 0x00, 0x00, 0x00, 0x00, 0x00, 0x00, 0x00, 0x00,
    0x00, 0x00, 0x00, 0x00, 0x00, 0x00, 0x00, 0x00, 0x00, 0x00, 0x00, 0x00, 0x04, 0x00, 0x7F, 0xFF,
    0xFB, 0xFF, 0xFF, 0xFF, 0xFF, 0xFB, 0xFF, 0x6A, 0x00, 0x04, 0x00, 0x00, 0x00, 0x00, 0x00, 0x00,
    0x00, 0x00, 0x00, 0x00, 0x00, 0x00, 0x00, 0x00, 0x00, 0x00, 0x00, 0x00, 0x00, 0x00, 0x00, 0x00,
    0x00, 0x00, 0x00, 0x00, 0x00, 0x00, 0x00, 0x00, 0x00, 0x00, 0x00, 0x00, 0x00, 0x00, 0x00, 0x00,
    0x00, 0x00, 0x00, 0x00, 0x00, 0x00, 0x00, 0x00, 0x00, 0x00, 0x00, 0x00, 0x00, 0x00, 0x00, 0x00,
    0x00, 0x00, 0x00, 0x00, 0x00, 0x00, 0x00, 0x00, 0x00, 0x00, 0x00, 0x00, 0x00, 0x00, 0x00, 0x00,
    0x00, 0x00, 0x00, 0x00, 0x00, 0x00, 0x00, 0x00, 0x00, 0x00, 0x00, 0x00, 0x00, 0x00, 0x00, 0x00,
    0x00, 0x00, 0x00, 0x00, 0x00, 0x00, 0x00, 0x04, 0x00, 0x7F, 0xFF, 0xFB, 0xFF, 0xFF, 0xFF, 0xFF,
    0xFB, 0xFF, 0x6A, 0x00, 0x04, 0x00, 0x00, 0x00, 0x00, 0x00, 0x00, 0x00, 0x00, 0x00, 0x00, 0x00,
    0x00, 0x00, 0x00, 0x00, 0x00, 0x00, 0x00, 0x00, 0x00, 0x00, 0x00, 0x00, 0x00, 0x00, 0x00, 0x00,
    0x00, 0x00, 0x00, 0x00, 0x00, 0x00, 0x00, 0x00, 0x00, 0x00, 0x00, 0x00, 0x00, 0x00, 0x00, 0x00,
    0x00, 0x00, 0x00, 0x00, 0x00, 0x00, 0x00, 0x00, 0x00, 0x00, 0x00, 0x00, 0x00, 0x00, 0x00, 0x00,
    0x00, 0x00, 0x00, 0x00, 0x00, 0x00, 0x00, 0x00, 0x00, 0x00, 0x00, 0x00, 0x00, 0x00, 0x00, 0x00,
    0x00, 0x00, 0x00, 0x00, 0x00, 0x00, 0x00, 0x00, 0x00, 0x00, 0x00, 0x00, 0x00, 0x00, 0x00, 0x00,
    0x00, 0x00, 0x04, 0x00, 0x7F, 0xFF, 0xFB, 0xFF, 0xFF, 0xFF, 0xFF, 0xFB, 0xFF, 0x6A, 0x00, 0x04,
    0x00, 0x00, 0x00, 0x00, 0x00, 0x00, 0x00, 0x00, 0x00, 0x00, 0x00, 0x00, 0x00, 0x00, 0x00, 0x00,
    0x00, 0x00, 0x00, 0x00, 0x00, 0x00, 0x00, 0x00, 0x00, 0x00, 0x00, 0x00, 0x00, 0x00, 0x00, 0x00,
    0x00, 0x00, 0x00, 0x00, 0x00, 0x00, 0x00, 0x00, 0x00, 0x00, 0x00, 0x00, 0x00, 0x00, 0x00, 0x00,
    0x00, 0x00, 0x00, 0x00, 0x00, 0x00, 0x00, 0x00, 0x00, 0x00, 0x00, 0x00, 0x00, 0x00, 0x00, 0x00,
    0x00, 0x00, 0x00, 0x00, 0x00, 0x00, 0x00, 0x00, 0x00, 0x00, 0x00, 0x00, 0x00, 0x00, 0x00, 0x00,
    0x00, 0x00, 0x00, 0x00, 0x00, 0x00, 0x00, 0x00, 0x00, 0x00, 0x00, 0x00, 0x00, 0x04, 0x00, 0x7F,
    0xFF, 0xFB, 0xFF, 0xFF, 0xFF, 0xFF, 0xFB, 0xFF, 0x6A, 0x00, 0x04, 0x00, 0x00, 0x00, 0x00, 0x00,
    0x00, 0x00, 0x00, 0x00, 0x00, 0x00, 0x00, 0x00, 0x00, 0x00, 0x00, 0x00, 0x00, 0x00, 0x00, 0x00,
    0x00, 0x00, 0x00, 0x00, 0x00, 0x00, 0x00, 0x00, 0x00, 0x00, 0x00, 0x00, 0x00, 0x00, 0x00, 0x00,
    0x00, 0x00, 0x00, 0x00, 0x00, 0x00, 0x00, 0x00, 0x00, 0x00, 0x00, 0x00, 0x00, 0x00, 0x00, 0x00,
    0x00, 0x00, 0x00, 0x00, 0x00, 0x00, 0x00, 0x00, 0x00, 0x00, 0x00, 0x00, 0x00, 0x00, 0x00, 0x00,
    0x00, 0x00, 0x00, 0x00, 0x00, 0x00, 0x00, 0x00, 0x00, 0x00, 0x00, 0x00, 0x00, 0x00, 0x00, 0x00,
    0x00, 0x00, 0x00, 0x00, 0x00, 0x00, 0x00, 0x00, 0x04, 0x00, 0x7F, 0xFF, 0xFB, 0xFF, 0xFF, 0xFF,
    0xFF, 0xFB, 0xFF, 0x6A, 0x00, 0x04, 0x00, 0x00, 0x00, 0x00, 0x00, 0x00, 0x00, 0x00, 0x00, 0x00,
    0x00, 0x00, 0x00, 0x00, 0x00, 0x00, 0x00, 0x00, 0x00, 0x00, 0x00, 0x00, 0x00, 0x00, 0x00, 0x00,
    0x00, 0x00, 0x00, 0x00, 0x00, 0x00, 0x00, 0x00, 0x00, 0x00, 0x00, 0x00, 0x00, 0x00, 0x00, 0x00,
    0x00, 0x00, 0x00, 0x00, 0x00, 0x00, 0x00, 0x00, 0x00, 0x00, 0x00, 0x00, 0x00, 0x00, 0x00, 0x00,
    0x00, 0x00, 0x00, 0x00, 0x00, 0x00, 0x00, 0x00, 0x00, 0x00, 0x00, 0x00, 0x00, 0x00, 0x00, 0x00,
    0x00, 0x00, 0x00, 0x00, 0x00, 0x00, 0x00, 0x00, 0x00, 0x00, 0x00, 0x00, 0x00, 0x00, 0x00, 0x00,
    0x00, 0x00, 0x00, 0x04, 0x00, 0x7F, 0xFF, 0xFB, 0xFF, 0xFF, 0xFF, 0xFF, 0xFB, 0xFF, 0x6A, 0x00,
    0x04, 0x00, 0x00, 0x00, 0x00, 0x00, 0x00, 0x00, 0x00, 0x00, 0x00, 0x00, 0x00, 0x00, 0x00, 0x00,
    0x00, 0x00, 0x00, 0x00, 0x00, 0x00, 0x00, 0x00, 0x00, 0x00, 0x00, 0x00, 0x00, 0x00, 0x00, 0x00,
    0x00, 0x00, 0x00, 0x00, 0x00, 0x00, 0x00, 0x00, 0x00, 0x00, 0x00, 0x00, 0x00, 0x00, 0x00, 0x00,
    0x00, 0x00, 0x00, 0x00, 0x00, 0x00, 0x00, 0x00, 0x00, 0x00, 0x00, 0x00, 0x00, 0x00, 0x00, 0x00,
    0x00, 0x00, 0x00, 0x00, 0x00, 0x00, 0x00, 0x00, 0x00, 0x00, 0x00, 0x00, 0x00, 0x00, 0x00, 0x00,
    0x00, 0x00, 0x00, 0x00, 0x00, 0x00, 0x00, 0x00, 0x00, 0x00, 0x00, 0x00, 0x00, 0x00, 0x04, 0x00,
    0x7F, 0xFF, 0xFB, 0xFF, 0xFF, 0xFF, 0xFF, 0xFB, 0xFF, 0x6A, 0x00, 0x04, 0x00, 0x00, 0x00, 0x00,
    0x00, 0x00, 0x00, 0x00, 0x00, 0x00, 0x00, 0x00, 0x00, 0x00, 0x00, 0x00, 0x00, 0x00, 0x00, 0x00,
    0x00, 0x00, 0x00, 0x00, 0x00, 0x00, 0x00, 0x00, 0x00, 0x00, 0x00, 0x00, 0x00, 0x00, 0x00, 0x00,
    0x00, 0x00, 0x00, 0x00, 0x00, 0x00, 0x00, 0x00, 0x00, 0x00, 0x00, 0x00, 0x00, 0x00, 0x00, 0x00,
    0x00, 0x00, 0x00, 0x00, 0x00, 0x00, 0x00, 0x00, 0x00, 0x00, 0x00, 0x00, 0x00, 0x00, 0x00, 0x00,
    0x00, 0x00, 0x00, 0x00, 0x00, 0x00, 0x00, 0x00, 0x00, 0x00, 0x00, 0x00, 0x00, 0x00, 0x00, 0x00,
    0x00, 0x00, 0x00, 0x00, 0x00, 0x00, 0x00, 0x00, 0x00, 0x04, 0x00, 0x7F, 0xFF, 0xFB, 0xFF, 0xFF,
    0xFF, 0xFF, 0xFB, 0xFF, 0x6A, 0x00, 0x04, 0x00, 0x00, 0x00, 0x00, 0x00, 0x00, 0x00, 0x00, 0x00,
    0x00, 0x00, 0x00, 0x00, 0x00, 0x00, 0x00, 0x00, 0x00, 0x00, 0x00, 0x00, 0x00, 0x00, 0x00, 0x00,
    0x00, 0x00, 0x00, 0x00, 0x00, 0x00, 0x00, 0x00, 0x00, 0x00, 0x00, 0x00, 0x00, 0x00, 0x00, 0x00,
    0x00, 0x00, 0x00, 0x00, 0x00, 0x00, 0x00, 0x00, 0x00, 0x00, 0x00, 0x00, 0x00, 0x00, 0x00, 0x00,
    0x00, 0x00, 0x00, 0x00, 0x00, 0x00, 0x00, 0x00, 0x00, 0x00, 0x00, 0x00, 0x00, 0x00, 0x00, 0x00,
    0x00, 0x00, 0x00, 0x00, 0x00, 0x00, 0x00, 0x00, 0x00, 0x02, 0x03, 0x04, 0x04, 0x04, 0x04, 0x04,
    0x03, 0x02, 0x01, 0x00, 0x04, 0x00, 0x7F, 0xFF, 0xFB, 0xFF, 0xFF, 0xFF, 0xFF, 0xFB, 0xFF, 0x6A,
    0x00, 0x04, 0x00, 0x00, 0x00, 0x00, 0x00, 0x00, 0x00, 0x00, 0x00, 0x00, 0x00, 0x00, 0x00, 0x00,
    0x00, 0x00, 0x00, 0x00, 0x00, 0x00, 0x00, 0x00, 0x00, 0x00, 0x00, 0x00, 0x00, 0x00, 0x00, 0x00,
    0x00, 0x00, 0x00, 0x00, 0x00, 0x00, 0x00, 0x00, 0x00, 0x00, 0x00, 0x00, 0x00, 0x00, 0x00, 0x00,
    0x00, 0x00, 0x00, 0x00, 0x00, 0x00, 0x00, 0x00, 0x00, 0x00, 0x00, 0x00, 0x00, 0x00, 0x00, 0x00,
    0x00, 0x00, 0x00, 0x00, 0x00, 0x00, 0x00, 0x00, 0x00, 0x00, 0x00, 0x00, 0x00, 0x00, 0x00, 0x00,
    0x00, 0x02, 0x04, 0x00, 0x00, 0x00, 0x00, 0x00, 0x00, 0x00, 0x00, 0x00, 0x00, 0x00, 0x04, 0x06,
    0x00, 0x7F, 0xFF, 0xFB, 0xFF, 0xFF, 0xFF, 0xFF, 0xFB, 0xFF, 0x6A, 0x00, 0x04, 0x00, 0x00, 0x00,
    0x00, 0x00, 0x00, 0x00, 0x00, 0x00, 0x00, 0x00, 0x00, 0x00, 0x00, 0x00, 0x00, 0x00, 0x00, 0x00,
    0x00, 0x00, 0x00, 0x00, 0x00, 0x00, 0x00, 0x00, 0x00, 0x00, 0x00, 0x00, 0x00, 0x00, 0x00, 0x00,
    0x00, 0x00, 0x00, 0x00, 0x00, 0x00, 0x00, 0x00, 0x00, 0x00, 0x00, 0x00, 0x00, 0x00, 0x00, 0x00,
    0x00, 0x00, 0x00, 0x00, 0x00, 0x00, 0x00, 0x00, 0x00, 0x00, 0x00, 0x00, 0x00, 0x00, 0x00, 0x00,
    0x00, 0x00, 0x00, 0x00, 0x00, 0x00, 0x00, 0x00, 0x00, 0x00, 0x02, 0x03, 0x00, 0x00, 0x00, 0x23,
    0x4C, 0x6C, 0x82, 0x89, 0x84, 0x71, 0x52, 0x29, 0x02, 0x00, 0x00, 0x03, 0x81, 0xFF, 0xFB, 0xFF,
    0xFF, 0xFF, 0xFF, 0xFB, 0xFF, 0x6A, 0x00, 0x04, 0x00, 0x00, 0x00, 0x00, 0x00, 0x00, 0x00, 0x00,
    0x00, 0x00, 0x00, 0x00, 0x00, 0x00, 0x00, 0x00, 0x00, 0x00, 0x00, 0x00, 0x00, 0x00, 0x00, 0x00,
    0x00, 0x00, 0x00, 0x00, 0x00, 0x00, 0x00, 0x00, 0x00, 0x00, 0x00, 0x00, 0x00, 0x00, 0x00, 0x00,
    0x00, 0x00, 0x00, 0x00, 0x00, 0x00, 0x00, 0x00, 0x00, 0x00, 0x00, 0x00, 0x00, 0x00, 0x00, 0x00,
    0x00, 0x00, 0x00, 0x00, 0x00, 0x00, 0x00, 0x00, 0x00, 0x00, 0x00, 0x00, 0x00, 0x00, 0x00, 0x00,
    0x00, 0x00, 0x00, 0x00, 0x03, 0x00, 0x00, 0x29, 0x83, 0xCE, 0xF9, 0xFF, 0xFF, 0xFF, 0xFF, 0xFF,
    0xFF, 0xFF, 0xFD, 0xD4, 0x8A, 0x30, 0x00, 0x78, 0xFF, 0xFB, 0xFF, 0xFF, 0xFF, 0xFF, 0xFB, 0xFF,
    0x6A, 0x00, 0x04, 0x00, 0x00, 0x00, 0x00, 0x00, 0x00, 0x00, 0x00, 0x00, 0x00, 0x00, 0x00, 0x00,
    0x00, 0x00, 0x00, 0x00, 0x00, 0x00, 0x00, 0x00, 0x00, 0x00, 0x00, 0x00, 0x00, 0x00, 0x00, 0x00,
    0x00, 0x00, 0x00, 0x00, 0x00, 0x00, 0x00, 0x00, 0x00, 0x00, 0x00, 0x00, 0x00, 0x00, 0x00, 0x00,
    0x00, 0x00, 0x00, 0x00, 0x00, 0x00, 0x00, 0x00, 0x00, 0x00, 0x00, 0x00, 0x00, 0x00, 0x00, 0x00,
    0x00, 0x00, 0x00, 0x00, 0x00, 0x00, 0x00, 0x00, 0x00, 0x00, 0x00, 0x00, 0x00, 0x01, 0x02, 0x00,
    0x24, 0xA1, 0xF9, 0xFF, 0xFF, 0xFF, 0xFC, 0xFB, 0xFB, 0xFB, 0xFB, 0xFB, 0xFC, 0xFF, 0xFF, 0xFF,
    0xFC, 0x97, 0x9C, 0xFF, 0xFC, 0xFF, 0xFF, 0xFF, 0xFF, 0xFB, 0xFF, 0x6A, 0x00, 0x04, 0x00, 0x00,
    0x00, 0x00, 0x00, 0x00, 0x00, 0x00, 0x00, 0x00, 0x00, 0x00, 0x00, 0x00, 0x00, 0x00, 0x00, 0x00,
    0x00, 0x00, 0x00, 0x00, 0x00, 0x00, 0x00, 0x00, 0x00, 0x00, 0x00, 0x00, 0x00, 0x00, 0x00, 0x00,
    0x00, 0x00, 0x00, 0x00, 0x00, 0x00, 0x00, 0x00, 0x00, 0x00, 0x00, 0x00, 0x00, 0x00, 0x00, 0x00,
    0x00, 0x00, 0x00, 0x00, 0x00, 0x00, 0x00, 0x00, 0x00, 0x00, 0x00, 0x00, 0x00, 0x00, 0x00, 0x00,
    0x00, 0x00, 0x00, 0x00, 0x00, 0x00, 0x00, 0x01, 0x00, 0x00, 0x6D, 0xF1, 0xFF, 0xFF, 0xFB, 0xFD,
    0xFE, 0xFF, 0xFF, 0xFF, 0xFF, 0xFF, 0xFF, 0xFF, 0xFE, 0xFD, 0xFB, 0xFF, 0xFF, 0xFF, 0xFF, 0xFF,
    0xFF, 0xFF, 0xFF, 0xFF, 0xFB, 0xFF, 0x6A, 0x00, 0x04, 0x00, 0x00, 0x00, 0x00, 0x00, 0x00, 0x00,
    0x00, 0x00, 0x00, 0x00, 0x00, 0x00, 0x00, 0x00, 0x00, 0x00, 0x00, 0x00, 0x00, 0x00, 0x00, 0x00,
    0x00, 0x00, 0x00, 0x00, 0x00, 0x00, 0x00, 0x00, 0x00, 0x00, 0x00, 0x00, 0x00, 0x00, 0x00, 0x00,
    0x00, 0x00, 0x00, 0x00, 0x00, 0x00, 0x00, 0x00, 0x00, 0x00, 0x00, 0x00, 0x00, 0x00, 0x00, 0x00,
    0x00, 0x00, 0x00, 0x00, 0x00, 0x00, 0x00, 0x00, 0x00, 0x00, 0x00, 0x00, 0x00, 0x00, 0x00, 0x00,
    0x00, 0x02, 0x00, 0x07, 0xA3, 0xFF, 0xFF, 0xFB, 0xFE, 0xFF, 0xFF, 0xFF, 0xFF, 0xFF, 0xFF, 0xFF,
    0xFF, 0xFF, 0xFF, 0xFF, 0xFF, 0xFF, 0xFE, 0xFC, 0xFE, 0xFF, 0xFF, 0xFF, 0xFF, 0xFF, 0xFF, 0xFB,
    0xFF, 0x6A, 0x00, 0x04, 0x00, 0x00, 0x00, 0x00, 0x00, 0x00, 0x00, 0x00, 0x00, 0x00, 0x00, 0x00,
    0x00, 0x00, 0x00, 0x00, 0x00, 0x00, 0x00, 0x00, 0x00, 0x00, 0x00, 0x00, 0x00, 0x00, 0x00, 0x00,
    0x00, 0x00, 0x00, 0x00, 0x00, 0x00, 0x00, 0x00, 0x00, 0x00, 0x00, 0x00, 0x00, 0x00, 0x00, 0x00,
    0x00, 0x00, 0x00, 0x00, 0x00, 0x00, 0x00, 0x00, 0x00, 0x00, 0x00, 0x00, 0x00, 0x00, 0x00, 0x00,
    0x00, 0x00, 0x00, 0x00, 0x00, 0x00, 0x00, 0x00, 0x00, 0x00, 0x00, 0x01, 0x01, 0x0A, 0xBB, 0xFF,
    0xFB, 0xFE, 0xFF, 0xFF, 0xFF, 0xFF, 0xFF, 0xFF, 0xFF, 0xFF, 0xFF, 0xFF, 0xFF, 0xFF, 0xFF, 0xFF,
    0xFF, 0xFF, 0xFF, 0xFF, 0xFF, 0xFF, 0xFF, 0xFF, 0xFF, 0xFF, 0xFB, 0xFF, 0x6A, 0x00, 0x04, 0x00,
    0x00, 0x00, 0x00, 0x00, 0x00, 0x00, 0x00, 0x00, 0x00, 0x00, 0x00, 0x00, 0x00, 0x00, 0x00, 0x00,
    0x00, 0x00, 0x00, 0x00, 0x00, 0x00, 0x00, 0x00, 0x00, 0x00, 0x00, 0x00, 0x00, 0x00, 0x00, 0x00,
    0x00, 0x00, 0x00, 0x00, 0x00, 0x00, 0x00, 0x00, 0x00, 0x00, 0x00, 0x00, 0x00, 0x00, 0x00, 0x00,
    0x00, 0x00, 0x00, 0x00, 0x00, 0x00, 0x00, 0x00, 0x00, 0x00, 0x00, 0x00, 0x00, 0x00, 0x00, 0x00,
    0x00, 0x00, 0x00, 0x00, 0x00, 0x01, 0x03, 0x04, 0xB8, 0xFF, 0xFA, 0xFF, 0xFF, 0xFF, 0xFF, 0xFF,
    0xFF, 0xFF, 0xFF, 0xFF, 0xFF, 0xFF, 0xFF, 0xFF, 0xFF, 0xFF, 0xFF, 0xFF, 0xFF, 0xFF, 0xFF, 0xFF,
    0xFF, 0xFF, 0xFF, 0xFF, 0xFF, 0xFB, 0xFF, 0x6A, 0x00, 0x04, 0x00, 0x00, 0x00, 0x00, 0x00, 0x00,
    0x00, 0x00, 0x00, 0x00, 0x00, 0x00, 0x00, 0x00, 0x00, 0x00, 0x00, 0x00, 0x00, 0x00, 0x00, 0x00,
    0x00, 0x00, 0x00, 0x00, 0x00, 0x00, 0x00, 0x00, 0x00, 0x00, 0x00, 0x00, 0x00, 0x00, 0x00, 0x00,
    0x00, 0x00, 0x00, 0x00, 0x00, 0x00, 0x00, 0x00, 0x00, 0x00, 0x00, 0x00, 0x00, 0x00, 0x00, 0x00,
    0x00, 0x00, 0x00, 0x00, 0x00, 0x00, 0x00, 0x00, 0x00, 0x00, 0x00, 0x00, 0x00, 0x00, 0x00, 0x00,
    0x03, 0x00, 0x98, 0xFF, 0xFA, 0xFF, 0xFF, 0xFF, 0xFF, 0xFF, 0xFF, 0xFF, 0xFF, 0xFF, 0xFF, 0xFF,
    0xFF, 0xFF, 0xFF, 0xFF, 0xFF, 0xFF, 0xFF, 0xFF, 0xFF, 0xFF, 0xFF, 0xFF, 0xFF, 0xFF, 0xFF, 0xFF,
    0xFB, 0xFF, 0x6A, 0x00, 0x04, 0x00, 0x00, 0x00, 0x00, 0x00, 0x00, 0x00, 0x00, 0x00, 0x00, 0x00,
    0x00, 0x00, 0x00, 0x00, 0x00, 0x00, 0x00, 0x00, 0x00, 0x00, 0x00, 0x00, 0x00, 0x00, 0x00, 0x00,
    0x00, 0x00, 0x00, 0x00, 0x00, 0x00, 0x00, 0x00, 0x00, 0x00, 0x00, 0x00, 0x00, 0x00, 0x00, 0x00,
    0x00, 0x00, 0x00, 0x00, 0x00, 0x00, 0x00, 0x00, 0x00, 0x00, 0x00, 0x00, 0x00, 0x00, 0x00, 0x00,
    0x00, 0x00, 0x00, 0x00, 0x00, 0x00, 0x00, 0x00, 0x00, 0x00, 0x03, 0x00, 0x55, 0xFF, 0xFA, 0xFF,
    0xFF, 0xFF, 0xFF, 0xFF, 0xFF, 0xFF, 0xFF, 0xFF, 0xFF, 0xFF, 0xFF, 0xFF, 0xFF, 0xFF, 0xFF, 0xFF,
    0xFF, 0xFF, 0xFF, 0xFF, 0xFF, 0xFF, 0xFF, 0xFF, 0xFF, 0xFF, 0xFF, 0xFB, 0xFF, 0x6A, 0x00, 0x04,
    0x00, 0x00, 0x00, 0x00, 0x00, 0x00, 0x00, 0x00, 0x00, 0x00, 0x00, 0x00, 0x00, 0x00, 0x00, 0x00,
    0x00, 0x00, 0x00, 0x00, 0x00, 0x00, 0x00, 0x00, 0x00, 0x00, 0x00, 0x00, 0x00, 0x00, 0x00, 0x00,
    0x00, 0x00, 0x00, 0x00, 0x00, 0x00, 0x00, 0x00, 0x00, 0x00, 0x00, 0x00, 0x00, 0x00, 0x00, 0x00,
    0x00, 0x00, 0x00, 0x00, 0x00, 0x00, 0x00, 0x00, 0x00, 0x00, 0x00, 0x00, 0x00, 0x00, 0x00, 0x00,
    0x00, 0x00, 0x00, 0x00, 0x01, 0x01, 0x10, 0xE6, 0xFE, 0xFD, 0xFF, 0xFF, 0xFF, 0xFF, 0xFF, 0xFF,
    0xFF, 0xFF, 0xFF, 0xFF, 0xFF, 0xFF, 0xFF, 0xFF, 0xFF, 0xFF, 0xFF, 0xFF, 0xFF, 0xFF, 0xFF, 0xFF,
    0xFF, 0xFF, 0xFF, 0xFF, 0xFF, 0xFF, 0xFB, 0xFF, 0x6A, 0x00, 0x04, 0x00, 0x00, 0x00, 0x00, 0x00,
    0x00, 0x00, 0x00, 0x00, 0x00, 0x00, 0x00, 0x00, 0x00, 0x00, 0x00, 0x00, 0x00, 0x00, 0x00, 0x00,
    0x00, 0x00, 0x00, 0x00, 0x00, 0x00, 0x00, 0x00, 0x00, 0x00, 0x00, 0x00, 0x00, 0x00, 0x00, 0x00,
    0x00, 0x00, 0x00, 0x00, 0x00, 0x00, 0x00, 0x00, 0x00, 0x00, 0x00, 0x00, 0x00, 0x00, 0x00, 0x00,
    0x00, 0x00, 0x00, 0x00, 0x00, 0x00, 0x00, 0x00, 0x00, 0x00, 0x00, 0x00, 0x00, 0x00, 0x00, 0x04,
    0x00, 0x7E, 0xFF, 0xFB, 0xFF, 0xFF, 0xFF, 0xFF, 0xFF, 0xFF, 0xFF, 0xFF, 0xFF, 0xFF, 0xFF, 0xFF,
    0xFF, 0xFF, 0xFF, 0xFF, 0xFF, 0xFF, 0xFF, 0xFF, 0xFF, 0xFF, 0xFF, 0xFF, 0xFF, 0xFF, 0xFF, 0xFF,
    0xFF, 0xFB, 0xFF, 0x6A, 0x00, 0x04, 0x00, 0x00, 0x00, 0x00, 0x00, 0x00, 0x00, 0x00, 0x00, 0x00,
    0x00, 0x00, 0x00, 0x00, 0x00, 0x00, 0x00, 0x00, 0x00, 0x00, 0x00, 0x00, 0x00, 0x00, 0x00, 0x00,
    0x00, 0x00, 0x00, 0x00, 0x00, 0x00, 0x00, 0x00, 0x00, 0x00, 0x00, 0x00, 0x00, 0x00, 0x00, 0x00,
    0x00, 0x00, 0x00, 0x00, 0x00, 0x00, 0x00, 0x00, 0x00, 0x00, 0x00, 0x00, 0x00, 0x00, 0x00, 0x00,
    0x00, 0x00, 0x00, 0x00, 0x00, 0x00, 0x00, 0x00, 0x00, 0x01, 0x00, 0x0C, 0xE6, 0xFE, 0xFD, 0xFF,
    0xFF, 0xFF, 0xFF, 0xFF, 0xFF, 0xFF, 0xFF, 0xFF, 0xFF, 0xFF, 0xFF, 0xFF, 0xFF, 0xFF, 0xFF, 0xFF,
    0xFF, 0xFF, 0xFF, 0xFF, 0xFF, 0xFF, 0xFF, 0xFF, 0xFF, 0xFF, 0xFF, 0xFF, 0xFB, 0xFF, 0x6A, 0x00,
    0x04, 0x00, 0x00, 0x00, 0x00, 0x00, 0x00, 0x00, 0x00, 0x00, 0x00, 0x00, 0x00, 0x00, 0x00, 0x00,
    0x00, 0x00, 0x00, 0x00, 0x00, 0x00, 0x00, 0x00, 0x00, 0x00, 0x00, 0x00, 0x00, 0x00, 0x00, 0x00,
    0x00, 0x00, 0x00, 0x00, 0x00, 0x00, 0x00, 0x00, 0x00, 0x00, 0x00, 0x00, 0x00, 0x00, 0x00, 0x00,
    0x00, 0x00, 0x00, 0x00, 0x00, 0x00, 0x00, 0x00, 0x00, 0x00, 0x00, 0x00, 0x00, 0x00, 0x00, 0x00,
    0x00, 0x00, 0x00, 0x00, 0x04, 0x00, 0x54, 0xFF, 0xFC, 0xFF, 0xFF, 0xFF, 0xFF, 0xFF, 0xFF, 0xFF,
    0xFF, 0xFF, 0xFF, 0xFF, 0xFF, 0xFF, 0xFF, 0xFF, 0xFF, 0xFF, 0xFF, 0xFF, 0xFF, 0xFF, 0xFF, 0xFF,
    0xFF, 0xFF, 0xFF, 0xFF, 0xFF, 0xFF, 0xFF, 0xFB, 0xFF, 0x6A, 0x00, 0x04, 0x00, 0x00, 0x00, 0x00,
    0x00, 0x00, 0x00, 0x00, 0x00, 0x00, 0x00, 0x00, 0x00, 0x00, 0x00, 0x00, 0x00, 0x00, 0x00, 0x00,
    0x00, 0x00, 0x00, 0x00, 0x00, 0x00, 0x00, 0x00, 0x00, 0x00, 0x00, 0x00, 0x00, 0x00, 0x00, 0x00,
    0x00, 0x00, 0x00, 0x00, 0x00, 0x00, 0x00, 0x00, 0x00, 0x00, 0x00, 0x00, 0x00, 0x00, 0x00, 0x00,
    0x00, 0x00, 0x00, 0x00, 0x00, 0x00, 0x00, 0x00, 0x00, 0x00, 0x00, 0x00, 0x00, 0x00, 0x00, 0x04,
    0x00, 0xA1, 0xFE, 0xFB, 0xFF, 0xFF, 0xFF, 0xFF, 0xFF, 0xFF, 0xFF, 0xFF, 0xFF, 0xFF, 0xFF, 0xFF,
    0xFF, 0xFF, 0xFF, 0xFF, 0xFF, 0xFF, 0xFF, 0xFF, 0xFF, 0xFF, 0xFF, 0xFF, 0xFF, 0xFF, 0xFF, 0xFF,
    0xFF, 0xFF, 0xFB, 0xFF, 0x6A, 0x00, 0x04, 0x00, 0x00, 0x00, 0x00, 0x00, 0x00, 0x00, 0x00, 0x00,
    0x00, 0x00, 0x00, 0x00, 0x00, 0x00, 0x00, 0x00, 0x00, 0x00, 0x00, 0x00, 0x00, 0x00, 0x00, 0x00,
    0x00, 0x00, 0x00, 0x00, 0x00, 0x00, 0x00, 0x00, 0x00, 0x00, 0x00, 0x00, 0x00, 0x00, 0x00, 0x00,
    0x00, 0x00, 0x00, 0x00, 0x00, 0x00, 0x00, 0x00, 0x00, 0x00, 0x00, 0x00, 0x00, 0x00, 0x00, 0x00,
    0x00, 0x00, 0x00, 0x00, 0x00, 0x00, 0x00, 0x00, 0x00, 0x00, 0x00, 0x03, 0xD6, 0xFF, 0xFD, 0xFF,
    0xFF, 0xFF, 0xFF, 0xFF, 0xFF, 0xFF, 0xFF, 0xFF, 0xFF, 0xFF, 0xFF, 0xFF, 0xFF, 0xFF, 0xFF, 0xFF,
    0xFF, 0xFF, 0xFF, 0xFF, 0xFF, 0xFF, 0xFF, 0xFF, 0xFF, 0xFF, 0xFF, 0xFF, 0xFF, 0xFB, 0xFF, 0x6A,
    0x00, 0x04, 0x00, 0x00, 0x00, 0x00, 0x00, 0x00, 0x00, 0x00, 0x00, 0x00, 0x00, 0x00, 0x00, 0x00,
    0x00, 0x00, 0x00, 0x00, 0x00, 0x00, 0x00, 0x00, 0x00, 0x00, 0x00, 0x00, 0x00, 0x00, 0x00, 0x00,
    0x00, 0x00, 0x00, 0x00, 0x00, 0x00, 0x00, 0x00, 0x00, 0x00, 0x00, 0x00, 0x00, 0x00, 0x00, 0x00,
    0x00, 0x00, 0x00, 0x00, 0x00, 0x00, 0x00, 0x00, 0x00, 0x00, 0x00, 0x00, 0x00, 0x00, 0x00, 0x00,
    0x00, 0x00, 0x00, 0x00, 0x02, 0x00, 0x19, 0xF5, 0xFF, 0xFE, 0xFF, 0xFF, 0xFF, 0xFF, 0xFF, 0xFF,
    0xFF, 0xFF, 0xFF, 0xFF, 0xFF, 0xFF, 0xFF, 0xFF, 0xFF, 0xFF, 0xFF, 0xFF, 0xFF, 0xFF, 0xFF, 0xFF,
    0xFF, 0xFF, 0xFF, 0xFF, 0xFF, 0xFF, 0xFF, 0xFF, 0xFB, 0xFF, 0x6A, 0x00, 0x04, 0x00, 0x00, 0x00,
    0x00, 0x00, 0x00, 0x00, 0x00, 0x00, 0x00, 0x00, 0x00, 0x00, 0x00, 0x00, 0x00, 0x00, 0x00, 0x00,
    0x00, 0x00, 0x00, 0x00, 0x00, 0x00, 0x00, 0x00, 0x00, 0x00, 0x00, 0x00, 0x00, 0x00, 0x00, 0x00,
    0x00, 0x00, 0x00, 0x00, 0x00, 0x00, 0x00, 0x00, 0x00, 0x00, 0x00, 0x00, 0x00, 0x00, 0x00, 0x00,
    0x00, 0x00, 0x00, 0x00, 0x00, 0x00, 0x00, 0x00, 0x00, 0x00, 0x00, 0x00, 0x00, 0x00, 0x00, 0x02,
    0x00, 0x30, 0xFF, 0xFE, 0xFF, 0xFF, 0xFF, 0xFF, 0xFF, 0xFF, 0xFF, 0xFF, 0xFF, 0xFF, 0xFF, 0xFF,
    0xFF, 0xFF, 0xFF, 0xFF, 0xFF, 0xFF, 0xFF, 0xFF, 0xFF, 0xFF, 0xFF, 0xFF, 0xFF, 0xFF, 0xFF, 0xFF,
    0xFF, 0xFF, 0xFF, 0xFB, 0xFF, 0x6A, 0x00, 0x04, 0x00, 0x00, 0x00, 0x00, 0x00, 0x00, 0x00, 0x00,
    0x00, 0x00, 0x00, 0x00, 0x00, 0x00, 0x00, 0x00, 0x00, 0x00, 0x00, 0x00, 0x00, 0x00, 0x00, 0x00,
    0x00, 0x00, 0x00, 0x00, 0x00, 0x00, 0x00, 0x00, 0x00, 0x00, 0x00, 0x00, 0x00, 0x00, 0x00, 0x00,
    0x00, 0x00, 0x00, 0x00, 0x00, 0x00, 0x00, 0x00, 0x00, 0x00, 0x00, 0x00, 0x00, 0x00, 0x00, 0x00,
    0x00, 0x00, 0x00, 0x00, 0x00, 0x00, 0x00, 0x00, 0x00, 0x00, 0x03, 0x00, 0x3E, 0xFF, 0xFD, 0xFF,
    0xFF, 0xFF, 0xFF, 0xFF, 0xFF, 0xFF, 0xFF, 0xFF, 0xFF, 0xFF, 0xFF, 0xFF, 0xFF, 0xFF, 0xFF, 0xFF,
    0xFF, 0xFF, 0xFF, 0xFF, 0xFF, 0xFF, 0xFF, 0xFF, 0xFF, 0xFF, 0xFF, 0xFF, 0xFF, 0xFF, 0xFB, 0xFF,
    0x6A, 0x00, 0x04, 0x00, 0x00, 0x00, 0x00, 0x00, 0x00, 0x00, 0x00, 0x00, 0x00, 0x00, 0x00, 0x00,
    0x00, 0x00, 0x00, 0x00, 0x00, 0x00, 0x00, 0x00, 0x00, 0x00, 0x00, 0x00, 0x00, 0x00, 0x00, 0x00,
    0x00, 0x00, 0x00, 0x00, 0x00, 0x00, 0x00, 0x00, 0x00, 0x00, 0x00, 0x00, 0x00, 0x00, 0x00, 0x00,
    0x00, 0x00, 0x00, 0x00, 0x00, 0x00, 0x00, 0x00, 0x00, 0x00, 0x00, 0x00, 0x00, 0x00, 0x00, 0x00,
    0x00, 0x00, 0x00, 0x00, 0x00, 0x03, 0x00, 0x41, 0xFF, 0xFD, 0xFF, 0xFF, 0xFF, 0xFF, 0xFF, 0xFF,
    0xFF, 0xFF, 0xFF, 0xFF, 0xFF, 0xFF, 0xFF, 0xFF, 0xFF, 0xFF, 0xFF, 0xFF, 0xFF, 0xFF, 0xFF, 0xFF,
    0xFF, 0xFF, 0xFF, 0xFF, 0xFF, 0xFF, 0xFF, 0xFF, 0xFF, 0xFB, 0xFF, 0x69, 0x00, 0x04, 0x00, 0x00,
    0x00, 0x00, 0x00, 0x00, 0x00, 0x00, 0x00, 0x00, 0x00, 0x00, 0x00, 0x00, 0x00, 0x00, 0x00, 0x00,
    0x00, 0x00, 0x00, 0x00, 0x00, 0x00, 0x00, 0x00, 0x00, 0x00, 0x00, 0x00, 0x00, 0x00, 0x00, 0x00,
    0x00, 0x00, 0x00, 0x00, 0x00, 0x00, 0x00, 0x00, 0x00, 0x00, 0x00, 0x00, 0x00, 0x00, 0x00, 0x00,
    0x00, 0x00, 0x00, 0x00, 0x00, 0x00, 0x00, 0x00, 0x00, 0x00, 0x00, 0x00, 0x00, 0x00, 0x00, 0x00,
    0x03, 0x00, 0x3A, 0xFF, 0xFE, 0xFF, 0xFF, 0xFF, 0xFF, 0xFF, 0xFF, 0xFF, 0xFF, 0xFF, 0xFF, 0xFF,
    0xFF, 0xFF, 0xFF, 0xFF, 0xFF, 0xFF, 0xFF, 0xFF, 0xFF, 0xFF, 0xFF, 0xFF, 0xFF, 0xFF, 0xFF, 0xFF,
    0xFF, 0xFF, 0xFF, 0xFF, 0xFB, 0xFF, 0x60, 0x00, 0x04, 0x00, 0x00, 0x00, 0x00, 0x00, 0x00, 0x00,
    0x00, 0x00, 0x00, 0x00, 0x00, 0x00, 0x00, 0x00, 0x00, 0x00, 0x00, 0x00, 0x00, 0x00, 0x00, 0x00,
    0x00, 0x00, 0x00, 0x00, 0x00, 0x00, 0x00, 0x00, 0x00, 0x00, 0x00, 0x00, 0x00, 0x00, 0x00, 0x00,
    0x00, 0x00, 0x00, 0x00, 0x00, 0x00, 0x00, 0x00, 0x00, 0x00, 0x00, 0x00, 0x00, 0x00, 0x00, 0x00,
    0x00, 0x00, 0x00, 0x00, 0x00, 0x00, 0x00, 0x00, 0x00, 0x00, 0x00, 0x02, 0x00, 0x27, 0xFD, 0xFF,
    0xFF, 0xFF, 0xFF, 0xFF, 0xFF, 0xFF, 0xFF, 0xFF, 0xFF, 0xFF, 0xFF, 0xFF, 0xFF, 0xFF, 0xFF, 0xFF,
    0xFF, 0xFF, 0xFF, 0xFF, 0xFF, 0xFF, 0xFF, 0xFF, 0xFF, 0xFF, 0xFF, 0xFF, 0xFF, 0xFF, 0xFF, 0xFC,
    0xFF, 0x4B, 0x00, 0x03, 0x00, 0x00, 0x00, 0x00, 0x00, 0x00, 0x00, 0x00, 0x00, 0x00, 0x00, 0x00,
    0x00, 0x00, 0x00, 0x00, 0x00, 0x00, 0x00, 0x00, 0x00, 0x00, 0x00, 0x00, 0x00, 0x00, 0x00, 0x00,
    0x00, 0x00, 0x00, 0x00, 0x00, 0x00, 0x00, 0x00, 0x00, 0x00, 0x00, 0x00, 0x00, 0x00, 0x00, 0x00,
    0x00, 0x00, 0x00, 0x00, 0x00, 0x00, 0x00, 0x00, 0x00, 0x00, 0x00, 0x00, 0x00, 0x00, 0x00, 0x00,
    0x00, 0x00, 0x00, 0x00, 0x00, 0x00, 0x01, 0x00, 0x0E, 0xEA, 0xFF, 0xFE, 0xFF, 0xFF, 0xFF, 0xFF,
    0xFF, 0xFF, 0xFF, 0xFF, 0xFF, 0xFF, 0xFF, 0xFF, 0xFF, 0xFF, 0xFF, 0xFF, 0xFF, 0xFF, 0xFF, 0xFF,
    0xFF, 0xFF, 0xFF, 0xFF, 0xFF, 0xFF, 0xFF, 0xFF, 0xFF, 0xFF, 0xFF, 0xFE, 0x2C, 0x00, 0x02, 0x00,
    0x00, 0x00, 0x00, 0x00, 0x00, 0x00, 0x00, 0x00, 0x00, 0x00, 0x00, 0x00, 0x00, 0x00, 0x00, 0x00,
    0x00, 0x00, 0x00, 0x00, 0x00, 0x00, 0x00, 0x00, 0x00, 0x00, 0x00, 0x00, 0x00, 0x00, 0x00, 0x00,
    0x00, 0x00, 0x00, 0x00, 0x00, 0x00, 0x00, 0x00, 0x00, 0x00, 0x00, 0x00, 0x00, 0x00, 0x00, 0x00,
    0x00, 0x00, 0x00, 0x00, 0x00, 0x00, 0x00, 0x00, 0x00, 0x00, 0x00, 0x00, 0x00, 0x00, 0x00, 0x00,
    0x00, 0x00, 0x02, 0x00, 0xC3, 0xFF, 0xFC, 0xFF, 0xFF, 0xFF, 0xFF, 0xFF, 0xFF, 0xFF, 0xFF, 0xFF,
    0xFF, 0xFF, 0xFF, 0xFF, 0xFF, 0xFF, 0xFF, 0xFF, 0xFF, 0xFF, 0xFF, 0xFF, 0xFF, 0xFF, 0xFF, 0xFF,
    0xFF, 0xFF, 0xFF, 0xFF, 0xFD, 0xFF, 0xE5, 0x09, 0x00, 0x01, 0x00, 0x00, 0x00, 0x00, 0x00, 0x00,
    0x00, 0x00, 0x00, 0x00, 0x00, 0x00, 0x00, 0x00, 0x00, 0x00, 0x00, 0x00, 0x00, 0x00, 0x00, 0x00,
    0x00, 0x00, 0x00, 0x00, 0x00, 0x00, 0x00, 0x00, 0x00, 0x00, 0x00, 0x00, 0x00, 0x00, 0x00, 0x00,
    0x00, 0x00, 0x00, 0x00, 0x00, 0x00, 0x00, 0x00, 0x00, 0x00, 0x00, 0x00, 0x00, 0x00, 0x00, 0x00,
    0x00, 0x00, 0x00, 0x00, 0x00, 0x00, 0x00, 0x00, 0x00, 0x00, 0x00, 0x00, 0x00, 0x04, 0x00, 0x84,
    0xFF, 0xFB, 0xFF, 0xFF, 0xFF, 0xFF, 0xFF, 0xFF, 0xFF, 0xFF, 0xFF, 0xFF, 0xFF, 0xFF, 0xFF, 0xFF,
    0xFF, 0xFF, 0xFF, 0xFF, 0xFF, 0xFF, 0xFF, 0xFF, 0xFF, 0xFF, 0xFF, 0xFF, 0xFF, 0xFF, 0xFF, 0xFB,
    0xFE, 0xAC, 0x00, 0x03, 0x00, 0x00, 0x00, 0x00, 0x00, 0x00, 0x00, 0x00, 0x00, 0x00, 0x00, 0x00,
    0x00, 0x00, 0x00, 0x00, 0x00, 0x00, 0x00, 0x00, 0x00, 0x00, 0x00, 0x00, 0x00, 0x00, 0x00, 0x00,
    0x00, 0x00, 0x00, 0x00, 0x00, 0x00, 0x00, 0x00, 0x00, 0x00, 0x00, 0x00, 0x00, 0x00, 0x00, 0x00,
    0x00, 0x00, 0x00, 0x00, 0x00, 0x00, 0x00, 0x00, 0x00, 0x00, 0x00, 0x00, 0x00, 0x00, 0x00, 0x00,
    0x00, 0x00, 0x00, 0x00, 0x00, 0x00, 0x00, 0x00, 0x03, 0x00, 0x31, 0xFE, 0xFE, 0xFF, 0xFF, 0xFF,
    0xFF, 0xFF, 0xFF, 0xFF, 0xFF, 0xFF, 0xFF, 0xFF, 0xFF, 0xFF, 0xFF, 0xFF, 0xFF, 0xFF, 0xFF, 0xFF,
    0xFF, 0xFF, 0xFF, 0xFF, 0xFF, 0xFF, 0xFF, 0xFF, 0xFF, 0xFF, 0xFC, 0xFF, 0x58, 0x00, 0x04, 0x00,
    0x00, 0x00, 0x00, 0x00, 0x00, 0x00, 0x00, 0x00, 0x00, 0x00, 0x00, 0x00, 0x00, 0x00, 0x00, 0x00,
    0x00, 0x00, 0x00, 0x00, 0x00, 0x00, 0x00, 0x00, 0x00, 0x00, 0x00, 0x00, 0x00, 0x00, 0x00, 0x00,
    0x00, 0x00, 0x00, 0x00, 0x00, 0x00, 0x00, 0x00, 0x00, 0x00, 0x00, 0x00, 0x00, 0x00, 0x00, 0x00,
    0x00, 0x00, 0x00, 0x00, 0x00, 0x00, 0x00, 0x00, 0x00, 0x00, 0x00, 0x00, 0x00, 0x00, 0x00, 0x00,
    0x00, 0x00, 0x00, 0x00, 0x02, 0x00, 0xC4, 0xFE, 0xFC, 0xFF, 0xFF, 0xFF, 0xFF, 0xFF, 0xFF, 0xFF,
    0xFF, 0xFF, 0xFF, 0xFF, 0xFF, 0xFF, 0xFF, 0xFF, 0xFF, 0xFF, 0xFF, 0xFF, 0xFF, 0xFF, 0xFF, 0xFF,
    0xFF, 0xFF, 0xFF, 0xFF, 0xFD, 0xFE, 0xE4, 0x0B, 0x01, 0x01, 0x00, 0x00, 0x00, 0x00, 0x00, 0x00,
    0x00, 0x00, 0x00, 0x00, 0x00, 0x00, 0x00, 0x00, 0x00, 0x00, 0x00, 0x00, 0x00, 0x00, 0x00, 0x00,
    0x00, 0x00, 0x00, 0x00, 0x00, 0x00, 0x00, 0x00, 0x00, 0x00, 0x00, 0x00, 0x00, 0x00, 0x00, 0x00,
    0x00, 0x00, 0x00, 0x00, 0x00, 0x00, 0x00, 0x00, 0x00, 0x00, 0x00, 0x00, 0x00, 0x00, 0x00, 0x00,
    0x00, 0x00, 0x00, 0x00, 0x00, 0x00, 0x00, 0x00, 0x00, 0x00, 0x00, 0x00, 0x00, 0x00, 0x00, 0x03,
    0x00, 0x48, 0xFF, 0xFC, 0xFF, 0xFF, 0xFF, 0xFF, 0xFF, 0xFF, 0xFF, 0xFF, 0xFF, 0xFF, 0xFF, 0xFF,
    0xFF, 0xFF, 0xFF, 0xFF, 0xFF, 0xFF, 0xFF, 0xFF, 0xFF, 0xFF, 0xFF, 0xFF, 0xFF, 0xFF, 0xFF, 0xFB,
    0xFF, 0x71, 0x00, 0x04, 0x00, 0x00, 0x00, 0x00, 0x00, 0x00, 0x00, 0x00, 0x00, 0x00, 0x00, 0x00,
    0x00, 0x00, 0x00, 0x00, 0x00, 0x00, 0x00, 0x00, 0x00, 0x00, 0x00, 0x00, 0x00, 0x00, 0x00, 0x00,
    0x00, 0x00, 0x00, 0x00, 0x00, 0x00, 0x00, 0x00, 0x00, 0x00, 0x00, 0x00, 0x00, 0x00, 0x00, 0x00,
    0x00, 0x00, 0x00, 0x00, 0x00, 0x00, 0x00, 0x00, 0x00, 0x00, 0x00, 0x00, 0x00, 0x00, 0x00, 0x00,
    0x00, 0x00, 0x00, 0x00, 0x00, 0x00, 0x00, 0x00, 0x00, 0x00, 0x00, 0x02, 0x00, 0xB4, 0xFF, 0xFB,
    0xFF, 0xFF, 0xFF, 0xFF, 0xFF, 0xFF, 0xFF, 0xFF, 0xFF, 0xFF, 0xFF, 0xFF, 0xFF, 0xFF, 0xFF, 0xFF,
    0xFF, 0xFF, 0xFF, 0xFF, 0xFF, 0xFF, 0xFF, 0xFF, 0xFF, 0xFC, 0xFF, 0xD7, 0x08, 0x02, 0x01, 0x00,
    0x00, 0x00, 0x00, 0x00, 0x00, 0x00, 0x00, 0x00, 0x00, 0x00, 0x00, 0x00, 0x00, 0x00, 0x00, 0x00,
    0x00, 0x00, 0x00, 0x00, 0x00, 0x00, 0x00, 0x00, 0x00, 0x00, 0x00, 0x00, 0x00, 0x00, 0x00, 0x00,
    0x00, 0x00, 0x00, 0x00, 0x00, 0x00, 0x00, 0x00, 0x00, 0x00, 0x00, 0x00, 0x00, 0x00, 0x00, 0x00,
    0x00, 0x00, 0x00, 0x00, 0x00, 0x00, 0x00, 0x00, 0x00, 0x00, 0x00, 0x00, 0x00, 0x00, 0x00, 0x00,
    0x00, 0x00, 0x00, 0x00, 0x00, 0x00, 0x02, 0x01, 0x1D, 0xED, 0xFE, 0xFD, 0xFF, 0xFF, 0xFF, 0xFF,
    0xFF, 0xFF, 0xFF, 0xFF, 0xFF, 0xFF, 0xFF, 0xFF, 0xFF, 0xFF, 0xFF, 0xFF, 0xFF, 0xFF, 0xFF, 0xFF,
    0xFF, 0xFF, 0xFF, 0xFE, 0xFB, 0xFE, 0x3A, 0x00, 0x03, 0x00, 0x00, 0x00, 0x00, 0x00, 0x00, 0x00,
    0x00, 0x00, 0x00, 0x00, 0x00, 0x00, 0x00, 0x00, 0x00, 0x00, 0x00, 0x00, 0x00, 0x00, 0x00, 0x00,
    0x00, 0x00, 0x00, 0x00, 0x00, 0x00, 0x00, 0x00, 0x00, 0x00, 0x00, 0x00, 0x00, 0x00, 0x00, 0x00,
    0x00, 0x00, 0x00, 0x00, 0x00, 0x00, 0x00, 0x00, 0x00, 0x00, 0x00, 0x00, 0x00, 0x00, 0x00, 0x00,
    0x00, 0x00, 0x00, 0x00, 0x00, 0x00, 0x00, 0x00, 0x00, 0x00, 0x00, 0x00, 0x00, 0x00, 0x00, 0x00,
    0x00, 0x00, 0x03, 0x00, 0x4A, 0xFF, 0xFC, 0xFE, 0xFF, 0xFF, 0xFF, 0xFF, 0xFF, 0xFF, 0xFF, 0xFF,
    0xFF, 0xFF, 0xFF, 0xFF, 0xFF, 0xFF, 0xFF, 0xFF, 0xFF, 0xFF, 0xFF, 0xFF, 0xFF, 0xFE, 0xFA, 0xFF,
    0x6F, 0x00, 0x03, 0x00, 0x00, 0x00, 0x00, 0x00, 0x00, 0x00, 0x00, 0x00, 0x00, 0x00, 0x00, 0x00,
    0x00, 0x00, 0x00, 0x00, 0x00, 0x00, 0x00, 0x00, 0x00, 0x00, 0x00, 0x00, 0x00, 0x00, 0x00, 0x00,
    0x00, 0x00, 0x00, 0x00, 0x00, 0x00, 0x00, 0x00, 0x00, 0x00, 0x00, 0x00, 0x00, 0x00, 0x00, 0x00,
    0x00, 0x00, 0x00, 0x00, 0x00, 0x00, 0x00, 0x00, 0x00, 0x00, 0x00, 0x00, 0x00, 0x00, 0x00, 0x00,
    0x00, 0x00, 0x00, 0x00, 0x00, 0x00, 0x00, 0x00, 0x00, 0x00, 0x00, 0x00, 0x00, 0x00, 0x04, 0x00,
    0x65, 0xFF, 0xFD, 0xFD, 0xFF, 0xFF, 0xFF, 0xFF, 0xFF, 0xFF, 0xFF, 0xFF, 0xFF, 0xFF, 0xFF, 0xFF,
    0xFF, 0xFF, 0xFF, 0xFF, 0xFF, 0xFF, 0xFF, 0xFE, 0xFB, 0xFF, 0x89, 0x00, 0x04, 0x00, 0x00, 0x00,
    0x00, 0x00, 0x00, 0x00, 0x00, 0x00, 0x00, 0x00, 0x00, 0x00, 0x00, 0x00, 0x00, 0x00, 0x00, 0x00,
    0x00, 0x00, 0x00, 0x00, 0x00, 0x00, 0x00, 0x00, 0x00, 0x00, 0x00, 0x00, 0x00, 0x00, 0x00, 0x00,
    0x00, 0x00, 0x00, 0x00, 0x00, 0x00, 0x00, 0x00, 0x00, 0x00, 0x00, 0x00, 0x00, 0x00, 0x00, 0x00,
    0x00, 0x00, 0x00, 0x00, 0x00, 0x00, 0x00, 0x00, 0x00, 0x00, 0x00, 0x00, 0x00, 0x00, 0x00, 0x00,
    0x00, 0x00, 0x00, 0x00, 0x00, 0x00, 0x00, 0x00, 0x00, 0x00, 0x04, 0x00, 0x64, 0xFE, 0xFF, 0xFB,
    0xFF, 0xFF, 0xFF, 0xFF, 0xFF, 0xFF, 0xFF, 0xFF, 0xFF, 0xFF, 0xFF, 0xFF, 0xFF, 0xFF, 0xFF, 0xFF,
    0xFF, 0xFC, 0xFF, 0xFF, 0x85, 0x00, 0x03, 0x00, 0x00, 0x00, 0x00, 0x00, 0x00, 0x00, 0x00, 0x00,
    0x00, 0x00, 0x00, 0x00, 0x00, 0x00, 0x00, 0x00, 0x00, 0x00, 0x00, 0x00, 0x00, 0x00, 0x00, 0x00,
    0x00, 0x00, 0x00, 0x00, 0x00, 0x00, 0x00, 0x00, 0x00, 0x00, 0x00, 0x00, 0x00, 0x00, 0x00, 0x00,
    0x00, 0x00, 0x00, 0x00, 0x00, 0x00, 0x00, 0x00, 0x00, 0x00, 0x00, 0x00, 0x00, 0x00, 0x00, 0x00,
    0x00, 0x00, 0x00, 0x00, 0x00, 0x00, 0x00, 0x00, 0x00, 0x00, 0x00, 0x00, 0x00, 0x00, 0x00, 0x00,
    0x00, 0x00, 0x00, 0x00, 0x00, 0x00, 0x04, 0x00, 0x48, 0xE5, 0xFF, 0xFD, 0xFC, 0xFE, 0xFF, 0xFF,
    0xFF, 0xFF, 0xFF, 0xFF, 0xFF, 0xFF, 0xFF, 0xFF, 0xFF, 0xFF, 0xFC, 0xFC, 0xFF, 0xF5, 0x64, 0x00,
    0x03, 0x01, 0x00, 0x00, 0x00, 0x00, 0x00, 0x00, 0x00, 0x00, 0x00, 0x00, 0x00, 0x00, 0x00, 0x00,
    0x00, 0x00, 0x00, 0x00, 0x00, 0x00, 0x00, 0x00, 0x00, 0x00, 0x00, 0x00, 0x00, 0x00, 0x00, 0x00,
    0x00, 0x00, 0x00, 0x00, 0x00, 0x00, 0x00, 0x00, 0x00, 0x00, 0x00, 0x00, 0x00, 0x00, 0x00, 0x00,
    0x00, 0x00, 0x00, 0x00, 0x00, 0x00, 0x00, 0x00, 0x00, 0x00, 0x00, 0x00, 0x00, 0x00, 0x00, 0x00,
    0x00, 0x00, 0x00, 0x00, 0x00, 0x00, 0x00, 0x00, 0x00, 0x00, 0x00, 0x00, 0x00, 0x00, 0x00, 0x00,
    0x00, 0x00, 0x04, 0x00, 0x1B, 0xA5, 0xFF, 0xFF, 0xFF, 0xFB, 0xFC, 0xFD, 0xFE, 0xFE, 0xFE, 0xFE,
    0xFE, 0xFD, 0xFC, 0xFB, 0xFF, 0xFF, 0xFF, 0xBB, 0x2D, 0x00, 0x03, 0x00, 0x00, 0x00, 0x00, 0x00,
    0x00, 0x00, 0x00, 0x00, 0x00, 0x00, 0x00, 0x00, 0x00, 0x00, 0x00, 0x00, 0x00, 0x00, 0x00, 0x00,
    0x00, 0x00, 0x00, 0x00, 0x00, 0x00, 0x00, 0x00, 0x00, 0x00, 0x00, 0x00, 0x00, 0x00, 0x00, 0x00,
    0x00, 0x00, 0x00, 0x00, 0x00, 0x00, 0x00, 0x00, 0x00, 0x00, 0x00, 0x00, 0x00, 0x00, 0x00, 0x00,
    0x00, 0x00, 0x00, 0x00, 0x00, 0x00, 0x00, 0x00, 0x00, 0x00, 0x00, 0x00, 0x00, 0x00, 0x00, 0x00,
    0x00, 0x00, 0x00, 0x00, 0x00, 0x00, 0x00, 0x00, 0x00, 0x00, 0x00, 0x00, 0x00, 0x00, 0x03, 0x00,
    0x00, 0x40, 0xAF, 0xF7, 0xFF, 0xFF, 0xFF, 0xFF, 0xFF, 0xFF, 0xFF, 0xFF, 0xFF, 0xFF, 0xFF, 0xFE,
    0xBF, 0x52, 0x00, 0x00, 0x03, 0x00, 0x00, 0x00, 0x00, 0x00, 0x00, 0x00, 0x00, 0x00, 0x00, 0x00,
    0x00, 0x00, 0x00, 0x00, 0x00, 0x00, 0x00, 0x00, 0x00, 0x00, 0x00, 0x00, 0x00, 0x00, 0x00, 0x00,
    0x00, 0x00, 0x00, 0x00, 0x00, 0x00, 0x00, 0x00, 0x00, 0x00, 0x00, 0x00, 0x00, 0x00, 0x00, 0x00,
    0x00, 0x00, 0x00, 0x00, 0x00, 0x00, 0x00, 0x00, 0x00, 0x00, 0x00, 0x00, 0x00, 0x00, 0x00, 0x00,
    0x00, 0x00, 0x00, 0x00, 0x00, 0x00, 0x00, 0x00, 0x00, 0x00, 0x00, 0x00, 0x00, 0x00, 0x00, 0x00,
    0x00, 0x00, 0x00, 0x00, 0x00, 0x00, 0x00, 0x00, 0x00, 0x00, 0x01, 0x02, 0x00, 0x00, 0x25, 0x6C,
    0xAB, 0xD6, 0xEE, 0xFA, 0xFE, 0xFB, 0xF1, 0xDB, 0xB4, 0x78, 0x30, 0x00, 0x00, 0x01, 0x02, 0x00,
    0x00, 0x00, 0x00, 0x00, 0x00, 0x00, 0x00, 0x00, 0x00, 0x00, 0x00, 0x00, 0x00, 0x00, 0x00, 0x00,
    0x00, 0x00, 0x00, 0x00, 0x00, 0x00, 0x00, 0x00, 0x00, 0x00, 0x00, 0x00, 0x00, 0x00, 0x00, 0x00,
    0x00, 0x00, 0x00, 0x00, 0x00, 0x00, 0x00, 0x00, 0x00, 0x00, 0x00, 0x00, 0x00, 0x00, 0x00, 0x00,
    0x00, 0x00, 0x00, 0x00, 0x00, 0x00, 0x00, 0x00, 0x00, 0x00, 0x00, 0x00, 0x00, 0x00, 0x00, 0x00,
    0x00, 0x00, 0x00, 0x00, 0x00, 0x00, 0x00, 0x00, 0x00, 0x00, 0x00, 0x00, 0x00, 0x00, 0x00, 0x00,
    0x00, 0x00, 0x00, 0x00, 0x00, 0x00, 0x00, 0x03, 0x02, 0x00, 0x00, 0x00, 0x01, 0x13, 0x21, 0x27,
    0x23, 0x16, 0x04, 0x00, 0x00, 0x00, 0x01, 0x03, 0x00, 0x00, 0x00, 0x00, 0x00, 0x00, 0x00, 0x00,
    0x00, 0x00, 0x00, 0x00, 0x00, 0x00, 0x00, 0x00, 0x00, 0x00, 0x00, 0x00, 0x00, 0x00, 0x00, 0x00,
    0x00, 0x00, 0x00, 0x00, 0x00, 0x00, 0x00, 0x00, 0x00, 0x00, 0x00, 0x00, 0x00, 0x00, 0x00, 0x00,
    0x00, 0x00, 0x00, 0x00, 0x00, 0x00, 0x00, 0x00, 0x00, 0x00, 0x00, 0x00, 0x00, 0x00, 0x00, 0x00,
    0x00, 0x00, 0x00, 0x00, 0x00, 0x00, 0x00, 0x00, 0x00, 0x00, 0x00, 0x00, 0x00, 0x00, 0x00, 0x00,
    0x00, 0x00, 0x00, 0x00, 0x00, 0x00, 0x00, 0x00, 0x00, 0x00, 0x00, 0x00, 0x00, 0x00, 0x00, 0x00,
    0x00, 0x00, 0x00, 0x00, 0x02, 0x04, 0x03, 0x00, 0x00, 0x00, 0x00, 0x00, 0x00, 0x00, 0x02, 0x04,
    0x02, 0x00, 0x00, 0x00, 0x00, 0x00, 0x00, 0x00, 0x00, 0x00, 0x00, 0x00, 0x00, 0x00, 0x00, 0x00,
    0x00, 0x00, 0x00, 0x00, 0x00, 0x00, 0x00, 0x00, 0x00, 0x00, 0x00, 0x00, 0x00, 0x00, 0x00, 0x00,
    0x00, 0x00, 0x00, 0x00, 0x00, 0x00, 0x00, 0x00, 0x00, 0x00, 0x00, 0x00, 0x00, 0x00, 0x00, 0x00,
    0x00, 0x00, 0x00, 0x00, 0x00, 0x00, 0x00, 0x00, 0x00, 0x00, 0x00, 0x00, 0x00, 0x00, 0x00, 0x00,
    0x00, 0x00, 0x00, 0x00, 0x00, 0x00, 0x00, 0x00, 0x00, 0x00, 0x00, 0x00, 0x00, 0x00, 0x00, 0x00,
    0x00, 0x00, 0x00, 0x00, 0x00, 0x00, 0x00, 0x00, 0x00, 0x00, 0x00, 0x00, 0x00, 0x00, 0x00, 0x00,
    0x00, 0x00, 0x01, 0x01, 0x02, 0x02, 0x02, 0x01, 0x01, 0x00, 0x00, 0x00, 0x00, 0x00, 0x00, 0x00,
    0x00, 0x00, 0x00, 0x00, 0x00, 0x00, 0x00, 0x00, 0x00, 0x00, 0x00, 0x00, 0x00, 0x00, 0x00, 0x00,
    0x00, 0x00, 0x00, 0x00, 0x00, 0x00, 0x00, 0x00, 0x00, 0x00, 0x00, 0x00, 0x00, 0x00, 0x00, 0x00,
    0x00, 0x00, 0x00, 0x00, 0x00, 0x00, 0x00, 0x00, 0x00, 0x00, 0x00, 0x00, 0x00, 0x00, 0x00, 0x00,
    0x00, 0x00, 0x00, 0x00, 0x00, 0x00, 0x00, 0x00, 0x00, 0x00, 0x00, 0x00, 0x00, 0x00, 0x00, 0x00,
    0x00, 0x00, 0x00, 0x00, 0x00, 0x00, 0x00, 0x00, 0x00, 0x00, 0x00, 0x00, 0x00, 0x00, 0x00, 0x00,
    0x00, 0x00, 0x00, 0x00, 0x00, 0x00, 0x00, 0x00, 0x00, 0x00, 0x00, 0x00, 0x00, 0x00, 0x00, 0x00,
    0x00, 0x00, 0x00, 0x00, 0x00, 0x00, 0x00, 0x00, 0x00, 0x00, 0x00, 0x00, 0x00, 0x00, 0x00, 0x00,
    0x00, 0x00, 0x00, 0x00, 0x00, 0x00, 0x00, 0x00, 0x00, 0x00, 0x00, 0x00, 0x00, 0x00, 0x00, 0x00,
    0x00, 0x00, 0x00, 0x00, 0x00, 0x00, 0x00, 0x00, 0x00, 0x00, 0x00, 0x00, 0x00, 0x00, 0x00, 0x00,
    0x00, 0x00, 0x00, 0x00, 0x00, 0x00, 0x00, 0x00, 0x00, 0x00, 0x00, 0x00, 0x00, 0x00, 0x00, 0x00,
    0x00, 0x00, 0x00, 0x00, 0x00, 0x00, 0x00, 0x00, 0x00, 0x00, 0x00, 0x00, 0x00, 0x00, 0x00, 0x00,
    0x00, 0x00, 0x00, 0x00, 0x00, 0x00, 0x00, 0x00, 0x00, 0x00, 0x00, 0x00, 0x00, 0x00, 0x00, 0x00,
    0x00, 0x00, 0x00, 0x00, 0x00, 0x00, 0x00, 0x00, 0x00, 0x00, 0x00, 0x00, 0x00, 0x00, 0x00, 0x00,
    0x00, 0x00, 0x00, 0x00, 0x00, 0x00, 0x00, 0x00, 0x00, 0x00, 0x00, 0x00, 0x00, 0x00, 0x00, 0x00,
    0x00, 0x00, 0x00, 0x00, 0x00, 0x00, 0x00, 0x00, 0x00, 0x00, 0x00, 0x00, 0x00, 0x00, 0x00, 0x00,
    0x00, 0x00, 0x00, 0x00, 0x00, 0x00, 0x00, 0x00, 0x00, 0x00, 0x00, 0x00, 0x00, 0x00, 0x00, 0x00,
    0x00, 0x00, 0x00, 0x00, 0x00, 0x00, 0x00, 0x00, 0x00, 0x00, 0x00, 0x00, 0x00, 0x00, 0x00, 0x00,
    0x00, 0x00, 0x00, 0x00, 0x00, 0x00, 0x00, 0x00, 0x00, 0x00, 0x00, 0x00, 0x00, 0x00, 0x00, 0x00,
    0x00, 0x00, 0x00, 0x00, 0x00, 0x00, 0x00, 0x00, 0x00, 0x00, 0x00, 0x00, 0x00, 0x00, 0x00, 0x00,
    0x00, 0x00, 0x00, 0x00, 0x00, 0x00, 0x00, 0x00, 0x00, 0x00, 0x00, 0x00, 0x00, 0x00, 0x00, 0x00,
    0x00, 0x00, 0x00, 0x00, 0x00, 0x00, 0x00, 0x00, 0x00, 0x00, 0x00, 0x00, 0x00, 0x00, 0x00, 0x00,
    0x00, 0x00, 0x00, 0x00, 0x00, 0x00, 0x00, 0x00, 0x00, 0x00, 0x00, 0x00, 0x00, 0x00, 0x00, 0x00,
    0x00, 0x00, 0x00, 0x00, 0x00, 0x00, 0x00, 0x00, 0x00, 0x00, 0x00, 0x00, 0x00, 0x00, 0x00, 0x00,
    0x00, 0x00, 0x00, 0x00, 0x00, 0x00, 0x00, 0x00, 0x00, 0x00, 0x00, 0x00, 0x00, 0x00, 0x00, 0x00,
    0x00, 0x00, 0x00, 0x00, 0x00, 0x00, 0x00, 0x00, 0x00, 0x00, 0x00, 0x00, 0x00, 0x00, 0x00, 0x00,
    0x00, 0x00, 0x00, 0x00, 0x00, 0x00, 0x00, 0x00, 0x00, 0x00, 0x00, 0x00, 0x00, 0x00, 0x00, 0x00,
    0x00, 0x00, 0x00, 0x00, 0x00, 0x00, 0x00, 0x00, 0x00, 0x00, 0x00, 0x00, 0x00, 0x00, 0x00, 0x00,
    0x00, 0x00, 0x00, 0x00, 0x00, 0x00, 0x00, 0x00, 0x00, 0x00, 0x00, 0x00, 0x00, 0x00, 0x00, 0x00,
    0x00, 0x00, 0x00, 0x00, 0x00, 0x00, 0x00, 0x00, 0x00, 0x00, 0x00, 0x00, 0x00, 0x00, 0x00, 0x00,
    0x00, 0x00, 0x00, 0x00, 0x00, 0x00, 0x00, 0x00, 0x00, 0x00, 0x00, 0x00, 0x00, 0x00, 0x00, 0x00,
    0x00, 0x00, 0x00, 0x00, 0x00, 0x00, 0x00, 0x00, 0x00, 0x00, 0x00, 0x00, 0x00, 0x00, 0x00, 0x00,
    0x00, 0x00, 0x00, 0x00, 0x00, 0x00, 0x00, 0x00, 0x00, 0x00, 0x00, 0x00, 0x00, 0x00, 0x00, 0x00,
    0x00, 0x00, 0x00, 0x00, 0x00, 0x00, 0x00, 0x00, 0x00, 0x00, 0x00, 0x00, 0x00, 0x00, 0x00, 0x00,
    0x00, 0x00, 0x00, 0x00, 0x00, 0x00, 0x00, 0x00, 0x00, 0x00, 0x00, 0x00, 0x00, 0x00, 0x00, 0x00,
    0x00, 0x00, 0x00, 0x00, 0x00, 0x00, 0x00, 0x00, 0x00, 0x00, 0x00, 0x00, 0x00, 0x00, 0x00, 0x00,
    0x00, 0x00, 0x00, 0x00, 0x00, 0x00, 0x00, 0x00, 0x00, 0x00, 0x00, 0x00, 0x00, 0x00, 0x00, 0x00,
    0x00, 0x00, 0x00, 0x00, 0x00, 0x00, 0x00, 0x00, 0x00, 0x00, 0x00, 0x00, 0x00, 0x00, 0x00, 0x00,
    0x00, 0x00, 0x00, 0x00, 0x00, 0x00, 0x00, 0x00, 0x00, 0x00, 0x00, 0x00, 0x00, 0x00, 0x00, 0x00,
    0x00, 0x00, 0x00, 0x00, 0x00, 0x00, 0x00, 0x00, 0x00, 0x00, 0x00, 0x00, 0x00, 0x00, 0x00, 0x00,
    0x00, 0x00, 0x00, 0x00, 0x00, 0x00, 0x00, 0x00, 0x00, 0x00, 0x00, 0x00, 0x00, 0x00, 0x00, 0x00,
    0x00, 0x00, 0x00, 0x00, 0x00, 0x00, 0x00, 0x00, 0x00, 0x00, 0x00, 0x00, 0x00, 0x00, 0x00, 0x00,
    0x00, 0x00, 0x00, 0x00, 0x00, 0x00, 0x00, 0x00, 0x00, 0x00, 0x00, 0x00, 0x00, 0x00, 0x00, 0x00,
    0x00, 0x00, 0x00, 0x00, 0x00, 0x00, 0x00, 0x00, 0x00, 0x00, 0x00, 0x00, 0x00, 0x00, 0x00, 0x00,
    0x00, 0x00, 0x00, 0x00, 0x00, 0x00, 0x00, 0x00, 0x00, 0x00, 0x00, 0x00, 0x00, 0x00, 0x00, 0x00,
    0x00, 0x00, 0x00, 0x00, 0x00, 0x00, 0x00, 0x00, 0x00, 0x00, 0x00, 0x00, 0x00, 0x00, 0x00, 0x00,
    0x00, 0x00, 0x00, 0x00, 0x00, 0x00, 0x00, 0x00, 0x00, 0x00, 0x00, 0x00, 0x00, 0x00, 0x00, 0x00,
    0x00, 0x00, 0x00, 0x00, 0x00, 0x00, 0x00, 0x00, 0x00, 0x00, 0x00, 0x00, 0x00, 0x00, 0x00, 0x00,
    0x00, 0x00, 0x00, 0x00, 0x00, 0x00, 0x00, 0x00, 0x00, 0x00, 0x00, 0x00, 0x00, 0x00, 0x00, 0x00,
    0x00, 0x00, 0x00, 0x00, 0x00, 0x00, 0x00, 0x00, 0x00, 0x00, 0x00, 0x00, 0x00, 0x00, 0x00, 0x00,
    0x00, 0x00, 0x00, 0x00, 0x00, 0x00, 0x00, 0x00, 0x00, 0x00, 0x00, 0x00, 0x00, 0x00, 0x00, 0x00,
    0x00, 0x00, 0x00, 0x00, 0x00, 0x00, 0x00, 0x00, 0x00, 0x00, 0x00, 0x00, 0x00, 0x00, 0x00, 0x00,
    0x00, 0x00, 0x00, 0x00, 0x00, 0x00, 0x00, 0x00, 0x00, 0x00, 0x00, 0x00, 0x00, 0x00, 0x00, 0x00,
    0x00, 0x00, 0x00, 0x00, 0x00, 0x00, 0x00, 0x00, 0x00, 0x00, 0x00, 0x00, 0x00, 0x00, 0x00, 0x00,
    0x00, 0x00, 0x00, 0x00, 0x00, 0x00, 0x00, 0x00, 0x00, 0x00, 0x00, 0x00, 0x00, 0x00, 0x00, 0x00,
    0x00, 0x00, 0x00, 0x00, 0x00, 0x00, 0x00, 0x00, 0x00, 0x00, 0x00, 0x00, 0x00, 0x00, 0x00, 0x00,
    0x00, 0x00, 0x00, 0x00, 0x00, 0x00, 0x00, 0x00, 0x00, 0x00, 0x00, 0x00, 0x00, 0x00, 0x00, 0x00,
    0x00, 0x00, 0x00, 0x00, 0x00, 0x00, 0x00, 0x00, 0x00, 0x00, 0x00, 0x00, 0x00, 0x00, 0x00, 0x00,
    0x00, 0x00, 0x00, 0x00, 0x00, 0x00, 0x00, 0x00, 0x00, 0x00, 0x00, 0x00, 0x00, 0x00, 0x00, 0x00,
    0x00, 0x00, 0x00, 0x00, 0x00, 0x00, 0x00, 0x00, 0x00, 0x00, 0x00, 0x00, 0x00, 0x00, 0x00, 0x00,
    0x00, 0x00, 0x00, 0x00, 0x00, 0x00, 0x00, 0x00, 0x00, 0x00, 0x00, 0x00, 0x00, 0x00, 0x00, 0x00,
    0x00, 0x00, 0x00, 0x00, 0x00, 0x00, 0x00, 0x00, 0x00, 0x00, 0x00, 0x00, 0x00, 0x00, 0x00, 0x00,
    0x00, 0x00, 0x00, 0x00, 0x00, 0x00, 0x00, 0x00, 0x00, 0x00, 0x00, 0x00, 0x00, 0x00, 0x00, 0x00,
    0x00, 0x00, 0x00, 0x00, 0x00, 0x00, 0x00, 0x00, 0x00, 0x00, 0x00, 0x00, 0x00, 0x00, 0x00, 0x00,
    0x00, 0x00, 0x00, 0x00, 0x00, 0x00, 0x00, 0x00, 0x00, 0x00, 0x00, 0x00, 0x00, 0x00, 0x00, 0x00,
    0x00, 0x00, 0x00, 0x00, 0x00, 0x00, 0x00, 0x00, 0x00, 0x00, 0x00, 0x00, 0x00, 0x00, 0x00, 0x00,
    0x00, 0x00, 0x00, 0x00, 0x00, 0x00, 0x00, 0x00, 0x00, 0x00, 0x00, 0x00, 0x00, 0x00, 0x00, 0x00,
    0x00, 0x00, 0x00, 0x00, 0x00, 0x00, 0x00, 0x00, 0x00, 0x00, 0x00, 0x00, 0x00, 0x00, 0x00, 0x00,
    0x00, 0x00, 0x00, 0x00, 0x00, 0x00, 0x00, 0x00, 0x00, 0x00, 0x00, 0x00, 0x00, 0x00, 0x00, 0x00,
    0x00, 0x00, 0x00, 0x00, 0x00, 0x00, 0x00, 0x00, 0x00, 0x00, 0x00, 0x00, 0x00, 0x00, 0x00, 0x00,
    0x00, 0x00, 0x00, 0x00, 0x00, 0x00, 0x00, 0x00, 0x00, 0x00, 0x00, 0x00, 0x00, 0x00, 0x00, 0x00,
    0x00, 0x00, 0x00, 0x00, 0x00, 0x00, 0x00, 0x00, 0x00, 0x00, 0x00, 0x00, 0x00, 0x00, 0x00, 0x00,
    0x00, 0x00, 0x00, 0x00, 0x00, 0x00, 0x00, 0x00, 0x00, 0x00, 0x00, 0x00, 0x00, 0x00, 0x00, 0x00,
    0x00, 0x00, 0x00, 0x00, 0x00, 0x00, 0x00, 0x00, 0x00, 0x00, 0x00, 0x00, 0x00, 0x00, 0x00, 0x00,
    0x00, 0x00, 0x00, 0x00, 0x00, 0x00, 0x00, 0x00, 0x00, 0x00, 0x00, 0x00, 0x00, 0x00, 0x00, 0x00,
    0x00, 0x00, 0x00, 0x00, 0x00, 0x00, 0x00, 0x00, 0x00, 0x00, 0x00, 0x00, 0x00, 0x00, 0x00, 0x00,
    0x00, 0x00, 0x00, 0x00, 0x00, 0x00, 0x00, 0x00, 0x00, 0x00, 0x00, 0x00, 0x00, 0x00, 0x00, 0x00,
    0x00, 0x00, 0x00, 0x00, 0x00, 0x00, 0x00, 0x00, 0x00, 0x00, 0x00, 0x00, 0x00, 0x00, 0x00, 0x00,
    0x00, 0x00, 0x00, 0x00, 0x00, 0x00, 0x00, 0x00, 0x00, 0x00, 0x00, 0x00, 0x00, 0x00, 0x00, 0x00,
    0x00, 0x00, 0x00, 0x00, 0x00, 0x00, 0x00, 0x00, 0x00, 0x00, 0x00, 0x00, 0x00, 0x00, 0x00, 0x00,
    0x00, 0x00, 0x00, 0x00, 0x00, 0x00, 0x00, 0x00, 0x00, 0x00, 0x00, 0x00, 0x00, 0x00, 0x00, 0x00,
    0x00, 0x00, 0x00, 0x00, 0x00, 0x00, 0x00, 0x00, 0x00, 0x00, 0x00, 0x00, 0x00, 0x00, 0x00, 0x00,
    0x00, 0x00, 0x00, 0x00, 0x00, 0x00, 0x00, 0x00, 0x00, 0x00, 0x00, 0x00, 0x00, 0x00, 0x00, 0x00,
    0x00, 0x00, 0x00, 0x00, 0x00, 0x00, 0x00, 0x00, 0x00, 0x00, 0x00, 0x00, 0x00, 0x00, 0x00, 0x00,
    0x00, 0x00, 0x00, 0x00, 0x00, 0x00, 0x00, 0x00, 0x00, 0x00, 0x00, 0x00, 0x00, 0x00, 0x00, 0x00,
    0x00, 0x00, 0x00, 0x00, 0x00, 0x00, 0x00, 0x00, 0x00, 0x00, 0x00, 0x00, 0x00, 0x00, 0x00, 0x00,
    0x00, 0x00, 0x00, 0x00, 0x00, 0x00, 0x00, 0x00, 0x00, 0x00, 0x00, 0x00, 0x00, 0x00, 0x00, 0x00,
    0x00, 0x00, 0x00, 0x00, 0x00, 0x00, 0x00, 0x00, 0x00, 0x00, 0x00, 0x00, 0x00, 0x00, 0x00, 0x00,
    0x00, 0x00, 0x00, 0x00, 0x00, 0x00, 0x00, 0x00, 0x00, 0x00, 0x00, 0x00, 0x00, 0x00, 0x00, 0x00,
    0x00, 0x00, 0x00, 0x00, 0x00, 0x00, 0x00, 0x00, 0x00, 0x00, 0x00, 0x00, 0x00, 0x00, 0x00, 0x00,
    0x00, 0x00, 0x00, 0x00, 0x00, 0x00, 0x00, 0x00, 0x00, 0x00, 0x00, 0x00, 0x00, 0x00, 0x00, 0x00,
    0x00, 0x00, 0x00, 0x00, 0x00, 0x00, 0x00, 0x00, 0x00, 0x00, 0x00, 0x00, 0x00, 0x00, 0x00, 0x00,
    0x00, 0x00, 0x00, 0x00, 0x00, 0x00, 0x00, 0x00, 0x00, 0x00, 0x00, 0x00, 0x00, 0x00, 0x00, 0x00,
    0x00, 0x00, 0x00, 0x00, 0x00, 0x00, 0x00, 0x00, 0x00, 0x00, 0x00, 0x00, 0x00, 0x00, 0x00, 0x00,
    0x00, 0x00, 0x00, 0x00, 0x00, 0x00, 0x00, 0x00, 0x00, 0x00, 0x00, 0x00, 0x00, 0x00, 0x00, 0x00,
    0x00, 0x00, 0x00, 0x00, 0x00, 0x00, 0x00, 0x00, 0x00, 0x00, 0x00, 0x00, 0x00, 0x00, 0x00, 0x00,
    0x00, 0x00, 0x00, 0x00, 0x00, 0x00, 0x00, 0x00, 0x00, 0x00, 0x00, 0x00, 0x00, 0x00, 0x00, 0x00,
    0x00, 0x00, 0x00, 0x00, 0x00, 0x00, 0x00, 0x00, 0x00, 0x00, 0x00, 0x00, 0x00, 0x00, 0x00, 0x00,
    0x00, 0x00, 0x00, 0x00, 0x00, 0x00, 0x00, 0x00, 0x00, 0x00, 0x00, 0x00, 0x00, 0x00, 0x00, 0x00,
    0x00, 0x00, 0x00, 0x00, 0x00, 0x00, 0x00, 0x00, 0x00, 0x00, 0x00, 0x00, 0x00, 0x00, 0x00, 0x00,
    0x00, 0x00, 0x00, 0x00, 0x00, 0x00, 0x00, 0x00, 0x00, 0x00, 0x00, 0x00, 0x00, 0x00, 0x00, 0x00,
    0x00, 0x00, 0x00, 0x00, 0x00, 0x00, 0x00, 0x00, 0x00, 0x00, 0x00, 0x00, 0x00, 0x00, 0x00, 0x00,
    0x00, 0x00, 0x00, 0x00, 0x00, 0x00, 0x00, 0x00, 0x00, 0x00, 0x00, 0x00, 0x00, 0x00, 0x00, 0x00,
    0x00, 0x00, 0x00, 0x00, 0x00, 0x00, 0x00, 0x00, 0x00, 0x00, 0x00, 0x00, 0x00, 0x00, 0x00, 0x00,
    0x00, 0x00, 0x00, 0x00, 0x00, 0x00, 0x00, 0x00, 0x00,
};
const lv_image_dsc_t ui_feed_icon_music_note_107 = {
    .header = {.magic = LV_IMAGE_HEADER_MAGIC, .cf = LV_COLOR_FORMAT_A8,
               .w = 107, .h = 107, .stride = 107},
    .data_size = sizeof(s_music_note_107),
    .data = s_music_note_107,
};
