/* Generated by tools/gen_boot_splash.py - do not edit by hand.
 *
 * The boot splash, run-length encoded as (count, RGB565) pairs in raster
 * order. See boot_splash.h for why it is encoded at all, and img/splash for
 * the pictures these came from.
 *
 * Both orientations are here and the board option picks one. The other is
 * inside a false #if, so it never becomes data and costs no flash - which is
 * why turning the panel on its end does not mean rerunning the generator.
 */

#include "boot_splash.h"

#if BOARD_DISPLAY_PORTRAIT

const uint16_t boot_splash_rle[] = {
    0x0016, 0x0020, 0x0006, 0x0040, 0x0027, 0x0041, 0x006B, 0x0841,
    0x0027, 0x0041, 0x0006, 0x0040, 0x002B, 0x0020, 0x0006, 0x0040,
    0x0026, 0x0041, 0x006D, 0x0841, 0x0026, 0x0041, 0x0006, 0x0040,
    0x0029, 0x0020, 0x0006, 0x0040, 0x0026, 0x0041, 0x0071, 0x0841,
    0x0026, 0x0041, 0x0006, 0x0040, 0x0027, 0x0020, 0x0006, 0x0040,
    0x0025, 0x0041, 0x002E, 0x0841, 0x0002, 0x0861, 0x0003, 0x0841,
    0x000D, 0x0861, 0x0003, 0x0841, 0x0002, 0x0861, 0x002E, 0x0841,
    0x0025, 0x0041, 0x0006, 0x0040, 0x0026, 0x0020, 0x0006, 0x0040,
    0x0024, 0x0041, 0x002E, 0x0841, 0x001B, 0x0861, 0x002E, 0x0841,
    0x0024, 0x0041, 0x0006, 0x0040, 0x0024, 0x0020, 0x0005, 0x0040,
    0x0024, 0x0041, 0x0029, 0x0841, 0x0029, 0x0861, 0x0029, 0x0841,
    0x0024, 0x0041, 0x0005, 0x0040, 0x0022, 0x0020, 0x0005, 0x0040,
    0x0024, 0x0041, 0x0026, 0x0841, 0x0031, 0x0861, 0x0026, 0x0841,
    0x0024, 0x0041, 0x0005, 0x0040, 0x0020, 0x0020, 0x0005, 0x0040,
    0x0023, 0x0041, 0x0025, 0x0841, 0x0001, 0x0861, 0x0001, 0x0841,
    0x0033, 0x0861, 0x0001, 0x0841, 0x0001, 0x0861, 0x0025, 0x0841,
    0x0022, 0x0041, 0x0006, 0x0040, 0x001F, 0x0020, 0x0005, 0x0040,
    0x0021, 0x0041, 0x0023, 0x0841, 0x0001, 0x0861, 0x0001, 0x0841,
    0x003B, 0x0861, 0x0001, 0x0841, 0x0001, 0x0861, 0x0023, 0x0841,
    0x0020, 0x0041, 0x0006, 0x0040, 0x001E, 0x0020, 0x0006, 0x0040,
    0x0021, 0x0041, 0x0022, 0x0841, 0x0041, 0x0861, 0x0022, 0x0841,
    0x0021, 0x0041, 0x0006, 0x0040, 0x001C, 0x0020, 0x0006, 0x0040,
    0x0020, 0x0041, 0x0021, 0x0841, 0x0047, 0x0861, 0x0021, 0x0841,
    0x0020, 0x0041, 0x0006, 0x0040, 0x001A, 0x0020, 0x0006, 0x0040,
    0x0021, 0x0041, 0x001E, 0x0841, 0x004D, 0x0861, 0x001E, 0x0841,
    0x0021, 0x0041, 0x0006, 0x0040, 0x0018, 0x0020, 0x0006, 0x0040,
    0x0020, 0x0041, 0x001E, 0x0841, 0x0001, 0x0861, 0x0001, 0x0841,
    0x004D, 0x0861, 0x0001, 0x0841, 0x0001, 0x0861, 0x001E, 0x0841,
    0x0020, 0x0041, 0x0006, 0x0040, 0x0017, 0x0020, 0x0006, 0x0040,
    0x0020, 0x0041, 0x001D, 0x0841, 0x0053, 0x0861, 0x001D, 0x0841,
    0x0020, 0x0041, 0x0006, 0x0040, 0x0016, 0x0020, 0x0006, 0x0040,
    0x0020, 0x0041, 0x001C, 0x0841, 0x0057, 0x0861, 0x001C, 0x0841,
    0x0020, 0x0041, 0x0006, 0x0040, 0x0014, 0x0020, 0x0006, 0x0040,
    0x001F, 0x0041, 0x001C, 0x0841, 0x005B, 0x0861, 0x001C, 0x0841,
    0x001F, 0x0041, 0x0006, 0x0040, 0x0012, 0x0020, 0x0006, 0x0040,
    0x001F, 0x0041, 0x001A, 0x0841, 0x0061, 0x0861, 0x001A, 0x0841,
    0x001F, 0x0041, 0x0006, 0x0040, 0x0010, 0x0020, 0x0006, 0x0040,
    0x001E, 0x0041, 0x001C, 0x0841, 0x0061, 0x0861, 0x001C, 0x0841,
    0x001E, 0x0041, 0x0006, 0x0040, 0x000F, 0x0020, 0x0006, 0x0040,
    0x001E, 0x0041, 0x001A, 0x0841, 0x0065, 0x0861, 0x001A, 0x0841,
    0x001E, 0x0041, 0x0006, 0x0040, 0x000E, 0x0020, 0x0006, 0x0040,
    0x001E, 0x0041, 0x0019, 0x0841, 0x0069, 0x0861, 0x0019, 0x0841,
    0x001E, 0x0041, 0x0006, 0x0040, 0x000C, 0x0020, 0x0006, 0x0040,
    0x001D, 0x0041, 0x0019, 0x0841, 0x006D, 0x0861, 0x0019, 0x0841,
    0x001D, 0x0041, 0x0005, 0x0040, 0x000C, 0x0020, 0x0005, 0x0040,
    0x001D, 0x0041, 0x0018, 0x0841, 0x0070, 0x0861, 0x0019, 0x0841,
    0x001D, 0x0041, 0x0005, 0x0040, 0x000A, 0x0020, 0x0005, 0x0040,
    0x001D, 0x0041, 0x0019, 0x0841, 0x0070, 0x0861, 0x001A, 0x0841,
    0x001D, 0x0041, 0x0005, 0x0040, 0x0009, 0x0020, 0x0005, 0x0040,
    0x001D, 0x0041, 0x0018, 0x0841, 0x0073, 0x0861, 0x0018, 0x0841,
    0x001D, 0x0041, 0x0005, 0x0040, 0x0008, 0x0020, 0x0005, 0x0040,
    0x001D, 0x0041, 0x0018, 0x0841, 0x0075, 0x0861, 0x0018, 0x0841,
    0x001D, 0x0041, 0x0005, 0x0040, 0x0006, 0x0020, 0x0005, 0x0040,
    0x001C, 0x0041, 0x0018, 0x0841, 0x0079, 0x0861, 0x0018, 0x0841,
    0x001C, 0x0041, 0x0005, 0x0040, 0x0004, 0x0020, 0x0005, 0x0040,
    0x001D, 0x0041, 0x0016, 0x0841, 0x007D, 0x0861, 0x0016, 0x0841,
    0x001D, 0x0041, 0x0005, 0x0040, 0x0002, 0x0020, 0x0005, 0x0040,
    0x001D, 0x0041, 0x0016, 0x0841, 0x007F, 0x0861, 0x0016, 0x0841,
    0x001C, 0x0041, 0x0006, 0x0040, 0x0001, 0x0020, 0x0005, 0x0040,
    0x001D, 0x0041, 0x0014, 0x0841, 0x0083, 0x0861, 0x0014, 0x0841,
    0x001C, 0x0041, 0x0006, 0x0040, 0x0001, 0x0020, 0x0005, 0x0040,
    0x001C, 0x0041, 0x0015, 0x0841, 0x0083, 0x0861, 0x0015, 0x0841,
    0x001C, 0x0041, 0x000A, 0x0040, 0x001C, 0x0041, 0x0015, 0x0841,
    0x0085, 0x0861, 0x0015, 0x0841, 0x001C, 0x0041, 0x0008, 0x0040,
    0x001C, 0x0041, 0x0014, 0x0841, 0x0089, 0x0861, 0x0014, 0x0841,
    0x001C, 0x0041, 0x0007, 0x0040, 0x001B, 0x0041, 0x0014, 0x0841,
    0x008A, 0x0861, 0x0015, 0x0841, 0x001B, 0x0041, 0x0007, 0x0040,
    0x001B, 0x0041, 0x0014, 0x0841, 0x008B, 0x0861, 0x0014, 0x0841,
    0x001B, 0x0041, 0x0006, 0x0040, 0x001B, 0x0041, 0x0013, 0x0841,
    0x008E, 0x0861, 0x0014, 0x0841, 0x001B, 0x0041, 0x0004, 0x0040,
    0x001B, 0x0041, 0x0014, 0x0841, 0x008F, 0x0861, 0x0014, 0x0841,
    0x001B, 0x0041, 0x0002, 0x0040, 0x001B, 0x0041, 0x0014, 0x0841,
    0x0091, 0x0861, 0x0014, 0x0841, 0x0036, 0x0041, 0x0014, 0x0841,
    0x0093, 0x0861, 0x0014, 0x0841, 0x0035, 0x0041, 0x0012, 0x0841,
    0x0097, 0x0861, 0x0012, 0x0841, 0x0034, 0x0041, 0x0013, 0x0841,
    0x0097, 0x0861, 0x0013, 0x0841, 0x0032, 0x0041, 0x0013, 0x0841,
    0x0099, 0x0861, 0x0013, 0x0841, 0x0030, 0x0041, 0x0013, 0x0841,
    0x009B, 0x0861, 0x0013, 0x0841, 0x002E, 0x0041, 0x0013, 0x0841,
    0x009D, 0x0861, 0x0013, 0x0841, 0x002D, 0x0041, 0x0013, 0x0841,
    0x009D, 0x0861, 0x0013, 0x0841, 0x002C, 0x0041, 0x0013, 0x0841,
    0x009F, 0x0861, 0x0013, 0x0841, 0x002A, 0x0041, 0x0013, 0x0841,
    0x00A1, 0x0861, 0x0012, 0x0841, 0x002A, 0x0041, 0x0012, 0x0841,
    0x00A3, 0x0861, 0x0012, 0x0841, 0x0028, 0x0041, 0x0012, 0x0841,
    0x00A5, 0x0861, 0x0012, 0x0841, 0x0026, 0x0041, 0x0013, 0x0841,
    0x00A5, 0x0861, 0x0012, 0x0841, 0x0026, 0x0041, 0x0012, 0x0841,
    0x00A7, 0x0861, 0x0012, 0x0841, 0x0025, 0x0041, 0x0011, 0x0841,
    0x0048, 0x0861, 0x0018, 0x0881, 0x0048, 0x0861, 0x0012, 0x0841,
    0x0024, 0x0041, 0x0012, 0x0841, 0x0042, 0x0861, 0x0024, 0x0881,
    0x0043, 0x0861, 0x0012, 0x0841, 0x0022, 0x0041, 0x0012, 0x0841,
    0x003F, 0x0861, 0x002C, 0x0881, 0x0040, 0x0861, 0x0012, 0x0841,
    0x0021, 0x0041, 0x0012, 0x0841, 0x003C, 0x0861, 0x0032, 0x0881,
    0x003D, 0x0861, 0x0012, 0x0841, 0x0020, 0x0041, 0x0012, 0x0841,
    0x003A, 0x0861, 0x0038, 0x0881, 0x003B, 0x0861, 0x0012, 0x0841,
    0x001E, 0x0041, 0x0012, 0x0841, 0x0039, 0x0861, 0x0014, 0x0881,
    0x0006, 0x08A1, 0x0009, 0x08A2, 0x0006, 0x08A1, 0x0013, 0x0881,
    0x003A, 0x0861, 0x0012, 0x0841, 0x001D, 0x0041, 0x0011, 0x0841,
    0x0037, 0x0861, 0x0012, 0x0881, 0x0003, 0x08A1, 0x0003, 0x08A2,
    0x0001, 0x08A1, 0x0015, 0x08A2, 0x0003, 0x08A1, 0x0011, 0x0881,
    0x0038, 0x0861, 0x0011, 0x0841, 0x001C, 0x0041, 0x0011, 0x0841,
    0x0036, 0x0861, 0x0010, 0x0881, 0x0003, 0x08A1, 0x0001, 0x08A2,
    0x0001, 0x08A1, 0x001D, 0x08A2, 0x0001, 0x08A1, 0x0001, 0x08A2,
    0x0003, 0x08A1, 0x000F, 0x0881, 0x0037, 0x0861, 0x0011, 0x0841,
    0x001B, 0x0041, 0x0011, 0x0841, 0x0034, 0x0861, 0x000F, 0x0881,
    0x0005, 0x08A1, 0x0023, 0x08A2, 0x0001, 0x08A1, 0x0001, 0x08A2,
    0x0003, 0x08A1, 0x000E, 0x0881, 0x0035, 0x0861, 0x0011, 0x0841,
    0x001A, 0x0041, 0x0011, 0x0841, 0x0034, 0x0861, 0x000D, 0x0881,
    0x0004, 0x08A1, 0x000B, 0x08A2, 0x0014, 0x08C2, 0x000C, 0x08A2,
    0x0003, 0x08A1, 0x000E, 0x0881, 0x0034, 0x0861, 0x0011, 0x0841,
    0x0019, 0x0041, 0x0010, 0x0841, 0x0033, 0x0861, 0x000D, 0x0881,
    0x0003, 0x08A1, 0x000A, 0x08A2, 0x001C, 0x08C2, 0x000B, 0x08A2,
    0x0003, 0x08A1, 0x000C, 0x0881, 0x0034, 0x0861, 0x0010, 0x0841,
    0x0018, 0x0041, 0x0011, 0x0841, 0x0031, 0x0861, 0x000E, 0x0881,
    0x0002, 0x08A1, 0x0008, 0x08A2, 0x0024, 0x08C2, 0x0007, 0x08A2,
    0x0001, 0x08A1, 0x0001, 0x08A2, 0x0002, 0x08A1, 0x000D, 0x0881,
    0x0032, 0x0861, 0x0011, 0x0841, 0x0016, 0x0041, 0x0011, 0x0841,
    0x0031, 0x0861, 0x000C, 0x0881, 0x0004, 0x08A1, 0x0006, 0x08A2,
    0x000C, 0x08C2, 0x0001, 0x08E2, 0x0001, 0x08C2, 0x000F, 0x08E2,
    0x000D, 0x08C2, 0x0007, 0x08A2, 0x0003, 0x08A1, 0x000C, 0x0881,
    0x0032, 0x0861, 0x0011, 0x0841, 0x0015, 0x0041, 0x0011, 0x0841,
    0x002F, 0x0861, 0x000C, 0x0881, 0x0003, 0x08A1, 0x0006, 0x08A2,
    0x000B, 0x08C2, 0x001A, 0x08E2, 0x000B, 0x08C2, 0x0006, 0x08A2,
    0x0001, 0x08A1, 0x0001, 0x08A2, 0x0002, 0x08A1, 0x000B, 0x0881,
    0x0030, 0x0861, 0x0011, 0x0841, 0x0015, 0x0041, 0x0010, 0x0841,
    0x002F, 0x0861, 0x000B, 0x0881, 0x0004, 0x08A1, 0x0004, 0x08A2,
    0x000A, 0x08C2, 0x000B, 0x08E2, 0x000D, 0x0902, 0x000A, 0x08E2,
    0x000A, 0x08C2, 0x0005, 0x08A2, 0x0003, 0x08A1, 0x000B, 0x0881,
    0x0030, 0x0861, 0x0010, 0x0841, 0x0014, 0x0041, 0x0010, 0x0841,
    0x002F, 0x0861, 0x000B, 0x0881, 0x0002, 0x08A1, 0x0006, 0x08A2,
    0x0008, 0x08C2, 0x0008, 0x08E2, 0x0004, 0x0902, 0x0001, 0x1103,
    0x0001, 0x0903, 0x0012, 0x0902, 0x0008, 0x08E2, 0x0009, 0x08C2,
    0x0006, 0x08A2, 0x0001, 0x08A1, 0x000B, 0x0881, 0x0030, 0x0861,
    0x0010, 0x0841, 0x0012, 0x0041, 0x0010, 0x0841, 0x002F, 0x0861,
    0x000B, 0x0881, 0x0002, 0x08A1, 0x0004, 0x08A2, 0x0008, 0x08C2,
    0x0007, 0x08E2, 0x0002, 0x0902, 0x0001, 0x0903, 0x0001, 0x1103,
    0x0002, 0x0902, 0x0001, 0x08E2, 0x0001, 0x00E1, 0x0001, 0x00C1,
    0x0001, 0x00E2, 0x0001, 0x08E2, 0x0001, 0x0902, 0x0001, 0x1123,
    0x0001, 0x1143, 0x0001, 0x1123, 0x0004, 0x1143, 0x0001, 0x1123,
    0x000C, 0x0902, 0x0007, 0x08E2, 0x0008, 0x08C2, 0x0005, 0x08A2,
    0x0002, 0x08A1, 0x000B, 0x0881, 0x002F, 0x0861, 0x0010, 0x0841,
    0x0011, 0x0041, 0x0010, 0x0841, 0x002D, 0x0861, 0x000B, 0x0881,
    0x0003, 0x08A1, 0x0003, 0x08A2, 0x0008, 0x08C2, 0x0006, 0x08E2,
    0x0002, 0x0902, 0x0001, 0x1103, 0x0001, 0x0902, 0x0001, 0x08E2,
    0x0002, 0x00C1, 0x0001, 0x0902, 0x0001, 0x1163, 0x0001, 0x21E5,
    0x0001, 0x3A68, 0x0001, 0x4B0A, 0x0001, 0x5B8C, 0x0001, 0x742F,
    0x0001, 0x42A9, 0x0001, 0x4268, 0x0007, 0x4289, 0x0002, 0x3A48,
    0x0001, 0x3227, 0x0001, 0x29E6, 0x0001, 0x21C5, 0x0001, 0x1984,
    0x0001, 0x1143, 0x0001, 0x0923, 0x0008, 0x0902, 0x0005, 0x08E2,
    0x0008, 0x08C2, 0x0004, 0x08A2, 0x0002, 0x08A1, 0x000B, 0x0881,
    0x002E, 0x0861, 0x0010, 0x0841, 0x0011, 0x0041, 0x0010, 0x0841,
    0x002C, 0x0861, 0x000B, 0x0881, 0x0002, 0x08A1, 0x0004, 0x08A2,
    0x0007, 0x08C2, 0x0005, 0x08E2, 0x0002, 0x0902, 0x0001, 0x1103,
    0x0001, 0x0902, 0x0001, 0x08E2, 0x0001, 0x00C1, 0x0001, 0x0902,
    0x0001, 0x1984, 0x0001, 0x4288, 0x0001, 0x5B4B, 0x0001, 0x7C2F,
    0x0001, 0x8CB1, 0x0001, 0x9512, 0x0003, 0x9D33, 0x0001, 0x9D53,
    0x0001, 0x636C, 0x0001, 0x4289, 0x0001, 0x4AAA, 0x0006, 0x4AA9,
    0x0003, 0x4AAA, 0x0001, 0x4ACA, 0x0002, 0x4AAA, 0x0001, 0x4289,
    0x0001, 0x4268, 0x0001, 0x3207, 0x0001, 0x29C5, 0x0001, 0x1964,
    0x0001, 0x0922, 0x0007, 0x0902, 0x0004, 0x08E2, 0x0007, 0x08C2,
    0x0005, 0x08A2, 0x0001, 0x08A1, 0x000B, 0x0881, 0x002D, 0x0861,
    0x0010, 0x0841, 0x0010, 0x0041, 0x0010, 0x0841, 0x002C, 0x0861,
    0x000B, 0x0881, 0x0002, 0x08A1, 0x0003, 0x08A2, 0x0007, 0x08C2,
    0x0005, 0x08E2, 0x0003, 0x0902, 0x0001, 0x08E2, 0x0001, 0x00C1,
    0x0001, 0x0922, 0x0001, 0x2A06, 0x0001, 0x532B, 0x0001, 0x7C2F,
    0x0001, 0x8CD2, 0x0002, 0x9D33, 0x0001, 0x9D13, 0x0001, 0x9512,
    0x0001, 0x94F2, 0x0002, 0x8CD2, 0x0001, 0x8CD1, 0x0001, 0x9512,
    0x0001, 0x6BAD, 0x0001, 0x4269, 0x0001, 0x4AAA, 0x0006, 0x4AA9,
    0x0006, 0x4A89, 0x0001, 0x4AA9, 0x0003, 0x4AAA, 0x0001, 0x4AA9,
    0x0001, 0x4268, 0x0001, 0x3207, 0x0001, 0x2185, 0x0001, 0x1123,
    0x0005, 0x0902, 0x0005, 0x08E2, 0x0007, 0x08C2, 0x0003, 0x08A2,
    0x0003, 0x08A1, 0x000A, 0x0881, 0x002D, 0x0861, 0x0010, 0x0841,
    0x000F, 0x0041, 0x000F, 0x0841, 0x002C, 0x0861, 0x000A, 0x0881,
    0x0003, 0x08A1, 0x0003, 0x08A2, 0x0006, 0x08C2, 0x0005, 0x08E2,
    0x0001, 0x0902, 0x0001, 0x1103, 0x0001, 0x0902, 0x0001, 0x00C1,
    0x0001, 0x08E2, 0x0001, 0x21C5, 0x0001, 0x532B, 0x0001, 0x7C50,
    0x0001, 0x9513, 0x0001, 0x9D33, 0x0001, 0x9D13, 0x0001, 0x94F2,
    0x0002, 0x8CD2, 0x0001, 0x8CF2, 0x0001, 0x94F2, 0x0001, 0x9513,
    0x0001, 0x9D33, 0x0001, 0x9D53, 0x0001, 0x9D33, 0x0001, 0x9D53,
    0x0001, 0x73EE, 0x0007, 0x4269, 0x0001, 0x4A89, 0x0001, 0x4ACA,
    0x0001, 0x4AAA, 0x0003, 0x4ACA, 0x0001, 0x4AAA, 0x0002, 0x4AA9,
    0x0002, 0x4A89, 0x0001, 0x4AA9, 0x0003, 0x4AAA, 0x0001, 0x4289,
    0x0001, 0x3207, 0x0001, 0x1984, 0x0001, 0x0922, 0x0004, 0x0902,
    0x0005, 0x08E2, 0x0007, 0x08C2, 0x0003, 0x08A2, 0x0003, 0x08A1,
    0x0009, 0x0881, 0x002D, 0x0861, 0x000F, 0x0841, 0x000E, 0x0041,
    0x0010, 0x0841, 0x002B, 0x0861, 0x000A, 0x0881, 0x0002, 0x08A1,
    0x0003, 0x08A2, 0x0006, 0x08C2, 0x0005, 0x08E2, 0x0001, 0x0902,
    0x0001, 0x1103, 0x0001, 0x0902, 0x0001, 0x00C1, 0x0001, 0x0923,
    0x0001, 0x3247, 0x0001, 0x6BEE, 0x0001, 0x94F2, 0x0001, 0x9D33,
    0x0001, 0x9513, 0x0001, 0x94F2, 0x0002, 0x8CD2, 0x0001, 0x9512,
    0x0001, 0x9D33, 0x0001, 0x9D53, 0x0001, 0x9D33, 0x0001, 0x8CD2,
    0x0001, 0x7C2F, 0x0001, 0x6B8D, 0x0001, 0x52EA, 0x0001, 0x4289,
    0x0001, 0x3227, 0x0001, 0x29C5, 0x0001, 0x19A4, 0x0001, 0x1204,
    0x0005, 0x11E4, 0x0001, 0x19C4, 0x0002, 0x1984, 0x0001, 0x2185,
    0x0001, 0x29A5, 0x0001, 0x31E7, 0x0001, 0x3A28, 0x0001, 0x4289,
    0x0001, 0x4AAA, 0x0002, 0x4ACA, 0x0001, 0x4AA9, 0x0003, 0x4A89,
    0x0001, 0x4AA9, 0x0002, 0x4AAA, 0x0001, 0x4268, 0x0001, 0x21C5,
    0x0001, 0x1143, 0x0004, 0x0902, 0x0005, 0x08E2, 0x0006, 0x08C2,
    0x0003, 0x08A2, 0x0003, 0x08A1, 0x0009, 0x0881, 0x002C, 0x0861,
    0x000F, 0x0841, 0x000E, 0x0041, 0x000F, 0x0841, 0x002B, 0x0861,
    0x000B, 0x0881, 0x0001, 0x08A1, 0x0003, 0x08A2, 0x0006, 0x08C2,
    0x0004, 0x08E2, 0x0001, 0x0902, 0x0001, 0x0903, 0x0001, 0x0902,
    0x0001, 0x00C1, 0x0001, 0x0922, 0x0001, 0x4288, 0x0001, 0x7C70,
    0x0002, 0x9D33, 0x0001, 0x94F2, 0x0002, 0x8CD2, 0x0001, 0x9512,
    0x0002, 0x9D53, 0x0001, 0x8CB1, 0x0001, 0x6BCE, 0x0001, 0x52CA,
    0x0001, 0x3227, 0x0001, 0x2205, 0x0001, 0x1265, 0x0001, 0x1306,
    0x0001, 0x1407, 0x0001, 0x1489, 0x0001, 0x1DCB, 0x0001, 0x1DAB,
    0x0001, 0x266D, 0x0006, 0x270E, 0x0001, 0x26AD, 0x0001, 0x1DCB,
    0x0001, 0x1DEC, 0x0001, 0x1CC9, 0x0001, 0x1448, 0x0001, 0x1367,
    0x0001, 0x1265, 0x0001, 0x11E4, 0x0001, 0x1984, 0x0001, 0x2985,
    0x0001, 0x31E7, 0x0001, 0x4269, 0x0002, 0x4ACA, 0x0001, 0x4AAA,
    0x0003, 0x4A89, 0x0002, 0x4AAA, 0x0001, 0x4289, 0x0001, 0x29E6,
    0x0001, 0x1143, 0x0005, 0x0902, 0x0003, 0x08E2, 0x0006, 0x08C2,
    0x0003, 0x08A2, 0x0002, 0x08A1, 0x000A, 0x0881, 0x002B, 0x0861,
    0x0010, 0x0841, 0x000C, 0x0041, 0x0010, 0x0841, 0x002A, 0x0861,
    0x000A, 0x0881, 0x0002, 0x08A1, 0x0003, 0x08A2, 0x0005, 0x08C2,
    0x0004, 0x08E2, 0x0002, 0x0902, 0x0001, 0x1103, 0x0001, 0x00E2,
    0x0001, 0x0922, 0x0001, 0x4288, 0x0001, 0x7C70, 0x0001, 0x9D33,
    0x0001, 0x9513, 0x0001, 0x8CF2, 0x0001, 0x8CD2, 0x0001, 0x94F2,
    0x0001, 0x9D33, 0x0001, 0x9D53, 0x0001, 0x8C91, 0x0001, 0x634C,
    0x0001, 0x4268, 0x0001, 0x1A05, 0x0001, 0x12A5, 0x0001, 0x1428,
    0x0001, 0x1D4A, 0x0001, 0x26AD, 0x0001, 0x276F, 0x0001, 0x2FCF,
    0x0002, 0x2FF0, 0x0002, 0x2FD0, 0x0001, 0x27AF, 0x0006, 0x278F,
    0x0001, 0x27AF, 0x0002, 0x2FCF, 0x0002, 0x2FF0, 0x0001, 0x2FCF,
    0x0001, 0x276F, 0x0001, 0x26EE, 0x0001, 0x1DCB, 0x0001, 0x1468,
    0x0001, 0x12E6, 0x0001, 0x11C4, 0x0001, 0x2184, 0x0001, 0x31C6,
    0x0001, 0x4248, 0x0002, 0x4ACA, 0x0001, 0x4AA9, 0x0002, 0x4A89,
    0x0001, 0x4AA9, 0x0001, 0x4AAA, 0x0001, 0x4289, 0x0001, 0x29E6,
    0x0001, 0x1123, 0x0004, 0x0902, 0x0004, 0x08E2, 0x0005, 0x08C2,
    0x0003, 0x08A2, 0x0003, 0x08A1, 0x0009, 0x0881, 0x002B, 0x0861,
    0x0010, 0x0841, 0x000B, 0x0041, 0x000F, 0x0841, 0x002A, 0x0861,
    0x000A, 0x0881, 0x0002, 0x08A1, 0x0003, 0x08A2, 0x0005, 0x08C2,
    0x0004, 0x08E2, 0x0001, 0x0902, 0x0001, 0x1103, 0x0001, 0x08E2,
    0x0001, 0x00E2, 0x0001, 0x3227, 0x0001, 0x7C70, 0x0001, 0x9D33,
    0x0001, 0x9513, 0x0002, 0x8CD2, 0x0001, 0x9512, 0x0001, 0x9D53,
    0x0001, 0x9512, 0x0001, 0x6BCE, 0x0001, 0x4268, 0x0001, 0x1A05,
    0x0001, 0x0B05, 0x0001, 0x1509, 0x0001, 0x26AD, 0x0001, 0x2FAF,
    0x0002, 0x2FF0, 0x0001, 0x27AF, 0x0001, 0x278F, 0x0005, 0x276F,
    0x0008, 0x278F, 0x0005, 0x276F, 0x0001, 0x278F, 0x0001, 0x27AF,
    0x0001, 0x2FCF, 0x0001, 0x2FF0, 0x0001, 0x2FAF, 0x0001, 0x26CD,
    0x0001, 0x1D8B, 0x0001, 0x13A7, 0x0001, 0x1204, 0x0001, 0x2164,
    0x0001, 0x31E6, 0x0001, 0x4A89, 0x0001, 0x4ACA, 0x0001, 0x4AAA,
    0x0002, 0x4A89, 0x0001, 0x4AA9, 0x0001, 0x4AAA, 0x0001, 0x4289,
    0x0001, 0x21C5, 0x0001, 0x0922, 0x0003, 0x0902, 0x0004, 0x08E2,
    0x0006, 0x08C2, 0x0003, 0x08A2, 0x0002, 0x08A1, 0x0009, 0x0881,
    0x002B, 0x0861, 0x000F, 0x0841, 0x000A, 0x0041, 0x0010, 0x0841,
    0x002A, 0x0861, 0x0009, 0x0881, 0x0002, 0x08A1, 0x0002, 0x08A2,
    0x0006, 0x08C2, 0x0003, 0x08E2, 0x0003, 0x0902, 0x0001, 0x00C1,
    0x0001, 0x1984, 0x0001, 0x63AD, 0x0001, 0x9D33, 0x0001, 0x9513,
    0x0001, 0x94F2, 0x0001, 0x8CD2, 0x0001, 0x9512, 0x0001, 0x9D53,
    0x0001, 0x8CB1, 0x0001, 0x5B2B, 0x0001, 0x21E5, 0x0001, 0x12A5,
    0x0001, 0x14C9, 0x0001, 0x26CD, 0x0001, 0x2FD0, 0x0001, 0x2FF0,
    0x0001, 0x27AF, 0x0003, 0x276F, 0x0005, 0x278F, 0x000C, 0x27AF,
    0x0005, 0x278F, 0x0003, 0x276F, 0x0001, 0x27AF, 0x0002, 0x2FD0,
    0x0001, 0x272E, 0x0001, 0x1D4A, 0x0001, 0x12E6, 0x0001, 0x1184,
    0x0001, 0x29A5, 0x0001, 0x4268, 0x0001, 0x4ACA, 0x0001, 0x4AAA,
    0x0002, 0x4A89, 0x0001, 0x4AA9, 0x0001, 0x4AAA, 0x0001, 0x3A48,
    0x0001, 0x1984, 0x0004, 0x0902, 0x0003, 0x08E2, 0x0006, 0x08C2,
    0x0003, 0x08A2, 0x0002, 0x08A1, 0x0009, 0x0881, 0x002A, 0x0861,
    0x0010, 0x0841, 0x0009, 0x0041, 0x000F, 0x0841, 0x002A, 0x0861,
    0x0008, 0x0881, 0x0003, 0x08A1, 0x0002, 0x08A2, 0x0005, 0x08C2,
    0x0004, 0x08E2, 0x0001, 0x0902, 0x0001, 0x1103, 0x0002, 0x08E2,
    0x0001, 0x42A9, 0x0001, 0x8CF2, 0x0001, 0x9D33, 0x0001, 0x94F2,
    0x0001, 0x8CD2, 0x0001, 0x94F2, 0x0001, 0x9D53, 0x0001, 0x8CB1,
    0x0001, 0x52CA, 0x0001, 0x19C4, 0x0001, 0x0B46, 0x0001, 0x1DCB,
    0x0001, 0x2FAF, 0x0001, 0x2FF0, 0x0001, 0x27AF, 0x0002, 0x276F,
    0x0004, 0x278F, 0x0016, 0x27AF, 0x0004, 0x278F, 0x0002, 0x276F,
    0x0001, 0x278F, 0x0001, 0x2FF0, 0x0001, 0x27AF, 0x0001, 0x266D,
    0x0001, 0x13A7, 0x0001, 0x11A4, 0x0001, 0x2185, 0x0001, 0x4268,
    0x0001, 0x4ACA, 0x0001, 0x4AA9, 0x0002, 0x4A89, 0x0002, 0x4AAA,
    0x0001, 0x3206, 0x0001, 0x0923, 0x0003, 0x0902, 0x0004, 0x08E2,
    0x0005, 0x08C2, 0x0003, 0x08A2, 0x0002, 0x08A1, 0x0008, 0x0881,
    0x002A, 0x0861, 0x0010, 0x0841, 0x0009, 0x0041, 0x000F, 0x0841,
    0x0029, 0x0861, 0x0009, 0x0881, 0x0001, 0x08A1, 0x0003, 0x08A2,
    0x0005, 0x08C2, 0x0004, 0x08E2, 0x0001, 0x0902, 0x0001, 0x1103,
    0x0001, 0x00C1, 0x0001, 0x1964, 0x0001, 0x6BEE, 0x0001, 0x9D33,
    0x0001, 0x94F2, 0x0001, 0x8CD2, 0x0001, 0x94F2, 0x0001, 0x9D33,
    0x0001, 0x9512, 0x0001, 0x5B2B, 0x0001, 0x19A4, 0x0001, 0x0B66,
    0x0001, 0x266D, 0x0001, 0x2FF0, 0x0001, 0x2FCF, 0x0002, 0x276F,
    0x0003, 0x278F, 0x0007, 0x27AF, 0x0010, 0x27CF, 0x0007, 0x27AF,
    0x0003, 0x278F, 0x0002, 0x276F, 0x0001, 0x27AF, 0x0001, 0x2FCF,
    0x0001, 0x26EE, 0x0001, 0x1469, 0x0001, 0x11A3, 0x0001, 0x2185,
    0x0001, 0x4289, 0x0001, 0x4ACA, 0x0001, 0x4AA9, 0x0001, 0x4A89,
    0x0001, 0x4AA9, 0x0001, 0x4AAA, 0x0001, 0x4269, 0x0001, 0x1964,
    0x0003, 0x0902, 0x0004, 0x08E2, 0x0005, 0x08C2, 0x0003, 0x08A2,
    0x0002, 0x08A1, 0x0008, 0x0881, 0x002A, 0x0861, 0x000F, 0x0841,
    0x0008, 0x0041, 0x000F, 0x0841, 0x0029, 0x0861, 0x0009, 0x0881,
    0x0002, 0x08A1, 0x0002, 0x08A2, 0x0005, 0x08C2, 0x0004, 0x08E2,
    0x0002, 0x0902, 0x0001, 0x00C1, 0x0001, 0x3227, 0x0001, 0x8CB1,
    0x0001, 0x9D33, 0x0001, 0x94F2, 0x0001, 0x8CD2, 0x0001, 0x9512,
    0x0001, 0x9D53, 0x0001, 0x6BCE, 0x0001, 0x21A5, 0x0001, 0x0AE5,
    0x0001, 0x266D, 0x0001, 0x2FF0, 0x0001, 0x27AF, 0x0002, 0x276F,
    0x0002, 0x278F, 0x0006, 0x27AF, 0x0003, 0x27CF, 0x0012, 0x2FCF,
    0x0003, 0x27CF, 0x0006, 0x27AF, 0x0002, 0x278F, 0x0002, 0x276F,
    0x0001, 0x278F, 0x0001, 0x2FF0, 0x0001, 0x26AD, 0x0001, 0x13A7,
    0x0001, 0x1183, 0x0001, 0x31C6, 0x0001, 0x4ACA, 0x0001, 0x4AAA,
    0x0002, 0x4A89, 0x0001, 0x4AAA, 0x0001, 0x4AA9, 0x0001, 0x29C5,
    0x0004, 0x0902, 0x0003, 0x08E2, 0x0005, 0x08C2, 0x0003, 0x08A2,
    0x0002, 0x08A1, 0x0008, 0x0881, 0x0029, 0x0861, 0x0010, 0x0841,
    0x0007, 0x0041, 0x0010, 0x0841, 0x0027, 0x0861, 0x0009, 0x0881,
    0x0002, 0x08A1, 0x0002, 0x08A2, 0x0005, 0x08C2, 0x0003, 0x08E2,
    0x0003, 0x0902, 0x0001, 0x08E2, 0x0001, 0x530A, 0x0001, 0x9513,
    0x0001, 0x9512, 0x0001, 0x8CF2, 0x0001, 0x94F2, 0x0001, 0x9D33,
    0x0001, 0x8CB1, 0x0001, 0x3A27, 0x0001, 0x0A04, 0x0001, 0x1DAB,
    0x0001, 0x2FCF, 0x0001, 0x2FAF, 0x0002, 0x276F, 0x0002, 0x278F,
    0x0005, 0x27AF, 0x0002, 0x27CF, 0x001A, 0x2FCF, 0x0002, 0x27CF,
    0x0005, 0x27AF, 0x0003, 0x278F, 0x0001, 0x276F, 0x0001, 0x27AF,
    0x0001, 0x2FF0, 0x0001, 0x262C, 0x0001, 0x12C5, 0x0001, 0x1944,
    0x0001, 0x3A48, 0x0001, 0x4ACA, 0x0001, 0x4AA9, 0x0001, 0x4A89,
    0x0001, 0x4AA9, 0x0001, 0x4AAA, 0x0001, 0x3227, 0x0001, 0x1123,
    0x0003, 0x0902, 0x0003, 0x08E2, 0x0005, 0x08C2, 0x0003, 0x08A2,
    0x0001, 0x08A1, 0x0009, 0x0881, 0x0028, 0x0861, 0x0010, 0x0841,
    0x0007, 0x0041, 0x000F, 0x0841, 0x0028, 0x0861, 0x0008, 0x0881,
    0x0002, 0x08A1, 0x0002, 0x08A2, 0x0005, 0x08C2, 0x0003, 0x08E2,
    0x0001, 0x0902, 0x0001, 0x1102, 0x0001, 0x08E2, 0x0001, 0x0923,
    0x0001, 0x638C, 0x0001, 0x9D53, 0x0001, 0x94F2, 0x0001, 0x8CF2,
    0x0001, 0x94F2, 0x0001, 0x9D53, 0x0001, 0x6B8D, 0x0001, 0x19A4,
    0x0001, 0x1408, 0x0001, 0x274F, 0x0001, 0x2FF0, 0x0002, 0x276F,
    0x0002, 0x278F, 0x0004, 0x27AF, 0x0002, 0x27CF, 0x0009, 0x2FCF,
    0x0004, 0x27CF, 0x0006, 0x27AF, 0x0004, 0x27CF, 0x0009, 0x2FCF,
    0x0002, 0x27CF, 0x0004, 0x27AF, 0x0003, 0x278F, 0x0001, 0x276F,
    0x0001, 0x27AF, 0x0001, 0x2FAF, 0x0001, 0x1CEA, 0x0001, 0x1183,
    0x0001, 0x29C6, 0x0001, 0x4ACA, 0x0001, 0x4AAA, 0x0002, 0x4A89,
    0x0001, 0x4ACA, 0x0001, 0x3A48, 0x0001, 0x1143, 0x0003, 0x0902,
    0x0003, 0x08E2, 0x0005, 0x08C2, 0x0002, 0x08A2, 0x0002, 0x08A1,
    0x0008, 0x0881, 0x0029, 0x0861, 0x000F, 0x0841, 0x0006, 0x0041,
    0x000F, 0x0841, 0x0028, 0x0861, 0x0008, 0x0881, 0x0002, 0x08A1,
    0x0003, 0x08A2, 0x0004, 0x08C2, 0x0003, 0x08E2, 0x0001, 0x0902,
    0x0001, 0x1103, 0x0001, 0x08E2, 0x0001, 0x1143, 0x0001, 0x7C2F,
    0x0001, 0x9D33, 0x0001, 0x8CF2, 0x0001, 0x94F2, 0x0002, 0x9513,
    0x0001, 0x4A89, 0x0001, 0x0A04, 0x0001, 0x1E0C, 0x0001, 0x2FF0,
    0x0001, 0x278F, 0x0001, 0x276F, 0x0002, 0x278F, 0x0004, 0x27AF,
    0x0001, 0x27CF, 0x0007, 0x2FCF, 0x0002, 0x27CF, 0x0014, 0x27AF,
    0x0002, 0x27CF, 0x0007, 0x2FCF, 0x0001, 0x27CF, 0x0004, 0x27AF,
    0x0002, 0x278F, 0x0002, 0x276F, 0x0001, 0x2FF0, 0x0001, 0x26AD,
    0x0001, 0x12A5, 0x0001, 0x1944, 0x0001, 0x4289, 0x0001, 0x4ACA,
    0x0002, 0x4A89, 0x0001, 0x4AAA, 0x0001, 0x4A89, 0x0001, 0x1964,
    0x0003, 0x0902, 0x0003, 0x08E2, 0x0005, 0x08C2, 0x0002, 0x08A2,
    0x0002, 0x08A1, 0x0008, 0x0881, 0x0029, 0x0861, 0x000F, 0x0841,
    0x0005, 0x0041, 0x000F, 0x0841, 0x0027, 0x0861, 0x0009, 0x0881,
    0x0002, 0x08A1, 0x0002, 0x08A2, 0x0004, 0x08C2, 0x0003, 0x08E2,
    0x0001, 0x0902, 0x0001, 0x1103, 0x0001, 0x08E2, 0x0001, 0x1143,
    0x0001, 0x7C2F, 0x0001, 0x9D33, 0x0001, 0x8CD2, 0x0001, 0x94F2,
    0x0001, 0x9D33, 0x0001, 0x8490, 0x0001, 0x29C5, 0x0001, 0x0B26,
    0x0001, 0x272E, 0x0001, 0x2FCF, 0x0001, 0x276F, 0x0002, 0x278F,
    0x0004, 0x27AF, 0x0001, 0x27CF, 0x0006, 0x2FCF, 0x0002, 0x27CF,
    0x0008, 0x27AF, 0x000A, 0x278F, 0x0008, 0x27AF, 0x0002, 0x27CF,
    0x0006, 0x2FCF, 0x0001, 0x27CF, 0x0004, 0x27AF, 0x0002, 0x278F,
    0x0001, 0x276F, 0x0001, 0x27AF, 0x0001, 0x278F, 0x0001, 0x1408,
    0x0001, 0x1143, 0x0001, 0x3A28, 0x0001, 0x4ACA, 0x0001, 0x4AA9,
    0x0001, 0x4A89, 0x0001, 0x4AAA, 0x0001, 0x4A89, 0x0001, 0x1964,
    0x0003, 0x0902, 0x0003, 0x08E2, 0x0005, 0x08C2, 0x0002, 0x08A2,
    0x0002, 0x08A1, 0x0008, 0x0881, 0x0028, 0x0861, 0x000F, 0x0841,
    0x0004, 0x0041, 0x000F, 0x0841, 0x0028, 0x0861, 0x0009, 0x0881,
    0x0001, 0x08A1, 0x0002, 0x08A2, 0x0005, 0x08C2, 0x0003, 0x08E2,
    0x0001, 0x1103, 0x0001, 0x08E2, 0x0001, 0x1143, 0x0001, 0x7C4F,
    0x0001, 0x9D33, 0x0001, 0x8CF2, 0x0001, 0x94F2, 0x0001, 0x9D33,
    0x0001, 0x742F, 0x0001, 0x1143, 0x0001, 0x1489, 0x0001, 0x2FD0,
    0x0001, 0x278F, 0x0001, 0x276F, 0x0002, 0x278F, 0x0003, 0x27AF,
    0x0001, 0x27CF, 0x0006, 0x2FCF, 0x0001, 0x27CF, 0x0006, 0x27AF,
    0x0014, 0x278F, 0x0006, 0x27AF, 0x0001, 0x27CF, 0x0006, 0x2FCF,
    0x0001, 0x27CF, 0x0003, 0x27AF, 0x0002, 0x278F, 0x0002, 0x276F,
    0x0001, 0x2FF0, 0x0001, 0x1D8B, 0x0001, 0x09A3, 0x0001, 0x31E6,
    0x0001, 0x4ACA, 0x0001, 0x4AA9, 0x0001, 0x4A89, 0x0001, 0x4AAA,
    0x0001, 0x4A89, 0x0001, 0x1964, 0x0003, 0x0902, 0x0003, 0x08E2,
    0x0004, 0x08C2, 0x0003, 0x08A2, 0x0001, 0x08A1, 0x0008, 0x0881,
    0x0029, 0x0861, 0x000F, 0x0841, 0x0003, 0x0041, 0x000F, 0x0841,
    0x0027, 0x0861, 0x0009, 0x0881, 0x0001, 0x08A1, 0x0002, 0x08A2,
    0x0005, 0x08C2, 0x0003, 0x08E2, 0x0001, 0x0903, 0x0001, 0x08E2,
    0x0001, 0x1143, 0x0001, 0x7C4F, 0x0001, 0x9D33, 0x0001, 0x8CF2,
    0x0001, 0x94F2, 0x0001, 0x9D53, 0x0001, 0x636C, 0x0001, 0x09A3,
    0x0001, 0x1DCB, 0x0001, 0x2FF0, 0x0001, 0x276F, 0x0002, 0x278F,
    0x0003, 0x27AF, 0x0001, 0x27CF, 0x0006, 0x2FCF, 0x0001, 0x27CF,
    0x0004, 0x27AF, 0x0007, 0x278F, 0x000E, 0x276F, 0x0007, 0x278F,
    0x0004, 0x27AF, 0x0001, 0x27CF, 0x0006, 0x2FCF, 0x0001, 0x27CF,
    0x0003, 0x27AF, 0x0002, 0x278F, 0x0001, 0x276F, 0x0001, 0x2FF0,
    0x0001, 0x264D, 0x0001, 0x0A04, 0x0001, 0x21A5, 0x0001, 0x4ACA,
    0x0001, 0x4AA9, 0x0001, 0x4A89, 0x0001, 0x4AAA, 0x0001, 0x4A89,
    0x0001, 0x1964, 0x0003, 0x0902, 0x0003, 0x08E2, 0x0004, 0x08C2,
    0x0002, 0x08A2, 0x0002, 0x08A1, 0x0008, 0x0881, 0x0028, 0x0861,
    0x000F, 0x0841, 0x0003, 0x0041, 0x000F, 0x0841, 0x0027, 0x0861,
    0x0008, 0x0881, 0x0001, 0x08A1, 0x0002, 0x08A2, 0x0005, 0x08C2,
    0x0003, 0x08E2, 0x0002, 0x0902, 0x0001, 0x1143, 0x0001, 0x7C2F,
    0x0001, 0x9D33, 0x0001, 0x8CF2, 0x0001, 0x94F2, 0x0001, 0x9D53,
    0x0001, 0x5B6C, 0x0001, 0x0983, 0x0001, 0x264C, 0x0001, 0x2FF0,
    0x0001, 0x274F, 0x0002, 0x278F, 0x0003, 0x27AF, 0x0001, 0x27CF,
    0x0005, 0x2FCF, 0x0001, 0x27CF, 0x0004, 0x27AF, 0x0005, 0x278F,
    0x0016, 0x276F, 0x0005, 0x278F, 0x0004, 0x27AF, 0x0001, 0x27CF,
    0x0005, 0x2FCF, 0x0001, 0x27CF, 0x0003, 0x27AF, 0x0002, 0x278F,
    0x0001, 0x276F, 0x0001, 0x27AF, 0x0001, 0x272E, 0x0001, 0x1285,
    0x0001, 0x2185, 0x0001, 0x4ACA, 0x0001, 0x4AA9, 0x0001, 0x4A89,
    0x0001, 0x4AAA, 0x0001, 0x4A89, 0x0001, 0x1964, 0x0002, 0x0902,
    0x0003, 0x08E2, 0x0005, 0x08C2, 0x0002, 0x08A2, 0x0002, 0x08A1,
    0x0008, 0x0881, 0x0027, 0x0861, 0x000F, 0x0841, 0x0003, 0x0041,
    0x000E, 0x0841, 0x0027, 0x0861, 0x0008, 0x0881, 0x0002, 0x08A1,
    0x0002, 0x08A2, 0x0004, 0x08C2, 0x0003, 0x08E2, 0x0002, 0x0902,
    0x0001, 0x0923, 0x0001, 0x7C2F, 0x0001, 0x9D33, 0x0001, 0x8CD2,
    0x0001, 0x94F2, 0x0001, 0x9D53, 0x0001, 0x5B6C, 0x0001, 0x0983,
    0x0001, 0x264D, 0x0001, 0x2FF0, 0x0001, 0x274F, 0x0002, 0x278F,
    0x0003, 0x27AF, 0x0005, 0x2FCF, 0x0001, 0x27CF, 0x0004, 0x27AF,
    0x0004, 0x278F, 0x0006, 0x276F, 0x0010, 0x274E, 0x0006, 0x276F,
    0x0004, 0x278F, 0x0004, 0x27AF, 0x0001, 0x27CF, 0x0005, 0x2FCF,
    0x0003, 0x27AF, 0x0002, 0x278F, 0x0001, 0x276F, 0x0001, 0x27AF,
    0x0001, 0x274E, 0x0001, 0x1285, 0x0001, 0x2185, 0x0001, 0x4ACA,
    0x0001, 0x4AA9, 0x0001, 0x4A89, 0x0001, 0x4AA9, 0x0001, 0x4A89,
    0x0001, 0x1164, 0x0002, 0x0902, 0x0003, 0x08E2, 0x0005, 0x08C2,
    0x0002, 0x08A2, 0x0002, 0x08A1, 0x0007, 0x0881, 0x0028, 0x0861,
    0x000E, 0x0841, 0x0003, 0x0041, 0x000E, 0x0841, 0x0026, 0x0861,
    0x0009, 0x0881, 0x0001, 0x08A1, 0x0002, 0x08A2, 0x0004, 0x08C2,
    0x0003, 0x08E2, 0x0002, 0x0902, 0x0001, 0x08E2, 0x0001, 0x638C,
    0x0001, 0x9D33, 0x0001, 0x8CD2, 0x0001, 0x94F2, 0x0001, 0x9D53,
    0x0001, 0x5B6C, 0x0001, 0x0983, 0x0001, 0x264D, 0x0001, 0x2FD0,
    0x0001, 0x276F, 0x0002, 0x278F, 0x0002, 0x27AF, 0x0001, 0x27CF,
    0x0005, 0x2FCF, 0x0004, 0x27AF, 0x0003, 0x278F, 0x0005, 0x276F,
    0x0009, 0x274E, 0x0006, 0x272E, 0x0009, 0x274E, 0x0005, 0x276F,
    0x0003, 0x278F, 0x0004, 0x27AF, 0x0005, 0x2FCF, 0x0001, 0x27CF,
    0x0002, 0x27AF, 0x0002, 0x278F, 0x0001, 0x276F, 0x0001, 0x27AF,
    0x0001, 0x274E, 0x0001, 0x1285, 0x0001, 0x2185, 0x0001, 0x4ACA,
    0x0001, 0x4AA9, 0x0001, 0x4A89, 0x0001, 0x4AAA, 0x0001, 0x4268,
    0x0001, 0x1123, 0x0002, 0x0902, 0x0003, 0x08E2, 0x0004, 0x08C2,
    0x0003, 0x08A2, 0x0002, 0x08A1, 0x0007, 0x0881, 0x0027, 0x0861,
    0x000E, 0x0841, 0x0002, 0x0041, 0x000E, 0x0841, 0x0027, 0x0861,
    0x0008, 0x0881, 0x0001, 0x08A1, 0x0002, 0x08A2, 0x0004, 0x08C2,
    0x0003, 0x08E2, 0x0001, 0x0902, 0x0001, 0x1103, 0x0001, 0x00C1,
    0x0001, 0x530A, 0x0001, 0x9D53, 0x0001, 0x8CF2, 0x0001, 0x94F2,
    0x0001, 0x9D33, 0x0001, 0x636C, 0x0001, 0x0983, 0x0001, 0x264D,
    0x0001, 0x2FF0, 0x0001, 0x276F, 0x0001, 0x278F, 0x0003, 0x27AF,
    0x0001, 0x27CF, 0x0004, 0x2FCF, 0x0001, 0x27CF, 0x0003, 0x27AF,
    0x0003, 0x278F, 0x0004, 0x276F, 0x0001, 0x276E, 0x0005, 0x274E,
    0x0012, 0x272E, 0x0005, 0x274E, 0x0001, 0x276E, 0x0004, 0x276F,
    0x0003, 0x278F, 0x0003, 0x27AF, 0x0001, 0x27CF, 0x0004, 0x2FCF,
    0x0001, 0x27CF, 0x0002, 0x27AF, 0x0002, 0x278F, 0x0001, 0x276F,
    0x0001, 0x27AF, 0x0001, 0x274E, 0x0001, 0x1285, 0x0001, 0x2185,
    0x0001, 0x4ACA, 0x0001, 0x4AA9, 0x0001, 0x4A89, 0x0001, 0x4ACA,
    0x0001, 0x3A48, 0x0003, 0x0902, 0x0003, 0x08E2, 0x0004, 0x08C2,
    0x0002, 0x08A2, 0x0002, 0x08A1, 0x0007, 0x0881, 0x0028, 0x0861,
    0x000E, 0x0841, 0x0001, 0x0041, 0x000E, 0x0841, 0x0026, 0x0861,
    0x0008, 0x0881, 0x0002, 0x08A1, 0x0002, 0x08A2, 0x0004, 0x08C2,
    0x0003, 0x08E2, 0x0001, 0x1103, 0x0001, 0x00C2, 0x0001, 0x3227,
    0x0001, 0x9513, 0x0001, 0x94F2, 0x0001, 0x8CF2, 0x0001, 0x9D33,
    0x0001, 0x742F, 0x0001, 0x09A3, 0x0001, 0x264C, 0x0001, 0x2FD0,
    0x0001, 0x276F, 0x0002, 0x278F, 0x0002, 0x27AF, 0x0001, 0x27CF,
    0x0004, 0x2FCF, 0x0001, 0x27CF, 0x0002, 0x27AF, 0x0004, 0x278F,
    0x0003, 0x276F, 0x0001, 0x276E, 0x0004, 0x274E, 0x0009, 0x272E,
    0x0006, 0x270E, 0x0009, 0x272E, 0x0004, 0x274E, 0x0001, 0x276E,
    0x0003, 0x276F, 0x0004, 0x278F, 0x0002, 0x27AF, 0x0001, 0x27CF,
    0x0004, 0x2FCF, 0x0001, 0x27CF, 0x0002, 0x27AF, 0x0002, 0x278F,
    0x0001, 0x276F, 0x0001, 0x27AF, 0x0001, 0x274E, 0x0001, 0x0A44,
    0x0001, 0x31C6, 0x0001, 0x4ACA, 0x0002, 0x4A89, 0x0001, 0x4AAA,
    0x0001, 0x29E6, 0x0003, 0x0902, 0x0003, 0x08E2, 0x0004, 0x08C2,
    0x0002, 0x08A2, 0x0002, 0x08A1, 0x0007, 0x0881, 0x0027, 0x0861,
    0x001D, 0x0841, 0x0026, 0x0861, 0x0007, 0x0881, 0x0002, 0x08A1,
    0x0002, 0x08A2, 0x0004, 0x08C2, 0x0003, 0x08E2, 0x0001, 0x0902,
    0x0001, 0x08E2, 0x0001, 0x1964, 0x0001, 0x8CB1, 0x0001, 0x9512,
    0x0001, 0x8CF2, 0x0001, 0x9513, 0x0001, 0x8490, 0x0001, 0x1143,
    0x0001, 0x1DCB, 0x0001, 0x2FF0, 0x0001, 0x276F, 0x0002, 0x278F,
    0x0002, 0x27AF, 0x0001, 0x27CF, 0x0004, 0x2FCF, 0x0003, 0x27AF,
    0x0003, 0x278F, 0x0003, 0x276F, 0x0001, 0x276E, 0x0003, 0x274E,
    0x0006, 0x272E, 0x0012, 0x270E, 0x0006, 0x272E, 0x0003, 0x274E,
    0x0001, 0x276E, 0x0003, 0x276F, 0x0003, 0x278F, 0x0003, 0x27AF,
    0x0004, 0x2FCF, 0x0001, 0x27CF, 0x0002, 0x27AF, 0x0002, 0x278F,
    0x0001, 0x276F, 0x0001, 0x27CF, 0x0001, 0x268D, 0x0001, 0x09A3,
    0x0001, 0x3227, 0x0001, 0x4ACA, 0x0001, 0x4A89, 0x0001, 0x4AA9,
    0x0001, 0x4AAA, 0x0001, 0x1984, 0x0003, 0x0902, 0x0002, 0x08E2,
    0x0004, 0x08C2, 0x0003, 0x08A2, 0x0002, 0x08A1, 0x0006, 0x0881,
    0x0027, 0x0861, 0x001C, 0x0841, 0x0026, 0x0861, 0x0007, 0x0881,
    0x0002, 0x08A1, 0x0002, 0x08A2, 0x0004, 0x08C2, 0x0003, 0x08E2,
    0x0002, 0x0902, 0x0001, 0x08E2, 0x0001, 0x6BEE, 0x0001, 0x9D33,
    0x0001, 0x8CF2, 0x0001, 0x94F2, 0x0001, 0x9533, 0x0001, 0x29C5,
    0x0001, 0x1489, 0x0001, 0x2FF0, 0x0001, 0x276F, 0x0001, 0x278F,
    0x0003, 0x27AF, 0x0001, 0x27CF, 0x0004, 0x2FCF, 0x0003, 0x27AF,
    0x0003, 0x278F, 0x0003, 0x276F, 0x0003, 0x274E, 0x0005, 0x272E,
    0x0007, 0x270E, 0x000A, 0x26EE, 0x0007, 0x270E, 0x0005, 0x272E,
    0x0003, 0x274E, 0x0003, 0x276F, 0x0003, 0x278F, 0x0003, 0x27AF,
    0x0004, 0x2FCF, 0x0001, 0x27CF, 0x0003, 0x27AF, 0x0001, 0x278F,
    0x0001, 0x276F, 0x0001, 0x2FF0, 0x0001, 0x1DCC, 0x0001, 0x1143,
    0x0001, 0x4289, 0x0001, 0x4AAA, 0x0001, 0x4A89, 0x0001, 0x4AA9,
    0x0001, 0x4289, 0x0001, 0x1143, 0x0002, 0x0902, 0x0003, 0x08E2,
    0x0004, 0x08C2, 0x0003, 0x08A2, 0x0001, 0x08A1, 0x0007, 0x0881,
    0x0027, 0x0861, 0x001B, 0x0841, 0x0026, 0x0861, 0x0007, 0x0881,
    0x0002, 0x08A1, 0x0002, 0x08A2, 0x0004, 0x08C2, 0x0002, 0x08E2,
    0x0001, 0x0902, 0x0001, 0x1103, 0x0001, 0x00C1, 0x0001, 0x42C9,
    0x0001, 0x9D33, 0x0002, 0x94F2, 0x0001, 0x9D53, 0x0001, 0x4A89,
    0x0001, 0x0B26, 0x0001, 0x2FD0, 0x0001, 0x276F, 0x0002, 0x278F,
    0x0002, 0x27AF, 0x0001, 0x27CF, 0x0004, 0x2FCF, 0x0003, 0x27AF,
    0x0002, 0x278F, 0x0003, 0x276F, 0x0001, 0x274F, 0x0003, 0x274E,
    0x0004, 0x272E, 0x0004, 0x270E, 0x0014, 0x26EE, 0x0004, 0x270E,
    0x0004, 0x272E, 0x0003, 0x274E, 0x0001, 0x274F, 0x0003, 0x276F,
    0x0002, 0x278F, 0x0003, 0x27AF, 0x0004, 0x2FCF, 0x0001, 0x27CF,
    0x0002, 0x27AF, 0x0002, 0x278F, 0x0001, 0x276F, 0x0001, 0x2FF0,
    0x0001, 0x1C69, 0x0001, 0x1944, 0x0001, 0x4ACA, 0x0001, 0x4AA9,
    0x0001, 0x4A89, 0x0001, 0x4AAA, 0x0001, 0x3227, 0x0003, 0x0902,
    0x0003, 0x08E2, 0x0003, 0x08C2, 0x0004, 0x08A2, 0x0001, 0x08A1,
    0x0006, 0x0881, 0x0027, 0x0861, 0x001A, 0x0841, 0x0027, 0x0861,
    0x0006, 0x0881, 0x0002, 0x08A1, 0x0002, 0x08A2, 0x0004, 0x08C2,
    0x0003, 0x08E2, 0x0001, 0x0902, 0x0001, 0x08E2, 0x0001, 0x19A4,
    0x0001, 0x8CD2, 0x0001, 0x94F2, 0x0001, 0x8CD2, 0x0001, 0x9D33,
    0x0001, 0x638D, 0x0001, 0x0A04, 0x0001, 0x272E, 0x0001, 0x278F,
    0x0001, 0x276F, 0x0001, 0x278F, 0x0002, 0x27AF, 0x0001, 0x27CF,
    0x0004, 0x2FCF, 0x0003, 0x27AF, 0x0002, 0x278F, 0x0003, 0x276F,
    0x0003, 0x274E, 0x0003, 0x272E, 0x0005, 0x270E, 0x0005, 0x26EE,
    0x0001, 0x26ED, 0x000C, 0x26CD, 0x0001, 0x26ED, 0x0005, 0x26EE,
    0x0005, 0x270E, 0x0003, 0x272E, 0x0003, 0x274E, 0x0003, 0x276F,
    0x0002, 0x278F, 0x0003, 0x27AF, 0x0004, 0x2FCF, 0x0001, 0x27CF,
    0x0002, 0x27AF, 0x0002, 0x278F, 0x0001, 0x276F, 0x0001, 0x2FAF,
    0x0001, 0x12E6, 0x0001, 0x29A5, 0x0001, 0x4ACA, 0x0002, 0x4A89,
    0x0001, 0x4AAA, 0x0001, 0x21A5, 0x0002, 0x0902, 0x0003, 0x08E2,
    0x0004, 0x08C2, 0x0003, 0x08A2, 0x0001, 0x08A1, 0x0007, 0x0881,
    0x0027, 0x0861, 0x0019, 0x0841, 0x0026, 0x0861, 0x0007, 0x0881,
    0x0001, 0x08A1, 0x0003, 0x08A2, 0x0004, 0x08C2, 0x0002, 0x08E2,
    0x0002, 0x0902, 0x0001, 0x00E2, 0x0001, 0x63AD, 0x0001, 0x9D33,
    0x0001, 0x8CD2, 0x0001, 0x9512, 0x0001, 0x8CB1, 0x0001, 0x19A4,
    0x0001, 0x1E0C, 0x0001, 0x2FCF, 0x0001, 0x276F, 0x0001, 0x278F,
    0x0002, 0x27AF, 0x0001, 0x27CF, 0x0004, 0x2FCF, 0x0003, 0x27AF,
    0x0002, 0x278F, 0x0003, 0x276F, 0x0003, 0x274E, 0x0003, 0x272E,
    0x0003, 0x270E, 0x0004, 0x26EE, 0x0001, 0x26ED, 0x0014, 0x26CD,
    0x0001, 0x26ED, 0x0004, 0x26EE, 0x0003, 0x270E, 0x0003, 0x272E,
    0x0003, 0x274E, 0x0003, 0x276F, 0x0002, 0x278F, 0x0003, 0x27AF,
    0x0004, 0x2FCF, 0x0001, 0x27CF, 0x0002, 0x27AF, 0x0001, 0x278F,
    0x0001, 0x276F, 0x0001, 0x278F, 0x0001, 0x26EE, 0x0001, 0x11C4,
    0x0001, 0x3A28, 0x0001, 0x4ACA, 0x0001, 0x4A89, 0x0001, 0x4AAA,
    0x0001, 0x4268, 0x0001, 0x1123, 0x0002, 0x0902, 0x0003, 0x08E2,
    0x0003, 0x08C2, 0x0004, 0x08A2, 0x0001, 0x08A1, 0x0006, 0x0881,
    0x0027, 0x0861, 0x0019, 0x0841, 0x0026, 0x0861, 0x0006, 0x0881,
    0x0001, 0x08A1, 0x0003, 0x08A2, 0x0004, 0x08C2, 0x0002, 0x08E2,
    0x0002, 0x0902, 0x0001, 0x00E2, 0x0001, 0x3227, 0x0001, 0x9D33,
    0x0002, 0x94F2, 0x0001, 0x9D53, 0x0001, 0x3A27, 0x0001, 0x1408,
    0x0001, 0x2FF0, 0x0001, 0x276F, 0x0001, 0x278F, 0x0002, 0x27AF,
    0x0001, 0x27CF, 0x0004, 0x2FCF, 0x0003, 0x27AF, 0x0002, 0x278F,
    0x0003, 0x276F, 0x0002, 0x274E, 0x0003, 0x272E, 0x0004, 0x270E,
    0x0003, 0x26EE, 0x0006, 0x26CD, 0x000E, 0x26AD, 0x0006, 0x26CD,
    0x0003, 0x26EE, 0x0004, 0x270E, 0x0003, 0x272E, 0x0002, 0x274E,
    0x0003, 0x276F, 0x0002, 0x278F, 0x0003, 0x27AF, 0x0004, 0x2FCF,
    0x0001, 0x27CF, 0x0002, 0x27AF, 0x0001, 0x278F, 0x0001, 0x276F,
    0x0001, 0x2FF0, 0x0001, 0x1D6B, 0x0001, 0x1143, 0x0002, 0x4AA9,
    0x0001, 0x4A89, 0x0001, 0x4ACA, 0x0001, 0x29E6, 0x0002, 0x0902,
    0x0003, 0x08E2, 0x0004, 0x08C2, 0x0004, 0x08A2, 0x0006, 0x0881,
    0x0027, 0x0861, 0x0018, 0x0841, 0x0026, 0x0861, 0x0007, 0x0881,
    0x0001, 0x08A1, 0x0003, 0x08A2, 0x0004, 0x08C2, 0x0002, 0x08E2,
    0x0002, 0x0902, 0x0001, 0x0922, 0x0001, 0x7C70, 0x0001, 0x9513,
    0x0001, 0x8CD2, 0x0001, 0x9D33, 0x0001, 0x6BCE, 0x0001, 0x0A04,
    0x0001, 0x274E, 0x0003, 0x278F, 0x0002, 0x27AF, 0x0004, 0x2FCF,
    0x0003, 0x27AF, 0x0002, 0x278F, 0x0003, 0x276F, 0x0002, 0x274E,
    0x0003, 0x272E, 0x0003, 0x270E, 0x0003, 0x26EE, 0x0005, 0x26CD,
    0x0007, 0x26AD, 0x0006, 0x268D, 0x0007, 0x26AD, 0x0005, 0x26CD,
    0x0003, 0x26EE, 0x0003, 0x270E, 0x0003, 0x272E, 0x0002, 0x274E,
    0x0003, 0x276F, 0x0002, 0x278F, 0x0003, 0x27AF, 0x0004, 0x2FCF,
    0x0002, 0x27AF, 0x0002, 0x278F, 0x0001, 0x276F, 0x0001, 0x2FCF,
    0x0001, 0x1347, 0x0001, 0x29A5, 0x0001, 0x4ACA, 0x0001, 0x4A89,
    0x0002, 0x4AA9, 0x0001, 0x1164, 0x0002, 0x0902, 0x0003, 0x08E2,
    0x0003, 0x08C2, 0x0004, 0x08A2, 0x0001, 0x08A1, 0x0006, 0x0881,
    0x0027, 0x0861, 0x0017, 0x0841, 0x0026, 0x0861, 0x0006, 0x0881,
    0x0001, 0x08A1, 0x0004, 0x08A2, 0x0003, 0x08C2, 0x0003, 0x08E2,
    0x0001, 0x1103, 0x0001, 0x00C1, 0x0001, 0x4288, 0x0001, 0x9D33,
    0x0002, 0x94F2, 0x0001, 0x9512, 0x0001, 0x21A5, 0x0001, 0x1DAB,
    0x0001, 0x2FF0, 0x0001, 0x276F, 0x0001, 0x278F, 0x0002, 0x27AF,
    0x0001, 0x27CF, 0x0003, 0x2FCF, 0x0001, 0x27CF, 0x0002, 0x27AF,
    0x0002, 0x278F, 0x0003, 0x276F, 0x0002, 0x274E, 0x0003, 0x272E,
    0x0003, 0x270E, 0x0002, 0x26EE, 0x0004, 0x26CD, 0x0005, 0x26AD,
    0x0006, 0x268D, 0x0004, 0x26AD, 0x0003, 0x268D, 0x0001, 0x266D,
    0x0002, 0x268D, 0x0005, 0x26AD, 0x0004, 0x26CD, 0x0002, 0x26EE,
    0x0003, 0x270E, 0x0003, 0x272E, 0x0002, 0x274E, 0x0003, 0x276F,
    0x0002, 0x278F, 0x0002, 0x27AF, 0x0001, 0x27CF, 0x0003, 0x2FCF,
    0x0001, 0x27CF, 0x0002, 0x27AF, 0x0001, 0x278F, 0x0001, 0x276F,
    0x0001, 0x27AF, 0x0001, 0x26AD, 0x0001, 0x11A4, 0x0001, 0x4268,
    0x0001, 0x4AAA, 0x0001, 0x4A89, 0x0001, 0x4AAA, 0x0001, 0x3207,
    0x0002, 0x0902, 0x0003, 0x08E2, 0x0004, 0x08C2, 0x0003, 0x08A2,
    0x0001, 0x08A1, 0x0006, 0x0881, 0x0027, 0x0861, 0x0017, 0x0841,
    0x0026, 0x0861, 0x0006, 0x0881, 0x0001, 0x08A1, 0x0003, 0x08A2,
    0x0004, 0x08C2, 0x0002, 0x08E2, 0x0002, 0x0902, 0x0001, 0x0922,
    0x0001, 0x7C50, 0x0001, 0x9513, 0x0001, 0x8CD2, 0x0001, 0x9D53,
    0x0001, 0x5B2B, 0x0001, 0x0AE5, 0x0001, 0x2FCF, 0x0001, 0x276F,
    0x0001, 0x278F, 0x0002, 0x27AF, 0x0001, 0x27CF, 0x0003, 0x2FCF,
    0x0001, 0x27CF, 0x0002, 0x27AF, 0x0002, 0x278F, 0x0002, 0x276F,
    0x0001, 0x274F, 0x0002, 0x274E, 0x0003, 0x272E, 0x0002, 0x270E,
    0x0003, 0x26EE, 0x0003, 0x26CD, 0x0004, 0x26AD, 0x0002, 0x268D,
    0x0001, 0x266D, 0x0001, 0x268D, 0x0001, 0x26AD, 0x0002, 0x26ED,
    0x0001, 0x26CD, 0x0001, 0x268D, 0x0001, 0x1E0C, 0x0002, 0x262C,
    0x0001, 0x1E0C, 0x0001, 0x266D, 0x0002, 0x26CD, 0x0001, 0x26ED,
    0x0001, 0x26CD, 0x0001, 0x268D, 0x0001, 0x266D, 0x0002, 0x268D,
    0x0004, 0x26AD, 0x0003, 0x26CD, 0x0003, 0x26EE, 0x0002, 0x270E,
    0x0003, 0x272E, 0x0002, 0x274E, 0x0001, 0x274F, 0x0002, 0x276F,
    0x0002, 0x278F, 0x0002, 0x27AF, 0x0001, 0x27CF, 0x0003, 0x2FCF,
    0x0001, 0x27CF, 0x0002, 0x27AF, 0x0001, 0x278F, 0x0001, 0x276F,
    0x0001, 0x2FF0, 0x0001, 0x1C69, 0x0001, 0x2164, 0x0001, 0x4ACA,
    0x0001, 0x4A89, 0x0002, 0x4AA9, 0x0001, 0x1964, 0x0002, 0x0902,
    0x0002, 0x08E2, 0x0004, 0x08C2, 0x0004, 0x08A2, 0x0006, 0x0881,
    0x0027, 0x0861, 0x0017, 0x0841, 0x0025, 0x0861, 0x0006, 0x0881,
    0x0001, 0x08A1, 0x0004, 0x08A2, 0x0003, 0x08C2, 0x0003, 0x08E2,
    0x0001, 0x1103, 0x0001, 0x00C1, 0x0001, 0x4288, 0x0001, 0x9D33,
    0x0001, 0x8CD2, 0x0001, 0x9512, 0x0001, 0x8CB1, 0x0001, 0x19A4,
    0x0001, 0x266D, 0x0001, 0x2FAF, 0x0001, 0x276F, 0x0001, 0x278F,
    0x0002, 0x27AF, 0x0004, 0x2FCF, 0x0002, 0x27AF, 0x0003, 0x278F,
    0x0002, 0x276F, 0x0002, 0x274E, 0x0003, 0x272E, 0x0002, 0x270E,
    0x0003, 0x26EE, 0x0003, 0x26CD, 0x0003, 0x26AD, 0x0003, 0x268D,
    0x0001, 0x26AD, 0x0001, 0x26ED, 0x0001, 0x26AD, 0x0001, 0x1DAB,
    0x0001, 0x1C69, 0x0001, 0x1347, 0x0001, 0x1265, 0x0001, 0x0A25,
    0x0003, 0x0963, 0x0001, 0x0943, 0x0001, 0x09E4, 0x0001, 0x1265,
    0x0001, 0x1306, 0x0001, 0x1428, 0x0001, 0x1D4B, 0x0001, 0x266D,
    0x0001, 0x26ED, 0x0001, 0x26CD, 0x0003, 0x268D, 0x0003, 0x26AD,
    0x0003, 0x26CD, 0x0003, 0x26EE, 0x0002, 0x270E, 0x0003, 0x272E,
    0x0002, 0x274E, 0x0002, 0x276F, 0x0003, 0x278F, 0x0002, 0x27AF,
    0x0004, 0x2FCF, 0x0002, 0x27AF, 0x0003, 0x278F, 0x0001, 0x270E,
    0x0001, 0x09E4, 0x0001, 0x3A28, 0x0001, 0x4AAA, 0x0001, 0x4A89,
    0x0001, 0x4ACA, 0x0001, 0x3207, 0x0003, 0x0902, 0x0002, 0x08E2,
    0x0003, 0x08C2, 0x0005, 0x08A2, 0x0006, 0x0881, 0x0026, 0x0861,
    0x0016, 0x0841, 0x0026, 0x0861, 0x0006, 0x0881, 0x0005, 0x08A2,
    0x0003, 0x08C2, 0x0002, 0x08E2, 0x0002, 0x0902, 0x0001, 0x1123,
    0x0001, 0x7C70, 0x0001, 0x9513, 0x0001, 0x8CD2, 0x0001, 0x9D53,
    0x0001, 0x52CA, 0x0001, 0x0B66, 0x0001, 0x2FF0, 0x0001, 0x276F,
    0x0001, 0x278F, 0x0002, 0x27AF, 0x0001, 0x27CF, 0x0003, 0x2FCF,
    0x0003, 0x27AF, 0x0002, 0x278F, 0x0002, 0x276F, 0x0002, 0x274E,
    0x0003, 0x272E, 0x0002, 0x270E, 0x0003, 0x26EE, 0x0002, 0x26CD,
    0x0003, 0x26AD, 0x0002, 0x268D, 0x0001, 0x266D, 0x0002, 0x26CD,
    0x0001, 0x1DEC, 0x0001, 0x1408, 0x0001, 0x0A45, 0x0001, 0x0903,
    0x0002, 0x08A2, 0x0002, 0x08C2, 0x0003, 0x08E2, 0x0001, 0x0902,
    0x0001, 0x08E2, 0x0001, 0x08C2, 0x0002, 0x08A2, 0x0001, 0x08E2,
    0x0001, 0x09E4, 0x0001, 0x1387, 0x0001, 0x1D8B, 0x0002, 0x26CD,
    0x0003, 0x268D, 0x0003, 0x26AD, 0x0002, 0x26CD, 0x0003, 0x26EE,
    0x0002, 0x270E, 0x0003, 0x272E, 0x0002, 0x274E, 0x0002, 0x276F,
    0x0002, 0x278F, 0x0003, 0x27AF, 0x0003, 0x2FCF, 0x0001, 0x27CF,
    0x0002, 0x27AF, 0x0001, 0x278F, 0x0001, 0x276F, 0x0001, 0x2FF0,
    0x0001, 0x1D2A, 0x0001, 0x1964, 0x0001, 0x4ACA, 0x0003, 0x4AA9,
    0x0001, 0x1964, 0x0002, 0x0902, 0x0002, 0x08E2, 0x0004, 0x08C2,
    0x0004, 0x08A2, 0x0006, 0x0881, 0x0027, 0x0861, 0x0015, 0x0841,
    0x0026, 0x0861, 0x0006, 0x0881, 0x0004, 0x08A2, 0x0003, 0x08C2,
    0x0003, 0x08E2, 0x0001, 0x0902, 0x0001, 0x00C1, 0x0001, 0x3247,
    0x0001, 0x9D33, 0x0001, 0x8CF2, 0x0001, 0x9512, 0x0001, 0x8CB1,
    0x0001, 0x19C4, 0x0001, 0x266D, 0x0001, 0x27AF, 0x0001, 0x276F,
    0x0001, 0x278F, 0x0002, 0x27AF, 0x0003, 0x2FCF, 0x0001, 0x27CF,
    0x0002, 0x27AF, 0x0002, 0x278F, 0x0002, 0x276F, 0x0002, 0x274E,
    0x0003, 0x272E, 0x0002, 0x270E, 0x0003, 0x26EE, 0x0002, 0x26CD,
    0x0003, 0x26AD, 0x0001, 0x268D, 0x0001, 0x266D, 0x0001, 0x26AD,
    0x0001, 0x26CD, 0x0001, 0x1DAB, 0x0001, 0x1306, 0x0001, 0x0923,
    0x0001, 0x08A2, 0x0001, 0x08C2, 0x0001, 0x0903, 0x0004, 0x0923,
    0x0005, 0x0903, 0x0003, 0x0923, 0x0001, 0x0903, 0x0001, 0x08E2,
    0x0001, 0x08A2, 0x0001, 0x0902, 0x0001, 0x1265, 0x0001, 0x1D0A,
    0x0002, 0x26CD, 0x0001, 0x266D, 0x0001, 0x268D, 0x0003, 0x26AD,
    0x0002, 0x26CD, 0x0003, 0x26EE, 0x0002, 0x270E, 0x0003, 0x272E,
    0x0002, 0x274E, 0x0002, 0x276F, 0x0002, 0x278F, 0x0002, 0x27AF,
    0x0001, 0x27CF, 0x0003, 0x2FCF, 0x0002, 0x27AF, 0x0002, 0x278F,
    0x0002, 0x276F, 0x0001, 0x1224, 0x0001, 0x3A27, 0x0001, 0x4AAA,
    0x0001, 0x4A89, 0x0001, 0x4ACA, 0x0001, 0x29E6, 0x0003, 0x0902,
    0x0002, 0x08E2, 0x0003, 0x08C2, 0x0004, 0x08A2, 0x0006, 0x0881,
    0x0027, 0x0861, 0x0015, 0x0841, 0x0026, 0x0861, 0x0005, 0x0881,
    0x0001, 0x08A1, 0x0004, 0x08A2, 0x0003, 0x08C2, 0x0002, 0x08E2,
    0x0002, 0x0902, 0x0001, 0x08E2, 0x0001, 0x6BEE, 0x0001, 0x9D33,
    0x0001, 0x8CD2, 0x0001, 0x9D53, 0x0001, 0x5B2B, 0x0001, 0x0B46,
    0x0001, 0x2FF0, 0x0001, 0x276F, 0x0001, 0x278F, 0x0002, 0x27AF,
    0x0001, 0x27CF, 0x0003, 0x2FCF, 0x0002, 0x27AF, 0x0002, 0x278F,
    0x0002, 0x276F, 0x0001, 0x274F, 0x0002, 0x274E, 0x0002, 0x272E,
    0x0002, 0x270E, 0x0003, 0x26EE, 0x0002, 0x26CD, 0x0003, 0x26AD,
    0x0001, 0x268D, 0x0001, 0x266D, 0x0001, 0x26CD, 0x0001, 0x262C,
    0x0001, 0x1347, 0x0001, 0x0902, 0x0001, 0x08A2, 0x0001, 0x0902,
    0x0002, 0x0923, 0x000F, 0x0903, 0x0001, 0x0923, 0x0001, 0x0903,
    0x0002, 0x08C2, 0x0001, 0x1285, 0x0001, 0x1DAB, 0x0001, 0x26CD,
    0x0002, 0x268D, 0x0003, 0x26AD, 0x0002, 0x26CD, 0x0003, 0x26EE,
    0x0002, 0x270E, 0x0002, 0x272E, 0x0002, 0x274E, 0x0001, 0x274F,
    0x0002, 0x276F, 0x0002, 0x278F, 0x0002, 0x27AF, 0x0003, 0x2FCF,
    0x0001, 0x27CF, 0x0002, 0x27AF, 0x0001, 0x278F, 0x0001, 0x276F,
    0x0001, 0x2FF0, 0x0001, 0x1469, 0x0001, 0x2165, 0x0001, 0x4ACA,
    0x0001, 0x4A89, 0x0001, 0x4AA9, 0x0001, 0x4289, 0x0001, 0x1143,
    0x0002, 0x0902, 0x0002, 0x08E2, 0x0003, 0x08C2, 0x0005, 0x08A2,
    0x0006, 0x0881, 0x0026, 0x0861, 0x0014, 0x0841, 0x0026, 0x0861,
    0x0006, 0x0881, 0x0005, 0x08A2, 0x0003, 0x08C2, 0x0002, 0x08E2,
    0x0001, 0x0902, 0x0001, 0x08E2, 0x0001, 0x21C5, 0x0003, 0x94F2,
    0x0001, 0x9512, 0x0001, 0x21C5, 0x0001, 0x1DCB, 0x0001, 0x2FCF,
    0x0001, 0x276F, 0x0001, 0x278F, 0x0002, 0x27AF, 0x0003, 0x2FCF,
    0x0001, 0x27CF, 0x0002, 0x27AF, 0x0002, 0x278F, 0x0002, 0x276F,
    0x0002, 0x274E, 0x0002, 0x272E, 0x0002, 0x270E, 0x0003, 0x26EE,
    0x0002, 0x26CD, 0x0003, 0x26AD, 0x0002, 0x268D, 0x0001, 0x26EE,
    0x0001, 0x1D0A, 0x0001, 0x0963, 0x0001, 0x08A2, 0x0001, 0x0903,
    0x0001, 0x0923, 0x0014, 0x0903, 0x0002, 0x0923, 0x0001, 0x08C2,
    0x0001, 0x0902, 0x0001, 0x1408, 0x0001, 0x26CD, 0x0001, 0x26AD,
    0x0001, 0x268D, 0x0003, 0x26AD, 0x0002, 0x26CD, 0x0003, 0x26EE,
    0x0002, 0x270E, 0x0002, 0x272E, 0x0002, 0x274E, 0x0002, 0x276F,
    0x0002, 0x278F, 0x0002, 0x27AF, 0x0001, 0x27CF, 0x0003, 0x2FCF,
    0x0002, 0x27AF, 0x0003, 0x278F, 0x0001, 0x270E, 0x0001, 0x11E4,
    0x0001, 0x4248, 0x0001, 0x4AAA, 0x0001, 0x4A89, 0x0001, 0x4ACA,
    0x0001, 0x21C5, 0x0003, 0x0902, 0x0001, 0x08E2, 0x0004, 0x08C2,
    0x0004, 0x08A2, 0x0006, 0x0881, 0x0027, 0x0861, 0x0013, 0x0841,
    0x0026, 0x0861, 0x0006, 0x0881, 0x0004, 0x08A2, 0x0004, 0x08C2,
    0x0002, 0x08E2, 0x0001, 0x1103, 0x0001, 0x00C1, 0x0001, 0x532B,
    0x0001, 0x9D33, 0x0001, 0x8CD2, 0x0001, 0x9D33, 0x0001, 0x6BAE,
    0x0001, 0x1285, 0x0001, 0x2FAF, 0x0001, 0x276F, 0x0001, 0x278F,
    0x0002, 0x27AF, 0x0001, 0x27CF, 0x0003, 0x2FCF, 0x0002, 0x27AF,
    0x0002, 0x278F, 0x0002, 0x276F, 0x0002, 0x274E, 0x0002, 0x272E,
    0x0003, 0x270E, 0x0002, 0x26EE, 0x0002, 0x26CD, 0x0003, 0x26AD,
    0x0002, 0x268D, 0x0001, 0x26AD, 0x0001, 0x13C8, 0x0001, 0x08C2,
    0x0001, 0x08E2, 0x0001, 0x0923, 0x0003, 0x0903, 0x0008, 0x0902,
    0x000D, 0x0903, 0x0001, 0x0923, 0x0001, 0x0903, 0x0001, 0x08A2,
    0x0001, 0x12C6, 0x0001, 0x264C, 0x0001, 0x26AD, 0x0001, 0x266D,
    0x0003, 0x26AD, 0x0002, 0x26CD, 0x0002, 0x26EE, 0x0003, 0x270E,
    0x0002, 0x272E, 0x0002, 0x274E, 0x0002, 0x276F, 0x0002, 0x278F,
    0x0002, 0x27AF, 0x0003, 0x2FCF, 0x0001, 0x27CF, 0x0002, 0x27AF,
    0x0001, 0x278F, 0x0001, 0x276F, 0x0001, 0x2FF0, 0x0001, 0x13C7,
    0x0001, 0x29A5, 0x0001, 0x4ACA, 0x0001, 0x4A89, 0x0001, 0x4AAA,
    0x0001, 0x3A48, 0x0003, 0x0902, 0x0002, 0x08E2, 0x0003, 0x08C2,
    0x0004, 0x08A2, 0x0001, 0x0882, 0x0005, 0x0881, 0x0027, 0x0861,
    0x0013, 0x0841, 0x0026, 0x0861, 0x0006, 0x0881, 0x0004, 0x08A2,
    0x0003, 0x08C2, 0x0002, 0x08E2, 0x0002, 0x0902, 0x0001, 0x0922,
    0x0001, 0x7C50, 0x0001, 0x9513, 0x0001, 0x8CF2, 0x0001, 0x9D53,
    0x0001, 0x3A68, 0x0001, 0x14C9, 0x0001, 0x2FF0, 0x0001, 0x276F,
    0x0001, 0x278F, 0x0002, 0x27AF, 0x0003, 0x2FCF, 0x0001, 0x27CF,
    0x0002, 0x27AF, 0x0002, 0x278F, 0x0002, 0x276F, 0x0002, 0x274E,
    0x0002, 0x272E, 0x0002, 0x270E, 0x0002, 0x26EE, 0x0002, 0x26CD,
    0x0003, 0x26AD, 0x0002, 0x268D, 0x0001, 0x26CD, 0x0001, 0x1326,
    0x0001, 0x0882, 0x0002, 0x0923, 0x0002, 0x0903, 0x0001, 0x0902,
    0x0001, 0x0903, 0x0001, 0x0923, 0x0001, 0x0943, 0x0001, 0x0964,
    0x0002, 0x1184, 0x0001, 0x0964, 0x0001, 0x0943, 0x0001, 0x0923,
    0x0001, 0x0903, 0x0001, 0x0902, 0x000D, 0x0903, 0x0001, 0x0923,
    0x0001, 0x08A2, 0x0001, 0x0A04, 0x0001, 0x264C, 0x0001, 0x26AD,
    0x0001, 0x266D, 0x0003, 0x26AD, 0x0002, 0x26CD, 0x0002, 0x26EE,
    0x0002, 0x270E, 0x0002, 0x272E, 0x0002, 0x274E, 0x0002, 0x276F,
    0x0002, 0x278F, 0x0002, 0x27AF, 0x0001, 0x27CF, 0x0003, 0x2FCF,
    0x0002, 0x27AF, 0x0001, 0x278F, 0x0001, 0x276F, 0x0001, 0x27CF,
    0x0001, 0x1E0C, 0x0001, 0x1964, 0x0004, 0x4AA9, 0x0001, 0x1964,
    0x0002, 0x0902, 0x0002, 0x08E2, 0x0003, 0x08C2, 0x0005, 0x08A2,
    0x0005, 0x0881, 0x0027, 0x0861, 0x0012, 0x0841, 0x0027, 0x0861,
    0x0005, 0x0881, 0x0005, 0x08A2, 0x0003, 0x08C2, 0x0002, 0x08E2,
    0x0001, 0x0902, 0x0001, 0x08E2, 0x0001, 0x29E6, 0x0001, 0x9513,
    0x0001, 0x94F2, 0x0001, 0x9512, 0x0001, 0x8C91, 0x0001, 0x19E5,
    0x0001, 0x26CD, 0x0001, 0x27AF, 0x0001, 0x278F, 0x0002, 0x27AF,
    0x0001, 0x27CF, 0x0003, 0x2FCF, 0x0002, 0x27AF, 0x0002, 0x278F,
    0x0002, 0x276F, 0x0002, 0x274E, 0x0002, 0x272E, 0x0002, 0x270E,
    0x0002, 0x26EE, 0x0002, 0x26CD, 0x0003, 0x26AD, 0x0002, 0x268D,
    0x0001, 0x26CD, 0x0001, 0x1326, 0x0001, 0x08A2, 0x0001, 0x0923,
    0x0003, 0x0903, 0x0001, 0x0902, 0x0001, 0x0923, 0x0001, 0x1184,
    0x0008, 0x11A4, 0x0001, 0x1184, 0x0001, 0x0943, 0x0001, 0x0902,
    0x000D, 0x0903, 0x0001, 0x0923, 0x0001, 0x08A2, 0x0001, 0x0A04,
    0x0001, 0x264C, 0x0001, 0x26AD, 0x0001, 0x268D, 0x0003, 0x26AD,
    0x0002, 0x26CD, 0x0002, 0x26EE, 0x0002, 0x270E, 0x0002, 0x272E,
    0x0002, 0x274E, 0x0002, 0x276F, 0x0002, 0x278F, 0x0002, 0x27AF,
    0x0003, 0x2FCF, 0x0001, 0x27CF, 0x0002, 0x27AF, 0x0001, 0x278F,
    0x0001, 0x276F, 0x0001, 0x278F, 0x0001, 0x12A5, 0x0001, 0x3A07,
    0x0001, 0x4ACA, 0x0001, 0x4A89, 0x0001, 0x4ACA, 0x0001, 0x29C6,
    0x0001, 0x08E2, 0x0002, 0x0902, 0x0001, 0x08E2, 0x0004, 0x08C2,
    0x0004, 0x08A2, 0x0006, 0x0881, 0x0027, 0x0861, 0x0011, 0x0841,
    0x0027, 0x0861, 0x0005, 0x0881, 0x0004, 0x08A2, 0x0004, 0x08C2,
    0x0001, 0x08E2, 0x0001, 0x0902, 0x0001, 0x1103, 0x0001, 0x00C1,
    0x0001, 0x532B, 0x0001, 0x9D33, 0x0001, 0x8CD2, 0x0001, 0x9D53,
    0x0001, 0x634C, 0x0001, 0x0AE5, 0x0001, 0x2FD0, 0x0001, 0x276F,
    0x0001, 0x278F, 0x0002, 0x27AF, 0x0001, 0x27CF, 0x0002, 0x2FCF,
    0x0001, 0x27CF, 0x0002, 0x27AF, 0x0002, 0x278F, 0x0001, 0x276F,
    0x0001, 0x276E, 0x0001, 0x274E, 0x0003, 0x272E, 0x0002, 0x270E,
    0x0002, 0x26EE, 0x0002, 0x26CD, 0x0002, 0x26AD, 0x0002, 0x268D,
    0x0001, 0x26AD, 0x0001, 0x1326, 0x0001, 0x08A2, 0x0001, 0x0923,
    0x0004, 0x0903, 0x0001, 0x0964, 0x000C, 0x11A4, 0x0001, 0x1164,
    0x000E, 0x0903, 0x0001, 0x0923, 0x0001, 0x08A2, 0x0001, 0x0A04,
    0x0001, 0x264C, 0x0001, 0x26AD, 0x0001, 0x268D, 0x0002, 0x26AD,
    0x0002, 0x26CD, 0x0002, 0x26EE, 0x0002, 0x270E, 0x0003, 0x272E,
    0x0001, 0x274E, 0x0001, 0x276E, 0x0001, 0x276F, 0x0002, 0x278F,
    0x0002, 0x27AF, 0x0001, 0x27CF, 0x0002, 0x2FCF, 0x0001, 0x27CF,
    0x0002, 0x27AF, 0x0001, 0x278F, 0x0001, 0x276F, 0x0001, 0x2FF0,
    0x0001, 0x1C89, 0x0001, 0x2165, 0x0001, 0x4ACA, 0x0001, 0x4A89,
    0x0001, 0x4AAA, 0x0001, 0x3A48, 0x0003, 0x0902, 0x0002, 0x08E2,
    0x0003, 0x08C2, 0x0004, 0x08A2, 0x0001, 0x0882, 0x0005, 0x0881,
    0x0027, 0x0861, 0x0011, 0x0841, 0x0026, 0x0861, 0x0006, 0x0881,
    0x0004, 0x08A2, 0x0004, 0x08C2, 0x0001, 0x08E2, 0x0003, 0x0902,
    0x0001, 0x7C2F, 0x0001, 0x9D13, 0x0001, 0x8CF2, 0x0001, 0x9D53,
    0x0001, 0x3A68, 0x0001, 0x14E9, 0x0001, 0x2FF0, 0x0001, 0x276F,
    0x0001, 0x278F, 0x0001, 0x27AF, 0x0001, 0x27CF, 0x0003, 0x2FCF,
    0x0002, 0x27AF, 0x0002, 0x278F, 0x0002, 0x276F, 0x0002, 0x274E,
    0x0002, 0x272E, 0x0002, 0x270E, 0x0002, 0x26EE, 0x0002, 0x26CD,
    0x0002, 0x26AD, 0x0001, 0x268D, 0x0001, 0x266D, 0x0001, 0x26ED,
    0x0001, 0x13C8, 0x0001, 0x0882, 0x0001, 0x0923, 0x0003, 0x0903,
    0x0001, 0x0902, 0x0001, 0x0964, 0x0001, 0x11A5, 0x000D, 0x11A4,
    0x0001, 0x1184, 0x000E, 0x0903, 0x0001, 0x0923, 0x0001, 0x08A2,
    0x0001, 0x1265, 0x0001, 0x26AD, 0x0002, 0x268D, 0x0002, 0x26AD,
    0x0002, 0x26CD, 0x0002, 0x26EE, 0x0002, 0x270E, 0x0002, 0x272E,
    0x0002, 0x274E, 0x0002, 0x276F, 0x0002, 0x278F, 0x0002, 0x27AF,
    0x0003, 0x2FCF, 0x0001, 0x27CF, 0x0001, 0x27AF, 0x0002, 0x278F,
    0x0001, 0x27AF, 0x0001, 0x266D, 0x0001, 0x19A4, 0x0001, 0x4A89,
    0x0002, 0x4AA9, 0x0001, 0x4A89, 0x0001, 0x1143, 0x0002, 0x0902,
    0x0002, 0x08E2, 0x0003, 0x08C2, 0x0004, 0x08A2, 0x0001, 0x0882,
    0x0005, 0x0881, 0x0027, 0x0861, 0x0011, 0x0841, 0x0026, 0x0861,
    0x0005, 0x0881, 0x0001, 0x0882, 0x0004, 0x08A2, 0x0003, 0x08C2,
    0x0002, 0x08E2, 0x0001, 0x0902, 0x0001, 0x08E2, 0x0001, 0x1984,
    0x0001, 0x8CD2, 0x0001, 0x94F2, 0x0001, 0x9512, 0x0001, 0x8CB1,
    0x0001, 0x19E5, 0x0001, 0x26AD, 0x0001, 0x27AF, 0x0001, 0x278F,
    0x0002, 0x27AF, 0x0001, 0x27CF, 0x0002, 0x2FCF, 0x0001, 0x27CF,
    0x0002, 0x27AF, 0x0002, 0x278F, 0x0002, 0x276F, 0x0001, 0x274E,
    0x0002, 0x272E, 0x0002, 0x270E, 0x0002, 0x26EE, 0x0002, 0x26CD,
    0x0003, 0x26AD, 0x0001, 0x268D, 0x0001, 0x26CD, 0x0001, 0x1D0A,
    0x0001, 0x08C2, 0x0001, 0x0923, 0x0003, 0x0903, 0x0001, 0x0902,
    0x0001, 0x0923, 0x0010, 0x11A4, 0x0001, 0x0943, 0x0001, 0x0902,
    0x000D, 0x0903, 0x0001, 0x0923, 0x0001, 0x08A2, 0x0001, 0x13C8,
    0x0001, 0x26ED, 0x0001, 0x266D, 0x0003, 0x26AD, 0x0002, 0x26CD,
    0x0002, 0x26EE, 0x0002, 0x270E, 0x0002, 0x272E, 0x0001, 0x274E,
    0x0002, 0x276F, 0x0002, 0x278F, 0x0002, 0x27AF, 0x0001, 0x27CF,
    0x0002, 0x2FCF, 0x0001, 0x27CF, 0x0002, 0x27AF, 0x0002, 0x278F,
    0x0001, 0x276F, 0x0001, 0x1245, 0x0001, 0x3A27, 0x0001, 0x4AAA,
    0x0001, 0x4A89, 0x0001, 0x4AAA, 0x0001, 0x2185, 0x0001, 0x08E2,
    0x0001, 0x0902, 0x0002, 0x08E2, 0x0003, 0x08C2, 0x0005, 0x08A2,
    0x0005, 0x0881, 0x0027, 0x0861, 0x0010, 0x0841, 0x0027, 0x0861,
    0x0005, 0x0881, 0x0005, 0x08A2, 0x0003, 0x08C2, 0x0002, 0x08E2,
    0x0001, 0x1102, 0x0001, 0x00C1, 0x0001, 0x4288, 0x0001, 0x9D33,
    0x0001, 0x8CD2, 0x0001, 0x9D33, 0x0001, 0x6BCE, 0x0001, 0x0AA5,
    0x0001, 0x2FAF, 0x0001, 0x276F, 0x0001, 0x278F, 0x0002, 0x27AF,
    0x0001, 0x27CF, 0x0002, 0x2FCF, 0x0001, 0x27CF, 0x0001, 0x27AF,
    0x0002, 0x278F, 0x0002, 0x276F, 0x0002, 0x274E, 0x0002, 0x272E,
    0x0002, 0x270E, 0x0002, 0x26EE, 0x0002, 0x26CD, 0x0002, 0x26AD,
    0x0001, 0x268D, 0x0001, 0x26AD, 0x0001, 0x262C, 0x0001, 0x0963,
    0x0001, 0x08E2, 0x0001, 0x0923, 0x0003, 0x0903, 0x0001, 0x0902,
    0x0001, 0x0964, 0x0010, 0x11A4, 0x0001, 0x1184, 0x0010, 0x0903,
    0x0001, 0x08C2, 0x0001, 0x1D2A, 0x0001, 0x26CD, 0x0001, 0x268D,
    0x0002, 0x26AD, 0x0002, 0x26CD, 0x0002, 0x26EE, 0x0002, 0x270E,
    0x0002, 0x272E, 0x0002, 0x274E, 0x0002, 0x276F, 0x0002, 0x278F,
    0x0001, 0x27AF, 0x0001, 0x27CF, 0x0002, 0x2FCF, 0x0001, 0x27CF,
    0x0002, 0x27AF, 0x0001, 0x278F, 0x0001, 0x276F, 0x0001, 0x2FF0,
    0x0001, 0x13E8, 0x0001, 0x2985, 0x0001, 0x4ACA, 0x0001, 0x4A89,
    0x0001, 0x4ACA, 0x0001, 0x3207, 0x0003, 0x0902, 0x0002, 0x08E2,
    0x0003, 0x08C2, 0x0004, 0x08A2, 0x0005, 0x0881, 0x0028, 0x0861,
    0x000F, 0x0841, 0x0027, 0x0861, 0x0005, 0x0881, 0x0005, 0x08A2,
    0x0003, 0x08C2, 0x0001, 0x08E2, 0x0001, 0x0902, 0x0001, 0x1102,
    0x0001, 0x00C1, 0x0001, 0x5B4B, 0x0001, 0x9D33, 0x0001, 0x8CD2,
    0x0001, 0x9D53, 0x0001, 0x4AAA, 0x0001, 0x1408, 0x0001, 0x2FF0,
    0x0001, 0x276F, 0x0001, 0x278F, 0x0002, 0x27AF, 0x0003, 0x2FCF,
    0x0002, 0x27AF, 0x0002, 0x278F, 0x0002, 0x276F, 0x0002, 0x274E,
    0x0002, 0x272E, 0x0002, 0x270E, 0x0001, 0x26EE, 0x0002, 0x26CD,
    0x0002, 0x26AD, 0x0001, 0x268D, 0x0001, 0x266D, 0x0001, 0x26CD,
    0x0001, 0x1347, 0x0001, 0x08A2, 0x0001, 0x0923, 0x0004, 0x0903,
    0x0001, 0x0902, 0x0001, 0x1164, 0x0010, 0x11A4, 0x0001, 0x1184,
    0x000F, 0x0903, 0x0001, 0x0923, 0x0001, 0x08C2, 0x0001, 0x0A05,
    0x0003, 0x268D, 0x0002, 0x26AD, 0x0002, 0x26CD, 0x0001, 0x26EE,
    0x0002, 0x270E, 0x0002, 0x272E, 0x0002, 0x274E, 0x0002, 0x276F,
    0x0002, 0x278F, 0x0002, 0x27AF, 0x0003, 0x2FCF, 0x0002, 0x27AF,
    0x0001, 0x278F, 0x0001, 0x276F, 0x0001, 0x2FCF, 0x0001, 0x1D6B,
    0x0001, 0x1964, 0x0001, 0x4AAA, 0x0001, 0x4A89, 0x0001, 0x4AAA,
    0x0001, 0x3A48, 0x0003, 0x0902, 0x0002, 0x08E2, 0x0003, 0x08C2,
    0x0004, 0x08A2, 0x0005, 0x0881, 0x0028, 0x0861, 0x000F, 0x0841,
    0x0027, 0x0861, 0x0005, 0x0881, 0x0004, 0x08A2, 0x0004, 0x08C2,
    0x0001, 0x08E2, 0x0003, 0x0902, 0x0001, 0x7C2F, 0x0001, 0x9533,
    0x0001, 0x8CF2, 0x0001, 0x9D33, 0x0001, 0x3207, 0x0001, 0x154A,
    0x0001, 0x2FF0, 0x0001, 0x276F, 0x0001, 0x278F, 0x0001, 0x27AF,
    0x0001, 0x27CF, 0x0002, 0x2FCF, 0x0001, 0x27CF, 0x0002, 0x27AF,
    0x0002, 0x278F, 0x0001, 0x276F, 0x0002, 0x274E, 0x0002, 0x272E,
    0x0002, 0x270E, 0x0002, 0x26EE, 0x0002, 0x26CD, 0x0002, 0x26AD,
    0x0001, 0x268D, 0x0001, 0x26AD, 0x0001, 0x1DAB, 0x0001, 0x0902,
    0x0006, 0x0903, 0x0001, 0x0902, 0x0001, 0x1164, 0x0010, 0x11A4,
    0x0001, 0x1184, 0x0010, 0x0903, 0x0001, 0x0923, 0x0001, 0x08A2,
    0x0001, 0x1C69, 0x0001, 0x26ED, 0x0001, 0x266D, 0x0002, 0x26AD,
    0x0002, 0x26CD, 0x0002, 0x26EE, 0x0002, 0x270E, 0x0002, 0x272E,
    0x0002, 0x274E, 0x0001, 0x276F, 0x0002, 0x278F, 0x0002, 0x27AF,
    0x0001, 0x27CF, 0x0002, 0x2FCF, 0x0001, 0x27CF, 0x0001, 0x27AF,
    0x0002, 0x278F, 0x0001, 0x27AF, 0x0001, 0x26CD, 0x0001, 0x11A4,
    0x0001, 0x4289, 0x0002, 0x4AA9, 0x0001, 0x4A89, 0x0001, 0x1143,
    0x0002, 0x0902, 0x0002, 0x08E2, 0x0003, 0x08C2, 0x0004, 0x08A2,
    0x0005, 0x0881, 0x0028, 0x0861, 0x000F, 0x0841, 0x0027, 0x0861,
    0x0005, 0x0881, 0x0004, 0x08A2, 0x0003, 0x08C2, 0x0002, 0x08E2,
    0x0001, 0x0902, 0x0001, 0x08E2, 0x0001, 0x1943, 0x0001, 0x8CB1,
    0x0001, 0x9512, 0x0001, 0x94F2, 0x0001, 0x8CD2, 0x0001, 0x2205,
    0x0001, 0x26AD, 0x0001, 0x2FAF, 0x0001, 0x278F, 0x0002, 0x27AF,
    0x0001, 0x27CF, 0x0002, 0x2FCF, 0x0001, 0x27CF, 0x0001, 0x27AF,
    0x0002, 0x278F, 0x0002, 0x276F, 0x0002, 0x274E, 0x0002, 0x272E,
    0x0002, 0x270E, 0x0001, 0x26EE, 0x0001, 0x26ED, 0x0002, 0x26CD,
    0x0001, 0x26AD, 0x0001, 0x268D, 0x0001, 0x266D, 0x0001, 0x26CD,
    0x0001, 0x1306, 0x0001, 0x08A2, 0x0001, 0x0923, 0x0005, 0x0903,
    0x0001, 0x0902, 0x0001, 0x0943, 0x0010, 0x11A4, 0x0001, 0x0964,
    0x0001, 0x0902, 0x000F, 0x0903, 0x0001, 0x0923, 0x0001, 0x08E2,
    0x0001, 0x09E4, 0x0001, 0x266D, 0x0002, 0x268D, 0x0001, 0x26AD,
    0x0002, 0x26CD, 0x0001, 0x26ED, 0x0001, 0x26EE, 0x0002, 0x270E,
    0x0002, 0x272E, 0x0002, 0x274E, 0x0002, 0x276F, 0x0002, 0x278F,
    0x0001, 0x27AF, 0x0001, 0x27CF, 0x0002, 0x2FCF, 0x0001, 0x27CF,
    0x0002, 0x27AF, 0x0001, 0x278F, 0x0001, 0x276F, 0x0001, 0x278F,
    0x0001, 0x12A5, 0x0001, 0x3A28, 0x0001, 0x4AAA, 0x0001, 0x4A89,
    0x0001, 0x4AAA, 0x0001, 0x1984, 0x0001, 0x08E2, 0x0001, 0x0902,
    0x0002, 0x08E2, 0x0003, 0x08C2, 0x0004, 0x08A2, 0x0001, 0x0882,
    0x0005, 0x0881, 0x0027, 0x0861, 0x000E, 0x0841, 0x0028, 0x0861,
    0x0005, 0x0881, 0x0004, 0x08A2, 0x0003, 0x08C2, 0x0002, 0x08E2,
    0x0001, 0x0902, 0x0001, 0x08E2, 0x0001, 0x29C6, 0x0001, 0x9512,
    0x0001, 0x94F2, 0x0001, 0x9513, 0x0001, 0x7C2F, 0x0001, 0x1265,
    0x0001, 0x276F, 0x0002, 0x278F, 0x0002, 0x27AF, 0x0001, 0x27CF,
    0x0002, 0x2FCF, 0x0002, 0x27AF, 0x0002, 0x278F, 0x0002, 0x276F,
    0x0002, 0x274E, 0x0002, 0x272E, 0x0002, 0x270E, 0x0001, 0x26EE,
    0x0002, 0x26CD, 0x0002, 0x26AD, 0x0001, 0x268D, 0x0001, 0x26AD,
    0x0001, 0x1DEC, 0x0001, 0x0923, 0x0008, 0x0903, 0x0001, 0x0902,
    0x0001, 0x1164, 0x000E, 0x11A4, 0x0001, 0x1184, 0x0012, 0x0903,
    0x0001, 0x0923, 0x0001, 0x08A2, 0x0001, 0x1CCA, 0x0001, 0x26ED,
    0x0001, 0x268D, 0x0002, 0x26AD, 0x0002, 0x26CD, 0x0001, 0x26EE,
    0x0002, 0x270E, 0x0002, 0x272E, 0x0002, 0x274E, 0x0002, 0x276F,
    0x0002, 0x278F, 0x0002, 0x27AF, 0x0002, 0x2FCF, 0x0001, 0x27CF,
    0x0002, 0x27AF, 0x0001, 0x278F, 0x0001, 0x276F, 0x0001, 0x2FCF,
    0x0001, 0x1346, 0x0001, 0x31C6, 0x0001, 0x4ACA, 0x0001, 0x4A89,
    0x0001, 0x4AAA, 0x0001, 0x29C5, 0x0001, 0x08E2, 0x0001, 0x0902,
    0x0002, 0x08E2, 0x0003, 0x08C2, 0x0004, 0x08A2, 0x0001, 0x0882,
    0x0005, 0x0881, 0x0028, 0x0861, 0x000D, 0x0841, 0x0028, 0x0861,
    0x0005, 0x0881, 0x0004, 0x08A2, 0x0003, 0x08C2, 0x0002, 0x08E2,
    0x0001, 0x0902, 0x0001, 0x00C1, 0x0001, 0x3A68, 0x0001, 0x9D33,
    0x0001, 0x8CD2, 0x0001, 0x9D33, 0x0001, 0x6B8D, 0x0001, 0x12E6,
    0x0001, 0x2FCF, 0x0001, 0x276F, 0x0001, 0x278F, 0x0002, 0x27AF,
    0x0003, 0x2FCF, 0x0002, 0x27AF, 0x0002, 0x278F, 0x0002, 0x276F,
    0x0001, 0x274E, 0x0002, 0x272E, 0x0002, 0x270E, 0x0002, 0x26EE,
    0x0002, 0x26CD, 0x0002, 0x26AD, 0x0001, 0x266D, 0x0001, 0x26ED,
    0x0001, 0x1408, 0x0001, 0x08A2, 0x0001, 0x0923, 0x0009, 0x0903,
    0x0001, 0x1184, 0x000C, 0x11A4, 0x0001, 0x1184, 0x0001, 0x0923,
    0x0001, 0x0902, 0x0011, 0x0903, 0x0001, 0x0923, 0x0001, 0x08C2,
    0x0001, 0x12A6, 0x0001, 0x26CD, 0x0001, 0x268D, 0x0002, 0x26AD,
    0x0002, 0x26CD, 0x0002, 0x26EE, 0x0002, 0x270E, 0x0002, 0x272E,
    0x0001, 0x274E, 0x0002, 0x276F, 0x0002, 0x278F, 0x0002, 0x27AF,
    0x0003, 0x2FCF, 0x0002, 0x27AF, 0x0001, 0x278F, 0x0001, 0x276F,
    0x0001, 0x2FF0, 0x0001, 0x1489, 0x0001, 0x2985, 0x0001, 0x4ACA,
    0x0001, 0x4A89, 0x0001, 0x4ACA, 0x0001, 0x3206, 0x0001, 0x08E2,
    0x0001, 0x0902, 0x0003, 0x08E2, 0x0002, 0x08C2, 0x0004, 0x08A2,
    0x0001, 0x0882, 0x0005, 0x0881, 0x0027, 0x0861, 0x000E, 0x0841,
    0x0027, 0x0861, 0x0005, 0x0881, 0x0001, 0x0882, 0x0004, 0x08A2,
    0x0002, 0x08C2, 0x0003, 0x08E2, 0x0001, 0x1102, 0x0001, 0x00C1,
    0x0001, 0x530A, 0x0001, 0x9D33, 0x0001, 0x8CD2, 0x0001, 0x9D53,
    0x0001, 0x52CA, 0x0001, 0x13E7, 0x0001, 0x2FF0, 0x0001, 0x276F,
    0x0001, 0x278F, 0x0001, 0x27AF, 0x0001, 0x27CF, 0x0003, 0x2FCF,
    0x0002, 0x27AF, 0x0002, 0x278F, 0x0001, 0x276F, 0x0002, 0x274E,
    0x0002, 0x272E, 0x0002, 0x270E, 0x0002, 0x26EE, 0x0002, 0x26CD,
    0x0001, 0x26AD, 0x0002, 0x268D, 0x0001, 0x26AD, 0x0001, 0x0A45,
    0x0001, 0x08C2, 0x0001, 0x0923, 0x000A, 0x0903, 0x0001, 0x0943,
    0x000A, 0x11A4, 0x0001, 0x0964, 0x0001, 0x0903, 0x0001, 0x0902,
    0x0013, 0x0903, 0x0001, 0x0902, 0x0001, 0x0943, 0x0001, 0x1DEC,
    0x0001, 0x26AD, 0x0001, 0x268D, 0x0001, 0x26AD, 0x0002, 0x26CD,
    0x0002, 0x26EE, 0x0002, 0x270E, 0x0002, 0x272E, 0x0002, 0x274E,
    0x0001, 0x276F, 0x0002, 0x278F, 0x0002, 0x27AF, 0x0003, 0x2FCF,
    0x0001, 0x27CF, 0x0001, 0x27AF, 0x0001, 0x278F, 0x0001, 0x276F,
    0x0001, 0x2FCF, 0x0001, 0x1DAB, 0x0001, 0x2184, 0x0001, 0x4AAA,
    0x0001, 0x4A89, 0x0001, 0x4AAA, 0x0001, 0x3A48, 0x0002, 0x0902,
    0x0003, 0x08E2, 0x0002, 0x08C2, 0x0005, 0x08A2, 0x0005, 0x0881,
    0x0028, 0x0861, 0x000D, 0x0841, 0x0027, 0x0861, 0x0005, 0x0881,
    0x0005, 0x08A2, 0x0002, 0x08C2, 0x0003, 0x08E2, 0x0001, 0x0902,
    0x0001, 0x00C2, 0x0001, 0x636C, 0x0001, 0x9D33, 0x0001, 0x8CD1,
    0x0001, 0x9D33, 0x0001, 0x4289, 0x0001, 0x1489, 0x0001, 0x2FF0,
    0x0001, 0x276F, 0x0001, 0x278F, 0x0001, 0x27AF, 0x0001, 0x27CF,
    0x0002, 0x2FCF, 0x0001, 0x27CF, 0x0002, 0x27AF, 0x0001, 0x278F,
    0x0002, 0x276F, 0x0002, 0x274E, 0x0002, 0x272E, 0x0002, 0x270E,
    0x0001, 0x26EE, 0x0001, 0x26ED, 0x0001, 0x26CD, 0x0002, 0x26AD,
    0x0001, 0x268D, 0x0001, 0x26CD, 0x0001, 0x1DAB, 0x000D, 0x0903,
    0x0001, 0x0902, 0x0001, 0x0923, 0x0001, 0x0943, 0x0001, 0x0964,
    0x0004, 0x1184, 0x0001, 0x1164, 0x0001, 0x0943, 0x0001, 0x0923,
    0x0001, 0x0902, 0x0015, 0x0903, 0x0001, 0x0923, 0x0001, 0x08A2,
    0x0001, 0x1C69, 0x0001, 0x26ED, 0x0001, 0x268D, 0x0002, 0x26AD,
    0x0001, 0x26CD, 0x0001, 0x26ED, 0x0001, 0x26EE, 0x0002, 0x270E,
    0x0002, 0x272E, 0x0002, 0x274E, 0x0002, 0x276F, 0x0001, 0x278F,
    0x0002, 0x27AF, 0x0001, 0x27CF, 0x0002, 0x2FCF, 0x0001, 0x27CF,
    0x0001, 0x27AF, 0x0001, 0x278F, 0x0001, 0x276F, 0x0001, 0x2FCF,
    0x0001, 0x1DEC, 0x0001, 0x1964, 0x0002, 0x4AA9, 0x0001, 0x4AAA,
    0x0001, 0x4268, 0x0001, 0x0903, 0x0002, 0x0902, 0x0002, 0x08E2,
    0x0002, 0x08C2, 0x0005, 0x08A2, 0x0005, 0x0881, 0x0028, 0x0861,
    0x000C, 0x0841, 0x0028, 0x0861, 0x0005, 0x0881, 0x0005, 0x08A2,
    0x0002, 0x08C2, 0x0002, 0x08E2, 0x0002, 0x0902, 0x0001, 0x08E2,
    0x0001, 0x742F, 0x0001, 0x9D53, 0x0001, 0x9512, 0x0001, 0x9D53,
    0x0001, 0x3206, 0x0001, 0x1DCB, 0x0001, 0x2FD0, 0x0001, 0x276F,
    0x0002, 0x27AF, 0x0001, 0x27CF, 0x0002, 0x2FCF, 0x0001, 0x27CF,
    0x0002, 0x27AF, 0x0001, 0x278F, 0x0002, 0x276F, 0x0002, 0x274E,
    0x0002, 0x272E, 0x0002, 0x270E, 0x0001, 0x26EE, 0x0002, 0x26CD,
    0x0002, 0x26AD, 0x0001, 0x268D, 0x0001, 0x26ED, 0x0001, 0x1C69,
    0x0001, 0x08A2, 0x0001, 0x0923, 0x000D, 0x0903, 0x0002, 0x0902,
    0x0004, 0x0903, 0x0003, 0x0902, 0x0016, 0x0903, 0x0001, 0x0923,
    0x0001, 0x08A2, 0x0001, 0x1306, 0x0001, 0x26ED, 0x0001, 0x268D,
    0x0002, 0x26AD, 0x0002, 0x26CD, 0x0001, 0x26EE, 0x0002, 0x270E,
    0x0002, 0x272E, 0x0002, 0x274E, 0x0002, 0x276F, 0x0001, 0x278F,
    0x0002, 0x27AF, 0x0001, 0x27CF, 0x0002, 0x2FCF, 0x0001, 0x27CF,
    0x0002, 0x27AF, 0x0002, 0x278F, 0x0001, 0x26EE, 0x0001, 0x11E4,
    0x0001, 0x4269, 0x0002, 0x4AA9, 0x0001, 0x4289, 0x0001, 0x1123,
    0x0002, 0x0902, 0x0002, 0x08E2, 0x0003, 0x08C2, 0x0004, 0x08A2,
    0x0005, 0x0881, 0x0029, 0x0861, 0x000B, 0x0841, 0x0028, 0x0861,
    0x0005, 0x0881, 0x0005, 0x08A2, 0x0002, 0x08C2, 0x0003, 0x08E2,
    0x0001, 0x0902, 0x0001, 0x08E2, 0x0001, 0x4AA9, 0x0001, 0x634C,
    0x0001, 0x5B4C, 0x0001, 0x73EE, 0x0001, 0x29A5, 0x0001, 0x1DAB,
    0x0001, 0x2FD0, 0x0001, 0x276F, 0x0002, 0x27AF, 0x0001, 0x27CF,
    0x0002, 0x2FCF, 0x0001, 0x27CF, 0x0001, 0x27AF, 0x0002, 0x278F,
    0x0002, 0x276F, 0x0002, 0x274E, 0x0002, 0x272E, 0x0001, 0x270E,
    0x0002, 0x26EE, 0x0001, 0x26CD, 0x0001, 0x26AD, 0x0002, 0x268D,
    0x0001, 0x266D, 0x0001, 0x26CD, 0x0001, 0x1347, 0x0001, 0x08A2,
    0x0001, 0x0923, 0x002C, 0x0903, 0x0001, 0x0923, 0x0001, 0x08C2,
    0x0001, 0x0A05, 0x0001, 0x268D, 0x0001, 0x266D, 0x0002, 0x268D,
    0x0001, 0x26AD, 0x0001, 0x26CD, 0x0002, 0x26EE, 0x0001, 0x270E,
    0x0002, 0x272E, 0x0002, 0x274E, 0x0002, 0x276F, 0x0002, 0x278F,
    0x0001, 0x27AF, 0x0001, 0x27CF, 0x0002, 0x2FCF, 0x0001, 0x27CF,
    0x0002, 0x27AF, 0x0002, 0x278F, 0x0001, 0x26EE, 0x0001, 0x11C4,
    0x0001, 0x4269, 0x0002, 0x4AA9, 0x0001, 0x4289, 0x0001, 0x1123,
    0x0002, 0x0902, 0x0002, 0x08E2, 0x0003, 0x08C2, 0x0004, 0x08A2,
    0x0006, 0x0881, 0x0028, 0x0861, 0x000C, 0x0841, 0x0027, 0x0861,
    0x0005, 0x0881, 0x0005, 0x08A2, 0x0002, 0x08C2, 0x0002, 0x08E2,
    0x0002, 0x0902, 0x0001, 0x1123, 0x0001, 0x4268, 0x0002, 0x4289,
    0x0001, 0x4268, 0x0001, 0x19A4, 0x0001, 0x266D, 0x0001, 0x27AF,
    0x0001, 0x276F, 0x0001, 0x278F, 0x0002, 0x27AF, 0x0001, 0x2FCF,
    0x0001, 0x2FAF, 0x0001, 0x27AF, 0x0001, 0x278F, 0x0002, 0x276F,
    0x0003, 0x274E, 0x0002, 0x272E, 0x0001, 0x270E, 0x0001, 0x272E,
    0x0002, 0x270E, 0x0002, 0x26EE, 0x0001, 0x270E, 0x0001, 0x26EE,
    0x0001, 0x26CD, 0x0001, 0x270E, 0x0001, 0x1285, 0x0001, 0x08C2,
    0x0001, 0x0923, 0x002D, 0x0903, 0x0001, 0x08E2, 0x0001, 0x0963,
    0x0001, 0x266D, 0x0001, 0x270E, 0x0001, 0x26EE, 0x0002, 0x270E,
    0x0001, 0x26EE, 0x0002, 0x270E, 0x0001, 0x272E, 0x0001, 0x270E,
    0x0002, 0x272E, 0x0003, 0x274E, 0x0002, 0x276F, 0x0001, 0x278F,
    0x0001, 0x27AF, 0x0001, 0x2FAF, 0x0001, 0x2FCF, 0x0002, 0x27AF,
    0x0003, 0x278F, 0x0001, 0x274E, 0x0001, 0x1265, 0x0001, 0x4228,
    0x0001, 0x4AAA, 0x0002, 0x4AA9, 0x0001, 0x1964, 0x0001, 0x08E2,
    0x0001, 0x0902, 0x0002, 0x08E2, 0x0003, 0x08C2, 0x0004, 0x08A2,
    0x0006, 0x0881, 0x0027, 0x0861, 0x000C, 0x0841, 0x0028, 0x0861,
    0x0005, 0x0881, 0x0004, 0x08A2, 0x0003, 0x08C2, 0x0002, 0x08E2,
    0x0002, 0x0902, 0x0001, 0x1123, 0x0001, 0x4289, 0x0002, 0x4AAA,
    0x0001, 0x4269, 0x0001, 0x11E4, 0x0001, 0x272E, 0x0001, 0x2FAF,
    0x0001, 0x27AF, 0x0001, 0x2FCF, 0x0009, 0x2FF0, 0x0001, 0x27CF,
    0x0001, 0x27AF, 0x0001, 0x278F, 0x0001, 0x276F, 0x0001, 0x274E,
    0x0001, 0x26AD, 0x0001, 0x268D, 0x0002, 0x266D, 0x0001, 0x1DAB,
    0x0001, 0x1CEA, 0x0001, 0x1D0A, 0x0002, 0x1CEA, 0x0001, 0x09C4,
    0x0001, 0x08E2, 0x002F, 0x0903, 0x0001, 0x0923, 0x0001, 0x1469,
    0x0002, 0x1D0A, 0x0001, 0x1CEA, 0x0001, 0x1D6B, 0x0002, 0x266D,
    0x0002, 0x268D, 0x0001, 0x272E, 0x0002, 0x278F, 0x0001, 0x27AF,
    0x0001, 0x27CF, 0x0009, 0x2FF0, 0x0001, 0x2FCF, 0x0001, 0x27AF,
    0x0001, 0x278F, 0x0001, 0x2FF0, 0x0001, 0x1306, 0x0001, 0x39E7,
    0x0001, 0x4ACA, 0x0001, 0x4A89, 0x0001, 0x4AAA, 0x0001, 0x1984,
    0x0001, 0x08E2, 0x0001, 0x0902, 0x0002, 0x08E2, 0x0003, 0x08C2,
    0x0004, 0x08A2, 0x0006, 0x0881, 0x0028, 0x0861, 0x000B, 0x0841,
    0x0027, 0x0861, 0x0006, 0x0881, 0x0004, 0x08A2, 0x0003, 0x08C2,
    0x0002, 0x08E2, 0x0002, 0x0902, 0x0001, 0x1123, 0x0001, 0x4289,
    0x0002, 0x4AA9, 0x0001, 0x4269, 0x0001, 0x11C4, 0x0001, 0x268D,
    0x0001, 0x272E, 0x0001, 0x270E, 0x0001, 0x272E, 0x0001, 0x268D,
    0x0001, 0x1DCB, 0x0002, 0x1DEC, 0x0001, 0x1DAB, 0x0001, 0x1408,
    0x0001, 0x13E8, 0x0001, 0x13E7, 0x0001, 0x1408, 0x0001, 0x0AE6,
    0x0003, 0x0A04, 0x0001, 0x09E4, 0x0001, 0x00C1, 0x0002, 0x00A1,
    0x0001, 0x00C1, 0x0001, 0x0060, 0x0004, 0x0000, 0x0001, 0x08E2,
    0x0031, 0x0903, 0x0001, 0x0020, 0x0003, 0x0000, 0x0001, 0x0020,
    0x0001, 0x00C1, 0x0001, 0x00A1, 0x0001, 0x00C1, 0x0001, 0x00A1,
    0x0001, 0x09A3, 0x0001, 0x0A24, 0x0002, 0x0A04, 0x0001, 0x0A85,
    0x0001, 0x13E8, 0x0001, 0x13E7, 0x0001, 0x13E8, 0x0001, 0x13E7,
    0x0001, 0x1D6A, 0x0002, 0x1DEC, 0x0001, 0x1DCB, 0x0001, 0x1E2C,
    0x0001, 0x272E, 0x0001, 0x270E, 0x0001, 0x26EE, 0x0001, 0x272E,
    0x0001, 0x12C5, 0x0001, 0x3A07, 0x0001, 0x4ACA, 0x0001, 0x4A89,
    0x0001, 0x4AAA, 0x0001, 0x1984, 0x0001, 0x08E2, 0x0001, 0x0902,
    0x0002, 0x08E2, 0x0003, 0x08C2, 0x0004, 0x08A2, 0x0007, 0x0881,
    0x0027, 0x0861, 0x000B, 0x0841, 0x0027, 0x0861, 0x0006, 0x0881,
    0x0004, 0x08A2, 0x0003, 0x08C2, 0x0002, 0x08E2, 0x0002, 0x0902,
    0x0001, 0x1123, 0x0001, 0x4289, 0x0002, 0x4AA9, 0x0001, 0x4289,
    0x0001, 0x1163, 0x0001, 0x00E1, 0x0002, 0x00C1, 0x0001, 0x00E1,
    0x0001, 0x0061, 0x0001, 0x0000, 0x0001, 0x0020, 0x000B, 0x0000,
    0x0004, 0x0020, 0x0001, 0x0040, 0x0004, 0x0060, 0x0001, 0x0902,
    0x0031, 0x0903, 0x0001, 0x0081, 0x0001, 0x0040, 0x0002, 0x0060,
    0x0001, 0x0040, 0x0004, 0x0020, 0x000D, 0x0000, 0x0001, 0x0040,
    0x0001, 0x00E1, 0x0003, 0x00C1, 0x0001, 0x0922, 0x0001, 0x3A48,
    0x0001, 0x4AAA, 0x0001, 0x4A89, 0x0001, 0x4AAA, 0x0001, 0x1984,
    0x0001, 0x08E2, 0x0001, 0x0902, 0x0002, 0x08E2, 0x0003, 0x08C2,
    0x0004, 0x08A2, 0x0007, 0x0881, 0x0027, 0x0861, 0x000B, 0x0841,
    0x0027, 0x0861, 0x0006, 0x0881, 0x0004, 0x08A2, 0x0003, 0x08C2,
    0x0002, 0x08E2, 0x0002, 0x0902, 0x0001, 0x1123, 0x0001, 0x4289,
    0x0002, 0x4AA9, 0x0001, 0x4289, 0x0001, 0x1163, 0x000D, 0x0000,
    0x0001, 0x0020, 0x0004, 0x0040, 0x0008, 0x0060, 0x0001, 0x0061,
    0x0001, 0x0902, 0x0031, 0x0903, 0x0001, 0x0081, 0x0008, 0x0060,
    0x0004, 0x0040, 0x0001, 0x0020, 0x000D, 0x0000, 0x0001, 0x08E2,
    0x0001, 0x3A68, 0x0001, 0x4AAA, 0x0001, 0x4A89, 0x0001, 0x4AAA,
    0x0001, 0x1984, 0x0001, 0x08E2, 0x0001, 0x0902, 0x0002, 0x08E2,
    0x0003, 0x08C2, 0x0004, 0x08A2, 0x0007, 0x0881, 0x0027, 0x0861,
    0x000B, 0x0841, 0x0027, 0x0861, 0x0006, 0x0881, 0x0004, 0x08A2,
    0x0003, 0x08C2, 0x0002, 0x08E2, 0x0002, 0x0902, 0x0001, 0x1123,
    0x0001, 0x4289, 0x0002, 0x4AA9, 0x0001, 0x4269, 0x0001, 0x11C4,
    0x0001, 0x1D4A, 0x0001, 0x1DCB, 0x0001, 0x1DAB, 0x0001, 0x1DEC,
    0x0001, 0x1CEA, 0x0001, 0x13E8, 0x0002, 0x1408, 0x0001, 0x13E7,
    0x0001, 0x0A44, 0x0002, 0x0A24, 0x0001, 0x0A44, 0x0001, 0x0962,
    0x0001, 0x00A1, 0x0002, 0x00C1, 0x0001, 0x00A1, 0x0009, 0x0000,
    0x0001, 0x08E2, 0x0031, 0x0903, 0x0009, 0x0000, 0x0001, 0x0081,
    0x0002, 0x00C1, 0x0001, 0x00A1, 0x0001, 0x0122, 0x0004, 0x0A24,
    0x0001, 0x1387, 0x0002, 0x1408, 0x0001, 0x13E8, 0x0001, 0x1469,
    0x0001, 0x1DEB, 0x0002, 0x1DAB, 0x0001, 0x1DCB, 0x0001, 0x1265,
    0x0001, 0x3A07, 0x0001, 0x4AAA, 0x0001, 0x4A89, 0x0001, 0x4AAA,
    0x0001, 0x1984, 0x0001, 0x08E2, 0x0001, 0x0902, 0x0002, 0x08E2,
    0x0004, 0x08C2, 0x0003, 0x08A2, 0x0007, 0x0881, 0x0027, 0x0861,
    0x000A, 0x0841, 0x0027, 0x0861, 0x0007, 0x0881, 0x0004, 0x08A2,
    0x0003, 0x08C2, 0x0002, 0x08E2, 0x0002, 0x0902, 0x0001, 0x1123,
    0x0001, 0x4289, 0x0002, 0x4AA9, 0x0001, 0x4269, 0x0001, 0x11E4,
    0x0001, 0x276F, 0x0005, 0x2FF0, 0x0002, 0x2FF1, 0x0003, 0x2FF0,
    0x0002, 0x2FCF, 0x0001, 0x274E, 0x0003, 0x26CD, 0x0001, 0x268D,
    0x0001, 0x1D6A, 0x0002, 0x1D2A, 0x0001, 0x1D4A, 0x0001, 0x1448,
    0x0001, 0x1367, 0x0001, 0x1387, 0x0001, 0x1367, 0x0001, 0x1366,
    0x0001, 0x0963, 0x0001, 0x08E2, 0x0030, 0x0903, 0x0001, 0x1306,
    0x0001, 0x1387, 0x0002, 0x1367, 0x0001, 0x13E8, 0x0002, 0x1D2A,
    0x0002, 0x1D4A, 0x0001, 0x264C, 0x0003, 0x26CD, 0x0001, 0x272E,
    0x0002, 0x2FCF, 0x0003, 0x2FF0, 0x0002, 0x2FF1, 0x0004, 0x2FF0,
    0x0001, 0x2FCF, 0x0001, 0x2FF0, 0x0001, 0x1306, 0x0001, 0x39E7,
    0x0001, 0x4ACA, 0x0001, 0x4A89, 0x0001, 0x4AAA, 0x0001, 0x1984,
    0x0001, 0x08E2, 0x0001, 0x0902, 0x0002, 0x08E2, 0x0004, 0x08C2,
    0x0003, 0x08A2, 0x0008, 0x0881, 0x0027, 0x0861, 0x0009, 0x0841,
    0x0027, 0x0861, 0x0007, 0x0881, 0x0004, 0x08A2, 0x0003, 0x08C2,
    0x0002, 0x08E2, 0x0002, 0x0902, 0x0001, 0x1123, 0x0001, 0x4289,
    0x0002, 0x4AA9, 0x0001, 0x4A89, 0x0001, 0x11C4, 0x0001, 0x26AD,
    0x0001, 0x278F, 0x0001, 0x276F, 0x0002, 0x278F, 0x0004, 0x27AF,
    0x0002, 0x278F, 0x0005, 0x276F, 0x0002, 0x274E, 0x0001, 0x276F,
    0x0002, 0x274E, 0x0003, 0x272E, 0x0001, 0x270E, 0x0001, 0x26EE,
    0x0001, 0x272E, 0x0001, 0x1265, 0x0001, 0x08C2, 0x0001, 0x0923,
    0x002D, 0x0903, 0x0001, 0x08E2, 0x0001, 0x0943, 0x0001, 0x268D,
    0x0001, 0x272E, 0x0001, 0x270E, 0x0003, 0x272E, 0x0002, 0x274E,
    0x0001, 0x276F, 0x0002, 0x274E, 0x0005, 0x276F, 0x0001, 0x278F,
    0x0005, 0x27AF, 0x0002, 0x278F, 0x0003, 0x276F, 0x0001, 0x12A5,
    0x0001, 0x3A27, 0x0001, 0x4AAA, 0x0001, 0x4A89, 0x0001, 0x4AAA,
    0x0001, 0x1964, 0x0001, 0x08E2, 0x0001, 0x0902, 0x0002, 0x08E2,
    0x0003, 0x08C2, 0x0004, 0x08A2, 0x0008, 0x0881, 0x0027, 0x0861,
    0x0009, 0x0841, 0x0027, 0x0861, 0x0007, 0x0881, 0x0004, 0x08A2,
    0x0003, 0x08C2, 0x0003, 0x08E2, 0x0002, 0x0902, 0x0001, 0x3A48,
    0x0001, 0x4AAA, 0x0001, 0x4A89, 0x0001, 0x4AAA, 0x0001, 0x1964,
    0x0001, 0x1DCB, 0x0001, 0x2FCF, 0x0001, 0x276F, 0x0002, 0x27AF,
    0x0001, 0x27CF, 0x0002, 0x2FCF, 0x0001, 0x27CF, 0x0001, 0x27AF,
    0x0002, 0x278F, 0x0002, 0x276F, 0x0001, 0x274E, 0x0002, 0x272E,
    0x0001, 0x270E, 0x0002, 0x26EE, 0x0002, 0x26CD, 0x0001, 0x26AD,
    0x0002, 0x268D, 0x0001, 0x266C, 0x0001, 0x26CD, 0x0001, 0x1306,
    0x0001, 0x08A2, 0x0001, 0x0923, 0x002D, 0x0903, 0x0001, 0x08E2,
    0x0001, 0x09E4, 0x0001, 0x264C, 0x0003, 0x268D, 0x0001, 0x26AD,
    0x0002, 0x26CD, 0x0002, 0x26EE, 0x0001, 0x270E, 0x0002, 0x272E,
    0x0001, 0x274E, 0x0002, 0x276F, 0x0002, 0x278F, 0x0001, 0x27AF,
    0x0001, 0x27CF, 0x0002, 0x2FCF, 0x0001, 0x27CF, 0x0002, 0x27AF,
    0x0002, 0x278F, 0x0001, 0x26EE, 0x0001, 0x11C4, 0x0001, 0x4269,
    0x0002, 0x4AA9, 0x0001, 0x4289, 0x0001, 0x1123, 0x0002, 0x0902,
    0x0002, 0x08E2, 0x0003, 0x08C2, 0x0004, 0x08A2, 0x0008, 0x0881,
    0x0027, 0x0861, 0x0008, 0x0841, 0x0028, 0x0861, 0x0007, 0x0881,
    0x0004, 0x08A2, 0x0003, 0x08C2, 0x0003, 0x08E2, 0x0002, 0x0902,
    0x0001, 0x3A48, 0x0001, 0x4AAA, 0x0001, 0x4A89, 0x0001, 0x4AAA,
    0x0001, 0x1964, 0x0001, 0x1DEB, 0x0001, 0x2FCF, 0x0001, 0x276F,
    0x0002, 0x27AF, 0x0001, 0x27CF, 0x0002, 0x2FCF, 0x0001, 0x27CF,
    0x0002, 0x27AF, 0x0001, 0x278F, 0x0002, 0x276F, 0x0002, 0x274E,
    0x0002, 0x272E, 0x0002, 0x270E, 0x0001, 0x26EE, 0x0002, 0x26CD,
    0x0002, 0x26AD, 0x0001, 0x266D, 0x0001, 0x26EE, 0x0001, 0x1428,
    0x0001, 0x08A2, 0x0001, 0x0923, 0x002C, 0x0903, 0x0001, 0x0923,
    0x0001, 0x08C2, 0x0001, 0x12C6, 0x0001, 0x26CD, 0x0001, 0x268D,
    0x0002, 0x26AD, 0x0002, 0x26CD, 0x0001, 0x26EE, 0x0002, 0x270E,
    0x0002, 0x272E, 0x0002, 0x274E, 0x0002, 0x276F, 0x0001, 0x278F,
    0x0002, 0x27AF, 0x0001, 0x27CF, 0x0002, 0x2FCF, 0x0001, 0x27CF,
    0x0002, 0x27AF, 0x0002, 0x278F, 0x0001, 0x270E, 0x0001, 0x11E4,
    0x0001, 0x4269, 0x0002, 0x4AA9, 0x0001, 0x4289, 0x0001, 0x1123,
    0x0002, 0x0902, 0x0002, 0x08E2, 0x0003, 0x08C2, 0x0004, 0x08A2,
    0x0008, 0x0881, 0x0027, 0x0861, 0x0009, 0x0841, 0x0026, 0x0861,
    0x0008, 0x0881, 0x0004, 0x08A2, 0x0003, 0x08C2, 0x0003, 0x08E2,
    0x0002, 0x0902, 0x0001, 0x3227, 0x0001, 0x4AAA, 0x0001, 0x4A89,
    0x0001, 0x4ACA, 0x0001, 0x2185, 0x0001, 0x1CA9, 0x0001, 0x2FF0,
    0x0001, 0x276F, 0x0001, 0x278F, 0x0001, 0x27AF, 0x0001, 0x27CF,
    0x0002, 0x2FCF, 0x0001, 0x27CF, 0x0002, 0x27AF, 0x0001, 0x278F,
    0x0002, 0x276F, 0x0002, 0x274E, 0x0002, 0x272E, 0x0002, 0x270E,
    0x0001, 0x26EE, 0x0001, 0x26ED, 0x0001, 0x26CD, 0x0002, 0x26AD,
    0x0001, 0x268D, 0x0001, 0x26CD, 0x0001, 0x1D4B, 0x0001, 0x08E2,
    0x002D, 0x0903, 0x0001, 0x0923, 0x0001, 0x08A2, 0x0001, 0x1408,
    0x0001, 0x26EE, 0x0001, 0x268D, 0x0002, 0x26AD, 0x0001, 0x26CD,
    0x0001, 0x26ED, 0x0001, 0x26EE, 0x0002, 0x270E, 0x0002, 0x272E,
    0x0002, 0x274E, 0x0002, 0x276F, 0x0001, 0x278F, 0x0002, 0x27AF,
    0x0001, 0x27CF, 0x0002, 0x2FCF, 0x0001, 0x27CF, 0x0001, 0x27AF,
    0x0001, 0x278F, 0x0001, 0x276F, 0x0001, 0x2FAF, 0x0001, 0x1E2C,
    0x0001, 0x1984, 0x0002, 0x4AA9, 0x0001, 0x4AAA, 0x0001, 0x4269,
    0x0001, 0x1123, 0x0002, 0x0902, 0x0002, 0x08E2, 0x0003, 0x08C2,
    0x0004, 0x08A2, 0x0009, 0x0881, 0x0026, 0x0861, 0x0008, 0x0841,
    0x0027, 0x0861, 0x0008, 0x0881, 0x0001, 0x0882, 0x0003, 0x08A2,
    0x0004, 0x08C2, 0x0002, 0x08E2, 0x0001, 0x0902, 0x0001, 0x08E2,
    0x0001, 0x29E6, 0x0001, 0x4ACA, 0x0001, 0x4A89, 0x0001, 0x4ACA,
    0x0001, 0x2985, 0x0001, 0x1448, 0x0001, 0x2FF0, 0x0001, 0x276F,
    0x0001, 0x278F, 0x0001, 0x27AF, 0x0001, 0x27CF, 0x0003, 0x2FCF,
    0x0002, 0x27AF, 0x0002, 0x278F, 0x0001, 0x276F, 0x0002, 0x274E,
    0x0002, 0x272E, 0x0002, 0x270E, 0x0002, 0x26EE, 0x0002, 0x26CD,
    0x0001, 0x26AD, 0x0002, 0x268D, 0x0001, 0x266D, 0x0001, 0x09E4,
    0x0001, 0x08E2, 0x002E, 0x0903, 0x0001, 0x1DAB, 0x0001, 0x26CD,
    0x0001, 0x268D, 0x0001, 0x26AD, 0x0002, 0x26CD, 0x0002, 0x26EE,
    0x0002, 0x270E, 0x0002, 0x272E, 0x0002, 0x274E, 0x0001, 0x276F,
    0x0002, 0x278F, 0x0002, 0x27AF, 0x0003, 0x2FCF, 0x0001, 0x27CF,
    0x0001, 0x27AF, 0x0001, 0x278F, 0x0001, 0x276F, 0x0001, 0x2FCF,
    0x0001, 0x1DCB, 0x0001, 0x1964, 0x0001, 0x4AAA, 0x0001, 0x4A89,
    0x0001, 0x4AAA, 0x0001, 0x3A48, 0x0002, 0x0902, 0x0003, 0x08E2,
    0x0003, 0x08C2, 0x0004, 0x08A2, 0x0009, 0x0881, 0x0027, 0x0861,
    0x0007, 0x0841, 0x0027, 0x0861, 0x0008, 0x0881, 0x0001, 0x0882,
    0x0003, 0x08A2, 0x0004, 0x08C2, 0x0002, 0x08E2, 0x0001, 0x0902,
    0x0001, 0x08E2, 0x0001, 0x21A5, 0x0001, 0x4AAA, 0x0001, 0x4A89,
    0x0001, 0x4ACA, 0x0001, 0x31E6, 0x0001, 0x1367, 0x0001, 0x2FCF,
    0x0001, 0x276F, 0x0001, 0x278F, 0x0002, 0x27AF, 0x0003, 0x2FCF,
    0x0002, 0x27AF, 0x0002, 0x278F, 0x0002, 0x276F, 0x0001, 0x274E,
    0x0002, 0x272E, 0x0002, 0x270E, 0x0002, 0x26EE, 0x0002, 0x26CD,
    0x0002, 0x26AD, 0x0001, 0x266D, 0x0001, 0x26EE, 0x0001, 0x1387,
    0x0001, 0x08A2, 0x0001, 0x0923, 0x002A, 0x0903, 0x0001, 0x0923,
    0x0001, 0x08C2, 0x0001, 0x0A25, 0x0001, 0x26AD, 0x0001, 0x268D,
    0x0002, 0x26AD, 0x0002, 0x26CD, 0x0002, 0x26EE, 0x0002, 0x270E,
    0x0002, 0x272E, 0x0001, 0x274E, 0x0002, 0x276F, 0x0002, 0x278F,
    0x0002, 0x27AF, 0x0003, 0x2FCF, 0x0002, 0x27AF, 0x0001, 0x278F,
    0x0001, 0x276F, 0x0001, 0x2FF0, 0x0001, 0x1CC9, 0x0001, 0x2185,
    0x0001, 0x4ACA, 0x0001, 0x4A89, 0x0001, 0x4ACA, 0x0001, 0x3207,
    0x0002, 0x0902, 0x0003, 0x08E2, 0x0003, 0x08C2, 0x0004, 0x08A2,
    0x0009, 0x0881, 0x0027, 0x0861, 0x0007, 0x0841, 0x0027, 0x0861,
    0x0008, 0x0881, 0x0001, 0x0882, 0x0003, 0x08A2, 0x0004, 0x08C2,
    0x0002, 0x08E2, 0x0002, 0x0902, 0x0001, 0x1984, 0x0001, 0x4AA9,
    0x0001, 0x4A89, 0x0001, 0x4AAA, 0x0001, 0x3A28, 0x0001, 0x1245,
    0x0001, 0x276F, 0x0002, 0x278F, 0x0002, 0x27AF, 0x0001, 0x27CF,
    0x0002, 0x2FCF, 0x0002, 0x27AF, 0x0002, 0x278F, 0x0002, 0x276F,
    0x0002, 0x274E, 0x0002, 0x272E, 0x0002, 0x270E, 0x0001, 0x26EE,
    0x0002, 0x26CD, 0x0002, 0x26AD, 0x0001, 0x268D, 0x0001, 0x26CD,
    0x0001, 0x1D8B, 0x0001, 0x0902, 0x002B, 0x0903, 0x0001, 0x0923,
    0x0001, 0x08A2, 0x0001, 0x1C49, 0x0001, 0x26ED, 0x0001, 0x268D,
    0x0002, 0x26AD, 0x0002, 0x26CD, 0x0001, 0x26EE, 0x0002, 0x270E,
    0x0002, 0x272E, 0x0002, 0x274E, 0x0002, 0x276F, 0x0002, 0x278F,
    0x0002, 0x27AF, 0x0002, 0x2FCF, 0x0001, 0x27CF, 0x0002, 0x27AF,
    0x0001, 0x278F, 0x0001, 0x276F, 0x0001, 0x2FCF, 0x0001, 0x1387,
    0x0001, 0x31A6, 0x0001, 0x4ACA, 0x0001, 0x4A89, 0x0001, 0x4ACA,
    0x0001, 0x29C6, 0x0002, 0x0902, 0x0002, 0x08E2, 0x0004, 0x08C2,
    0x0004, 0x08A2, 0x0009, 0x0881, 0x0027, 0x0861, 0x0007, 0x0841,
    0x0027, 0x0861, 0x0008, 0x0881, 0x0001, 0x0882, 0x0003, 0x08A2,
    0x0004, 0x08C2, 0x0002, 0x08E2, 0x0002, 0x0902, 0x0001, 0x1143,
    0x0001, 0x4289, 0x0002, 0x4AA9, 0x0001, 0x4269, 0x0001, 0x11C4,
    0x0001, 0x26EE, 0x0001, 0x27AF, 0x0001, 0x278F, 0x0002, 0x27AF,
    0x0001, 0x27CF, 0x0002, 0x2FCF, 0x0001, 0x27CF, 0x0001, 0x27AF,
    0x0002, 0x278F, 0x0002, 0x276F, 0x0002, 0x274E, 0x0002, 0x272E,
    0x0002, 0x270E, 0x0001, 0x26EE, 0x0001, 0x26ED, 0x0002, 0x26CD,
    0x0001, 0x26AD, 0x0002, 0x268D, 0x0001, 0x26CD, 0x0001, 0x1265,
    0x0001, 0x08C2, 0x0001, 0x0923, 0x0029, 0x0903, 0x0001, 0x08E2,
    0x0001, 0x0963, 0x0001, 0x1E2C, 0x0001, 0x26AD, 0x0001, 0x268D,
    0x0001, 0x26AD, 0x0002, 0x26CD, 0x0001, 0x26ED, 0x0001, 0x26EE,
    0x0002, 0x270E, 0x0002, 0x272E, 0x0002, 0x274E, 0x0002, 0x276F,
    0x0002, 0x278F, 0x0001, 0x27AF, 0x0001, 0x27CF, 0x0002, 0x2FCF,
    0x0001, 0x27CF, 0x0002, 0x27AF, 0x0001, 0x278F, 0x0001, 0x276F,
    0x0001, 0x27AF, 0x0001, 0x12C6, 0x0001, 0x3A07, 0x0001, 0x4ACA,
    0x0001, 0x4A89, 0x0001, 0x4AAA, 0x0001, 0x2185, 0x0002, 0x0902,
    0x0002, 0x08E2, 0x0004, 0x08C2, 0x0004, 0x08A2, 0x0009, 0x0881,
    0x0027, 0x0861, 0x0007, 0x0841, 0x0026, 0x0861, 0x000A, 0x0881,
    0x0003, 0x08A2, 0x0004, 0x08C2, 0x0002, 0x08E2, 0x0002, 0x0902,
    0x0001, 0x0923, 0x0001, 0x4268, 0x0001, 0x4AAA, 0x0001, 0x4AA9,
    0x0001, 0x4AAA, 0x0001, 0x1984, 0x0001, 0x1DCB, 0x0001, 0x2FCF,
    0x0001, 0x276F, 0x0001, 0x278F, 0x0001, 0x27AF, 0x0001, 0x27CF,
    0x0002, 0x2FCF, 0x0001, 0x27CF, 0x0002, 0x27AF, 0x0002, 0x278F,
    0x0001, 0x276F, 0x0002, 0x274E, 0x0002, 0x272E, 0x0002, 0x270E,
    0x0002, 0x26EE, 0x0002, 0x26CD, 0x0002, 0x26AD, 0x0001, 0x268D,
    0x0001, 0x26CD, 0x0001, 0x1D0A, 0x0001, 0x08C2, 0x0001, 0x0923,
    0x0028, 0x0903, 0x0001, 0x0923, 0x0001, 0x08A2, 0x0001, 0x13C8,
    0x0001, 0x26EE, 0x0001, 0x266D, 0x0002, 0x26AD, 0x0002, 0x26CD,
    0x0002, 0x26EE, 0x0002, 0x270E, 0x0002, 0x272E, 0x0002, 0x274E,
    0x0001, 0x276F, 0x0002, 0x278F, 0x0002, 0x27AF, 0x0001, 0x27CF,
    0x0002, 0x2FCF, 0x0001, 0x27CF, 0x0001, 0x27AF, 0x0003, 0x278F,
    0x0001, 0x270E, 0x0001, 0x11E4, 0x0001, 0x4269, 0x0003, 0x4AA9,
    0x0001, 0x1964, 0x0002, 0x0902, 0x0002, 0x08E2, 0x0004, 0x08C2,
    0x0004, 0x08A2, 0x000A, 0x0881, 0x0026, 0x0861, 0x0007, 0x0841,
    0x0026, 0x0861, 0x000A, 0x0881, 0x0004, 0x08A2, 0x0003, 0x08C2,
    0x0002, 0x08E2, 0x0003, 0x0902, 0x0001, 0x3207, 0x0001, 0x4AAA,
    0x0001, 0x4A89, 0x0001, 0x4ACA, 0x0001, 0x2185, 0x0001, 0x1448,
    0x0001, 0x2FF0, 0x0001, 0x276F, 0x0001, 0x278F, 0x0002, 0x27AF,
    0x0003, 0x2FCF, 0x0002, 0x27AF, 0x0002, 0x278F, 0x0002, 0x276F,
    0x0002, 0x274E, 0x0002, 0x272E, 0x0002, 0x270E, 0x0001, 0x26EE,
    0x0002, 0x26CD, 0x0002, 0x26AD, 0x0002, 0x268D, 0x0001, 0x26CD,
    0x0001, 0x1285, 0x0001, 0x08C2, 0x0001, 0x0923, 0x0027, 0x0903,
    0x0001, 0x08E2, 0x0001, 0x0983, 0x0001, 0x262C, 0x0001, 0x26AD,
    0x0001, 0x268D, 0x0002, 0x26AD, 0x0002, 0x26CD, 0x0001, 0x26EE,
    0x0002, 0x270E, 0x0002, 0x272E, 0x0002, 0x274E, 0x0002, 0x276F,
    0x0002, 0x278F, 0x0002, 0x27AF, 0x0003, 0x2FCF, 0x0002, 0x27AF,
    0x0001, 0x278F, 0x0001, 0x276F, 0x0001, 0x2FCF, 0x0001, 0x1DCB,
    0x0001, 0x1964, 0x0001, 0x4AAA, 0x0001, 0x4AA9, 0x0001, 0x4AAA,
    0x0001, 0x4268, 0x0001, 0x0922, 0x0002, 0x0902, 0x0002, 0x08E2,
    0x0004, 0x08C2, 0x0003, 0x08A2, 0x0001, 0x08A1, 0x000A, 0x0881,
    0x0026, 0x0861, 0x0007, 0x0841, 0x0026, 0x0861, 0x000A, 0x0881,
    0x0004, 0x08A2, 0x0003, 0x08C2, 0x0002, 0x08E2, 0x0003, 0x0902,
    0x0001, 0x29C6, 0x0001, 0x4ACA, 0x0001, 0x4A89, 0x0001, 0x4ACA,
    0x0001, 0x31E7, 0x0001, 0x12E6, 0x0001, 0x2FAF, 0x0001, 0x276F,
    0x0001, 0x278F, 0x0002, 0x27AF, 0x0001, 0x27CF, 0x0002, 0x2FCF,
    0x0001, 0x27CF, 0x0001, 0x27AF, 0x0002, 0x278F, 0x0002, 0x276F,
    0x0002, 0x274E, 0x0002, 0x272E, 0x0002, 0x270E, 0x0002, 0x26EE,
    0x0002, 0x26CD, 0x0002, 0x26AD, 0x0001, 0x268D, 0x0001, 0x26CD,
    0x0001, 0x1DAB, 0x0001, 0x08E2, 0x0027, 0x0903, 0x0001, 0x0923,
    0x0001, 0x08A2, 0x0001, 0x1C69, 0x0001, 0x26EE, 0x0001, 0x266D,
    0x0002, 0x26AD, 0x0002, 0x26CD, 0x0002, 0x26EE, 0x0002, 0x270E,
    0x0002, 0x272E, 0x0002, 0x274E, 0x0002, 0x276F, 0x0002, 0x278F,
    0x0001, 0x27AF, 0x0001, 0x27CF, 0x0002, 0x2FCF, 0x0001, 0x27CF,
    0x0002, 0x27AF, 0x0001, 0x278F, 0x0001, 0x276F, 0x0001, 0x2FF0,
    0x0001, 0x1469, 0x0001, 0x2985, 0x0001, 0x4ACA, 0x0001, 0x4A89,
    0x0001, 0x4AAA, 0x0001, 0x3A27, 0x0003, 0x0902, 0x0002, 0x08E2,
    0x0003, 0x08C2, 0x0004, 0x08A2, 0x0001, 0x08A1, 0x000A, 0x0881,
    0x0026, 0x0861, 0x0007, 0x0841, 0x0026, 0x0861, 0x000A, 0x0881,
    0x0004, 0x08A2, 0x0004, 0x08C2, 0x0001, 0x08E2, 0x0003, 0x0902,
    0x0001, 0x1964, 0x0003, 0x4AA9, 0x0001, 0x4269, 0x0001, 0x11C4,
    0x0001, 0x26CD, 0x0001, 0x27AF, 0x0001, 0x278F, 0x0002, 0x27AF,
    0x0001, 0x27CF, 0x0002, 0x2FCF, 0x0001, 0x27CF, 0x0002, 0x27AF,
    0x0002, 0x278F, 0x0002, 0x276F, 0x0001, 0x274E, 0x0002, 0x272E,
    0x0002, 0x270E, 0x0002, 0x26EE, 0x0002, 0x26CD, 0x0003, 0x26AD,
    0x0001, 0x266D, 0x0001, 0x26ED, 0x0001, 0x1408, 0x0001, 0x08A2,
    0x0001, 0x0923, 0x0024, 0x0903, 0x0001, 0x0923, 0x0001, 0x08A2,
    0x0001, 0x12C6, 0x0001, 0x26CD, 0x0002, 0x268D, 0x0002, 0x26AD,
    0x0002, 0x26CD, 0x0002, 0x26EE, 0x0002, 0x270E, 0x0002, 0x272E,
    0x0001, 0x274E, 0x0002, 0x276F, 0x0002, 0x278F, 0x0002, 0x27AF,
    0x0001, 0x27CF, 0x0002, 0x2FCF, 0x0001, 0x27CF, 0x0002, 0x27AF,
    0x0001, 0x278F, 0x0001, 0x276F, 0x0001, 0x278F, 0x0001, 0x12C6,
    0x0001, 0x3A07, 0x0001, 0x4ACA, 0x0001, 0x4A89, 0x0001, 0x4AAA,
    0x0001, 0x21A5, 0x0003, 0x0902, 0x0002, 0x08E2, 0x0003, 0x08C2,
    0x0004, 0x08A2, 0x0001, 0x08A1, 0x000A, 0x0881, 0x0026, 0x0861,
    0x0007, 0x0841, 0x0026, 0x0861, 0x000A, 0x0881, 0x0004, 0x08A2,
    0x0004, 0x08C2, 0x0002, 0x08E2, 0x0002, 0x0902, 0x0001, 0x0922,
    0x0001, 0x4268, 0x0001, 0x4AAA, 0x0001, 0x4A89, 0x0001, 0x4ACA,
    0x0001, 0x2164, 0x0001, 0x1D8B, 0x0001, 0x2FD0, 0x0001, 0x276F,
    0x0001, 0x278F, 0x0001, 0x27AF, 0x0001, 0x27CF, 0x0003, 0x2FCF,
    0x0002, 0x27AF, 0x0002, 0x278F, 0x0002, 0x276F, 0x0002, 0x274E,
    0x0002, 0x272E, 0x0002, 0x270E, 0x0002, 0x26EE, 0x0002, 0x26CD,
    0x0002, 0x26AD, 0x0002, 0x268D, 0x0001, 0x26CD, 0x0001, 0x12C6,
    0x0001, 0x08A2, 0x0001, 0x0923, 0x0022, 0x0903, 0x0001, 0x0923,
    0x0001, 0x08C2, 0x0001, 0x09A4, 0x0001, 0x264C, 0x0001, 0x26AD,
    0x0001, 0x268D, 0x0002, 0x26AD, 0x0002, 0x26CD, 0x0002, 0x26EE,
    0x0002, 0x270E, 0x0002, 0x272E, 0x0002, 0x274E, 0x0002, 0x276F,
    0x0002, 0x278F, 0x0002, 0x27AF, 0x0003, 0x2FCF, 0x0001, 0x27CF,
    0x0001, 0x27AF, 0x0002, 0x278F, 0x0001, 0x27AF, 0x0001, 0x26CD,
    0x0001, 0x11C4, 0x0001, 0x4A89, 0x0003, 0x4AA9, 0x0001, 0x1964,
    0x0003, 0x0902, 0x0002, 0x08E2, 0x0003, 0x08C2, 0x0004, 0x08A2,
    0x0001, 0x08A1, 0x000A, 0x0881, 0x0026, 0x0861, 0x0006, 0x0841,
    0x0026, 0x0861, 0x000B, 0x0881, 0x0001, 0x08A1, 0x0003, 0x08A2,
    0x0004, 0x08C2, 0x0002, 0x08E2, 0x0003, 0x0902, 0x0001, 0x3207,
    0x0001, 0x4AAA, 0x0001, 0x4A89, 0x0001, 0x4ACA, 0x0001, 0x29A6,
    0x0001, 0x13A7, 0x0001, 0x2FCF, 0x0001, 0x276F, 0x0001, 0x278F,
    0x0002, 0x27AF, 0x0001, 0x27CF, 0x0002, 0x2FCF, 0x0001, 0x27CF,
    0x0002, 0x27AF, 0x0002, 0x278F, 0x0001, 0x276F, 0x0001, 0x276E,
    0x0001, 0x274E, 0x0003, 0x272E, 0x0002, 0x270E, 0x0002, 0x26EE,
    0x0002, 0x26CD, 0x0002, 0x26AD, 0x0001, 0x268D, 0x0001, 0x26AD,
    0x0001, 0x264C, 0x0001, 0x0A04, 0x0001, 0x08A2, 0x0001, 0x0923,
    0x0020, 0x0903, 0x0001, 0x0923, 0x0001, 0x08E2, 0x0001, 0x0923,
    0x0001, 0x1D8B, 0x0001, 0x26CD, 0x0001, 0x268D, 0x0002, 0x26AD,
    0x0002, 0x26CD, 0x0002, 0x26EE, 0x0002, 0x270E, 0x0003, 0x272E,
    0x0002, 0x274E, 0x0001, 0x276F, 0x0002, 0x278F, 0x0002, 0x27AF,
    0x0001, 0x27CF, 0x0002, 0x2FCF, 0x0001, 0x27CF, 0x0002, 0x27AF,
    0x0001, 0x278F, 0x0001, 0x276F, 0x0001, 0x2FCF, 0x0001, 0x1D2A,
    0x0001, 0x2164, 0x0001, 0x4ACA, 0x0001, 0x4A89, 0x0001, 0x4AAA,
    0x0001, 0x4268, 0x0001, 0x0922, 0x0002, 0x0902, 0x0002, 0x08E2,
    0x0004, 0x08C2, 0x0004, 0x08A2, 0x0001, 0x08A1, 0x000B, 0x0881,
    0x0026, 0x0861, 0x0005, 0x0841, 0x0026, 0x0861, 0x000B, 0x0881,
    0x0001, 0x08A1, 0x0004, 0x08A2, 0x0003, 0x08C2, 0x0002, 0x08E2,
    0x0003, 0x0902, 0x0001, 0x2185, 0x0001, 0x4AAA, 0x0001, 0x4A89,
    0x0001, 0x4AAA, 0x0001, 0x4248, 0x0001, 0x1204, 0x0001, 0x272E,
    0x0002, 0x278F, 0x0002, 0x27AF, 0x0001, 0x27CF, 0x0003, 0x2FCF,
    0x0002, 0x27AF, 0x0002, 0x278F, 0x0002, 0x276F, 0x0002, 0x274E,
    0x0002, 0x272E, 0x0002, 0x270E, 0x0002, 0x26EE, 0x0002, 0x26CD,
    0x0003, 0x26AD, 0x0001, 0x268D, 0x0001, 0x26AD, 0x0001, 0x264C,
    0x0001, 0x0A04, 0x0001, 0x08A2, 0x0001, 0x0923, 0x001E, 0x0903,
    0x0001, 0x0923, 0x0001, 0x08E2, 0x0001, 0x0923, 0x0001, 0x1D8B,
    0x0001, 0x26ED, 0x0001, 0x266D, 0x0003, 0x26AD, 0x0002, 0x26CD,
    0x0002, 0x26EE, 0x0002, 0x270E, 0x0002, 0x272E, 0x0002, 0x274E,
    0x0002, 0x276F, 0x0002, 0x278F, 0x0002, 0x27AF, 0x0003, 0x2FCF,
    0x0001, 0x27CF, 0x0002, 0x27AF, 0x0001, 0x278F, 0x0001, 0x276F,
    0x0001, 0x2FCF, 0x0001, 0x1326, 0x0001, 0x31E6, 0x0001, 0x4ACA,
    0x0001, 0x4A89, 0x0001, 0x4AAA, 0x0001, 0x29E6, 0x0003, 0x0902,
    0x0002, 0x08E2, 0x0004, 0x08C2, 0x0003, 0x08A2, 0x0001, 0x08A1,
    0x000C, 0x0881, 0x0026, 0x0861, 0x0005, 0x0841, 0x0026, 0x0861,
    0x000B, 0x0881, 0x0001, 0x08A1, 0x0004, 0x08A2, 0x0003, 0x08C2,
    0x0002, 0x08E2, 0x0003, 0x0902, 0x0001, 0x1123, 0x0001, 0x4289,
    0x0001, 0x4AA9, 0x0001, 0x4A89, 0x0001, 0x4ACA, 0x0001, 0x2164,
    0x0001, 0x1D4A, 0x0001, 0x2FF0, 0x0001, 0x276F, 0x0001, 0x278F,
    0x0002, 0x27AF, 0x0003, 0x2FCF, 0x0001, 0x27CF, 0x0002, 0x27AF,
    0x0002, 0x278F, 0x0002, 0x276F, 0x0002, 0x274E, 0x0002, 0x272E,
    0x0002, 0x270E, 0x0002, 0x26EE, 0x0002, 0x26CD, 0x0003, 0x26AD,
    0x0001, 0x266D, 0x0001, 0x26AD, 0x0001, 0x264C, 0x0001, 0x0A04,
    0x0001, 0x08A2, 0x0001, 0x0923, 0x001C, 0x0903, 0x0001, 0x0923,
    0x0001, 0x08C2, 0x0001, 0x0923, 0x0001, 0x1D8B, 0x0001, 0x26ED,
    0x0001, 0x266D, 0x0003, 0x26AD, 0x0002, 0x26CD, 0x0002, 0x26EE,
    0x0002, 0x270E, 0x0002, 0x272E, 0x0002, 0x274E, 0x0002, 0x276F,
    0x0002, 0x278F, 0x0002, 0x27AF, 0x0001, 0x27CF, 0x0003, 0x2FCF,
    0x0002, 0x27AF, 0x0001, 0x278F, 0x0001, 0x276F, 0x0001, 0x27AF,
    0x0001, 0x268D, 0x0001, 0x11A4, 0x0001, 0x4A89, 0x0001, 0x4AA9,
    0x0001, 0x4A89, 0x0001, 0x4AA9, 0x0001, 0x1964, 0x0003, 0x0902,
    0x0002, 0x08E2, 0x0003, 0x08C2, 0x0004, 0x08A2, 0x0001, 0x08A1,
    0x000C, 0x0881, 0x0026, 0x0861, 0x0005, 0x0841, 0x0026, 0x0861,
    0x000C, 0x0881, 0x0004, 0x08A2, 0x0003, 0x08C2, 0x0003, 0x08E2,
    0x0003, 0x0902, 0x0001, 0x3207, 0x0001, 0x4AAA, 0x0001, 0x4A89,
    0x0001, 0x4ACA, 0x0001, 0x31E7, 0x0001, 0x12E6, 0x0001, 0x27AF,
    0x0001, 0x276F, 0x0001, 0x278F, 0x0002, 0x27AF, 0x0001, 0x27CF,
    0x0003, 0x2FCF, 0x0002, 0x27AF, 0x0002, 0x278F, 0x0002, 0x276F,
    0x0002, 0x274E, 0x0002, 0x272E, 0x0003, 0x270E, 0x0002, 0x26EE,
    0x0002, 0x26CD, 0x0003, 0x26AD, 0x0001, 0x266D, 0x0001, 0x26AD,
    0x0001, 0x264C, 0x0001, 0x1265, 0x0001, 0x08A2, 0x0001, 0x0903,
    0x0001, 0x0923, 0x0019, 0x0903, 0x0001, 0x0923, 0x0001, 0x08A2,
    0x0001, 0x09A4, 0x0001, 0x1D8B, 0x0001, 0x26ED, 0x0001, 0x266D,
    0x0003, 0x26AD, 0x0002, 0x26CD, 0x0002, 0x26EE, 0x0003, 0x270E,
    0x0002, 0x272E, 0x0002, 0x274E, 0x0002, 0x276F, 0x0002, 0x278F,
    0x0002, 0x27AF, 0x0003, 0x2FCF, 0x0001, 0x27CF, 0x0002, 0x27AF,
    0x0001, 0x278F, 0x0001, 0x276F, 0x0001, 0x2FD0, 0x0001, 0x1468,
    0x0001, 0x2185, 0x0001, 0x4ACA, 0x0001, 0x4A89, 0x0001, 0x4AAA,
    0x0001, 0x4268, 0x0001, 0x0923, 0x0003, 0x0902, 0x0002, 0x08E2,
    0x0003, 0x08C2, 0x0004, 0x08A2, 0x0001, 0x08A1, 0x000C, 0x0881,
    0x0026, 0x0861, 0x0005, 0x0841, 0x0026, 0x0861, 0x000C, 0x0881,
    0x0001, 0x08A1, 0x0003, 0x08A2, 0x0003, 0x08C2, 0x0003, 0x08E2,
    0x0003, 0x0902, 0x0001, 0x1984, 0x0001, 0x4AAA, 0x0001, 0x4A89,
    0x0001, 0x4AA9, 0x0001, 0x4A89, 0x0001, 0x1184, 0x0001, 0x266D,
    0x0001, 0x27AF, 0x0001, 0x276F, 0x0001, 0x278F, 0x0002, 0x27AF,
    0x0003, 0x2FCF, 0x0001, 0x27CF, 0x0002, 0x27AF, 0x0002, 0x278F,
    0x0002, 0x276F, 0x0002, 0x274E, 0x0002, 0x272E, 0x0002, 0x270E,
    0x0003, 0x26EE, 0x0002, 0x26CD, 0x0003, 0x26AD, 0x0001, 0x268D,
    0x0002, 0x26AD, 0x0001, 0x13C8, 0x0002, 0x08E2, 0x0001, 0x0923,
    0x0016, 0x0903, 0x0001, 0x0923, 0x0001, 0x0902, 0x0001, 0x08A2,
    0x0001, 0x12C6, 0x0001, 0x264C, 0x0001, 0x26CD, 0x0001, 0x266D,
    0x0003, 0x26AD, 0x0002, 0x26CD, 0x0003, 0x26EE, 0x0002, 0x270E,
    0x0002, 0x272E, 0x0002, 0x274E, 0x0002, 0x276F, 0x0002, 0x278F,
    0x0002, 0x27AF, 0x0001, 0x27CF, 0x0003, 0x2FCF, 0x0002, 0x27AF,
    0x0003, 0x278F, 0x0001, 0x276F, 0x0001, 0x1245, 0x0001, 0x3A28,
    0x0001, 0x4AAA, 0x0001, 0x4A89, 0x0001, 0x4AAA, 0x0001, 0x29E6,
    0x0003, 0x0902, 0x0003, 0x08E2, 0x0003, 0x08C2, 0x0004, 0x08A2,
    0x000D, 0x0881, 0x0026, 0x0861, 0x0005, 0x0841, 0x0026, 0x0861,
    0x000C, 0x0881, 0x0001, 0x08A1, 0x0004, 0x08A2, 0x0003, 0x08C2,
    0x0002, 0x08E2, 0x0003, 0x0902, 0x0001, 0x0923, 0x0001, 0x4268,
    0x0001, 0x4AAA, 0x0001, 0x4A89, 0x0001, 0x4ACA, 0x0001, 0x29A6,
    0x0001, 0x13A7, 0x0001, 0x2FCF, 0x0001, 0x276F, 0x0001, 0x278F,
    0x0002, 0x27AF, 0x0001, 0x27CF, 0x0003, 0x2FCF, 0x0002, 0x27AF,
    0x0002, 0x278F, 0x0002, 0x276F, 0x0001, 0x274F, 0x0002, 0x274E,
    0x0002, 0x272E, 0x0002, 0x270E, 0x0003, 0x26EE, 0x0002, 0x26CD,
    0x0003, 0x26AD, 0x0002, 0x268D, 0x0001, 0x26CD, 0x0001, 0x1C89,
    0x0001, 0x09E4, 0x0001, 0x08A2, 0x0001, 0x08E2, 0x0002, 0x0923,
    0x0011, 0x0903, 0x0001, 0x0923, 0x0001, 0x0902, 0x0001, 0x08A2,
    0x0001, 0x0963, 0x0001, 0x13C8, 0x0001, 0x268D, 0x0001, 0x26AD,
    0x0001, 0x266D, 0x0003, 0x26AD, 0x0002, 0x26CD, 0x0003, 0x26EE,
    0x0002, 0x270E, 0x0002, 0x272E, 0x0002, 0x274E, 0x0001, 0x274F,
    0x0002, 0x276F, 0x0002, 0x278F, 0x0002, 0x27AF, 0x0003, 0x2FCF,
    0x0001, 0x27CF, 0x0002, 0x27AF, 0x0001, 0x278F, 0x0001, 0x276F,
    0x0001, 0x2FCF, 0x0001, 0x1D0A, 0x0001, 0x1964, 0x0001, 0x4ACA,
    0x0003, 0x4AA9, 0x0001, 0x1964, 0x0003, 0x0902, 0x0003, 0x08E2,
    0x0002, 0x08C2, 0x0005, 0x08A2, 0x000D, 0x0881, 0x0026, 0x0861,
    0x0005, 0x0841, 0x0026, 0x0861, 0x000C, 0x0881, 0x0001, 0x08A1,
    0x0004, 0x08A2, 0x0003, 0x08C2, 0x0002, 0x08E2, 0x0002, 0x0902,
    0x0001, 0x0903, 0x0001, 0x0902, 0x0001, 0x21C5, 0x0001, 0x4AAA,
    0x0001, 0x4A89, 0x0001, 0x4AAA, 0x0001, 0x4268, 0x0001, 0x11A4,
    0x0001, 0x26EE, 0x0003, 0x278F, 0x0002, 0x27AF, 0x0003, 0x2FCF,
    0x0001, 0x27CF, 0x0002, 0x27AF, 0x0002, 0x278F, 0x0002, 0x276F,
    0x0002, 0x274E, 0x0003, 0x272E, 0x0002, 0x270E, 0x0003, 0x26EE,
    0x0002, 0x26CD, 0x0004, 0x26AD, 0x0001, 0x1DCB, 0x0002, 0x1D8B,
    0x0001, 0x13C8, 0x0001, 0x09A4, 0x0002, 0x08C2, 0x0001, 0x0902,
    0x0002, 0x0923, 0x000A, 0x0903, 0x0002, 0x0923, 0x0001, 0x0903,
    0x0002, 0x08C2, 0x0001, 0x0943, 0x0001, 0x1347, 0x0001, 0x1D2A,
    0x0002, 0x1DAB, 0x0001, 0x268D, 0x0003, 0x26AD, 0x0002, 0x26CD,
    0x0003, 0x26EE, 0x0002, 0x270E, 0x0003, 0x272E, 0x0002, 0x274E,
    0x0002, 0x276F, 0x0002, 0x278F, 0x0002, 0x27AF, 0x0001, 0x27CF,
    0x0003, 0x2FCF, 0x0002, 0x27AF, 0x0002, 0x278F, 0x0001, 0x276F,
    0x0001, 0x27AF, 0x0001, 0x12A5, 0x0001, 0x31E7, 0x0001, 0x4ACA,
    0x0001, 0x4A89, 0x0001, 0x4AAA, 0x0001, 0x3227, 0x0001, 0x0902,
    0x0001, 0x0903, 0x0002, 0x0902, 0x0002, 0x08E2, 0x0003, 0x08C2,
    0x0005, 0x08A2, 0x000D, 0x0881, 0x0026, 0x0861, 0x0005, 0x0841,
    0x0026, 0x0861, 0x000D, 0x0881, 0x0005, 0x08A2, 0x0003, 0x08C2,
    0x0002, 0x08E2, 0x0003, 0x0902, 0x0001, 0x1143, 0x0001, 0x4289,
    0x0001, 0x4AA9, 0x0001, 0x4A89, 0x0001, 0x4ACA, 0x0001, 0x2185,
    0x0001, 0x1C69, 0x0001, 0x2FF0, 0x0001, 0x276F, 0x0001, 0x278F,
    0x0002, 0x27AF, 0x0001, 0x27CF, 0x0003, 0x2FCF, 0x0003, 0x27AF,
    0x0002, 0x278F, 0x0002, 0x276F, 0x0002, 0x274E, 0x0003, 0x272E,
    0x0002, 0x270E, 0x0003, 0x26EE, 0x0002, 0x26CD, 0x0001, 0x26AD,
    0x0001, 0x26CD, 0x0001, 0x264C, 0x0002, 0x1D6A, 0x0001, 0x1D6B,
    0x0001, 0x1DCB, 0x0001, 0x1D6A, 0x0001, 0x1408, 0x0001, 0x1265,
    0x0001, 0x0943, 0x0002, 0x08C2, 0x0001, 0x08E2, 0x0002, 0x0902,
    0x0003, 0x0903, 0x0001, 0x0923, 0x0001, 0x0903, 0x0001, 0x0902,
    0x0001, 0x08E2, 0x0002, 0x08C2, 0x0001, 0x0903, 0x0001, 0x0A04,
    0x0001, 0x13A7, 0x0001, 0x1D2A, 0x0001, 0x1DCB, 0x0001, 0x1D8B,
    0x0001, 0x1D6A, 0x0001, 0x1D4A, 0x0001, 0x264C, 0x0001, 0x26CD,
    0x0001, 0x26AD, 0x0002, 0x26CD, 0x0003, 0x26EE, 0x0002, 0x270E,
    0x0003, 0x272E, 0x0002, 0x274E, 0x0002, 0x276F, 0x0002, 0x278F,
    0x0003, 0x27AF, 0x0003, 0x2FCF, 0x0001, 0x27CF, 0x0002, 0x27AF,
    0x0001, 0x278F, 0x0001, 0x276F, 0x0001, 0x2FCF, 0x0001, 0x1DEC,
    0x0001, 0x1964, 0x0003, 0x4AA9, 0x0001, 0x4AAA, 0x0001, 0x1984,
    0x0003, 0x0902, 0x0003, 0x08E2, 0x0003, 0x08C2, 0x0004, 0x08A2,
    0x0001, 0x08A1, 0x000D, 0x0881, 0x0026, 0x0861, 0x0005, 0x0841,
    0x0026, 0x0861, 0x000D, 0x0881, 0x0005, 0x08A2, 0x0003, 0x08C2,
    0x0002, 0x08E2, 0x0002, 0x0902, 0x0001, 0x1103, 0x0001, 0x0902,
    0x0001, 0x29E6, 0x0001, 0x4AAA, 0x0001, 0x4A89, 0x0001, 0x4AAA,
    0x0001, 0x4268, 0x0001, 0x11A4, 0x0001, 0x26AD, 0x0001, 0x27AF,
    0x0001, 0x276F, 0x0001, 0x278F, 0x0002, 0x27AF, 0x0004, 0x2FCF,
    0x0002, 0x27AF, 0x0003, 0x278F, 0x0002, 0x276F, 0x0002, 0x274E,
    0x0003, 0x272E, 0x0002, 0x270E, 0x0003, 0x26EE, 0x0002, 0x26CD,
    0x0001, 0x26AD, 0x0001, 0x1D8B, 0x0001, 0x1D6A, 0x0002, 0x1D6B,
    0x0001, 0x1D6A, 0x0001, 0x1D6B, 0x0002, 0x1DAB, 0x0001, 0x1D0A,
    0x0001, 0x13C8, 0x0001, 0x12A6, 0x0001, 0x09E4, 0x0001, 0x0943,
    0x0001, 0x0923, 0x0001, 0x08C2, 0x0002, 0x08E2, 0x0001, 0x08C2,
    0x0001, 0x0923, 0x0001, 0x0943, 0x0001, 0x09A4, 0x0001, 0x1265,
    0x0001, 0x1387, 0x0001, 0x1CC9, 0x0001, 0x1D8B, 0x0001, 0x1DCB,
    0x0001, 0x1D8B, 0x0001, 0x1D6A, 0x0003, 0x1D6B, 0x0001, 0x1D8B,
    0x0001, 0x26AD, 0x0002, 0x26CD, 0x0003, 0x26EE, 0x0002, 0x270E,
    0x0003, 0x272E, 0x0002, 0x274E, 0x0002, 0x276F, 0x0003, 0x278F,
    0x0002, 0x27AF, 0x0004, 0x2FCF, 0x0002, 0x27AF, 0x0002, 0x278F,
    0x0002, 0x276F, 0x0001, 0x12A5, 0x0001, 0x31E7, 0x0001, 0x4ACA,
    0x0001, 0x4A89, 0x0001, 0x4AAA, 0x0001, 0x3A48, 0x0001, 0x0902,
    0x0001, 0x1103, 0x0002, 0x0902, 0x0002, 0x08E2, 0x0004, 0x08C2,
    0x0004, 0x08A2, 0x000E, 0x0881, 0x0026, 0x0861, 0x0005, 0x0841,
    0x0025, 0x0861, 0x000E, 0x0881, 0x0005, 0x08A2, 0x0003, 0x08C2,
    0x0003, 0x08E2, 0x0002, 0x0902, 0x0001, 0x0903, 0x0001, 0x1143,
    0x0001, 0x4289, 0x0001, 0x4AA9, 0x0001, 0x4A89, 0x0001, 0x4ACA,
    0x0001, 0x2985, 0x0001, 0x13A7, 0x0001, 0x2FF0, 0x0001, 0x276F,
    0x0001, 0x278F, 0x0002, 0x27AF, 0x0001, 0x27CF, 0x0003, 0x2FCF,
    0x0001, 0x27CF, 0x0002, 0x27AF, 0x0002, 0x278F, 0x0002, 0x276F,
    0x0001, 0x274F, 0x0002, 0x274E, 0x0003, 0x272E, 0x0002, 0x270E,
    0x0002, 0x26EE, 0x0001, 0x26CD, 0x0001, 0x26EE, 0x0001, 0x260C,
    0x0001, 0x1D4A, 0x0005, 0x1D6B, 0x0002, 0x1D6A, 0x0001, 0x1D8B,
    0x0002, 0x1DAB, 0x0001, 0x1D8B, 0x0001, 0x1D2A, 0x0001, 0x1CEA,
    0x0001, 0x1448, 0x0002, 0x1449, 0x0001, 0x1448, 0x0001, 0x1CC9,
    0x0001, 0x1D2A, 0x0001, 0x1D6A, 0x0001, 0x1DAB, 0x0001, 0x1DCB,
    0x0001, 0x1D8B, 0x0001, 0x1D6B, 0x0001, 0x1D6A, 0x0005, 0x1D6B,
    0x0001, 0x1D4A, 0x0001, 0x1DEB, 0x0001, 0x26EE, 0x0001, 0x26ED,
    0x0002, 0x26EE, 0x0002, 0x270E, 0x0003, 0x272E, 0x0002, 0x274E,
    0x0003, 0x276F, 0x0002, 0x278F, 0x0002, 0x27AF, 0x0001, 0x27CF,
    0x0001, 0x2FCF, 0x0001, 0x2FD0, 0x0001, 0x2FCF, 0x0001, 0x27CF,
    0x0002, 0x27AF, 0x0001, 0x278F, 0x0001, 0x276F, 0x0001, 0x2FF0,
    0x0001, 0x1D2A, 0x0001, 0x1944, 0x0001, 0x4AAA, 0x0002, 0x4AA9,
    0x0001, 0x4AAA, 0x0001, 0x1984, 0x0001, 0x0902, 0x0001, 0x1103,
    0x0002, 0x0902, 0x0002, 0x08E2, 0x0004, 0x08C2, 0x0004, 0x08A2,
    0x0001, 0x0882, 0x000E, 0x0881, 0x0025, 0x0861, 0x0005, 0x0841,
    0x0025, 0x0861, 0x000E, 0x0881, 0x0001, 0x0882, 0x0004, 0x08A2,
    0x0004, 0x08C2, 0x0002, 0x08E2, 0x0002, 0x0902, 0x0001, 0x1103,
    0x0001, 0x0902, 0x0001, 0x29E6, 0x0001, 0x4AAA, 0x0001, 0x4A89,
    0x0001, 0x4AA9, 0x0001, 0x4289, 0x0001, 0x1184, 0x0001, 0x262C,
    0x0001, 0x27AF, 0x0001, 0x276F, 0x0001, 0x278F, 0x0002, 0x27AF,
    0x0001, 0x27CF, 0x0003, 0x2FCF, 0x0001, 0x27CF, 0x0002, 0x27AF,
    0x0002, 0x278F, 0x0003, 0x276F, 0x0002, 0x274E, 0x0003, 0x272E,
    0x0002, 0x270E, 0x0001, 0x26EE, 0x0001, 0x270E, 0x0001, 0x26AD,
    0x000A, 0x1D6B, 0x0002, 0x1D6A, 0x0001, 0x1D6B, 0x0002, 0x1D8B,
    0x0004, 0x1DAB, 0x0002, 0x1D8B, 0x0001, 0x1D6B, 0x0003, 0x1D6A,
    0x0008, 0x1D6B, 0x0001, 0x1D4A, 0x0001, 0x266D, 0x0001, 0x270E,
    0x0001, 0x26EE, 0x0002, 0x270E, 0x0003, 0x272E, 0x0002, 0x274E,
    0x0003, 0x276F, 0x0002, 0x278F, 0x0002, 0x27AF, 0x0001, 0x27CF,
    0x0003, 0x2FCF, 0x0001, 0x27CF, 0x0002, 0x27AF, 0x0003, 0x278F,
    0x0001, 0x272E, 0x0001, 0x1244, 0x0001, 0x3A27, 0x0001, 0x4ACA,
    0x0001, 0x4A89, 0x0001, 0x4AAA, 0x0001, 0x3A48, 0x0001, 0x0922,
    0x0001, 0x1123, 0x0002, 0x0902, 0x0003, 0x08E2, 0x0003, 0x08C2,
    0x0004, 0x08A2, 0x0002, 0x0882, 0x000E, 0x0881, 0x0025, 0x0861,
    0x0005, 0x0841, 0x0025, 0x0861, 0x000E, 0x0881, 0x0001, 0x0882,
    0x0004, 0x08A2, 0x0004, 0x08C2, 0x0003, 0x08E2, 0x0001, 0x0902,
    0x0002, 0x0903, 0x0001, 0x1143, 0x0001, 0x4289, 0x0001, 0x4AA9,
    0x0001, 0x4A89, 0x0001, 0x4ACA, 0x0001, 0x31C6, 0x0001, 0x12C6,
    0x0001, 0x2FAF, 0x0001, 0x276F, 0x0002, 0x278F, 0x0002, 0x27AF,
    0x0004, 0x2FCF, 0x0003, 0x27AF, 0x0002, 0x278F, 0x0003, 0x276F,
    0x0002, 0x274E, 0x0003, 0x272E, 0x0003, 0x270E, 0x0001, 0x1DAB,
    0x0001, 0x1D4A, 0x000E, 0x1D6B, 0x0005, 0x1D6A, 0x000E, 0x1D6B,
    0x0001, 0x1D8B, 0x0001, 0x26EE, 0x0002, 0x270E, 0x0003, 0x272E,
    0x0002, 0x274E, 0x0001, 0x274F, 0x0002, 0x276F, 0x0002, 0x278F,
    0x0003, 0x27AF, 0x0004, 0x2FCF, 0x0002, 0x27AF, 0x0002, 0x278F,
    0x0001, 0x276F, 0x0001, 0x2FF0, 0x0001, 0x1448, 0x0001, 0x2164,
    0x0001, 0x4ACA, 0x0001, 0x4A89, 0x0001, 0x4AA9, 0x0001, 0x4AAA,
    0x0001, 0x1984, 0x0001, 0x0902, 0x0001, 0x1103, 0x0002, 0x0902,
    0x0002, 0x08E2, 0x0004, 0x08C2, 0x0004, 0x08A2, 0x0002, 0x0882,
    0x000E, 0x0881, 0x0025, 0x0861, 0x0004, 0x0841, 0x0026, 0x0861,
    0x000E, 0x0881, 0x0002, 0x0882, 0x0004, 0x08A2, 0x0004, 0x08C2,
    0x0002, 0x08E2, 0x0002, 0x0902, 0x0001, 0x1103, 0x0001, 0x0902,
    0x0001, 0x29C6, 0x0001, 0x4AAA, 0x0001, 0x4A89, 0x0001, 0x4AA9,
    0x0001, 0x4ACA, 0x0001, 0x1944, 0x0001, 0x1CEA, 0x0001, 0x2FF0,
    0x0001, 0x276F, 0x0001, 0x278F, 0x0002, 0x27AF, 0x0001, 0x27CF,
    0x0004, 0x2FCF, 0x0003, 0x27AF, 0x0002, 0x278F, 0x0003, 0x276F,
    0x0002, 0x274E, 0x0004, 0x272E, 0x0001, 0x264C, 0x0001, 0x1D4A,
    0x0022, 0x1D6B, 0x0001, 0x1D4A, 0x0001, 0x1E2C, 0x0004, 0x272E,
    0x0002, 0x274E, 0x0003, 0x276F, 0x0002, 0x278F, 0x0003, 0x27AF,
    0x0004, 0x2FCF, 0x0001, 0x27CF, 0x0002, 0x27AF, 0x0001, 0x278F,
    0x0001, 0x276F, 0x0001, 0x27AF, 0x0001, 0x264C, 0x0001, 0x1183,
    0x0001, 0x4289, 0x0001, 0x4AAA, 0x0001, 0x4A89, 0x0001, 0x4AAA,
    0x0001, 0x3227, 0x0001, 0x0922, 0x0001, 0x1123, 0x0002, 0x0902,
    0x0003, 0x08E2, 0x0004, 0x08C2, 0x0004, 0x08A2, 0x0002, 0x0882,
    0x000E, 0x0881, 0x0025, 0x0861, 0x0004, 0x0841, 0x0026, 0x0861,
    0x000E, 0x0881, 0x0002, 0x0882, 0x0004, 0x08A2, 0x0004, 0x08C2,
    0x0003, 0x08E2, 0x0002, 0x0902, 0x0001, 0x1123, 0x0001, 0x0923,
    0x0001, 0x3A68, 0x0001, 0x4AAA, 0x0001, 0x4A89, 0x0001, 0x4AAA,
    0x0001, 0x3A48, 0x0001, 0x11A3, 0x0001, 0x26AD, 0x0001, 0x27AF,
    0x0001, 0x276F, 0x0001, 0x278F, 0x0002, 0x27AF, 0x0001, 0x27CF,
    0x0004, 0x2FCF, 0x0003, 0x27AF, 0x0002, 0x278F, 0x0003, 0x276F,
    0x0002, 0x274E, 0x0001, 0x272E, 0x0001, 0x274E, 0x0001, 0x26CD,
    0x0025, 0x1D6B, 0x0001, 0x1D6A, 0x0001, 0x26AD, 0x0001, 0x274E,
    0x0001, 0x272E, 0x0002, 0x274E, 0x0003, 0x276F, 0x0002, 0x278F,
    0x0003, 0x27AF, 0x0004, 0x2FCF, 0x0001, 0x27CF, 0x0002, 0x27AF,
    0x0002, 0x278F, 0x0001, 0x276F, 0x0001, 0x278F, 0x0001, 0x1285,
    0x0001, 0x31E6, 0x0001, 0x4ACA, 0x0001, 0x4A89, 0x0001, 0x4AA9,
    0x0001, 0x4A89, 0x0001, 0x1164, 0x0001, 0x0922, 0x0001, 0x1103,
    0x0002, 0x0902, 0x0002, 0x08E2, 0x0004, 0x08C2, 0x0004, 0x08A2,
    0x0003, 0x0882, 0x000E, 0x0881, 0x0025, 0x0861, 0x0004, 0x0841,
    0x0026, 0x0861, 0x000E, 0x0881, 0x0002, 0x0882, 0x0004, 0x08A2,
    0x0005, 0x08C2, 0x0002, 0x08E2, 0x0002, 0x0902, 0x0001, 0x1123,
    0x0001, 0x0902, 0x0001, 0x1984, 0x0001, 0x4AAA, 0x0001, 0x4AA9,
    0x0001, 0x4A89, 0x0001, 0x4ACA, 0x0001, 0x29C6, 0x0001, 0x12A5,
    0x0001, 0x278F, 0x0001, 0x276F, 0x0002, 0x278F, 0x0002, 0x27AF,
    0x0001, 0x27CF, 0x0004, 0x2FCF, 0x0003, 0x27AF, 0x0002, 0x278F,
    0x0003, 0x276F, 0x0003, 0x274E, 0x0001, 0x1DEB, 0x0001, 0x1D4A,
    0x0024, 0x1D6B, 0x0001, 0x1D6A, 0x0001, 0x1DAB, 0x0001, 0x272E,
    0x0002, 0x274E, 0x0003, 0x276F, 0x0002, 0x278F, 0x0003, 0x27AF,
    0x0002, 0x2FCF, 0x0001, 0x2FF0, 0x0001, 0x2FCF, 0x0001, 0x27CF,
    0x0002, 0x27AF, 0x0002, 0x278F, 0x0001, 0x276F, 0x0001, 0x2FF0,
    0x0001, 0x1408, 0x0001, 0x1964, 0x0001, 0x4ACA, 0x0001, 0x4AA9,
    0x0001, 0x4A89, 0x0001, 0x4AAA, 0x0001, 0x29E6, 0x0001, 0x0902,
    0x0001, 0x1123, 0x0002, 0x0902, 0x0003, 0x08E2, 0x0004, 0x08C2,
    0x0004, 0x08A2, 0x0003, 0x0882, 0x000E, 0x0881, 0x0025, 0x0861,
    0x0004, 0x0841, 0x0026, 0x0861, 0x000E, 0x0881, 0x0003, 0x0882,
    0x0004, 0x08A2, 0x0004, 0x08C2, 0x0003, 0x08E2, 0x0002, 0x0902,
    0x0001, 0x1123, 0x0001, 0x0902, 0x0001, 0x3207, 0x0001, 0x4AAA,
    0x0001, 0x4A89, 0x0001, 0x4AA9, 0x0001, 0x4ACA, 0x0001, 0x1964,
    0x0001, 0x1408, 0x0001, 0x2FF0, 0x0001, 0x276F, 0x0002, 0x278F,
    0x0002, 0x27AF, 0x0001, 0x27CF, 0x0004, 0x2FCF, 0x0003, 0x27AF,
    0x0002, 0x278F, 0x0002, 0x276F, 0x0001, 0x274E, 0x0001, 0x278F,
    0x0001, 0x268D, 0x0001, 0x1D4A, 0x0026, 0x1D6B, 0x0001, 0x1D4A,
    0x0001, 0x262C, 0x0001, 0x276F, 0x0001, 0x274E, 0x0002, 0x276F,
    0x0002, 0x278F, 0x0003, 0x27AF, 0x0002, 0x2FCF, 0x0001, 0x2FF0,
    0x0001, 0x2FCF, 0x0001, 0x27CF, 0x0002, 0x27AF, 0x0002, 0x278F,
    0x0001, 0x276F, 0x0001, 0x2FCF, 0x0001, 0x1D8B, 0x0001, 0x1143,
    0x0001, 0x4289, 0x0001, 0x4AA9, 0x0001, 0x4A89, 0x0001, 0x4AAA,
    0x0001, 0x3A68, 0x0002, 0x1123, 0x0003, 0x0902, 0x0002, 0x08E2,
    0x0004, 0x08C2, 0x0004, 0x08A2, 0x0004, 0x0882, 0x000E, 0x0881,
    0x0025, 0x0861, 0x0004, 0x0841, 0x0026, 0x0861, 0x000E, 0x0881,
    0x0003, 0x0882, 0x0005, 0x08A2, 0x0004, 0x08C2, 0x0002, 0x08E2,
    0x0002, 0x0902, 0x0001, 0x1103, 0x0001, 0x0923, 0x0001, 0x1123,
    0x0001, 0x4269, 0x0001, 0x4AAA, 0x0001, 0x4A89, 0x0001, 0x4AA9,
    0x0001, 0x4289, 0x0001, 0x1143, 0x0001, 0x1D8B, 0x0001, 0x2FF0,
    0x0001, 0x276F, 0x0001, 0x278F, 0x0003, 0x27AF, 0x0001, 0x27CF,
    0x0004, 0x2FCF, 0x0003, 0x27AF, 0x0002, 0x278F, 0x0001, 0x276F,
    0x0001, 0x278F, 0x0001, 0x272E, 0x0001, 0x1D6B, 0x0001, 0x1D6A,
    0x0027, 0x1D6B, 0x0001, 0x1D4A, 0x0001, 0x26EE, 0x0001, 0x278F,
    0x0001, 0x276F, 0x0002, 0x278F, 0x0003, 0x27AF, 0x0002, 0x2FCF,
    0x0001, 0x2FF0, 0x0001, 0x2FCF, 0x0001, 0x27CF, 0x0003, 0x27AF,
    0x0001, 0x278F, 0x0001, 0x276F, 0x0001, 0x27AF, 0x0001, 0x26CD,
    0x0001, 0x11C4, 0x0001, 0x3A48, 0x0001, 0x4ACA, 0x0001, 0x4A89,
    0x0002, 0x4AA9, 0x0001, 0x1964, 0x0001, 0x0902, 0x0001, 0x1123,
    0x0002, 0x0902, 0x0003, 0x08E2, 0x0004, 0x08C2, 0x0004, 0x08A2,
    0x0004, 0x0882, 0x000E, 0x0881, 0x0025, 0x0861, 0x0004, 0x0841,
    0x0026, 0x0861, 0x000E, 0x0881, 0x0004, 0x0882, 0x0004, 0x08A2,
    0x0004, 0x08C2, 0x0003, 0x08E2, 0x0002, 0x0902, 0x0001, 0x1123,
    0x0001, 0x0902, 0x0001, 0x1984, 0x0002, 0x4AA9, 0x0001, 0x4A89,
    0x0001, 0x4ACA, 0x0001, 0x3A48, 0x0001, 0x09A3, 0x0001, 0x264D,
    0x0001, 0x27AF, 0x0001, 0x276F, 0x0002, 0x278F, 0x0002, 0x27AF,
    0x0001, 0x27CF, 0x0004, 0x2FCF, 0x0003, 0x27AF, 0x0003, 0x278F,
    0x0001, 0x1DEC, 0x0001, 0x1D4A, 0x0028, 0x1D6B, 0x0001, 0x1D4A,
    0x0001, 0x1DCB, 0x0003, 0x278F, 0x0003, 0x27AF, 0x0002, 0x2FCF,
    0x0001, 0x2FF0, 0x0001, 0x2FCF, 0x0001, 0x27CF, 0x0003, 0x27AF,
    0x0001, 0x278F, 0x0001, 0x276F, 0x0001, 0x278F, 0x0001, 0x274E,
    0x0001, 0x1285, 0x0001, 0x29C6, 0x0001, 0x4ACA, 0x0002, 0x4A89,
    0x0001, 0x4AAA, 0x0001, 0x29C6, 0x0001, 0x0902, 0x0001, 0x1123,
    0x0003, 0x0902, 0x0002, 0x08E2, 0x0004, 0x08C2, 0x0004, 0x08A2,
    0x0004, 0x0882, 0x000F, 0x0881, 0x0025, 0x0861, 0x0004, 0x0841,
    0x0026, 0x0861, 0x000E, 0x0881, 0x0004, 0x0882, 0x0005, 0x08A2,
    0x0004, 0x08C2, 0x0002, 0x08E2, 0x0003, 0x0902, 0x0001, 0x1123,
    0x0001, 0x0902, 0x0001, 0x29C6, 0x0001, 0x4AAA, 0x0002, 0x4A89,
    0x0001, 0x4ACA, 0x0001, 0x31E6, 0x0001, 0x0A04, 0x0001, 0x272E,
    0x0001, 0x27AF, 0x0001, 0x276F, 0x0002, 0x278F, 0x0002, 0x27AF,
    0x0001, 0x27CF, 0x0004, 0x2FCF, 0x0001, 0x27CF, 0x0002, 0x27AF,
    0x0001, 0x2FCF, 0x0001, 0x26AD, 0x0001, 0x1D4A, 0x002A, 0x1D6B,
    0x0001, 0x1D4A, 0x0001, 0x268D, 0x0001, 0x2FCF, 0x0001, 0x278F,
    0x0001, 0x27AF, 0x0001, 0x27CF, 0x0004, 0x2FCF, 0x0001, 0x27CF,
    0x0002, 0x27AF, 0x0002, 0x278F, 0x0002, 0x276F, 0x0001, 0x2FCF,
    0x0001, 0x1347, 0x0001, 0x2165, 0x0001, 0x4ACA, 0x0001, 0x4AA9,
    0x0001, 0x4A89, 0x0001, 0x4AAA, 0x0001, 0x3227, 0x0001, 0x0922,
    0x0001, 0x1123, 0x0003, 0x0902, 0x0002, 0x08E2, 0x0004, 0x08C2,
    0x0005, 0x08A2, 0x0004, 0x0882, 0x000F, 0x0881, 0x0025, 0x0861,
    0x0004, 0x0841, 0x0026, 0x0861, 0x000F, 0x0881, 0x0003, 0x0882,
    0x0006, 0x08A2, 0x0004, 0x08C2, 0x0002, 0x08E2, 0x0003, 0x0902,
    0x0001, 0x1123, 0x0001, 0x0922, 0x0001, 0x3227, 0x0001, 0x4ACA,
    0x0001, 0x4A89, 0x0001, 0x4AA9, 0x0001, 0x4ACA, 0x0001, 0x21A5,
    0x0001, 0x1285, 0x0001, 0x274E, 0x0001, 0x27AF, 0x0001, 0x276F,
    0x0002, 0x278F, 0x0002, 0x27AF, 0x0001, 0x27CF, 0x0004, 0x2FCF,
    0x0002, 0x27CF, 0x0001, 0x278F, 0x0001, 0x1D8B, 0x0001, 0x1D6A,
    0x002B, 0x1D6B, 0x0001, 0x1D6A, 0x0001, 0x274E, 0x0001, 0x2FCF,
    0x0001, 0x27AF, 0x0002, 0x2FCF, 0x0001, 0x2FD0, 0x0001, 0x2FCF,
    0x0001, 0x27CF, 0x0003, 0x27AF, 0x0001, 0x278F, 0x0002, 0x276F,
    0x0001, 0x2FCF, 0x0001, 0x13C7, 0x0001, 0x1964, 0x0002, 0x4AA9,
    0x0001, 0x4A89, 0x0001, 0x4AAA, 0x0001, 0x4269, 0x0001, 0x1143,
    0x0001, 0x0923, 0x0001, 0x1103, 0x0002, 0x0902, 0x0003, 0x08E2,
    0x0004, 0x08C2, 0x0005, 0x08A2, 0x0003, 0x0882, 0x0010, 0x0881,
    0x0025, 0x0861, 0x0004, 0x0841, 0x0026, 0x0861, 0x0010, 0x0881,
    0x0003, 0x0882, 0x0005, 0x08A2, 0x0004, 0x08C2, 0x0003, 0x08E2,
    0x0002, 0x0902, 0x0001, 0x1103, 0x0001, 0x0923, 0x0001, 0x1123,
    0x0001, 0x3A68, 0x0001, 0x4AAA, 0x0001, 0x4A89, 0x0001, 0x4AA9,
    0x0001, 0x4ACA, 0x0001, 0x2185, 0x0001, 0x1285, 0x0001, 0x274E,
    0x0001, 0x27AF, 0x0001, 0x276F, 0x0002, 0x278F, 0x0002, 0x27AF,
    0x0001, 0x27CF, 0x0004, 0x2FCF, 0x0001, 0x2FF0, 0x0001, 0x262C,
    0x0001, 0x1D4A, 0x002C, 0x1D6B, 0x0001, 0x1D4A, 0x0001, 0x1DEB,
    0x0005, 0x2FCF, 0x0001, 0x27CF, 0x0002, 0x27AF, 0x0002, 0x278F,
    0x0002, 0x276F, 0x0001, 0x2FCF, 0x0001, 0x13C7, 0x0001, 0x1944,
    0x0002, 0x4AA9, 0x0001, 0x4A89, 0x0001, 0x4AA9, 0x0001, 0x4A89,
    0x0001, 0x1964, 0x0001, 0x0902, 0x0001, 0x1123, 0x0003, 0x0902,
    0x0002, 0x08E2, 0x0004, 0x08C2, 0x0006, 0x08A2, 0x0003, 0x0882,
    0x0010, 0x0881, 0x0025, 0x0861, 0x0004, 0x0841, 0x0026, 0x0861,
    0x0010, 0x0881, 0x0003, 0x0882, 0x0006, 0x08A2, 0x0004, 0x08C2,
    0x0003, 0x08E2, 0x0002, 0x0902, 0x0001, 0x1123, 0x0001, 0x0902,
    0x0001, 0x1143, 0x0001, 0x4A89, 0x0001, 0x4AAA, 0x0001, 0x4A89,
    0x0001, 0x4AA9, 0x0001, 0x4ACA, 0x0001, 0x2185, 0x0001, 0x1285,
    0x0001, 0x274E, 0x0001, 0x27AF, 0x0001, 0x276F, 0x0002, 0x278F,
    0x0003, 0x27AF, 0x0002, 0x2FCF, 0x0001, 0x2FF0, 0x0001, 0x270E,
    0x0001, 0x1D4A, 0x002E, 0x1D6B, 0x0001, 0x1D4A, 0x0001, 0x26AD,
    0x0001, 0x2FF0, 0x0002, 0x2FCF, 0x0003, 0x27AF, 0x0002, 0x278F,
    0x0002, 0x276F, 0x0001, 0x2FCF, 0x0001, 0x13A7, 0x0001, 0x1944,
    0x0001, 0x4AA9, 0x0001, 0x4AAA, 0x0001, 0x4A89, 0x0001, 0x4AA9,
    0x0001, 0x4AAA, 0x0001, 0x21A5, 0x0001, 0x0902, 0x0001, 0x1123,
    0x0003, 0x0902, 0x0003, 0x08E2, 0x0004, 0x08C2, 0x0006, 0x08A2,
    0x0002, 0x0882, 0x0011, 0x0881, 0x0025, 0x0861, 0x0004, 0x0841,
    0x0026, 0x0861, 0x0011, 0x0881, 0x0002, 0x0882, 0x0006, 0x08A2,
    0x0004, 0x08C2, 0x0003, 0x08E2, 0x0003, 0x0902, 0x0001, 0x1123,
    0x0001, 0x0902, 0x0001, 0x1964, 0x0001, 0x4A89, 0x0001, 0x4AAA,
    0x0001, 0x4A89, 0x0001, 0x4AA9, 0x0001, 0x4ACA, 0x0001, 0x2185,
    0x0001, 0x1285, 0x0001, 0x274E, 0x0001, 0x27CF, 0x0001, 0x276F,
    0x0002, 0x278F, 0x0003, 0x27AF, 0x0001, 0x27CF, 0x0001, 0x27AF,
    0x0001, 0x1DAB, 0x0001, 0x1D6A, 0x002F, 0x1D6B, 0x0001, 0x1D8B,
    0x0001, 0x278F, 0x0001, 0x2FCF, 0x0003, 0x27AF, 0x0002, 0x278F,
    0x0001, 0x276F, 0x0001, 0x278F, 0x0001, 0x2FCF, 0x0001, 0x13A7,
    0x0001, 0x1944, 0x0001, 0x4AA9, 0x0001, 0x4AAA, 0x0001, 0x4A89,
    0x0001, 0x4AA9, 0x0001, 0x4AAA, 0x0001, 0x21C5, 0x0001, 0x0902,
    0x0001, 0x1123, 0x0003, 0x0902, 0x0003, 0x08E2, 0x0004, 0x08C2,
    0x0007, 0x08A2, 0x0002, 0x0882, 0x0011, 0x0881, 0x0025, 0x0861,
    0x0004, 0x0841, 0x0026, 0x0861, 0x0011, 0x0881, 0x0002, 0x0882,
    0x0007, 0x08A2, 0x0004, 0x08C2, 0x0003, 0x08E2, 0x0003, 0x0902,
    0x0001, 0x1123, 0x0001, 0x0902, 0x0001, 0x1984, 0x0001, 0x4A89,
    0x0001, 0x4AAA, 0x0001, 0x4A89, 0x0001, 0x4AA9, 0x0001, 0x4ACA,
    0x0001, 0x2185, 0x0001, 0x1245, 0x0001, 0x268D, 0x0001, 0x2FF0,
    0x0001, 0x276F, 0x0002, 0x278F, 0x0002, 0x27AF, 0x0001, 0x27CF,
    0x0001, 0x262C, 0x0001, 0x1D4A, 0x0030, 0x1D6B, 0x0001, 0x1D4A,
    0x0001, 0x1E0C, 0x0001, 0x27CF, 0x0002, 0x27AF, 0x0002, 0x278F,
    0x0001, 0x276F, 0x0001, 0x27AF, 0x0001, 0x272E, 0x0001, 0x1346,
    0x0001, 0x1944, 0x0001, 0x4AA9, 0x0001, 0x4AAA, 0x0001, 0x4A89,
    0x0001, 0x4AA9, 0x0001, 0x4AAA, 0x0001, 0x21C5, 0x0001, 0x0902,
    0x0001, 0x1123, 0x0003, 0x0902, 0x0003, 0x08E2, 0x0004, 0x08C2,
    0x0007, 0x08A2, 0x0002, 0x0882, 0x0012, 0x0881, 0x0025, 0x0861,
    0x0004, 0x0841, 0x0026, 0x0861, 0x0012, 0x0881, 0x0002, 0x0882,
    0x0007, 0x08A2, 0x0004, 0x08C2, 0x0003, 0x08E2, 0x0003, 0x0902,
    0x0001, 0x1123, 0x0001, 0x0902, 0x0001, 0x1984, 0x0001, 0x4A89,
    0x0001, 0x4AAA, 0x0001, 0x4A89, 0x0001, 0x4AA9, 0x0001, 0x4ACA,
    0x0001, 0x31C6, 0x0001, 0x11A3, 0x0001, 0x1DCC, 0x0001, 0x2FF0,
    0x0002, 0x276F, 0x0001, 0x278F, 0x0001, 0x27CF, 0x0001, 0x270E,
    0x0001, 0x1D4A, 0x0032, 0x1D6B, 0x0001, 0x1D4A, 0x0001, 0x26AD,
    0x0001, 0x2FCF, 0x0002, 0x278F, 0x0001, 0x276F, 0x0001, 0x2FCF,
    0x0001, 0x26CD, 0x0001, 0x1285, 0x0001, 0x2165, 0x0001, 0x4AC9,
    0x0001, 0x4AA9, 0x0001, 0x4A89, 0x0001, 0x4AA9, 0x0001, 0x4AAA,
    0x0001, 0x21C5, 0x0001, 0x0902, 0x0001, 0x1123, 0x0003, 0x0902,
    0x0003, 0x08E2, 0x0004, 0x08C2, 0x0008, 0x08A2, 0x0001, 0x0882,
    0x0013, 0x0881, 0x0025, 0x0861, 0x0004, 0x0841, 0x0026, 0x0861,
    0x0013, 0x0881, 0x0001, 0x0882, 0x0008, 0x08A2, 0x0004, 0x08C2,
    0x0003, 0x08E2, 0x0003, 0x0902, 0x0001, 0x1123, 0x0001, 0x0902,
    0x0001, 0x1964, 0x0001, 0x4A89, 0x0001, 0x4AAA, 0x0002, 0x4A89,
    0x0001, 0x4ACA, 0x0001, 0x3A27, 0x0001, 0x1143, 0x0001, 0x1C69,
    0x0001, 0x2FAF, 0x0001, 0x278F, 0x0001, 0x276F, 0x0001, 0x278F,
    0x0001, 0x1DAB, 0x0001, 0x1D6A, 0x0033, 0x1D6B, 0x0001, 0x1D8B,
    0x0001, 0x274E, 0x0001, 0x278F, 0x0001, 0x276F, 0x0001, 0x2FF0,
    0x0001, 0x1D6B, 0x0001, 0x11A3, 0x0001, 0x29C6, 0x0001, 0x4ACA,
    0x0001, 0x4AA9, 0x0001, 0x4A89, 0x0001, 0x4AA9, 0x0001, 0x4AAA,
    0x0001, 0x21C5, 0x0001, 0x0902, 0x0001, 0x1123, 0x0001, 0x0923,
    0x0002, 0x0902, 0x0004, 0x08E2, 0x0004, 0x08C2, 0x0007, 0x08A2,
    0x0002, 0x0882, 0x0013, 0x0881, 0x0025, 0x0861, 0x0004, 0x0841,
    0x0026, 0x0861, 0x0013, 0x0881, 0x0002, 0x0882, 0x0008, 0x08A2,
    0x0004, 0x08C2, 0x0003, 0x08E2, 0x0002, 0x0902, 0x0001, 0x0903,
    0x0001, 0x1123, 0x0001, 0x0902, 0x0001, 0x1964, 0x0001, 0x4A89,
    0x0001, 0x4AAA, 0x0002, 0x4A89, 0x0001, 0x4ACA, 0x0001, 0x4289,
    0x0001, 0x1944, 0x0001, 0x12E6, 0x0001, 0x26EE, 0x0001, 0x2FF0,
    0x0001, 0x262C, 0x0001, 0x1D4A, 0x0001, 0x1D8B, 0x0033, 0x1D6B,
    0x0001, 0x1D4A, 0x0001, 0x1E0C, 0x0001, 0x2FCF, 0x0001, 0x278F,
    0x0001, 0x1408, 0x0001, 0x1143, 0x0001, 0x3A28, 0x0001, 0x4ACA,
    0x0001, 0x4AA9, 0x0001, 0x4A89, 0x0001, 0x4AA9, 0x0001, 0x4AAA,
    0x0001, 0x21C5, 0x0001, 0x0902, 0x0001, 0x1123, 0x0001, 0x0923,
    0x0002, 0x0902, 0x0004, 0x08E2, 0x0004, 0x08C2, 0x0007, 0x08A2,
    0x0002, 0x0882, 0x0014, 0x0881, 0x0025, 0x0861, 0x0004, 0x0841,
    0x0026, 0x0861, 0x0014, 0x0881, 0x0002, 0x0882, 0x0007, 0x08A2,
    0x0005, 0x08C2, 0x0003, 0x08E2, 0x0002, 0x0902, 0x0001, 0x0903,
    0x0001, 0x1123, 0x0001, 0x0902, 0x0001, 0x1964, 0x0001, 0x4268,
    0x0001, 0x4AAA, 0x0002, 0x4A89, 0x0001, 0x4AAA, 0x0001, 0x4ACA,
    0x0001, 0x29A5, 0x0001, 0x11E4, 0x0001, 0x1D0A, 0x0001, 0x1DAB,
    0x0001, 0x1D8B, 0x0001, 0x1D4A, 0x0032, 0x1D6B, 0x0001, 0x1D4A,
    0x0001, 0x1D6B, 0x0002, 0x1DAB, 0x0001, 0x12A5, 0x0001, 0x1944,
    0x0001, 0x4289, 0x0001, 0x4ACA, 0x0002, 0x4A89, 0x0001, 0x4AAA,
    0x0001, 0x4A89, 0x0001, 0x21A5, 0x0001, 0x0902, 0x0001, 0x1123,
    0x0001, 0x0923, 0x0001, 0x0903, 0x0001, 0x0902, 0x0004, 0x08E2,
    0x0005, 0x08C2, 0x0006, 0x08A2, 0x0002, 0x0882, 0x0015, 0x0881,
    0x0025, 0x0861, 0x0004, 0x0841, 0x0026, 0x0861, 0x0015, 0x0881,
    0x0002, 0x0882, 0x0006, 0x08A2, 0x0006, 0x08C2, 0x0003, 0x08E2,
    0x0001, 0x0902, 0x0002, 0x0903, 0x0001, 0x1123, 0x0001, 0x0902,
    0x0001, 0x1123, 0x0001, 0x3A48, 0x0001, 0x4AAA, 0x0001, 0x4AA9,
    0x0001, 0x4A89, 0x0001, 0x4AA9, 0x0001, 0x4ACA, 0x0001, 0x3A28,
    0x0001, 0x1943, 0x0001, 0x12A5, 0x0001, 0x1CEA, 0x0001, 0x1DCB,
    0x0001, 0x1D8B, 0x0001, 0x1D6A, 0x002E, 0x1D6B, 0x0001, 0x1D6A,
    0x0001, 0x1D6B, 0x0001, 0x1DCB, 0x0001, 0x1D4A, 0x0001, 0x1346,
    0x0001, 0x1143, 0x0001, 0x31E6, 0x0001, 0x4ACA, 0x0001, 0x4AA9,
    0x0002, 0x4A89, 0x0001, 0x4AAA, 0x0001, 0x4269, 0x0001, 0x1964,
    0x0001, 0x0902, 0x0001, 0x1123, 0x0001, 0x0903, 0x0002, 0x0902,
    0x0004, 0x08E2, 0x0005, 0x08C2, 0x0007, 0x08A2, 0x0002, 0x0882,
    0x0015, 0x0881, 0x0025, 0x0861, 0x0005, 0x0841, 0x0025, 0x0861,
    0x0015, 0x0881, 0x0002, 0x0882, 0x0007, 0x08A2, 0x0006, 0x08C2,
    0x0003, 0x08E2, 0x0002, 0x0902, 0x0001, 0x0903, 0x0001, 0x1123,
    0x0002, 0x0922, 0x0001, 0x29E6, 0x0001, 0x4AAA, 0x0001, 0x4AA9,
    0x0002, 0x4A89, 0x0001, 0x4ACA, 0x0001, 0x4AA9, 0x0001, 0x29C6,
    0x0001, 0x1184, 0x0001, 0x1367, 0x0001, 0x1D2A, 0x0001, 0x1DCB,
    0x0001, 0x1D6B, 0x0001, 0x1D6A, 0x002A, 0x1D6B, 0x0002, 0x1D6A,
    0x0001, 0x1DAB, 0x0001, 0x1D8B, 0x0001, 0x13E8, 0x0001, 0x11E4,
    0x0001, 0x2185, 0x0001, 0x4289, 0x0001, 0x4ACA, 0x0001, 0x4AA9,
    0x0001, 0x4A89, 0x0001, 0x4AA9, 0x0001, 0x4AAA, 0x0001, 0x3A27,
    0x0001, 0x1123, 0x0001, 0x0902, 0x0001, 0x1123, 0x0001, 0x1103,
    0x0002, 0x0902, 0x0004, 0x08E2, 0x0005, 0x08C2, 0x0007, 0x08A2,
    0x0002, 0x0882, 0x0016, 0x0881, 0x0025, 0x0861, 0x0005, 0x0841,
    0x0025, 0x0861, 0x0016, 0x0881, 0x0002, 0x0882, 0x0007, 0x08A2,
    0x0006, 0x08C2, 0x0003, 0x08E2, 0x0003, 0x0902, 0x0002, 0x1123,
    0x0001, 0x0902, 0x0001, 0x2184, 0x0001, 0x4289, 0x0001, 0x4AAA,
    0x0002, 0x4A89, 0x0001, 0x4AA9, 0x0001, 0x4ACA, 0x0001, 0x4268,
    0x0001, 0x2185, 0x0001, 0x11A4, 0x0001, 0x13E8, 0x0001, 0x1D6B,
    0x0001, 0x1DCB, 0x0001, 0x1D8B, 0x0002, 0x1D6A, 0x0025, 0x1D6B,
    0x0001, 0x1D6A, 0x0001, 0x1D6B, 0x0001, 0x1DAB, 0x0001, 0x1D8B,
    0x0001, 0x1C69, 0x0001, 0x1224, 0x0001, 0x1964, 0x0001, 0x3A28,
    0x0001, 0x4ACA, 0x0001, 0x4AAA, 0x0002, 0x4A89, 0x0001, 0x4AAA,
    0x0001, 0x4AA9, 0x0001, 0x29C6, 0x0002, 0x0902, 0x0001, 0x1123,
    0x0001, 0x1103, 0x0002, 0x0902, 0x0004, 0x08E2, 0x0005, 0x08C2,
    0x0007, 0x08A2, 0x0002, 0x0882, 0x0017, 0x0881, 0x0025, 0x0861,
    0x0005, 0x0841, 0x0025, 0x0861, 0x0017, 0x0881, 0x0002, 0x0882,
    0x0007, 0x08A2, 0x0006, 0x08C2, 0x0003, 0x08E2, 0x0002, 0x0902,
    0x0001, 0x1102, 0x0001, 0x1103, 0x0001, 0x1123, 0x0001, 0x0902,
    0x0001, 0x1143, 0x0001, 0x3227, 0x0002, 0x4AAA, 0x0002, 0x4A89,
    0x0001, 0x4AAA, 0x0001, 0x4ACA, 0x0001, 0x3A28, 0x0001, 0x2164,
    0x0001, 0x11E4, 0x0001, 0x1367, 0x0001, 0x1D2A, 0x0001, 0x1DCB,
    0x0001, 0x1DAB, 0x0001, 0x1D6B, 0x0001, 0x1D6A, 0x0020, 0x1D6B,
    0x0002, 0x1D6A, 0x0001, 0x1D8B, 0x0001, 0x1DCB, 0x0001, 0x1D6B,
    0x0001, 0x13E7, 0x0001, 0x1224, 0x0001, 0x1964, 0x0001, 0x3207,
    0x0001, 0x4AA9, 0x0001, 0x4AAA, 0x0002, 0x4A89, 0x0001, 0x4AA9,
    0x0001, 0x4ACA, 0x0001, 0x3A48, 0x0001, 0x1964, 0x0001, 0x0902,
    0x0002, 0x1123, 0x0002, 0x1102, 0x0001, 0x0902, 0x0004, 0x08E2,
    0x0005, 0x08C2, 0x0007, 0x08A2, 0x0002, 0x0882, 0x0018, 0x0881,
    0x0025, 0x0861, 0x0005, 0x0841, 0x0025, 0x0861, 0x0018, 0x0881,
    0x0002, 0x0882, 0x0007, 0x08A2, 0x0006, 0x08C2, 0x0004, 0x08E2,
    0x0003, 0x1102, 0x0001, 0x1123, 0x0002, 0x0902, 0x0001, 0x21A5,
    0x0001, 0x4269, 0x0001, 0x4AAA, 0x0001, 0x4AA9, 0x0002, 0x4A89,
    0x0002, 0x4AAA, 0x0001, 0x3A27, 0x0001, 0x2185, 0x0001, 0x11A4,
    0x0001, 0x12E6, 0x0001, 0x1C89, 0x0001, 0x1D8B, 0x0001, 0x1DCB,
    0x0001, 0x1D8B, 0x0001, 0x1D6B, 0x0002, 0x1D6A, 0x0018, 0x1D6B,
    0x0002, 0x1D6A, 0x0001, 0x1D6B, 0x0001, 0x1D8B, 0x0002, 0x1DAB,
    0x0001, 0x1CE9, 0x0001, 0x1366, 0x0001, 0x11E4, 0x0001, 0x2184,
    0x0001, 0x3207, 0x0001, 0x4AA9, 0x0001, 0x4ACA, 0x0001, 0x4AA9,
    0x0002, 0x4A89, 0x0001, 0x4AAA, 0x0001, 0x4A89, 0x0001, 0x29E6,
    0x0001, 0x1123, 0x0001, 0x0902, 0x0001, 0x1123, 0x0001, 0x1103,
    0x0003, 0x1102, 0x0004, 0x08E2, 0x0005, 0x08C2, 0x0007, 0x08A2,
    0x0002, 0x0882, 0x0019, 0x0881, 0x0025, 0x0861, 0x0005, 0x0841,
    0x0026, 0x0861, 0x0018, 0x0881, 0x0002, 0x0882, 0x0007, 0x08A2,
    0x0005, 0x08C2, 0x0004, 0x08E2, 0x0001, 0x10E2, 0x0003, 0x1102,
    0x0001, 0x1103, 0x0001, 0x1123, 0x0001, 0x0902, 0x0001, 0x1123,
    0x0001, 0x29E6, 0x0001, 0x4AA9, 0x0001, 0x4AAA, 0x0001, 0x4AA9,
    0x0001, 0x4A89, 0x0001, 0x4AA9, 0x0001, 0x4AAA, 0x0001, 0x4ACA,
    0x0001, 0x4268, 0x0001, 0x29C6, 0x0001, 0x1984, 0x0001, 0x1245,
    0x0001, 0x1387, 0x0001, 0x1CC9, 0x0001, 0x1D6B, 0x0001, 0x1DCB,
    0x0001, 0x1DAB, 0x0001, 0x1D8B, 0x0001, 0x1D6B, 0x0004, 0x1D6A,
    0x000C, 0x1D6B, 0x0004, 0x1D6A, 0x0001, 0x1D6B, 0x0001, 0x1D8B,
    0x0001, 0x1DAB, 0x0001, 0x1DCB, 0x0001, 0x1D8B, 0x0001, 0x1D0A,
    0x0001, 0x13E7, 0x0001, 0x1285, 0x0001, 0x1984, 0x0001, 0x29A5,
    0x0001, 0x3A48, 0x0001, 0x4AAA, 0x0001, 0x4ACA, 0x0001, 0x4AA9,
    0x0002, 0x4A89, 0x0002, 0x4AAA, 0x0001, 0x3227, 0x0001, 0x1144,
    0x0001, 0x0902, 0x0001, 0x1123, 0x0001, 0x1103, 0x0003, 0x1102,
    0x0002, 0x10E2, 0x0004, 0x08E2, 0x0004, 0x08C2, 0x0007, 0x08A2,
    0x0002, 0x0882, 0x0019, 0x0881, 0x0026, 0x0861, 0x0005, 0x0841,
    0x0026, 0x0861, 0x0019, 0x0881, 0x0002, 0x0882, 0x0008, 0x08A2,
    0x0004, 0x08C2, 0x0004, 0x08E2, 0x0002, 0x10E2, 0x0003, 0x1102,
    0x0001, 0x1123, 0x0001, 0x0922, 0x0001, 0x0902, 0x0001, 0x1964,
    0x0001, 0x3207, 0x0001, 0x4AA9, 0x0001, 0x4AAA, 0x0001, 0x4AA9,
    0x0002, 0x4A89, 0x0001, 0x4AAA, 0x0001, 0x4ACA, 0x0001, 0x4AA9,
    0x0001, 0x3A27, 0x0001, 0x2185, 0x0001, 0x1984, 0x0001, 0x1204,
    0x0001, 0x1306, 0x0001, 0x1408, 0x0001, 0x1CEA, 0x0001, 0x1D8B,
    0x0001, 0x1DAB, 0x0001, 0x1DCB, 0x0002, 0x1DAB, 0x0002, 0x1D8B,
    0x0001, 0x1D6B, 0x0006, 0x1D6A, 0x0001, 0x1D6B, 0x0002, 0x1D8B,
    0x0002, 0x1DAB, 0x0001, 0x1DCB, 0x0001, 0x1DAB, 0x0001, 0x1D8B,
    0x0001, 0x1D2A, 0x0001, 0x1448, 0x0001, 0x1367, 0x0001, 0x1245,
    0x0001, 0x19A4, 0x0001, 0x2185, 0x0001, 0x31E7, 0x0001, 0x4A89,
    0x0001, 0x4ACA, 0x0001, 0x4AAA, 0x0001, 0x4AA9, 0x0002, 0x4A89,
    0x0002, 0x4AAA, 0x0001, 0x3A48, 0x0001, 0x1984, 0x0002, 0x0902,
    0x0001, 0x1123, 0x0001, 0x1103, 0x0002, 0x1102, 0x0003, 0x10E2,
    0x0004, 0x08E2, 0x0004, 0x08C2, 0x0007, 0x08A2, 0x0002, 0x0882,
    0x001A, 0x0881, 0x0026, 0x0861, 0x0005, 0x0841, 0x0026, 0x0861,
    0x001A, 0x0881, 0x0002, 0x0882, 0x0008, 0x08A2, 0x0004, 0x08C2,
    0x0005, 0x08E2, 0x0002, 0x10E2, 0x0003, 0x1102, 0x0001, 0x1123,
    0x0002, 0x0902, 0x0001, 0x1964, 0x0001, 0x3207, 0x0001, 0x4AA9,
    0x0001, 0x4ACA, 0x0001, 0x4AA9, 0x0002, 0x4A89, 0x0001, 0x4AA9,
    0x0001, 0x4AAA, 0x0001, 0x4ACA, 0x0001, 0x4AA9, 0x0001, 0x3A28,
    0x0001, 0x29A6, 0x0001, 0x2184, 0x0001, 0x11A4, 0x0001, 0x1225,
    0x0001, 0x12A5, 0x0001, 0x1367, 0x0001, 0x1448, 0x0001, 0x1469,
    0x0002, 0x1D2A, 0x0001, 0x1D6A, 0x0006, 0x1DAB, 0x0001, 0x1D8B,
    0x0002, 0x1D2A, 0x0001, 0x1C89, 0x0001, 0x1448, 0x0001, 0x13A7,
    0x0001, 0x12C6, 0x0001, 0x1245, 0x0001, 0x11C4, 0x0001, 0x1964,
    0x0001, 0x29A5, 0x0001, 0x3A07, 0x0001, 0x4289, 0x0002, 0x4ACA,
    0x0001, 0x4AA9, 0x0002, 0x4A89, 0x0001, 0x4AA9, 0x0002, 0x4AAA,
    0x0001, 0x3A48, 0x0001, 0x1984, 0x0002, 0x0902, 0x0001, 0x1123,
    0x0001, 0x1103, 0x0002, 0x1102, 0x0003, 0x10E2, 0x0004, 0x08E2,
    0x0004, 0x08C2, 0x0008, 0x08A2, 0x0003, 0x0882, 0x001A, 0x0881,
    0x0026, 0x0861, 0x0005, 0x0841, 0x0026, 0x0861, 0x001A, 0x0881,
    0x0003, 0x0882, 0x0008, 0x08A2, 0x0004, 0x08C2, 0x0005, 0x08E2,
    0x0002, 0x10E2, 0x0003, 0x1102, 0x0001, 0x1103, 0x0001, 0x1123,
    0x0002, 0x0902, 0x0001, 0x1964, 0x0001, 0x31E6, 0x0001, 0x4289,
    0x0001, 0x4ACA, 0x0001, 0x4AAA, 0x0001, 0x4AA9, 0x0002, 0x4A89,
    0x0001, 0x4AA9, 0x0001, 0x4AAA, 0x0001, 0x4ACA, 0x0001, 0x4AAA,
    0x0001, 0x4289, 0x0001, 0x3A28, 0x0001, 0x31E7, 0x0001, 0x29A6,
    0x0001, 0x2185, 0x0001, 0x1984, 0x0002, 0x11A4, 0x0001, 0x1205,
    0x0006, 0x1265, 0x0001, 0x1245, 0x0002, 0x11C4, 0x0001, 0x1984,
    0x0001, 0x2185, 0x0001, 0x29A5, 0x0001, 0x31C6, 0x0001, 0x3A28,
    0x0001, 0x4269, 0x0001, 0x4AA9, 0x0002, 0x4ACA, 0x0001, 0x4AA9,
    0x0002, 0x4A89, 0x0001, 0x4AA9, 0x0002, 0x4AAA, 0x0001, 0x4AA9,
    0x0001, 0x3227, 0x0001, 0x1984, 0x0002, 0x0902, 0x0001, 0x1123,
    0x0001, 0x1103, 0x0003, 0x1102, 0x0002, 0x10E2, 0x0005, 0x08E2,
    0x0004, 0x08C2, 0x0009, 0x08A2, 0x0002, 0x0882, 0x001B, 0x0881,
    0x0026, 0x0861, 0x0005, 0x0841, 0x0026, 0x0861, 0x001B, 0x0881,
    0x0002, 0x0882, 0x0009, 0x08A2, 0x0005, 0x08C2, 0x0005, 0x08E2,
    0x0001, 0x10E2, 0x0003, 0x1102, 0x0002, 0x1103, 0x0001, 0x1123,
    0x0002, 0x0902, 0x0001, 0x1143, 0x0001, 0x21C5, 0x0001, 0x3A48,
    0x0001, 0x4AA9, 0x0002, 0x4AAA, 0x0001, 0x4AA9, 0x0003, 0x4A89,
    0x0001, 0x4AA9, 0x0001, 0x4AAA, 0x0002, 0x4ACA, 0x0001, 0x4AAA,
    0x0001, 0x4AA9, 0x0001, 0x4269, 0x0001, 0x4289, 0x0001, 0x4248,
    0x0006, 0x3A07, 0x0001, 0x3A28, 0x0001, 0x4289, 0x0001, 0x4269,
    0x0001, 0x4AA9, 0x0001, 0x4AAA, 0x0002, 0x4ACA, 0x0001, 0x4AAA,
    0x0002, 0x4AA9, 0x0002, 0x4A89, 0x0001, 0x4AA9, 0x0002, 0x4AAA,
    0x0001, 0x4AA9, 0x0001, 0x4268, 0x0001, 0x29E6, 0x0001, 0x1944,
    0x0002, 0x0902, 0x0004, 0x1103, 0x0001, 0x1102, 0x0002, 0x0902,
    0x0004, 0x08E2, 0x0006, 0x08C2, 0x0009, 0x08A2, 0x0003, 0x0882,
    0x001B, 0x0881, 0x0026, 0x0861, 0x0005, 0x0841, 0x0026, 0x0861,
    0x001B, 0x0881, 0x0002, 0x0882, 0x000A, 0x08A2, 0x0006, 0x08C2,
    0x0005, 0x08E2, 0x0002, 0x10E2, 0x0002, 0x1102, 0x0003, 0x1103,
    0x0001, 0x0903, 0x0002, 0x0902, 0x0001, 0x1964, 0x0001, 0x29C6,
    0x0001, 0x3A48, 0x0001, 0x4A89, 0x0003, 0x4AAA, 0x0001, 0x4AA9,
    0x0004, 0x4A89, 0x0003, 0x4AA9, 0x0001, 0x4AAA, 0x0006, 0x4ACA,
    0x0001, 0x4AAA, 0x0003, 0x4AA9, 0x0004, 0x4A89, 0x0001, 0x4AA9,
    0x0003, 0x4AAA, 0x0001, 0x4AA9, 0x0001, 0x4268, 0x0001, 0x31E6,
    0x0001, 0x1984, 0x0001, 0x1123, 0x0002, 0x0902, 0x0003, 0x1103,
    0x0002, 0x1102, 0x0002, 0x0902, 0x0001, 0x10E2, 0x0001, 0x20C2,
    0x0001, 0x28A2, 0x0001, 0x10C2, 0x0001, 0x08E2, 0x0002, 0x10E2,
    0x0001, 0x10C2, 0x0004, 0x08C2, 0x000A, 0x08A2, 0x0002, 0x0882,
    0x001B, 0x0881, 0x0026, 0x0861, 0x0005, 0x0841, 0x0026, 0x0861,
    0x001B, 0x0881, 0x0002, 0x0882, 0x000B, 0x08A2, 0x0007, 0x08C2,
    0x0006, 0x08E2, 0x0001, 0x10E2, 0x0003, 0x1102, 0x0003, 0x1103,
    0x0002, 0x0902, 0x0001, 0x1102, 0x0001, 0x1143, 0x0001, 0x21A5,
    0x0001, 0x3207, 0x0001, 0x3A48, 0x0001, 0x4A89, 0x0005, 0x4AAA,
    0x0003, 0x4AA9, 0x0007, 0x4A89, 0x0003, 0x4AA9, 0x0004, 0x4AAA,
    0x0001, 0x4AA9, 0x0001, 0x4268, 0x0001, 0x3A27, 0x0001, 0x21A5,
    0x0001, 0x1964, 0x0001, 0x1123, 0x0002, 0x0902, 0x0003, 0x1103,
    0x0003, 0x1102, 0x0001, 0x10E2, 0x0001, 0x0902, 0x0001, 0x18C2,
    0x0001, 0x4083, 0x0001, 0x5063, 0x0001, 0x5843, 0x0001, 0x6043,
    0x0001, 0x4863, 0x0001, 0x0881, 0x0002, 0x0061, 0x0001, 0x0881,
    0x0001, 0x10C2, 0x0003, 0x08C2, 0x0009, 0x08A2, 0x0003, 0x0882,
    0x001B, 0x0881, 0x0026, 0x0861, 0x0005, 0x0841, 0x0026, 0x0861,
    0x001B, 0x0881, 0x0003, 0x0882, 0x000A, 0x08A2, 0x0009, 0x08C2,
    0x0006, 0x08E2, 0x0002, 0x10E2, 0x0002, 0x1102, 0x0004, 0x1103,
    0x0003, 0x0902, 0x0001, 0x1102, 0x0001, 0x1943, 0x0001, 0x2184,
    0x0001, 0x29C6, 0x0001, 0x3207, 0x0001, 0x3A28, 0x0001, 0x4268,
    0x0002, 0x4289, 0x0001, 0x4AA9, 0x0007, 0x4AAA, 0x0002, 0x4289,
    0x0001, 0x4269, 0x0001, 0x3A48, 0x0001, 0x3207, 0x0001, 0x29C6,
    0x0001, 0x2185, 0x0001, 0x1964, 0x0001, 0x1123, 0x0003, 0x0902,
    0x0001, 0x1103, 0x0001, 0x1123, 0x0002, 0x1103, 0x0002, 0x1102,
    0x0002, 0x10E2, 0x0002, 0x08E2, 0x0001, 0x38A3, 0x0001, 0x5863,
    0x0001, 0x5842, 0x0001, 0x5863, 0x0001, 0x7084, 0x0001, 0x6063,
    0x0001, 0x5843, 0x0001, 0x1821, 0x0001, 0x0020, 0x0001, 0x0820,
    0x0001, 0x4042, 0x0001, 0x5863, 0x0001, 0x4083, 0x0001, 0x08A2,
    0x0001, 0x0881, 0x0001, 0x0861, 0x0001, 0x0881, 0x0006, 0x08A2,
    0x0004, 0x0882, 0x001B, 0x0881, 0x0026, 0x0861, 0x0006, 0x0841,
    0x0026, 0x0861, 0x001A, 0x0881, 0x0004, 0x0882, 0x000B, 0x08A2,
    0x0009, 0x08C2, 0x0007, 0x08E2, 0x0002, 0x10E2, 0x0003, 0x1102,
    0x0004, 0x1103, 0x0005, 0x0902, 0x0001, 0x1123, 0x0001, 0x1143,
    0x0001, 0x1123, 0x0001, 0x1964, 0x0001, 0x2185, 0x0001, 0x1984,
    0x0004, 0x2184, 0x0001, 0x1984, 0x0002, 0x1143, 0x0001, 0x1123,
    0x0005, 0x0902, 0x0004, 0x1103, 0x0003, 0x1102, 0x0002, 0x10E2,
    0x0002, 0x08E2, 0x0001, 0x10E2, 0x0001, 0x08E2, 0x0001, 0x3883,
    0x0001, 0x6043, 0x0001, 0x5863, 0x0001, 0x80A5, 0x0001, 0xB107,
    0x0001, 0xC127, 0x0001, 0x6884, 0x0001, 0x5843, 0x0001, 0x1041,
    0x0001, 0x0020, 0x0001, 0x3842, 0x0001, 0x6063, 0x0001, 0x5843,
    0x0001, 0x6043, 0x0001, 0x4062, 0x0001, 0x0020, 0x0001, 0x0000,
    0x0001, 0x0020, 0x0001, 0x0861, 0x0004, 0x08A2, 0x0005, 0x0882,
    0x001A, 0x0881, 0x0026, 0x0861, 0x0007, 0x0841, 0x0026, 0x0861,
    0x001A, 0x0881, 0x0005, 0x0882, 0x000B, 0x08A2, 0x0008, 0x08C2,
    0x000B, 0x08E2, 0x0001, 0x0902, 0x0004, 0x1102, 0x0008, 0x1103,
    0x0008, 0x0902, 0x0008, 0x1103, 0x0005, 0x1102, 0x0005, 0x08E2,
    0x0001, 0x10E2, 0x0001, 0x08E2, 0x0001, 0x30A3, 0x0001, 0x6043,
    0x0001, 0x5863, 0x0001, 0xA0E6, 0x0001, 0xC148, 0x0001, 0xC127,
    0x0001, 0xB107, 0x0001, 0x6063, 0x0001, 0x5043, 0x0001, 0x0020,
    0x0001, 0x1021, 0x0001, 0x5843, 0x0001, 0x5863, 0x0001, 0x98E6,
    0x0001, 0x6063, 0x0001, 0x5843, 0x0001, 0x4842, 0x0001, 0x0820,
    0x0002, 0x0020, 0x0001, 0x0861, 0x0002, 0x08A2, 0x0006, 0x0882,
    0x000A, 0x0881, 0x0001, 0x0081, 0x000F, 0x0881, 0x0026, 0x0861,
    0x0007, 0x0841, 0x0026, 0x0861, 0x001B, 0x0881, 0x0006, 0x0882,
    0x000B, 0x08A2, 0x000A, 0x08C2, 0x0009, 0x08E2, 0x0001, 0x10E2,
    0x0007, 0x1102, 0x0010, 0x1103, 0x0005, 0x1102, 0x0002, 0x10E2,
    0x0005, 0x08E2, 0x0001, 0x10E2, 0x0001, 0x08E2, 0x0001, 0x18C2,
    0x0001, 0x5863, 0x0001, 0x5043, 0x0001, 0x98E6, 0x0001, 0xC148,
    0x0001, 0xB927, 0x0001, 0xC148, 0x0001, 0xA906, 0x0001, 0x5843,
    0x0001, 0x4842, 0x0001, 0x0020, 0x0001, 0x4842, 0x0001, 0x5843,
    0x0001, 0x88C5, 0x0001, 0xC948, 0x0001, 0xB107, 0x0001, 0x6063,
    0x0001, 0x5843, 0x0001, 0x5043, 0x0001, 0x1021, 0x0002, 0x0020,
    0x0001, 0x0041, 0x0006, 0x0882, 0x0007, 0x0881, 0x0001, 0x0081,
    0x0001, 0x0881, 0x0001, 0x1882, 0x0002, 0x2082, 0x0001, 0x1882,
    0x0001, 0x0881, 0x0001, 0x0081, 0x000C, 0x0881, 0x0026, 0x0861,
    0x0007, 0x0841, 0x0026, 0x0861, 0x001B, 0x0881, 0x0007, 0x0882,
    0x000C, 0x08A2, 0x000B, 0x08C2, 0x0007, 0x08E2, 0x0006, 0x10E2,
    0x0003, 0x1102, 0x000B, 0x1103, 0x0003, 0x1102, 0x0006, 0x10E2,
    0x0007, 0x08E2, 0x0001, 0x08C2, 0x0001, 0x4863, 0x0001, 0x5843,
    0x0001, 0x80A5, 0x0001, 0xC948, 0x0001, 0xC128, 0x0001, 0xB927,
    0x0001, 0xA907, 0x0001, 0x80A5, 0x0001, 0x5843, 0x0001, 0x3042,
    0x0001, 0x2041, 0x0001, 0x6043, 0x0001, 0x6063, 0x0002, 0xB927,
    0x0001, 0xC127, 0x0001, 0xB927, 0x0001, 0x78A4, 0x0001, 0x5863,
    0x0001, 0x4842, 0x0003, 0x0020, 0x0001, 0x0040, 0x0001, 0x0881,
    0x0004, 0x0882, 0x0007, 0x0881, 0x0001, 0x2862, 0x0001, 0x4863,
    0x0004, 0x5843, 0x0001, 0x5063, 0x0001, 0x3062, 0x0001, 0x0841,
    0x0001, 0x0041, 0x0002, 0x0861, 0x0008, 0x0881, 0x0026, 0x0861,
    0x0007, 0x0841, 0x0026, 0x0861, 0x001B, 0x0881, 0x0009, 0x0882,
    0x000E, 0x08A2, 0x000A, 0x08C2, 0x0005, 0x08E2, 0x001B, 0x10E2,
    0x0005, 0x08E2, 0x0001, 0x08C2, 0x0001, 0x10C2, 0x0001, 0x08E2,
    0x0001, 0x30A2, 0x0001, 0x5843, 0x0001, 0x6063, 0x0002, 0xB927,
    0x0001, 0x80A4, 0x0001, 0x6063, 0x0002, 0x5843, 0x0001, 0x6063,
    0x0001, 0x2841, 0x0001, 0x5042, 0x0001, 0x5843, 0x0001, 0x98E6,
    0x0001, 0xC128, 0x0002, 0xB927, 0x0001, 0xC148, 0x0001, 0xA0E6,
    0x0001, 0x5843, 0x0001, 0x4842, 0x0004, 0x0020, 0x0001, 0x0041,
    0x0001, 0x08A2, 0x0003, 0x0882, 0x0005, 0x0881, 0x0001, 0x1081,
    0x0001, 0x4062, 0x0002, 0x5843, 0x0001, 0x6063, 0x0001, 0x7084,
    0x0001, 0x78A4, 0x0001, 0x6884, 0x0002, 0x5843, 0x0001, 0x4842,
    0x0001, 0x0820, 0x0001, 0x0000, 0x0001, 0x0020, 0x0001, 0x0841,
    0x0007, 0x0881, 0x0026, 0x0861, 0x0007, 0x0841, 0x0027, 0x0861,
    0x001A, 0x0881, 0x000A, 0x0882, 0x000E, 0x08A2, 0x000D, 0x08C2,
    0x0002, 0x08E2, 0x0019, 0x10E2, 0x0002, 0x08E2, 0x0006, 0x08C2,
    0x0001, 0x10C2, 0x0001, 0x5063, 0x0001, 0x5043, 0x0001, 0xA0E6,
    0x0001, 0xC127, 0x0001, 0x6883, 0x0001, 0x5042, 0x0001, 0x5843,
    0x0001, 0x4842, 0x0001, 0x4042, 0x0001, 0x1821, 0x0001, 0x2041,
    0x0001, 0x5843, 0x0001, 0x6884, 0x0001, 0xC128, 0x0004, 0xB927,
    0x0001, 0x6863, 0x0001, 0x5843, 0x0001, 0x2841, 0x0005, 0x0020,
    0x0003, 0x0882, 0x0005, 0x0881, 0x0001, 0x1882, 0x0001, 0x5063,
    0x0001, 0x5843, 0x0001, 0x6063, 0x0001, 0x90C5, 0x0001, 0xB927,
    0x0001, 0xC127, 0x0001, 0xC128, 0x0001, 0xB927, 0x0001, 0xA906,
    0x0001, 0x6883, 0x0001, 0x5843, 0x0001, 0x5042, 0x0002, 0x0020,
    0x0001, 0x0000, 0x0001, 0x0041, 0x0005, 0x0881, 0x0027, 0x0861,
    0x0007, 0x0841, 0x0027, 0x0861, 0x001A, 0x0881, 0x000C, 0x0882,
    0x000D, 0x08A2, 0x000E, 0x08C2, 0x0001, 0x08E2, 0x0016, 0x10E2,
    0x0002, 0x08E2, 0x0006, 0x08C2, 0x0001, 0x10C2, 0x0001, 0x08C2,
    0x0001, 0x3882, 0x0001, 0x5843, 0x0001, 0x7084, 0x0001, 0xC948,
    0x0001, 0x90C5, 0x0001, 0x5042, 0x0001, 0x4842, 0x0001, 0x1021,
    0x0003, 0x0020, 0x0001, 0x0820, 0x0002, 0x5863, 0x0001, 0x80A5,
    0x0001, 0xC128, 0x0001, 0xB927, 0x0001, 0xC128, 0x0001, 0x90C5,
    0x0001, 0x5843, 0x0001, 0x4842, 0x0005, 0x0020, 0x0001, 0x0040,
    0x0003, 0x0882, 0x0004, 0x0881, 0x0001, 0x1882, 0x0001, 0x5863,
    0x0001, 0x5843, 0x0001, 0x7084, 0x0001, 0xB107, 0x0001, 0xC148,
    0x0004, 0xB927, 0x0001, 0xC148, 0x0001, 0xB927, 0x0001, 0x6884,
    0x0001, 0x5843, 0x0001, 0x3842, 0x0002, 0x0020, 0x0001, 0x0000,
    0x0001, 0x0041, 0x0004, 0x0881, 0x0027, 0x0861, 0x0007, 0x0841,
    0x0027, 0x0861, 0x001B, 0x0881, 0x000D, 0x0882, 0x000D, 0x08A2,
    0x000F, 0x08C2, 0x0001, 0x10E2, 0x0001, 0x10C2, 0x000F, 0x10E2,
    0x0002, 0x10C2, 0x000A, 0x08C2, 0x0001, 0x10A2, 0x0001, 0x5863,
    0x0001, 0x5843, 0x0001, 0xA0E6, 0x0001, 0xC148, 0x0001, 0x7084,
    0x0001, 0x5843, 0x0001, 0x2041, 0x0005, 0x0020, 0x0001, 0x1821,
    0x0001, 0x5843, 0x0001, 0x5043, 0x0001, 0x78A4, 0x0002, 0xB927,
    0x0001, 0x6063, 0x0001, 0x5863, 0x0001, 0x1821, 0x0005, 0x0020,
    0x0001, 0x0861, 0x0003, 0x0882, 0x0003, 0x0881, 0x0001, 0x1082,
    0x0001, 0x5863, 0x0001, 0x5843, 0x0001, 0x7084, 0x0001, 0xB927,
    0x0001, 0xC148, 0x0001, 0xC127, 0x0005, 0xB927, 0x0001, 0xC128,
    0x0001, 0xB107, 0x0002, 0x5863, 0x0001, 0x1020, 0x0002, 0x0020,
    0x0001, 0x0000, 0x0001, 0x0861, 0x0003, 0x0881, 0x0027, 0x0861,
    0x0007, 0x0841, 0x0027, 0x0861, 0x001B, 0x0881, 0x000E, 0x0882,
    0x000E, 0x08A2, 0x000D, 0x08C2, 0x0013, 0x10C2, 0x000A, 0x08C2,
    0x0001, 0x3082, 0x0001, 0x5843, 0x0001, 0x7084, 0x0001, 0xC128,
    0x0001, 0xB927, 0x0001, 0x6883, 0x0001, 0x5843, 0x0001, 0x1021,
    0x0005, 0x0020, 0x0001, 0x0061, 0x0001, 0x2062, 0x0001, 0x5863,
    0x0001, 0x5843, 0x0001, 0x6883, 0x0001, 0x78A4, 0x0001, 0x5843,
    0x0001, 0x4842, 0x0005, 0x0020, 0x0001, 0x0041, 0x0004, 0x0882,
    0x0003, 0x0881, 0x0001, 0x4863, 0x0001, 0x5843, 0x0001, 0x7084,
    0x0001, 0xC127, 0x0001, 0xC148, 0x0001, 0xB107, 0x0001, 0xA906,
    0x0001, 0xB127, 0x0001, 0xC148, 0x0004, 0xB927, 0x0001, 0xC148,
    0x0001, 0x78A4, 0x0001, 0x5843, 0x0001, 0x3041, 0x0001, 0x0000,
    0x0001, 0x0020, 0x0001, 0x0000, 0x0001, 0x0020, 0x0003, 0x0881,
    0x0027, 0x0861, 0x0008, 0x0841, 0x0026, 0x0861, 0x001C, 0x0881,
    0x000D, 0x0882, 0x0011, 0x08A2, 0x000D, 0x08C2, 0x000D, 0x10C2,
    0x000D, 0x08C2, 0x0001, 0x4863, 0x0001, 0x5843, 0x0001, 0x98E6,
    0x0001, 0xC148, 0x0001, 0xB927, 0x0001, 0x6063, 0x0001, 0x5043,
    0x0001, 0x0820, 0x0004, 0x0020, 0x0001, 0x0881, 0x0002, 0x08A2,
    0x0001, 0x1082, 0x0001, 0x4863, 0x0002, 0x5843, 0x0001, 0x6063,
    0x0001, 0x1821, 0x0005, 0x0020, 0x0001, 0x0881, 0x0003, 0x0882,
    0x0002, 0x0881, 0x0001, 0x0081, 0x0001, 0x3862, 0x0001, 0x5843,
    0x0001, 0x6063, 0x0002, 0xB927, 0x0001, 0x80A4, 0x0002, 0x5863,
    0x0001, 0x6063, 0x0001, 0x90C5, 0x0001, 0xC128, 0x0003, 0xB927,
    0x0001, 0xC148, 0x0001, 0xA0E6, 0x0001, 0x5843, 0x0001, 0x4842,
    0x0004, 0x0020, 0x0001, 0x0861, 0x0001, 0x0881, 0x0027, 0x0861,
    0x0008, 0x0841, 0x0028, 0x0861, 0x001B, 0x0881, 0x000E, 0x0882,
    0x0015, 0x08A2, 0x001D, 0x08C2, 0x0003, 0x08A2, 0x0001, 0x08C2,
    0x0001, 0x18A2, 0x0001, 0x5843, 0x0001, 0x6063, 0x0003, 0xB927,
    0x0001, 0x6063, 0x0001, 0x5043, 0x0001, 0x0820, 0x0004, 0x0020,
    0x0001, 0x0882, 0x0003, 0x08A2, 0x0001, 0x0882, 0x0001, 0x2862,
    0x0001, 0x4042, 0x0001, 0x1821, 0x0005, 0x0020, 0x0001, 0x0041,
    0x0001, 0x08A2, 0x0003, 0x0882, 0x0001, 0x0881, 0x0001, 0x0081,
    0x0001, 0x2882, 0x0001, 0x6043, 0x0001, 0x5863, 0x0001, 0xA907,
    0x0001, 0xC128, 0x0001, 0x7084, 0x0001, 0x5042, 0x0001, 0x5863,
    0x0001, 0x4842, 0x0001, 0x5843, 0x0001, 0x5042, 0x0001, 0x88C5,
    0x0001, 0xC128, 0x0002, 0xB927, 0x0001, 0xC127, 0x0001, 0xB927,
    0x0001, 0x6063, 0x0001, 0x5043, 0x0001, 0x0820, 0x0002, 0x0020,
    0x0001, 0x0000, 0x0001, 0x0041, 0x0001, 0x0881, 0x0027, 0x0861,
    0x0008, 0x0841, 0x0028, 0x0861, 0x001C, 0x0881, 0x000D, 0x0882,
    0x001B, 0x08A2, 0x0010, 0x08C2, 0x000A, 0x08A2, 0x0001, 0x08C2,
    0x0001, 0x3082, 0x0001, 0x5843, 0x0001, 0x78A4, 0x0001, 0xC148,
    0x0002, 0xB927, 0x0001, 0x6863, 0x0001, 0x5843, 0x0001, 0x1021,
    0x0004, 0x0020, 0x0001, 0x0882, 0x0002, 0x08A2, 0x0002, 0x0882,
    0x0001, 0x08A2, 0x0001, 0x0061, 0x0001, 0x1821, 0x0001, 0x3042,
    0x0001, 0x2841, 0x0003, 0x0020, 0x0001, 0x0881, 0x0001, 0x08A2,
    0x0002, 0x0882, 0x0002, 0x0881, 0x0001, 0x1082, 0x0001, 0x5863,
    0x0001, 0x5042, 0x0001, 0x90C5, 0x0001, 0xC948, 0x0001, 0x90C5,
    0x0001, 0x5042, 0x0001, 0x5063, 0x0001, 0x1021, 0x0001, 0x0020,
    0x0001, 0x1821, 0x0001, 0x5863, 0x0001, 0x5043, 0x0001, 0xA0E6,
    0x0001, 0xC148, 0x0002, 0xB927, 0x0001, 0xC127, 0x0001, 0x7084,
    0x0001, 0x5843, 0x0001, 0x1821, 0x0004, 0x0020, 0x0001, 0x0881,
    0x0027, 0x0861, 0x0009, 0x0841, 0x0027, 0x0861, 0x001C, 0x0881,
    0x000D, 0x0882, 0x0036, 0x08A2, 0x0001, 0x3882, 0x0001, 0x5843,
    0x0001, 0x90C5, 0x0001, 0xC148, 0x0001, 0xB927, 0x0001, 0xC127,
    0x0001, 0x7084, 0x0001, 0x5843, 0x0001, 0x1821, 0x0004, 0x0020,
    0x0001, 0x0882, 0x0002, 0x08A2, 0x0003, 0x0882, 0x0001, 0x4062,
    0x0001, 0x6063, 0x0001, 0x5843, 0x0001, 0x6063, 0x0001, 0x4042,
    0x0002, 0x0020, 0x0001, 0x0040, 0x0001, 0x0861, 0x0002, 0x0882,
    0x0001, 0x0881, 0x0001, 0x0081, 0x0001, 0x3862, 0x0001, 0x5843,
    0x0001, 0x7084, 0x0001, 0xC128, 0x0001, 0xB927, 0x0001, 0x6063,
    0x0001, 0x5843, 0x0001, 0x2021, 0x0003, 0x0020, 0x0001, 0x2841,
    0x0001, 0x5843, 0x0001, 0x6884, 0x0001, 0xC127, 0x0002, 0xB927,
    0x0001, 0xC148, 0x0001, 0x80A5, 0x0001, 0x5843, 0x0001, 0x2841,
    0x0001, 0x0000, 0x0003, 0x0020, 0x0028, 0x0861, 0x0009, 0x0841,
    0x0027, 0x0861, 0x001C, 0x0881, 0x000E, 0x0882, 0x0035, 0x08A2,
    0x0001, 0x3882, 0x0001, 0x5843, 0x0001, 0x90C5, 0x0001, 0xC148,
    0x0001, 0xB927, 0x0001, 0xC128, 0x0001, 0x78A4, 0x0001, 0x5843,
    0x0001, 0x2021, 0x0004, 0x0020, 0x0001, 0x0882, 0x0002, 0x08A2,
    0x0002, 0x0882, 0x0001, 0x4062, 0x0001, 0x6043, 0x0001, 0x5863,
    0x0001, 0x88C5, 0x0001, 0x6063, 0x0001, 0x5863, 0x0001, 0x1821,
    0x0003, 0x0020, 0x0001, 0x0861, 0x0001, 0x0882, 0x0001, 0x0881,
    0x0001, 0x1882, 0x0002, 0x5863, 0x0001, 0xA907, 0x0001, 0xC148,
    0x0001, 0xA0E6, 0x0001, 0x5843, 0x0001, 0x4842, 0x0005, 0x0020,
    0x0001, 0x5042, 0x0001, 0x5843, 0x0001, 0xA0E6, 0x0001, 0xC128,
    0x0001, 0xB927, 0x0001, 0xC148, 0x0001, 0x90C5, 0x0001, 0x5843,
    0x0001, 0x3842, 0x0001, 0x0000, 0x0003, 0x0020, 0x0001, 0x0861,
    0x0001, 0x0881, 0x0026, 0x0861, 0x000A, 0x0841, 0x0027, 0x0861,
    0x001C, 0x0881, 0x000E, 0x0882, 0x0034, 0x08A2, 0x0001, 0x3882,
    0x0001, 0x5843, 0x0001, 0x90C5, 0x0001, 0xC148, 0x0001, 0xB927,
    0x0001, 0xC148, 0x0001, 0x80A5, 0x0001, 0x5843, 0x0001, 0x2841,
    0x0004, 0x0020, 0x0001, 0x0881, 0x0001, 0x08A2, 0x0001, 0x0882,
    0x0001, 0x0081, 0x0001, 0x3862, 0x0001, 0x6043, 0x0001, 0x5863,
    0x0001, 0xA906, 0x0001, 0xC948, 0x0001, 0x80A5, 0x0001, 0x5843,
    0x0001, 0x2841, 0x0004, 0x0020, 0x0001, 0x0881, 0x0001, 0x0081,
    0x0001, 0x3062, 0x0001, 0x5843, 0x0001, 0x78A4, 0x0002, 0xC128,
    0x0001, 0x80A5, 0x0001, 0x5843, 0x0001, 0x3041, 0x0005, 0x0020,
    0x0001, 0x3062, 0x0001, 0x5843, 0x0001, 0x80A5, 0x0001, 0xC148,
    0x0001, 0xB927, 0x0001, 0xC148, 0x0001, 0xA0E6, 0x0001, 0x5843,
    0x0001, 0x4042, 0x0003, 0x0020, 0x0001, 0x0000, 0x0001, 0x0841,
    0x0001, 0x0881, 0x0025, 0x0861, 0x000B, 0x0841, 0x0027, 0x0861,
    0x001C, 0x0881, 0x000F, 0x0882, 0x0033, 0x08A2, 0x0001, 0x3082,
    0x0001, 0x5843, 0x0001, 0x88C5, 0x0001, 0xC148, 0x0001, 0xB927,
    0x0001, 0xC148, 0x0001, 0x90C5, 0x0001, 0x5843, 0x0001, 0x3042,
    0x0004, 0x0020, 0x0001, 0x0881, 0x0001, 0x08A2, 0x0001, 0x0881,
    0x0001, 0x2882, 0x0001, 0x6043, 0x0001, 0x5843, 0x0001, 0xA0E6,
    0x0001, 0xC148, 0x0001, 0xC127, 0x0001, 0x90C5, 0x0001, 0x5843,
    0x0001, 0x3842, 0x0004, 0x0020, 0x0001, 0x0861, 0x0001, 0x0882,
    0x0001, 0x4863, 0x0001, 0x5843, 0x0001, 0xA0E6, 0x0001, 0xC128,
    0x0001, 0xC127, 0x0001, 0x7084, 0x0001, 0x5843, 0x0001, 0x1821,
    0x0003, 0x0020, 0x0001, 0x0000, 0x0001, 0x0040, 0x0001, 0x1882,
    0x0001, 0x5843, 0x0001, 0x6884, 0x0002, 0xB927, 0x0001, 0xC127,
    0x0001, 0xA906, 0x0001, 0x5863, 0x0001, 0x4042, 0x0003, 0x0020,
    0x0001, 0x0000, 0x0001, 0x0041, 0x0001, 0x0881, 0x0025, 0x0861,
    0x000B, 0x0841, 0x0027, 0x0861, 0x001C, 0x0881, 0x000F, 0x0882,
    0x0033, 0x08A2, 0x0001, 0x2882, 0x0001, 0x5843, 0x0001, 0x78A4,
    0x0001, 0xC148, 0x0001, 0xB927, 0x0001, 0xC148, 0x0001, 0x98E6,
    0x0001, 0x5843, 0x0001, 0x4042, 0x0004, 0x0020, 0x0001, 0x0861,
    0x0001, 0x08A2, 0x0001, 0x1882, 0x0001, 0x5863, 0x0001, 0x5042,
    0x0001, 0x90C5, 0x0001, 0xC148, 0x0001, 0xB927, 0x0001, 0xC128,
    0x0001, 0xA0E6, 0x0001, 0x5843, 0x0001, 0x4042, 0x0004, 0x0020,
    0x0001, 0x0061, 0x0001, 0x1882, 0x0001, 0x5843, 0x0001, 0x6063,
    0x0003, 0xB927, 0x0001, 0x6863, 0x0001, 0x5843, 0x0001, 0x1020,
    0x0003, 0x0020, 0x0001, 0x0000, 0x0001, 0x0061, 0x0001, 0x1082,
    0x0001, 0x5063, 0x0001, 0x6063, 0x0001, 0xB107, 0x0002, 0xC127,
    0x0001, 0xA906, 0x0001, 0x5863, 0x0001, 0x4842, 0x0003, 0x0020,
    0x0001, 0x0000, 0x0001, 0x0040, 0x0001, 0x0881, 0x0025, 0x0861,
    0x000B, 0x0841, 0x0027, 0x0861, 0x001D, 0x0881, 0x000F, 0x0882,
    0x0032, 0x08A2, 0x0001, 0x2082, 0x0001, 0x5843, 0x0001, 0x7084,
    0x0001, 0xC127, 0x0001, 0xB927, 0x0001, 0xC128, 0x0001, 0xA906,
    0x0001, 0x5863, 0x0001, 0x4842, 0x0004, 0x0020, 0x0001, 0x0061,
    0x0001, 0x08A2, 0x0001, 0x5063, 0x0001, 0x5843, 0x0001, 0x78A4,
    0x0001, 0xC128, 0x0002, 0xB927, 0x0001, 0xC127, 0x0001, 0xB107,
    0x0001, 0x5863, 0x0001, 0x5042, 0x0004, 0x0020, 0x0001, 0x0041,
    0x0001, 0x2082, 0x0001, 0x5843, 0x0001, 0x7084, 0x0001, 0xC127,
    0x0002, 0xB927, 0x0001, 0x6063, 0x0001, 0x5043, 0x0001, 0x0820,
    0x0004, 0x0020, 0x0001, 0x0861, 0x0001, 0x0881, 0x0001, 0x4863,
    0x0001, 0x5843, 0x0001, 0xA906, 0x0002, 0xC127, 0x0001, 0xA907,
    0x0001, 0x5863, 0x0001, 0x4842, 0x0003, 0x0020, 0x0001, 0x0000,
    0x0001, 0x0020, 0x0001, 0x0881, 0x0025, 0x0861, 0x000B, 0x0841,
    0x0028, 0x0861, 0x001D, 0x0881, 0x000F, 0x0882, 0x002F, 0x08A2,
    0x0001, 0x10A2, 0x0001, 0x08A2, 0x0001, 0x1882, 0x0001, 0x5843,
    0x0001, 0x6863, 0x0002, 0xB927, 0x0001, 0xC127, 0x0001, 0xB127,
    0x0001, 0x6063, 0x0001, 0x5043, 0x0001, 0x0820, 0x0003, 0x0020,
    0x0001, 0x0040, 0x0001, 0x3882, 0x0001, 0x5843, 0x0001, 0x6063,
    0x0006, 0xB927, 0x0001, 0x6063, 0x0001, 0x5043, 0x0001, 0x0820,
    0x0003, 0x0020, 0x0001, 0x0040, 0x0001, 0x3082, 0x0001, 0x5843,
    0x0001, 0x88C5, 0x0001, 0xC148, 0x0001, 0xB927, 0x0001, 0xB127,
    0x0001, 0x6063, 0x0001, 0x5042, 0x0001, 0x0820, 0x0004, 0x0020,
    0x0002, 0x0881, 0x0001, 0x4062, 0x0001, 0x5843, 0x0001, 0xA0E6,
    0x0001, 0xC128, 0x0001, 0xC127, 0x0001, 0xA907, 0x0001, 0x5863,
    0x0001, 0x4842, 0x0003, 0x0020, 0x0001, 0x0000, 0x0001, 0x0020,
    0x0026, 0x0861, 0x000C, 0x0841, 0x0027, 0x0861, 0x001D, 0x0881,
    0x0010, 0x0882, 0x0030, 0x08A2, 0x0001, 0x2082, 0x0001, 0x5863,
    0x0001, 0x6063, 0x0001, 0xB107, 0x0001, 0xC127, 0x0002, 0xB927,
    0x0001, 0x6883, 0x0001, 0x5843, 0x0001, 0x1021, 0x0003, 0x0020,
    0x0001, 0x1821, 0x0001, 0x6063, 0x0001, 0x5843, 0x0001, 0xA906,
    0x0001, 0xC148, 0x0002, 0xC127, 0x0002, 0xB927, 0x0001, 0xC127,
    0x0001, 0x7084, 0x0001, 0x5843, 0x0001, 0x1821, 0x0004, 0x0020,
    0x0001, 0x3862, 0x0001, 0x5843, 0x0001, 0x90C5, 0x0001, 0xC148,
    0x0001, 0xB927, 0x0001, 0xB127, 0x0001, 0x6063, 0x0001, 0x5042,
    0x0001, 0x0820, 0x0004, 0x0020, 0x0001, 0x0881, 0x0001, 0x0081,
    0x0001, 0x4062, 0x0001, 0x5843, 0x0001, 0x98E6, 0x0001, 0xC128,
    0x0001, 0xC127, 0x0001, 0xA906, 0x0001, 0x5863, 0x0001, 0x4842,
    0x0003, 0x0020, 0x0001, 0x0000, 0x0001, 0x0020, 0x0025, 0x0861,
    0x000C, 0x0841, 0x0029, 0x0861, 0x001D, 0x0881, 0x0010, 0x0882,
    0x002D, 0x08A2, 0x0001, 0x1082, 0x0001, 0x4863, 0x0001, 0x5843,
    0x0002, 0x5042, 0x0001, 0xA906, 0x0001, 0xC128, 0x0001, 0xB927,
    0x0001, 0xC127, 0x0001, 0x7084, 0x0001, 0x5843, 0x0001, 0x1821,
    0x0002, 0x0020, 0x0001, 0x0820, 0x0001, 0x5043, 0x0001, 0x5042,
    0x0001, 0x88C5, 0x0001, 0xC948, 0x0001, 0xA0E6, 0x0001, 0x7084,
    0x0001, 0xB107, 0x0001, 0xC127, 0x0001, 0xB927, 0x0001, 0xC148,
    0x0001, 0x78A4, 0x0001, 0x5843, 0x0001, 0x2041, 0x0004, 0x0020,
    0x0001, 0x4062, 0x0001, 0x5843, 0x0001, 0x98E6, 0x0001, 0xC148,
    0x0002, 0xB927, 0x0001, 0x6863, 0x0001, 0x5043, 0x0001, 0x0820,
    0x0004, 0x0020, 0x0001, 0x0881, 0x0001, 0x0081, 0x0001, 0x4062,
    0x0001, 0x5843, 0x0001, 0x98E6, 0x0001, 0xC128, 0x0001, 0xC127,
    0x0001, 0xA0E6, 0x0001, 0x5843, 0x0001, 0x4042, 0x0003, 0x0020,
    0x0001, 0x0000, 0x0001, 0x0020, 0x0026, 0x0861, 0x000B, 0x0841,
    0x0029, 0x0861, 0x001D, 0x0881, 0x0010, 0x0882, 0x002C, 0x08A2,
    0x0001, 0x1882, 0x0001, 0x5863, 0x0001, 0x5843, 0x0001, 0x6063,
    0x0001, 0x80A5, 0x0001, 0x98E6, 0x0003, 0xB927, 0x0001, 0xC148,
    0x0001, 0x80A5, 0x0001, 0x5843, 0x0001, 0x2841, 0x0002, 0x0020,
    0x0001, 0x3042, 0x0001, 0x5843, 0x0001, 0x7084, 0x0001, 0xC148,
    0x0001, 0xA906, 0x0001, 0x5863, 0x0001, 0x4842, 0x0001, 0x88C5,
    0x0001, 0xC148, 0x0001, 0xB927, 0x0001, 0xC148, 0x0001, 0x88C5,
    0x0001, 0x5843, 0x0001, 0x3041, 0x0004, 0x0020, 0x0001, 0x4042,
    0x0001, 0x5843, 0x0001, 0x98E6, 0x0001, 0xC128, 0x0001, 0xB927,
    0x0001, 0xC127, 0x0001, 0x7084, 0x0001, 0x5843, 0x0001, 0x1821,
    0x0004, 0x0020, 0x0001, 0x0881, 0x0001, 0x0081, 0x0001, 0x4062,
    0x0001, 0x5843, 0x0001, 0x98E6, 0x0002, 0xC128, 0x0001, 0x90C5,
    0x0001, 0x5843, 0x0001, 0x3842, 0x0001, 0x0000, 0x0002, 0x0020,
    0x0001, 0x0000, 0x0001, 0x0040, 0x0001, 0x0881, 0x0025, 0x0861,
    0x000C, 0x0841, 0x0028, 0x0861, 0x001E, 0x0881, 0x0010, 0x0882,
    0x002A, 0x08A2, 0x0001, 0x1082, 0x0001, 0x5863, 0x0001, 0x5843,
    0x0001, 0x7084, 0x0001, 0xB927, 0x0002, 0xC148, 0x0003, 0xB927,
    0x0001, 0xC148, 0x0001, 0x90C5, 0x0001, 0x5843, 0x0001, 0x3842,
    0x0002, 0x0020, 0x0001, 0x4042, 0x0001, 0x5843, 0x0001, 0x98E6,
    0x0001, 0xB927, 0x0002, 0x5863, 0x0001, 0x5843, 0x0001, 0x7084,
    0x0001, 0xC128, 0x0001, 0xB927, 0x0001, 0xC148, 0x0001, 0x98E6,
    0x0001, 0x5843, 0x0001, 0x3842, 0x0004, 0x0020, 0x0001, 0x3842,
    0x0001, 0x5843, 0x0001, 0x98E6, 0x0001, 0xC148, 0x0001, 0xB927,
    0x0001, 0xC148, 0x0001, 0x78A4, 0x0001, 0x5843, 0x0001, 0x2821,
    0x0004, 0x0020, 0x0002, 0x0881, 0x0001, 0x4862, 0x0001, 0x5843,
    0x0001, 0xA0E6, 0x0001, 0xC127, 0x0001, 0xC128, 0x0001, 0x78A4,
    0x0001, 0x5843, 0x0001, 0x2821, 0x0001, 0x0000, 0x0002, 0x0020,
    0x0001, 0x0000, 0x0001, 0x0041, 0x0001, 0x0881, 0x0024, 0x0861,
    0x000D, 0x0841, 0x0028, 0x0861, 0x001E, 0x0881, 0x0011, 0x0882,
    0x0029, 0x08A2, 0x0001, 0x4863, 0x0001, 0x5843, 0x0001, 0x7084,
    0x0001, 0xB927, 0x0001, 0xC127, 0x0005, 0xB927, 0x0001, 0xC148,
    0x0001, 0xA0E6, 0x0001, 0x5843, 0x0001, 0x4042, 0x0002, 0x0020,
    0x0001, 0x2821, 0x0001, 0x5843, 0x0002, 0x7084, 0x0001, 0x5843,
    0x0001, 0x4842, 0x0001, 0x5042, 0x0001, 0x6863, 0x0002, 0xB927,
    0x0001, 0xC128, 0x0001, 0xA106, 0x0001, 0x5863, 0x0001, 0x4842,
    0x0004, 0x0020, 0x0001, 0x3842, 0x0001, 0x5843, 0x0001, 0x90C6,
    0x0001, 0xC148, 0x0001, 0xB927, 0x0001, 0xC148, 0x0001, 0x90C5,
    0x0001, 0x5843, 0x0001, 0x3842, 0x0004, 0x0020, 0x0001, 0x0861,
    0x0001, 0x0881, 0x0001, 0x5063, 0x0001, 0x5863, 0x0001, 0xA907,
    0x0001, 0xC128, 0x0001, 0xB927, 0x0001, 0x6063, 0x0001, 0x5843,
    0x0001, 0x1021, 0x0003, 0x0020, 0x0001, 0x0000, 0x0001, 0x0041,
    0x0001, 0x0881, 0x0024, 0x0861, 0x000D, 0x0841, 0x0029, 0x0861,
    0x001E, 0x0881, 0x0011, 0x0882, 0x0027, 0x08A2, 0x0001, 0x3862,
    0x0001, 0x5843, 0x0001, 0x6063, 0x0001, 0xB927, 0x0001, 0xC148,
    0x0001, 0xB927, 0x0001, 0xA907, 0x0001, 0xB127, 0x0001, 0xC127,
    0x0002, 0xB927, 0x0001, 0xC127, 0x0001, 0xA907, 0x0001, 0x5863,
    0x0001, 0x4842, 0x0002, 0x0020, 0x0001, 0x0820, 0x0001, 0x5863,
    0x0001, 0x5843, 0x0001, 0x6043, 0x0001, 0x4842, 0x0001, 0x0820,
    0x0001, 0x5042, 0x0001, 0x6063, 0x0001, 0xB127, 0x0002, 0xC127,
    0x0001, 0xB107, 0x0001, 0x6063, 0x0001, 0x5042, 0x0004, 0x0020,
    0x0001, 0x3041, 0x0001, 0x5843, 0x0001, 0x88C5, 0x0001, 0xC148,
    0x0001, 0xB927, 0x0001, 0xC127, 0x0001, 0xA907, 0x0001, 0x5863,
    0x0001, 0x5043, 0x0001, 0x0820, 0x0002, 0x0020, 0x0001, 0x0000,
    0x0001, 0x0041, 0x0001, 0x1882, 0x0001, 0x5843, 0x0001, 0x6063,
    0x0001, 0xB927, 0x0001, 0xC148, 0x0001, 0x90C6, 0x0001, 0x5843,
    0x0001, 0x4842, 0x0004, 0x0020, 0x0001, 0x0000, 0x0001, 0x0841,
    0x0001, 0x0881, 0x0023, 0x0861, 0x000E, 0x0841, 0x0029, 0x0861,
    0x001F, 0x0881, 0x0010, 0x0882, 0x0026, 0x08A2, 0x0001, 0x2082,
    0x0001, 0x5843, 0x0001, 0x5863, 0x0001, 0xA906, 0x0001, 0xC148,
    0x0001, 0x90C5, 0x0001, 0x6063, 0x0001, 0x5863, 0x0001, 0x6063,
    0x0001, 0x78A4, 0x0004, 0xB927, 0x0001, 0x6063, 0x0001, 0x5043,
    0x0001, 0x0820, 0x0002, 0x0020, 0x0001, 0x1821, 0x0001, 0x4862,
    0x0001, 0x4062, 0x0001, 0x0820, 0x0001, 0x0020, 0x0001, 0x4842,
    0x0001, 0x5863, 0x0001, 0xA906, 0x0001, 0xC127, 0x0002, 0xB927,
    0x0001, 0x6063, 0x0001, 0x5043, 0x0001, 0x0820, 0x0003, 0x0020,
    0x0001, 0x2041, 0x0001, 0x5843, 0x0001, 0x78A4, 0x0001, 0xC148,
    0x0002, 0xB927, 0x0001, 0xC127, 0x0001, 0x7084, 0x0001, 0x5843,
    0x0001, 0x2021, 0x0002, 0x0020, 0x0001, 0x0000, 0x0001, 0x0040,
    0x0001, 0x2862, 0x0001, 0x5843, 0x0001, 0x78A4, 0x0001, 0xC148,
    0x0001, 0xB927, 0x0001, 0x6063, 0x0001, 0x5863, 0x0001, 0x2021,
    0x0005, 0x0020, 0x0026, 0x0861, 0x000D, 0x0841, 0x0029, 0x0861,
    0x001F, 0x0881, 0x0010, 0x0882, 0x0001, 0x08A2, 0x0001, 0x0882,
    0x001B, 0x08A2, 0x0001, 0x1082, 0x0008, 0x08A2, 0x0001, 0x5063,
    0x0001, 0x5043, 0x0001, 0x88C5, 0x0001, 0xC948, 0x0001, 0x88C5,
    0x0001, 0x5042, 0x0001, 0x5843, 0x0001, 0x5042, 0x0002, 0x5843,
    0x0001, 0xB107, 0x0001, 0xC127, 0x0001, 0xB927, 0x0001, 0xC127,
    0x0001, 0x7084, 0x0001, 0x5843, 0x0001, 0x1821, 0x0004, 0x0020,
    0x0001, 0x0881, 0x0002, 0x0020, 0x0001, 0x4042, 0x0001, 0x5843,
    0x0001, 0xA0E6, 0x0001, 0xC128, 0x0001, 0xB927, 0x0001, 0xC127,
    0x0001, 0x7084, 0x0001, 0x5843, 0x0001, 0x1821, 0x0003, 0x0020,
    0x0001, 0x1021, 0x0001, 0x5843, 0x0001, 0x6884, 0x0003, 0xB927,
    0x0001, 0xC148, 0x0001, 0x98E6, 0x0002, 0x5043, 0x0004, 0x0020,
    0x0001, 0x5063, 0x0001, 0x5843, 0x0001, 0x98E6, 0x0001, 0xC948,
    0x0001, 0x80A5, 0x0001, 0x5843, 0x0001, 0x4842, 0x0004, 0x0020,
    0x0001, 0x0000, 0x0001, 0x0040, 0x0001, 0x0881, 0x0024, 0x0861,
    0x000F, 0x0841, 0x0029, 0x0861, 0x001F, 0x0881, 0x0005, 0x0882,
    0x0002, 0x0881, 0x0002, 0x0882, 0x0001, 0x08A1, 0x0001, 0x0881,
    0x0001, 0x0882, 0x0002, 0x1882, 0x0001, 0x2082, 0x0001, 0x1882,
    0x0001, 0x1082, 0x0016, 0x08A2, 0x0001, 0x10A2, 0x0001, 0x2082,
    0x0001, 0x3082, 0x0001, 0x4063, 0x0001, 0x4863, 0x0001, 0x5063,
    0x0001, 0x3862, 0x0002, 0x0881, 0x0001, 0x0861, 0x0001, 0x0882,
    0x0001, 0x10A2, 0x0001, 0x08A2, 0x0001, 0x3082, 0x0001, 0x5843,
    0x0001, 0x6884, 0x0001, 0xC128, 0x0001, 0xA906, 0x0001, 0x5843,
    0x0001, 0x5863, 0x0001, 0x2021, 0x0001, 0x0020, 0x0001, 0x4842,
    0x0001, 0x5843, 0x0001, 0xA0E6, 0x0001, 0xC128, 0x0001, 0xB927,
    0x0001, 0xC148, 0x0001, 0x78A4, 0x0001, 0x5843, 0x0001, 0x2041,
    0x0004, 0x0020, 0x0001, 0x0882, 0x0001, 0x0861, 0x0001, 0x0020,
    0x0001, 0x3842, 0x0001, 0x5843, 0x0001, 0x90C5, 0x0001, 0xC148,
    0x0001, 0xB927, 0x0001, 0xC148, 0x0001, 0x78A4, 0x0001, 0x5843,
    0x0001, 0x2021, 0x0003, 0x0020, 0x0001, 0x2021, 0x0002, 0x5863,
    0x0001, 0xB107, 0x0001, 0xC127, 0x0002, 0xB927, 0x0001, 0xC127,
    0x0001, 0x7084, 0x0001, 0x5843, 0x0001, 0x4042, 0x0002, 0x0820,
    0x0001, 0x4042, 0x0001, 0x5843, 0x0001, 0x6884, 0x0001, 0xC128,
    0x0001, 0xA0E6, 0x0001, 0x5843, 0x0001, 0x5863, 0x0001, 0x1021,
    0x0005, 0x0020, 0x0001, 0x0861, 0x0001, 0x0881, 0x0024, 0x0861,
    0x000F, 0x0841, 0x0029, 0x0861, 0x0020, 0x0881, 0x0002, 0x0882,
    0x0001, 0x0881, 0x0001, 0x2082, 0x0001, 0x4062, 0x0001, 0x2882,
    0x0001, 0x0881, 0x0001, 0x1082, 0x0001, 0x2082, 0x0001, 0x4062,
    0x0001, 0x5063, 0x0001, 0x5043, 0x0003, 0x5843, 0x0001, 0x5063,
    0x0001, 0x3862, 0x0001, 0x1061, 0x0001, 0x0061, 0x0001, 0x0861,
    0x0001, 0x0882, 0x000E, 0x08A2, 0x0001, 0x10A2, 0x0001, 0x2882,
    0x0001, 0x4062, 0x0001, 0x5063, 0x0004, 0x5843, 0x0002, 0x6063,
    0x0001, 0x2021, 0x0003, 0x0020, 0x0001, 0x0861, 0x0001, 0x10A2,
    0x0001, 0x5863, 0x0001, 0x5843, 0x0001, 0xA0E6, 0x0001, 0xC948,
    0x0001, 0x78A4, 0x0001, 0x5843, 0x0001, 0x3042, 0x0002, 0x0020,
    0x0001, 0x3842, 0x0001, 0x5843, 0x0001, 0x90C5, 0x0001, 0xC148,
    0x0001, 0xB927, 0x0001, 0xC148, 0x0001, 0x88C5, 0x0001, 0x5843,
    0x0001, 0x3042, 0x0004, 0x0020, 0x0001, 0x0881, 0x0001, 0x08A2,
    0x0001, 0x0061, 0x0001, 0x3062, 0x0001, 0x5843, 0x0001, 0x88C5,
    0x0001, 0xC148, 0x0001, 0xB927, 0x0001, 0xC148, 0x0001, 0x88C5,
    0x0001, 0x5843, 0x0001, 0x3041, 0x0002, 0x0020, 0x0001, 0x1021,
    0x0002, 0x5863, 0x0001, 0x5042, 0x0001, 0x98E6, 0x0001, 0xC148,
    0x0002, 0xB927, 0x0001, 0xC127, 0x0001, 0xB107, 0x0001, 0x6063,
    0x0001, 0x5843, 0x0002, 0x5043, 0x0001, 0x5843, 0x0001, 0x5863,
    0x0001, 0xB107, 0x0001, 0xB927, 0x0002, 0x6063, 0x0001, 0x2821,
    0x0004, 0x0020, 0x0001, 0x0000, 0x0001, 0x0040, 0x0001, 0x0881,
    0x0025, 0x0861, 0x000F, 0x0841, 0x002A, 0x0861, 0x001F, 0x0881,
    0x0001, 0x0882, 0x0001, 0x0081, 0x0001, 0x2882, 0x0001, 0x6063,
    0x0001, 0x5843, 0x0001, 0x6063, 0x0001, 0x4062, 0x0001, 0x5063,
    0x0003, 0x5843, 0x0001, 0x6863, 0x0002, 0x7084, 0x0001, 0x6884,
    0x0003, 0x5843, 0x0001, 0x1821, 0x0002, 0x0020, 0x0001, 0x0861,
    0x000B, 0x08A2, 0x0001, 0x1882, 0x0001, 0x3882, 0x0001, 0x5063,
    0x0002, 0x5843, 0x0001, 0x5863, 0x0001, 0x6884, 0x0001, 0x80A5,
    0x0001, 0x98E6, 0x0001, 0xA907, 0x0001, 0x6884, 0x0001, 0x5843,
    0x0001, 0x2021, 0x0004, 0x0020, 0x0001, 0x3062, 0x0001, 0x5843,
    0x0001, 0x7084, 0x0001, 0xC128, 0x0001, 0xB927, 0x0001, 0x6883,
    0x0001, 0x5843, 0x0001, 0x1021, 0x0002, 0x0020, 0x0001, 0x2841,
    0x0001, 0x5843, 0x0001, 0x80A5, 0x0001, 0xC148, 0x0001, 0xB927,
    0x0001, 0xC128, 0x0001, 0x98E6, 0x0001, 0x5843, 0x0001, 0x4042,
    0x0004, 0x0020, 0x0001, 0x0861, 0x0002, 0x0882, 0x0001, 0x2882,
    0x0001, 0x5843, 0x0001, 0x78A4, 0x0001, 0xC148, 0x0001, 0xB927,
    0x0001, 0xC148, 0x0001, 0x90E6, 0x0001, 0x5843, 0x0001, 0x3842,
    0x0001, 0x0020, 0x0001, 0x0820, 0x0001, 0x5043, 0x0001, 0x5042,
    0x0001, 0x88C5, 0x0001, 0x78A4, 0x0001, 0x7084, 0x0001, 0xC148,
    0x0003, 0xB927, 0x0001, 0xC127, 0x0001, 0xB107, 0x0001, 0x78A4,
    0x0002, 0x6063, 0x0001, 0x7884, 0x0001, 0xB107, 0x0001, 0xC128,
    0x0001, 0x7084, 0x0001, 0x5843, 0x0001, 0x4042, 0x0006, 0x0020,
    0x0027, 0x0861, 0x0010, 0x0841, 0x0029, 0x0861, 0x001F, 0x0881,
    0x0001, 0x0081, 0x0001, 0x2082, 0x0001, 0x5863, 0x0001, 0x5843,
    0x0001, 0x6884, 0x0003, 0x5843, 0x0001, 0x6884, 0x0001, 0x90C5,
    0x0001, 0xA906, 0x0001, 0xB927, 0x0002, 0xC127, 0x0001, 0xB927,
    0x0001, 0xA907, 0x0001, 0x78A4, 0x0001, 0x5843, 0x0001, 0x6063,
    0x0001, 0x1821, 0x0002, 0x0020, 0x0001, 0x0040, 0x0001, 0x0882,
    0x0008, 0x08A2, 0x0001, 0x3082, 0x0001, 0x5863, 0x0002, 0x5843,
    0x0001, 0x6884, 0x0001, 0x90C5, 0x0001, 0xA907, 0x0001, 0xB927,
    0x0001, 0xC148, 0x0001, 0xC948, 0x0001, 0xB107, 0x0001, 0x5863,
    0x0001, 0x5043, 0x0001, 0x0820, 0x0004, 0x0020, 0x0001, 0x4842,
    0x0001, 0x5843, 0x0001, 0xA0E6, 0x0001, 0xC148, 0x0001, 0xB107,
    0x0001, 0x6063, 0x0001, 0x5042, 0x0003, 0x0020, 0x0001, 0x1821,
    0x0001, 0x5843, 0x0001, 0x7084, 0x0001, 0xC127, 0x0001, 0xB927,
    0x0001, 0xC127, 0x0001, 0xA906, 0x0001, 0x5863, 0x0001, 0x4842,
    0x0004, 0x0020, 0x0001, 0x0861, 0x0001, 0x0882, 0x0001, 0x0081,
    0x0001, 0x2082, 0x0001, 0x5843, 0x0001, 0x7084, 0x0001, 0xC127,
    0x0001, 0xB927, 0x0001, 0xC148, 0x0001, 0xA0E6, 0x0001, 0x5863,
    0x0001, 0x4042, 0x0001, 0x0020, 0x0001, 0x4842, 0x0001, 0x5843,
    0x0001, 0x6884, 0x0001, 0xC948, 0x0001, 0x88C5, 0x0001, 0x5042,
    0x0001, 0xB107, 0x0001, 0xC127, 0x0003, 0xB927, 0x0001, 0xC127,
    0x0001, 0xC128, 0x0001, 0xB927, 0x0001, 0xB127, 0x0001, 0xC128,
    0x0001, 0xC148, 0x0001, 0x78A4, 0x0001, 0x5843, 0x0001, 0x5043,
    0x0001, 0x0820, 0x0004, 0x0020, 0x0001, 0x0000, 0x0001, 0x0841,
    0x0001, 0x0881, 0x0025, 0x0861, 0x0011, 0x0841, 0x0029, 0x0861,
    0x001E, 0x0881, 0x0001, 0x0081, 0x0001, 0x1882, 0x0001, 0x5863,
    0x0001, 0x5042, 0x0001, 0x88C5, 0x0001, 0xA906, 0x0001, 0x5043,
    0x0001, 0x78A4, 0x0001, 0xA906, 0x0001, 0xC148, 0x0001, 0xC948,
    0x0001, 0xC148, 0x0004, 0xB927, 0x0001, 0xC127, 0x0001, 0xC148,
    0x0001, 0x80A5, 0x0001, 0x5843, 0x0001, 0x5042, 0x0004, 0x0020,
    0x0006, 0x08A2, 0x0001, 0x1082, 0x0001, 0x4863, 0x0001, 0x6043,
    0x0001, 0x5863, 0x0001, 0x78A4, 0x0001, 0xA906, 0x0001, 0xC127,
    0x0001, 0xC148, 0x0001, 0xC127, 0x0002, 0xB927, 0x0001, 0xC128,
    0x0001, 0x98E6, 0x0001, 0x5843, 0x0001, 0x4042, 0x0004, 0x0020,
    0x0001, 0x1021, 0x0001, 0x5843, 0x0001, 0x6863, 0x0001, 0xB927,
    0x0001, 0xC128, 0x0001, 0xA906, 0x0001, 0x5843, 0x0001, 0x4842,
    0x0003, 0x0020, 0x0001, 0x1020, 0x0001, 0x5843, 0x0001, 0x6863,
    0x0004, 0xB927, 0x0001, 0x6063, 0x0001, 0x5043, 0x0001, 0x0820,
    0x0003, 0x0020, 0x0001, 0x0041, 0x0001, 0x1082, 0x0002, 0x1882,
    0x0001, 0x5843, 0x0001, 0x6883, 0x0002, 0xB927, 0x0001, 0xC127,
    0x0001, 0xB107, 0x0001, 0x6063, 0x0001, 0x5042, 0x0001, 0x4042,
    0x0001, 0x5843, 0x0001, 0x6063, 0x0001, 0xB927, 0x0001, 0xB107,
    0x0001, 0x5863, 0x0001, 0x5042, 0x0001, 0x78A4, 0x0001, 0xC148,
    0x0006, 0xB927, 0x0001, 0xC127, 0x0001, 0xC128, 0x0001, 0x80A5,
    0x0001, 0x5043, 0x0001, 0x5863, 0x0001, 0x1021, 0x0004, 0x0020,
    0x0001, 0x0000, 0x0001, 0x0040, 0x0001, 0x0881, 0x0026, 0x0861,
    0x0011, 0x0841, 0x002A, 0x0861, 0x001C, 0x0881, 0x0001, 0x0081,
    0x0001, 0x1882, 0x0001, 0x5863, 0x0001, 0x5042, 0x0001, 0x80A4,
    0x0001, 0xC148, 0x0001, 0xB127, 0x0001, 0xB107, 0x0001, 0xC948,
    0x0001, 0xC148, 0x0001, 0xB107, 0x0002, 0xA0E6, 0x0001, 0xB927,
    0x0001, 0xC128, 0x0004, 0xB927, 0x0001, 0xC127, 0x0001, 0x6884,
    0x0001, 0x5843, 0x0001, 0x2021, 0x0003, 0x0020, 0x0001, 0x0061,
    0x0005, 0x08A2, 0x0001, 0x4863, 0x0001, 0x5843, 0x0001, 0x6063,
    0x0001, 0xA906, 0x0001, 0xC128, 0x0001, 0xC127, 0x0002, 0xB927,
    0x0001, 0xC127, 0x0002, 0xB927, 0x0001, 0xC148, 0x0001, 0x98E6,
    0x0001, 0x5843, 0x0001, 0x4042, 0x0004, 0x0020, 0x0001, 0x1821,
    0x0001, 0x5843, 0x0001, 0x7884, 0x0002, 0xC127, 0x0001, 0xA0E6,
    0x0001, 0x5843, 0x0001, 0x4042, 0x0004, 0x0020, 0x0001, 0x5042,
    0x0001, 0x6063, 0x0001, 0xB107, 0x0001, 0xC127, 0x0001, 0xB927,
    0x0001, 0xC127, 0x0001, 0x7084, 0x0001, 0x5843, 0x0001, 0x1821,
    0x0003, 0x0020, 0x0001, 0x1021, 0x0001, 0x5063, 0x0001, 0x5863,
    0x0001, 0x4062, 0x0001, 0x5063, 0x0001, 0x6063, 0x0001, 0xB127,
    0x0001, 0xC127, 0x0002, 0xB927, 0x0001, 0x6884, 0x0001, 0x5843,
    0x0002, 0x5863, 0x0001, 0xA907, 0x0001, 0xC127, 0x0001, 0x6863,
    0x0001, 0x5843, 0x0001, 0x6063, 0x0001, 0x5043, 0x0001, 0x90C5,
    0x0001, 0xC148, 0x0001, 0xC127, 0x0002, 0xB927, 0x0001, 0xC127,
    0x0001, 0xC148, 0x0001, 0xB927, 0x0001, 0x78A4, 0x0001, 0x5043,
    0x0001, 0x5863, 0x0001, 0x1821, 0x0006, 0x0020, 0x0028, 0x0861,
    0x0011, 0x0841, 0x002A, 0x0861, 0x001B, 0x0881, 0x0001, 0x0081,
    0x0001, 0x2082, 0x0001, 0x5863, 0x0001, 0x5042, 0x0001, 0x78A4,
    0x0001, 0xC128, 0x0003, 0xB927, 0x0001, 0x90C5, 0x0001, 0x7084,
    0x0001, 0x6063, 0x0002, 0x5843, 0x0001, 0x6063, 0x0001, 0xA106,
    0x0001, 0xC128, 0x0003, 0xB927, 0x0001, 0xC148, 0x0001, 0x90E6,
    0x0001, 0x5843, 0x0001, 0x4042, 0x0004, 0x0020, 0x0001, 0x0881,
    0x0003, 0x08A2, 0x0001, 0x3862, 0x0001, 0x5843, 0x0001, 0x6063,
    0x0001, 0xB127, 0x0001, 0xC148, 0x0001, 0xC128, 0x0001, 0xC148,
    0x0001, 0xC127, 0x0001, 0xB927, 0x0001, 0xB107, 0x0002, 0xB927,
    0x0001, 0xC128, 0x0001, 0xA106, 0x0001, 0x5843, 0x0001, 0x4842,
    0x0004, 0x0020, 0x0001, 0x2041, 0x0001, 0x5843, 0x0001, 0x80A4,
    0x0001, 0xC128, 0x0001, 0xC127, 0x0001, 0xA0E6, 0x0001, 0x5843,
    0x0001, 0x4042, 0x0004, 0x0020, 0x0001, 0x4842, 0x0001, 0x5843,
    0x0001, 0xA0E6, 0x0001, 0xC128, 0x0001, 0xB927, 0x0001, 0xC148,
    0x0001, 0x78A4, 0x0001, 0x5843, 0x0001, 0x2041, 0x0003, 0x0020,
    0x0001, 0x5042, 0x0005, 0x5863, 0x0001, 0xA907, 0x0001, 0xC127,
    0x0001, 0xB927, 0x0001, 0xC148, 0x0001, 0x90C5, 0x0001, 0x5042,
    0x0001, 0x5863, 0x0001, 0xA0E6, 0x0001, 0xC948, 0x0001, 0x80A5,
    0x0001, 0x5843, 0x0001, 0x4842, 0x0001, 0x2021, 0x0001, 0x6063,
    0x0001, 0x5843, 0x0001, 0x80A5, 0x0001, 0xB107, 0x0002, 0xB927,
    0x0001, 0xB127, 0x0001, 0x98E6, 0x0001, 0x6063, 0x0001, 0x5843,
    0x0001, 0x5863, 0x0001, 0x1821, 0x0001, 0x0000, 0x0005, 0x0020,
    0x0001, 0x0861, 0x0001, 0x0881, 0x0027, 0x0861, 0x0012, 0x0841,
    0x0029, 0x0861, 0x001B, 0x0881, 0x0001, 0x3862, 0x0001, 0x6063,
    0x0001, 0x5042, 0x0001, 0x7084, 0x0003, 0xB927, 0x0001, 0xC127,
    0x0001, 0x7084, 0x0001, 0x5042, 0x0001, 0x5843, 0x0001, 0x5043,
    0x0001, 0x4042, 0x0001, 0x4842, 0x0001, 0x5843, 0x0001, 0x5863,
    0x0001, 0xB107, 0x0001, 0xC127, 0x0002, 0xB927, 0x0001, 0xC127,
    0x0001, 0xB107, 0x0001, 0x6063, 0x0001, 0x5042, 0x0004, 0x0020,
    0x0001, 0x0861, 0x0001, 0x08A2, 0x0001, 0x0881, 0x0001, 0x2882,
    0x0001, 0x6043, 0x0001, 0x5863, 0x0001, 0xA906, 0x0001, 0xC948,
    0x0001, 0xB927, 0x0001, 0xA0E6, 0x0001, 0x88C5, 0x0001, 0x7084,
    0x0001, 0x6063, 0x0001, 0x7084, 0x0001, 0xC127, 0x0001, 0xB927,
    0x0001, 0xC127, 0x0001, 0xB107, 0x0001, 0x6063, 0x0001, 0x5042,
    0x0004, 0x0020, 0x0001, 0x2841, 0x0001, 0x5843, 0x0001, 0x88C5,
    0x0001, 0xC128, 0x0001, 0xC127, 0x0001, 0xA106, 0x0001, 0x5843,
    0x0001, 0x4842, 0x0004, 0x0020, 0x0001, 0x3842, 0x0001, 0x5843,
    0x0001, 0x90C5, 0x0001, 0xC148, 0x0001, 0xB927, 0x0001, 0xC148,
    0x0001, 0x90C5, 0x0001, 0x5843, 0x0001, 0x3042, 0x0002, 0x0020,
    0x0001, 0x3842, 0x0001, 0x5843, 0x0001, 0x7084, 0x0001, 0x80A5,
    0x0001, 0x5042, 0x0001, 0x5863, 0x0001, 0x5043, 0x0001, 0xA0E6,
    0x0001, 0xC128, 0x0003, 0xB927, 0x0001, 0x98E6, 0x0001, 0xA907,
    0x0001, 0xC948, 0x0001, 0xA0E6, 0x0001, 0x5043, 0x0001, 0x5863,
    0x0001, 0x1021, 0x0001, 0x0000, 0x0001, 0x2021, 0x0001, 0x5863,
    0x0001, 0x5843, 0x0001, 0x5863, 0x0002, 0x6884, 0x0001, 0x6063,
    0x0002, 0x5843, 0x0001, 0x4842, 0x0001, 0x0820, 0x0006, 0x0020,
    0x0001, 0x0861, 0x0001, 0x0881, 0x0027, 0x0861, 0x0013, 0x0841,
    0x002A, 0x0861, 0x0017, 0x0881, 0x0001, 0x0081, 0x0001, 0x1082,
    0x0001, 0x4863, 0x0002, 0x5843, 0x0001, 0x88C5, 0x0001, 0xC148,
    0x0001, 0xC127, 0x0002, 0xB927, 0x0001, 0xC128, 0x0001, 0x7884,
    0x0001, 0x5843, 0x0001, 0x3042, 0x0003, 0x0020, 0x0001, 0x4042,
    0x0001, 0x5843, 0x0001, 0x80A4, 0x0001, 0xC148, 0x0004, 0xB927,
    0x0001, 0x6063, 0x0001, 0x5042, 0x0001, 0x0820, 0x0003, 0x0020,
    0x0001, 0x0041, 0x0001, 0x08A2, 0x0001, 0x1082, 0x0001, 0x5863,
    0x0001, 0x5043, 0x0001, 0x90C5, 0x0001, 0xC948, 0x0001, 0x98E6,
    0x0001, 0x6863, 0x0003, 0x5843, 0x0001, 0x5043, 0x0001, 0x6063,
    0x0004, 0xB927, 0x0001, 0x6063, 0x0001, 0x5043, 0x0001, 0x0820,
    0x0003, 0x0020, 0x0001, 0x2841, 0x0001, 0x5843, 0x0001, 0x88C5,
    0x0001, 0xC148, 0x0001, 0xC127, 0x0001, 0xA907, 0x0001, 0x5863,
    0x0001, 0x4842, 0x0004, 0x0020, 0x0001, 0x2841, 0x0001, 0x5843,
    0x0001, 0x80A5, 0x0001, 0xC148, 0x0001, 0xB927, 0x0001, 0xC128,
    0x0001, 0xA0E6, 0x0001, 0x5843, 0x0001, 0x4042, 0x0001, 0x0020,
    0x0001, 0x2021, 0x0001, 0x6063, 0x0001, 0x5863, 0x0001, 0xB127,
    0x0001, 0xA0E6, 0x0001, 0x5042, 0x0001, 0x6063, 0x0001, 0x5042,
    0x0001, 0x90C5, 0x0001, 0xC148, 0x0003, 0xB927, 0x0002, 0xC148,
    0x0001, 0xB127, 0x0002, 0x6063, 0x0001, 0x2841, 0x0003, 0x0020,
    0x0001, 0x1021, 0x0001, 0x4042, 0x0001, 0x5042, 0x0002, 0x5843,
    0x0001, 0x5043, 0x0001, 0x4842, 0x0001, 0x2021, 0x0005, 0x0020,
    0x0001, 0x0000, 0x0001, 0x0020, 0x0001, 0x0861, 0x0001, 0x0881,
    0x0028, 0x0861, 0x0013, 0x0841, 0x002A, 0x0861, 0x000B, 0x0881,
    0x0001, 0x0081, 0x000A, 0x0881, 0x0001, 0x0081, 0x0001, 0x2062,
    0x0001, 0x5863, 0x0001, 0x5843, 0x0001, 0x6063, 0x0001, 0xA907,
    0x0001, 0xC948, 0x0001, 0x98E6, 0x0001, 0xB107, 0x0001, 0xC127,
    0x0001, 0xB927, 0x0001, 0xC148, 0x0001, 0x88A5, 0x0001, 0x5843,
    0x0001, 0x2841, 0x0003, 0x0020, 0x0001, 0x1020, 0x0001, 0x5843,
    0x0001, 0x6063, 0x0005, 0xB927, 0x0001, 0x6863, 0x0001, 0x5043,
    0x0001, 0x0820, 0x0004, 0x0020, 0x0001, 0x0881, 0x0001, 0x4062,
    0x0001, 0x5843, 0x0001, 0x7084, 0x0001, 0xC148, 0x0001, 0xA0E6,
    0x0001, 0x5043, 0x0001, 0x5843, 0x0001, 0x4842, 0x0001, 0x3042,
    0x0001, 0x2021, 0x0001, 0x5043, 0x0001, 0x6063, 0x0001, 0xB107,
    0x0001, 0xC127, 0x0001, 0xB927, 0x0001, 0xC127, 0x0001, 0x6884,
    0x0001, 0x5843, 0x0001, 0x1021, 0x0003, 0x0020, 0x0001, 0x2841,
    0x0001, 0x5843, 0x0001, 0x80A5, 0x0001, 0xC148, 0x0001, 0xB927,
    0x0001, 0xB127, 0x0001, 0x6063, 0x0001, 0x5043, 0x0001, 0x0820,
    0x0003, 0x0020, 0x0001, 0x1821, 0x0001, 0x5843, 0x0001, 0x7084,
    0x0001, 0xC127, 0x0001, 0xB927, 0x0001, 0xC127, 0x0001, 0xB107,
    0x0001, 0x6063, 0x0001, 0x4842, 0x0001, 0x0820, 0x0001, 0x5063,
    0x0001, 0x5043, 0x0001, 0x90C5, 0x0001, 0xC948, 0x0001, 0x7084,
    0x0001, 0x5843, 0x0001, 0x5863, 0x0001, 0x5042, 0x0001, 0x80A5,
    0x0001, 0xC148, 0x0004, 0xB927, 0x0001, 0xC127, 0x0001, 0x78A4,
    0x0001, 0x5843, 0x0001, 0x4042, 0x0004, 0x0020, 0x0001, 0x0000,
    0x0001, 0x0020, 0x0001, 0x0841, 0x0001, 0x1020, 0x0001, 0x1021,
    0x0001, 0x0820, 0x0006, 0x0020, 0x0001, 0x0000, 0x0001, 0x0020,
    0x0001, 0x0861, 0x0001, 0x0881, 0x0029, 0x0861, 0x0013, 0x0841,
    0x002B, 0x0861, 0x0007, 0x0881, 0x0001, 0x0081, 0x0001, 0x2062,
    0x0001, 0x4863, 0x0001, 0x4062, 0x0001, 0x1081, 0x0001, 0x0081,
    0x0001, 0x0861, 0x0006, 0x0881, 0x0001, 0x0081, 0x0001, 0x2062,
    0x0001, 0x5863, 0x0001, 0x5042, 0x0001, 0x78A4, 0x0001, 0xC128,
    0x0001, 0xB127, 0x0001, 0x7084, 0x0001, 0x5042, 0x0001, 0xA106,
    0x0001, 0xC128, 0x0001, 0xB927, 0x0001, 0xC148, 0x0001, 0x90C5,
    0x0001, 0x5843, 0x0001, 0x3842, 0x0004, 0x0020, 0x0001, 0x4842,
    0x0001, 0x5843, 0x0001, 0xA0E6, 0x0001, 0xC128, 0x0001, 0xB927,
    0x0001, 0xC127, 0x0001, 0xB127, 0x0001, 0x6063, 0x0001, 0x5042,
    0x0001, 0x0820, 0x0004, 0x0020, 0x0001, 0x2082, 0x0001, 0x5843,
    0x0001, 0x5863, 0x0001, 0xB107, 0x0001, 0xC148, 0x0001, 0x7084,
    0x0001, 0x5843, 0x0001, 0x3042, 0x0003, 0x0020, 0x0001, 0x4842,
    0x0001, 0x5863, 0x0001, 0xA906, 0x0001, 0xC128, 0x0001, 0xB927,
    0x0001, 0xC148, 0x0001, 0x78A4, 0x0001, 0x5843, 0x0001, 0x2041,
    0x0003, 0x0020, 0x0001, 0x2841, 0x0001, 0x5843, 0x0001, 0x80A5,
    0x0001, 0xC148, 0x0002, 0xB927, 0x0001, 0x6863, 0x0001, 0x5843,
    0x0001, 0x1021, 0x0003, 0x0020, 0x0001, 0x0821, 0x0001, 0x5043,
    0x0001, 0x6863, 0x0004, 0xB927, 0x0001, 0x6883, 0x0001, 0x5042,
    0x0001, 0x4842, 0x0001, 0x5843, 0x0001, 0x7084, 0x0001, 0xC948,
    0x0001, 0x90C5, 0x0001, 0x5043, 0x0001, 0x5042, 0x0001, 0x2021,
    0x0001, 0x5843, 0x0001, 0x7084, 0x0001, 0xC127, 0x0003, 0xB927,
    0x0001, 0xC148, 0x0001, 0x90C5, 0x0001, 0x5043, 0x0001, 0x5863,
    0x0001, 0x0820, 0x0004, 0x0020, 0x0001, 0x0000, 0x0001, 0x0861,
    0x0001, 0x0881, 0x0001, 0x0041, 0x0001, 0x0020, 0x0002, 0x0000,
    0x0002, 0x0020, 0x0002, 0x0000, 0x0001, 0x0020, 0x0001, 0x0040,
    0x0001, 0x0861, 0x0001, 0x0881, 0x002A, 0x0861, 0x0014, 0x0841,
    0x002A, 0x0861, 0x0007, 0x0881, 0x0001, 0x1061, 0x0001, 0x5863,
    0x0002, 0x5843, 0x0001, 0x5063, 0x0001, 0x0821, 0x0002, 0x0020,
    0x0001, 0x0041, 0x0003, 0x0881, 0x0001, 0x0081, 0x0001, 0x2062,
    0x0001, 0x6063, 0x0001, 0x5043, 0x0001, 0x80A5, 0x0001, 0xC948,
    0x0001, 0x98E6, 0x0001, 0x5863, 0x0001, 0x5843, 0x0001, 0x5043,
    0x0001, 0x98E6, 0x0001, 0xC148, 0x0001, 0xB927, 0x0001, 0xC128,
    0x0001, 0xA0E6, 0x0001, 0x5843, 0x0001, 0x4042, 0x0004, 0x0020,
    0x0001, 0x3842, 0x0001, 0x5843, 0x0001, 0x90C5, 0x0001, 0xC148,
    0x0001, 0xB927, 0x0001, 0xC127, 0x0001, 0xA106, 0x0001, 0x5843,
    0x0001, 0x4842, 0x0005, 0x0020, 0x0001, 0x4863, 0x0001, 0x5843,
    0x0001, 0x88C5, 0x0001, 0xC148, 0x0001, 0xB107, 0x0001, 0x6063,
    0x0001, 0x5043, 0x0001, 0x0820, 0x0003, 0x0020, 0x0001, 0x4042,
    0x0001, 0x5843, 0x0001, 0xA0E6, 0x0001, 0xC128, 0x0001, 0xB927,
    0x0001, 0xC148, 0x0001, 0x80A5, 0x0001, 0x5843, 0x0001, 0x2841,
    0x0003, 0x0020, 0x0001, 0x2041, 0x0001, 0x5843, 0x0001, 0x78A4,
    0x0001, 0xC148, 0x0001, 0xB927, 0x0001, 0xC128, 0x0001, 0x7084,
    0x0001, 0x5843, 0x0001, 0x1821, 0x0003, 0x0020, 0x0001, 0x1821,
    0x0002, 0x5863, 0x0001, 0xB107, 0x0001, 0xC127, 0x0001, 0xB927,
    0x0001, 0xC128, 0x0001, 0x78A4, 0x0001, 0x5843, 0x0002, 0x5863,
    0x0002, 0xB127, 0x0001, 0x5863, 0x0001, 0x6063, 0x0001, 0x1821,
    0x0001, 0x0020, 0x0001, 0x5843, 0x0001, 0x5863, 0x0001, 0xB107,
    0x0001, 0xC127, 0x0001, 0xB927, 0x0001, 0xC148, 0x0001, 0xA0E6,
    0x0001, 0x5843, 0x0001, 0x6063, 0x0001, 0x1821, 0x0004, 0x0020,
    0x0001, 0x0000, 0x0001, 0x0040, 0x0003, 0x0881, 0x0001, 0x0861,
    0x0001, 0x0841, 0x0001, 0x0040, 0x0002, 0x0020, 0x0001, 0x0040,
    0x0001, 0x0041, 0x0001, 0x0861, 0x0002, 0x0881, 0x002A, 0x0861,
    0x0015, 0x0841, 0x002B, 0x0861, 0x0005, 0x0881, 0x0001, 0x0081,
    0x0001, 0x4062, 0x0001, 0x5843, 0x0001, 0x78A4, 0x0001, 0x7084,
    0x0001, 0x5042, 0x0001, 0x5043, 0x0001, 0x1021, 0x0002, 0x0000,
    0x0001, 0x0040, 0x0002, 0x0881, 0x0001, 0x1862, 0x0001, 0x5863,
    0x0001, 0x5043, 0x0001, 0x88C5, 0x0001, 0xC948, 0x0001, 0x98E6,
    0x0001, 0x5043, 0x0001, 0x5843, 0x0002, 0x5043, 0x0001, 0x88C5,
    0x0001, 0xC148, 0x0001, 0xB927, 0x0001, 0xC127, 0x0001, 0xA907,
    0x0001, 0x5863, 0x0001, 0x4842, 0x0004, 0x0020, 0x0001, 0x3842,
    0x0001, 0x5843, 0x0001, 0x90C5, 0x0001, 0xC148, 0x0001, 0xB927,
    0x0001, 0xC148, 0x0001, 0x88C5, 0x0001, 0x5843, 0x0001, 0x3042,
    0x0004, 0x0020, 0x0001, 0x1821, 0x0001, 0x5843, 0x0001, 0x6063,
    0x0001, 0xB927, 0x0001, 0xC128, 0x0001, 0xA906, 0x0001, 0x5863,
    0x0001, 0x4842, 0x0004, 0x0020, 0x0001, 0x3842, 0x0001, 0x5843,
    0x0001, 0x90C5, 0x0001, 0xC148, 0x0001, 0xB927, 0x0001, 0xC148,
    0x0001, 0x90C5, 0x0001, 0x5843, 0x0001, 0x3842, 0x0003, 0x0020,
    0x0001, 0x1821, 0x0001, 0x5843, 0x0001, 0x7084, 0x0001, 0xC128,
    0x0001, 0xB927, 0x0001, 0xC148, 0x0001, 0x80A5, 0x0001, 0x5843,
    0x0001, 0x2841, 0x0003, 0x0020, 0x0001, 0x4842, 0x0001, 0x5843,
    0x0001, 0x88A5, 0x0001, 0xC128, 0x0002, 0xB927, 0x0001, 0xC148,
    0x0001, 0x98E6, 0x0001, 0x5042, 0x0001, 0x5043, 0x0001, 0x98E6,
    0x0001, 0xC948, 0x0001, 0x7084, 0x0001, 0x5843, 0x0001, 0x4042,
    0x0002, 0x0020, 0x0001, 0x4042, 0x0001, 0x5843, 0x0001, 0x80A5,
    0x0001, 0xC948, 0x0001, 0xC148, 0x0001, 0xA906, 0x0001, 0x5863,
    0x0001, 0x6063, 0x0001, 0x3041, 0x0004, 0x0020, 0x0001, 0x0000,
    0x0001, 0x0020, 0x000D, 0x0881, 0x002B, 0x0861, 0x0016, 0x0841,
    0x002A, 0x0861, 0x0004, 0x0881, 0x0001, 0x0081, 0x0001, 0x2062,
    0x0002, 0x5863, 0x0001, 0xB107, 0x0001, 0xB927, 0x0001, 0x7084,
    0x0001, 0x5043, 0x0001, 0x5863, 0x0001, 0x2021, 0x0001, 0x0020,
    0x0001, 0x0000, 0x0001, 0x0040, 0x0001, 0x0861, 0x0001, 0x5063,
    0x0001, 0x5043, 0x0001, 0x80A5, 0x0001, 0xC948, 0x0001, 0xA906,
    0x0001, 0x5843, 0x0001, 0x6063, 0x0001, 0x2041, 0x0001, 0x2021,
    0x0001, 0x5843, 0x0001, 0x78A4, 0x0001, 0xC148, 0x0001, 0xB927,
    0x0001, 0xC127, 0x0001, 0xB927, 0x0001, 0x6063, 0x0001, 0x5043,
    0x0001, 0x0820, 0x0003, 0x0020, 0x0001, 0x4042, 0x0001, 0x5843,
    0x0001, 0x98E6, 0x0001, 0xC148, 0x0002, 0xB927, 0x0001, 0x6063,
    0x0001, 0x5843, 0x0001, 0x1821, 0x0004, 0x0020, 0x0001, 0x3042,
    0x0001, 0x5843, 0x0001, 0x88C5, 0x0001, 0xC128, 0x0001, 0xC127,
    0x0001, 0xA0E6, 0x0001, 0x5843, 0x0001, 0x4042, 0x0004, 0x0020,
    0x0001, 0x2841, 0x0001, 0x5843, 0x0001, 0x80A5, 0x0001, 0xC148,
    0x0001, 0xB927, 0x0001, 0xC128, 0x0001, 0xA0E6, 0x0001, 0x5843,
    0x0001, 0x4042, 0x0003, 0x0020, 0x0001, 0x1021, 0x0001, 0x5843,
    0x0001, 0x6884, 0x0001, 0xC127, 0x0001, 0xB927, 0x0001, 0xC148,
    0x0001, 0x98E6, 0x0001, 0x5843, 0x0001, 0x4042, 0x0002, 0x0020,
    0x0001, 0x3042, 0x0001, 0x5843, 0x0001, 0x6863, 0x0001, 0xB927,
    0x0001, 0xC127, 0x0004, 0xB927, 0x0001, 0x78A4, 0x0001, 0x90C5,
    0x0001, 0xC948, 0x0001, 0x90C5, 0x0002, 0x5043, 0x0001, 0x0820,
    0x0002, 0x0020, 0x0001, 0x1021, 0x0001, 0x5863, 0x0001, 0x5843,
    0x0001, 0x80A5, 0x0001, 0x88C5, 0x0001, 0x5863, 0x0001, 0x6063,
    0x0001, 0x3842, 0x0005, 0x0020, 0x0001, 0x0000, 0x0001, 0x0861,
    0x000C, 0x0881, 0x002B, 0x0861, 0x0017, 0x0841, 0x002A, 0x0861,
    0x0005, 0x0881, 0x0001, 0x5063, 0x0001, 0x5043, 0x0001, 0x88C5,
    0x0001, 0xC128, 0x0001, 0xB927, 0x0001, 0xC127, 0x0001, 0x80A5,
    0x0002, 0x5863, 0x0001, 0x1021, 0x0001, 0x0020, 0x0001, 0x0000,
    0x0001, 0x3842, 0x0001, 0x5843, 0x0001, 0x7084, 0x0002, 0xC127,
    0x0001, 0x7084, 0x0001, 0x5843, 0x0001, 0x3842, 0x0001, 0x0000,
    0x0001, 0x1821, 0x0001, 0x5843, 0x0001, 0x7084, 0x0001, 0xC127,
    0x0003, 0xB927, 0x0001, 0x6884, 0x0001, 0x5843, 0x0001, 0x1021,
    0x0003, 0x0020, 0x0001, 0x5042, 0x0001, 0x5863, 0x0001, 0xA907,
    0x0001, 0xC127, 0x0001, 0xC148, 0x0001, 0x88C5, 0x0001, 0x5843,
    0x0001, 0x4842, 0x0005, 0x0020, 0x0001, 0x4042, 0x0001, 0x5843,
    0x0001, 0x98E6, 0x0002, 0xC128, 0x0001, 0x98E6, 0x0001, 0x5843,
    0x0001, 0x4042, 0x0004, 0x0020, 0x0001, 0x2041, 0x0001, 0x5843,
    0x0001, 0x7084, 0x0001, 0xC127, 0x0001, 0xB927, 0x0001, 0xC127,
    0x0001, 0xB107, 0x0001, 0x6063, 0x0001, 0x5042, 0x0003, 0x0020,
    0x0001, 0x0820, 0x0001, 0x5843, 0x0001, 0x6063, 0x0002, 0xB927,
    0x0001, 0xC127, 0x0001, 0xB107, 0x0001, 0x5863, 0x0001, 0x5043,
    0x0001, 0x0020, 0x0001, 0x1021, 0x0001, 0x5863, 0x0001, 0x5843,
    0x0001, 0xA906, 0x0001, 0xB927, 0x0001, 0x90C5, 0x0001, 0xC127,
    0x0003, 0xB927, 0x0001, 0xC127, 0x0001, 0xC148, 0x0001, 0xA907,
    0x0001, 0x5863, 0x0001, 0x6063, 0x0001, 0x1821, 0x0004, 0x0020,
    0x0001, 0x2021, 0x0003, 0x5843, 0x0001, 0x6063, 0x0001, 0x3042,
    0x0005, 0x0020, 0x0001, 0x0000, 0x0001, 0x0061, 0x000D, 0x0881,
    0x002B, 0x0861, 0x0017, 0x0841, 0x002B, 0x0861, 0x0002, 0x0881,
    0x0001, 0x0081, 0x0001, 0x3062, 0x0001, 0x5843, 0x0001, 0x6883,
    0x0004, 0xB927, 0x0001, 0xC128, 0x0001, 0x6884, 0x0001, 0x5843,
    0x0001, 0x2021, 0x0001, 0x0000, 0x0001, 0x1821, 0x0002, 0x5863,
    0x0001, 0xB107, 0x0001, 0xC148, 0x0001, 0xA906, 0x0001, 0x5863,
    0x0001, 0x5043, 0x0001, 0x0820, 0x0001, 0x0020, 0x0001, 0x1020,
    0x0001, 0x5043, 0x0001, 0x6863, 0x0003, 0xB927, 0x0001, 0xC128,
    0x0001, 0x7884, 0x0001, 0x5843, 0x0001, 0x2021, 0x0002, 0x0020,
    0x0001, 0x2021, 0x0001, 0x5843, 0x0001, 0x6884, 0x0001, 0xB927,
    0x0001, 0xC128, 0x0001, 0xA906, 0x0001, 0x5843, 0x0001, 0x5863,
    0x0001, 0x1821, 0x0005, 0x0020, 0x0001, 0x4842, 0x0001, 0x5863,
    0x0001, 0xA906, 0x0001, 0xC127, 0x0001, 0xC128, 0x0001, 0x98E6,
    0x0001, 0x5843, 0x0001, 0x4042, 0x0004, 0x0020, 0x0001, 0x1041,
    0x0001, 0x5863, 0x0001, 0x6883, 0x0004, 0xB927, 0x0001, 0x6863,
    0x0001, 0x5043, 0x0001, 0x0820, 0x0002, 0x0020, 0x0001, 0x3842,
    0x0002, 0x5863, 0x0001, 0xB107, 0x0001, 0xC127, 0x0001, 0xB927,
    0x0001, 0xC127, 0x0001, 0x7084, 0x0001, 0x5843, 0x0001, 0x2021,
    0x0001, 0x4842, 0x0001, 0x5843, 0x0001, 0x80A5, 0x0001, 0xC948,
    0x0001, 0x80A5, 0x0001, 0x6063, 0x0001, 0xC127, 0x0005, 0xB927,
    0x0001, 0x6883, 0x0001, 0x5843, 0x0001, 0x3842, 0x0006, 0x0020,
    0x0001, 0x1862, 0x0001, 0x3862, 0x0001, 0x3042, 0x0001, 0x1821,
    0x0005, 0x0020, 0x0001, 0x0000, 0x0001, 0x0041, 0x000E, 0x0881,
    0x002B, 0x0861, 0x0017, 0x0841, 0x002C, 0x0861, 0x0002, 0x0881,
    0x0001, 0x5063, 0x0001, 0x5843, 0x0001, 0xA0E6, 0x0001, 0xC148,
    0x0002, 0xB927, 0x0001, 0xC128, 0x0001, 0x98E6, 0x0001, 0x5843,
    0x0001, 0x5043, 0x0001, 0x0820, 0x0001, 0x0020, 0x0001, 0x4042,
    0x0001, 0x5843, 0x0001, 0x88C5, 0x0002, 0xC128, 0x0001, 0x90C5,
    0x0001, 0x5843, 0x0001, 0x3842, 0x0002, 0x0020, 0x0001, 0x0820,
    0x0001, 0x5042, 0x0001, 0x6063, 0x0001, 0xB107, 0x0001, 0xC127,
    0x0001, 0xB927, 0x0001, 0xC148, 0x0001, 0x80A5, 0x0001, 0x5843,
    0x0001, 0x2841, 0x0001, 0x0020, 0x0001, 0x0820, 0x0002, 0x5043,
    0x0001, 0x98E6, 0x0001, 0xC148, 0x0001, 0xB927, 0x0001, 0x6063,
    0x0001, 0x5843, 0x0001, 0x3042, 0x0005, 0x0020, 0x0001, 0x0841,
    0x0001, 0x5063, 0x0001, 0x5863, 0x0001, 0xB107, 0x0001, 0xC127,
    0x0001, 0xC128, 0x0001, 0xA0E6, 0x0001, 0x5843, 0x0001, 0x4042,
    0x0004, 0x0020, 0x0001, 0x0841, 0x0001, 0x5063, 0x0001, 0x6063,
    0x0001, 0xB107, 0x0001, 0xC127, 0x0001, 0xB927, 0x0001, 0xC127,
    0x0001, 0x7084, 0x0001, 0x5843, 0x0001, 0x1821, 0x0001, 0x0020,
    0x0001, 0x2021, 0x0001, 0x6063, 0x0001, 0x5863, 0x0001, 0x5843,
    0x0001, 0xA0E6, 0x0001, 0xC128, 0x0001, 0xB927, 0x0001, 0xC148,
    0x0001, 0x90C5, 0x0001, 0x5042, 0x0001, 0x6063, 0x0001, 0x5843,
    0x0001, 0x6884, 0x0001, 0xC128, 0x0001, 0xA907, 0x0001, 0x5843,
    0x0001, 0x5863, 0x0001, 0xB107, 0x0001, 0xC127, 0x0002, 0xB927,
    0x0001, 0xC148, 0x0001, 0x80A5, 0x0001, 0x5843, 0x0001, 0x5042,
    0x0006, 0x0020, 0x0001, 0x0861, 0x0001, 0x0881, 0x0001, 0x0081,
    0x0001, 0x0041, 0x0001, 0x0000, 0x0004, 0x0020, 0x0001, 0x0000,
    0x0001, 0x0040, 0x000E, 0x0881, 0x002C, 0x0861, 0x0018, 0x0841,
    0x002C, 0x0861, 0x0001, 0x0881, 0x0001, 0x4862, 0x0001, 0x5843,
    0x0001, 0x78A4, 0x0002, 0xC127, 0x0002, 0xB927, 0x0001, 0x6063,
    0x0001, 0x5843, 0x0001, 0x2821, 0x0001, 0x0000, 0x0001, 0x0820,
    0x0001, 0x5843, 0x0001, 0x6063, 0x0001, 0xB107, 0x0001, 0xB927,
    0x0001, 0xC148, 0x0001, 0x80A5, 0x0001, 0x5843, 0x0001, 0x2841,
    0x0003, 0x0020, 0x0001, 0x4842, 0x0001, 0x5863, 0x0001, 0xA906,
    0x0001, 0xC128, 0x0001, 0xB927, 0x0001, 0xC148, 0x0001, 0x90C5,
    0x0001, 0x5843, 0x0001, 0x3042, 0x0001, 0x0020, 0x0001, 0x4842,
    0x0001, 0x5843, 0x0001, 0x7084, 0x0001, 0xC128, 0x0001, 0xC127,
    0x0001, 0x7084, 0x0001, 0x5843, 0x0001, 0x4842, 0x0006, 0x0020,
    0x0001, 0x0881, 0x0001, 0x5063, 0x0001, 0x6063, 0x0001, 0xB107,
    0x0001, 0xC127, 0x0001, 0xC128, 0x0001, 0xA0E6, 0x0001, 0x5843,
    0x0001, 0x4042, 0x0004, 0x0020, 0x0001, 0x0041, 0x0001, 0x4863,
    0x0001, 0x5843, 0x0001, 0xA106, 0x0001, 0xC128, 0x0001, 0xB927,
    0x0001, 0xC148, 0x0001, 0x80A5, 0x0001, 0x5843, 0x0001, 0x2841,
    0x0001, 0x0820, 0x0001, 0x5863, 0x0001, 0x5043, 0x0001, 0x98E6,
    0x0001, 0x6884, 0x0001, 0x88C5, 0x0001, 0xC148, 0x0003, 0xB927,
    0x0001, 0x6063, 0x0001, 0x5042, 0x0001, 0x6063, 0x0001, 0xB107,
    0x0001, 0xC148, 0x0001, 0x7084, 0x0001, 0x5843, 0x0001, 0x5043,
    0x0001, 0x90C5, 0x0001, 0xC148, 0x0001, 0xB927, 0x0001, 0xC148,
    0x0001, 0x90C5, 0x0001, 0x5043, 0x0001, 0x5863, 0x0001, 0x1021,
    0x0005, 0x0020, 0x0001, 0x0841, 0x0001, 0x0882, 0x0002, 0x0881,
    0x0001, 0x0882, 0x0001, 0x0841, 0x0001, 0x0020, 0x0001, 0x0000,
    0x0002, 0x0020, 0x0001, 0x0861, 0x000E, 0x0881, 0x002C, 0x0861,
    0x0019, 0x0841, 0x002C, 0x0861, 0x0001, 0x0881, 0x0001, 0x1061,
    0x0001, 0x5863, 0x0001, 0x5843, 0x0001, 0x7084, 0x0001, 0xB107,
    0x0001, 0xC948, 0x0001, 0x90C5, 0x0001, 0x5843, 0x0001, 0x4842,
    0x0002, 0x0020, 0x0001, 0x2021, 0x0001, 0x5843, 0x0001, 0x78A4,
    0x0001, 0xC128, 0x0001, 0xB927, 0x0001, 0xC148, 0x0001, 0x78A4,
    0x0001, 0x5843, 0x0001, 0x2021, 0x0003, 0x0020, 0x0001, 0x4042,
    0x0001, 0x5843, 0x0001, 0x98E6, 0x0001, 0xC148, 0x0001, 0xB927,
    0x0001, 0xC128, 0x0001, 0xA0E6, 0x0001, 0x5843, 0x0002, 0x4842,
    0x0001, 0x5843, 0x0001, 0x6063, 0x0001, 0xB927, 0x0001, 0xC127,
    0x0001, 0x7084, 0x0001, 0x5843, 0x0001, 0x5063, 0x0001, 0x0820,
    0x0005, 0x0020, 0x0001, 0x0861, 0x0001, 0x1082, 0x0001, 0x5063,
    0x0001, 0x6063, 0x0001, 0xB107, 0x0002, 0xC127, 0x0001, 0xA906,
    0x0001, 0x5863, 0x0001, 0x4842, 0x0004, 0x0020, 0x0001, 0x0041,
    0x0001, 0x4083, 0x0001, 0x5843, 0x0001, 0x98E6, 0x0001, 0xC148,
    0x0001, 0xB927, 0x0001, 0xC148, 0x0001, 0x90C5, 0x0001, 0x5843,
    0x0001, 0x3842, 0x0001, 0x4042, 0x0001, 0x5843, 0x0001, 0x78A4,
    0x0001, 0xC948, 0x0001, 0x78A4, 0x0001, 0x7084, 0x0001, 0xC148,
    0x0002, 0xB927, 0x0001, 0xC128, 0x0001, 0xA906, 0x0001, 0x7884,
    0x0001, 0xA906, 0x0001, 0xC948, 0x0001, 0x90C5, 0x0001, 0x5042,
    0x0001, 0x5863, 0x0001, 0x5843, 0x0001, 0x6884, 0x0001, 0xC127,
    0x0001, 0xC948, 0x0001, 0xA0E6, 0x0001, 0x5843, 0x0001, 0x6063,
    0x0001, 0x2021, 0x0005, 0x0020, 0x0001, 0x0040, 0x0005, 0x0881,
    0x0001, 0x0882, 0x0001, 0x0881, 0x0002, 0x0861, 0x0010, 0x0881,
    0x002C, 0x0861, 0x0019, 0x0841, 0x002C, 0x0861, 0x0001, 0x0881,
    0x0001, 0x0081, 0x0001, 0x1861, 0x0001, 0x5063, 0x0001, 0x5843,
    0x0001, 0x6063, 0x0001, 0x98E6, 0x0001, 0x6063, 0x0001, 0x5843,
    0x0001, 0x1821, 0x0002, 0x0020, 0x0001, 0x3842, 0x0001, 0x5843,
    0x0001, 0x90C5, 0x0001, 0xC148, 0x0001, 0xB927, 0x0001, 0xC148,
    0x0001, 0x80A5, 0x0001, 0x5843, 0x0001, 0x2841, 0x0002, 0x0020,
    0x0001, 0x0000, 0x0001, 0x3042, 0x0001, 0x5843, 0x0001, 0x90C5,
    0x0001, 0xC148, 0x0001, 0xB927, 0x0001, 0xC127, 0x0001, 0xA907,
    0x0002, 0x5863, 0x0001, 0x5043, 0x0001, 0x6884, 0x0002, 0xB927,
    0x0001, 0x6884, 0x0001, 0x5843, 0x0001, 0x5863, 0x0001, 0x1020,
    0x0005, 0x0020, 0x0001, 0x0040, 0x0002, 0x0882, 0x0001, 0x5063,
    0x0001, 0x5863, 0x0001, 0xA907, 0x0001, 0xC127, 0x0001, 0xB927,
    0x0001, 0xB127, 0x0001, 0x6063, 0x0001, 0x5043, 0x0001, 0x0820,
    0x0003, 0x0020, 0x0001, 0x0040, 0x0001, 0x3882, 0x0001, 0x5843,
    0x0001, 0x88C5, 0x0001, 0xC148, 0x0001, 0xB927, 0x0001, 0xC128,
    0x0001, 0xA906, 0x0001, 0x5843, 0x0002, 0x5863, 0x0001, 0x6063,
    0x0001, 0xB927, 0x0001, 0xA907, 0x0001, 0x5843, 0x0001, 0x6063,
    0x0001, 0xB927, 0x0001, 0xC127, 0x0002, 0xB927, 0x0001, 0xC127,
    0x0002, 0xC148, 0x0001, 0xA907, 0x0002, 0x5863, 0x0001, 0x2021,
    0x0001, 0x4842, 0x0001, 0x5843, 0x0001, 0x78A4, 0x0001, 0x90C5,
    0x0001, 0x5863, 0x0001, 0x6063, 0x0001, 0x3042, 0x0006, 0x0020,
    0x001A, 0x0881, 0x002C, 0x0861, 0x001A, 0x0841, 0x002C, 0x0861,
    0x0001, 0x0881, 0x0001, 0x0081, 0x0001, 0x1061, 0x0001, 0x4062,
    0x0002, 0x5843, 0x0001, 0x6063, 0x0001, 0x4842, 0x0003, 0x0020,
    0x0001, 0x4042, 0x0001, 0x5843, 0x0001, 0xA0E6, 0x0001, 0xC128,
    0x0001, 0xB927, 0x0001, 0xC148, 0x0001, 0x98E6, 0x0001, 0x5843,
    0x0001, 0x4042, 0x0003, 0x0020, 0x0001, 0x2821, 0x0001, 0x5843,
    0x0001, 0x80A5, 0x0001, 0xC148, 0x0001, 0xB927, 0x0001, 0xC127,
    0x0001, 0xB927, 0x0001, 0x5863, 0x0001, 0x5843, 0x0001, 0x88A5,
    0x0001, 0xB927, 0x0001, 0xC127, 0x0001, 0x6883, 0x0001, 0x5042,
    0x0001, 0x5863, 0x0001, 0x0820, 0x0006, 0x0020, 0x0001, 0x0881,
    0x0002, 0x0882, 0x0001, 0x4863, 0x0001, 0x5843, 0x0001, 0xA906,
    0x0001, 0xC128, 0x0002, 0xB927, 0x0001, 0x6883, 0x0001, 0x5843,
    0x0001, 0x1021, 0x0003, 0x0020, 0x0001, 0x0040, 0x0001, 0x4863,
    0x0001, 0x5042, 0x0001, 0x88C5, 0x0001, 0xC148, 0x0003, 0xB927,
    0x0001, 0x6063, 0x0001, 0x5863, 0x0001, 0x5043, 0x0001, 0xA0E6,
    0x0001, 0xC148, 0x0001, 0x6884, 0x0001, 0x5843, 0x0001, 0x5043,
    0x0001, 0x90C5, 0x0001, 0xC148, 0x0004, 0xB927, 0x0001, 0xC127,
    0x0001, 0x6884, 0x0001, 0x5843, 0x0001, 0x3842, 0x0001, 0x0020,
    0x0001, 0x1821, 0x0001, 0x5863, 0x0002, 0x5843, 0x0001, 0x6063,
    0x0001, 0x3042, 0x0005, 0x0020, 0x0001, 0x0000, 0x0001, 0x0861,
    0x0001, 0x0882, 0x0018, 0x0881, 0x002C, 0x0861, 0x001B, 0x0841,
    0x002D, 0x0861, 0x0003, 0x0881, 0x0001, 0x2862, 0x0001, 0x5042,
    0x0001, 0x4842, 0x0001, 0x0820, 0x0001, 0x0000, 0x0002, 0x0020,
    0x0001, 0x4842, 0x0001, 0x5863, 0x0001, 0xA906, 0x0001, 0xC127,
    0x0001, 0xB927, 0x0001, 0xC127, 0x0001, 0xB107, 0x0001, 0x5863,
    0x0001, 0x5063, 0x0001, 0x0820, 0x0002, 0x0020, 0x0001, 0x1821,
    0x0001, 0x5843, 0x0001, 0x7084, 0x0001, 0xC128, 0x0003, 0xB927,
    0x0001, 0x80A5, 0x0001, 0xA0E6, 0x0001, 0xC148, 0x0001, 0xB927,
    0x0001, 0xC127, 0x0001, 0xA0E6, 0x0001, 0x5843, 0x0001, 0x5863,
    0x0001, 0x1821, 0x0005, 0x0020, 0x0001, 0x0881, 0x0003, 0x0882,
    0x0001, 0x4862, 0x0001, 0x5843, 0x0001, 0xA0E6, 0x0001, 0xC128,
    0x0001, 0xB927, 0x0001, 0xC148, 0x0001, 0x78A4, 0x0001, 0x5843,
    0x0001, 0x2021, 0x0003, 0x0020, 0x0001, 0x2821, 0x0001, 0x5843,
    0x0001, 0x6063, 0x0004, 0xB927, 0x0001, 0xC148, 0x0001, 0x78A4,
    0x0001, 0x4822, 0x0001, 0x88C5, 0x0001, 0xC948, 0x0001, 0x90C5,
    0x0001, 0x5042, 0x0001, 0x5863, 0x0001, 0x5843, 0x0001, 0x6063,
    0x0001, 0xB927, 0x0001, 0xC127, 0x0002, 0xB927, 0x0001, 0xC148,
    0x0001, 0x80A5, 0x0001, 0x5843, 0x0001, 0x5042, 0x0003, 0x0020,
    0x0001, 0x1020, 0x0001, 0x3042, 0x0001, 0x3842, 0x0001, 0x1821,
    0x0005, 0x0020, 0x0001, 0x0000, 0x0001, 0x0841, 0x0001, 0x0882,
    0x0018, 0x0881, 0x002D, 0x0861, 0x001C, 0x0841, 0x002D, 0x0861,
    0x0002, 0x0881, 0x0001, 0x0081, 0x0001, 0x0061, 0x0001, 0x0020,
    0x0001, 0x1821, 0x0001, 0x2841, 0x0001, 0x1021, 0x0001, 0x0020,
    0x0001, 0x4842, 0x0001, 0x5863, 0x0001, 0xA906, 0x0001, 0xC127,
    0x0002, 0xB927, 0x0001, 0xC148, 0x0001, 0x7084, 0x0001, 0x5843,
    0x0001, 0x2841, 0x0002, 0x0020, 0x0001, 0x1021, 0x0001, 0x5843,
    0x0001, 0x6883, 0x0004, 0xB927, 0x0001, 0xC148, 0x0001, 0xC948,
    0x0003, 0xB927, 0x0001, 0xC148, 0x0001, 0x90C5, 0x0001, 0x5043,
    0x0001, 0x5863, 0x0001, 0x1021, 0x0003, 0x0020, 0x0001, 0x0861,
    0x0001, 0x08A2, 0x0002, 0x0881, 0x0001, 0x0081, 0x0001, 0x4062,
    0x0001, 0x5843, 0x0001, 0x90E6, 0x0001, 0xC148, 0x0001, 0xB927,
    0x0001, 0xC148, 0x0001, 0x88C5, 0x0001, 0x5843, 0x0001, 0x3842,
    0x0002, 0x0020, 0x0001, 0x0820, 0x0002, 0x5843, 0x0001, 0xA0E6,
    0x0001, 0xC148, 0x0003, 0xB927, 0x0001, 0xC127, 0x0001, 0xB107,
    0x0001, 0x90C5, 0x0001, 0xC128, 0x0001, 0xB107, 0x0002, 0x5863,
    0x0001, 0x1821, 0x0001, 0x4042, 0x0001, 0x5843, 0x0001, 0x7084,
    0x0001, 0xB927, 0x0001, 0xC128, 0x0001, 0xC148, 0x0001, 0x90E6,
    0x0001, 0x5043, 0x0001, 0x5863, 0x0001, 0x1021, 0x000B, 0x0020,
    0x0001, 0x0000, 0x0001, 0x0041, 0x0001, 0x0882, 0x0018, 0x0881,
    0x002D, 0x0861, 0x000E, 0x0841, 0x0001, 0x0041, 0x000E, 0x0841,
    0x002E, 0x0861, 0x0002, 0x0881, 0x0001, 0x1082, 0x0001, 0x4863,
    0x0002, 0x5843, 0x0001, 0x6063, 0x0001, 0x2021, 0x0001, 0x4042,
    0x0001, 0x5843, 0x0001, 0xA0E6, 0x0001, 0xC128, 0x0002, 0xB927,
    0x0001, 0xC148, 0x0001, 0xA0E6, 0x0001, 0x5843, 0x0001, 0x5863,
    0x0001, 0x0820, 0x0001, 0x0020, 0x0001, 0x0820, 0x0001, 0x5042,
    0x0001, 0x6063, 0x0001, 0xB107, 0x0001, 0xC127, 0x0001, 0xB927,
    0x0001, 0xC148, 0x0001, 0x90C5, 0x0001, 0x80A5, 0x0001, 0xC127,
    0x0003, 0xB927, 0x0001, 0xC148, 0x0001, 0x80A5, 0x0002, 0x5043,
    0x0001, 0x0820, 0x0002, 0x0020, 0x0001, 0x0040, 0x0003, 0x0881,
    0x0001, 0x0081, 0x0001, 0x3062, 0x0001, 0x5843, 0x0001, 0x88C5,
    0x0001, 0xC148, 0x0001, 0xB927, 0x0001, 0xC127, 0x0001, 0xA906,
    0x0001, 0x5843, 0x0001, 0x5042, 0x0002, 0x0020, 0x0001, 0x4042,
    0x0001, 0x5843, 0x0001, 0x78A4, 0x0001, 0xC948, 0x0001, 0x98E6,
    0x0001, 0xA106, 0x0001, 0xC128, 0x0002, 0xB927, 0x0001, 0xC127,
    0x0001, 0xC148, 0x0001, 0xC127, 0x0001, 0x7084, 0x0001, 0x5843,
    0x0001, 0x3842, 0x0001, 0x0020, 0x0001, 0x0820, 0x0001, 0x5043,
    0x0001, 0x5843, 0x0001, 0x6884, 0x0001, 0xA0E6, 0x0001, 0x90C5,
    0x0001, 0x5843, 0x0001, 0x6063, 0x0001, 0x2021, 0x0005, 0x0020,
    0x0001, 0x0040, 0x0001, 0x0882, 0x0001, 0x0861, 0x0004, 0x0020,
    0x0001, 0x0841, 0x0001, 0x0882, 0x0018, 0x0881, 0x002E, 0x0861,
    0x000E, 0x0841, 0x0001, 0x0041, 0x000E, 0x0841, 0x002E, 0x0861,
    0x0001, 0x0881, 0x0001, 0x1061, 0x0001, 0x5063, 0x0001, 0x5843,
    0x0001, 0x6884, 0x0001, 0x80A4, 0x0001, 0x5863, 0x0001, 0x5042,
    0x0001, 0x3842, 0x0001, 0x5843, 0x0001, 0x90C5, 0x0001, 0xC148,
    0x0003, 0xB927, 0x0001, 0xC128, 0x0001, 0x7884, 0x0001, 0x5843,
    0x0001, 0x4042, 0x0002, 0x0020, 0x0001, 0x4842, 0x0001, 0x5863,
    0x0001, 0xA906, 0x0001, 0xC127, 0x0001, 0xB927, 0x0001, 0xC148,
    0x0001, 0x88C5, 0x0001, 0x4822, 0x0001, 0x90C5, 0x0001, 0xC148,
    0x0003, 0xB927, 0x0001, 0xC127, 0x0001, 0x7084, 0x0001, 0x5843,
    0x0001, 0x4842, 0x0003, 0x0020, 0x0001, 0x0041, 0x0001, 0x0882,
    0x0001, 0x0881, 0x0001, 0x0081, 0x0001, 0x2882, 0x0001, 0x5843,
    0x0001, 0x78A4, 0x0001, 0xC148, 0x0003, 0xB927, 0x0001, 0x6883,
    0x0001, 0x5843, 0x0001, 0x1821, 0x0001, 0x2841, 0x0001, 0x6043,
    0x0001, 0x6063, 0x0002, 0xB927, 0x0001, 0x6063, 0x0001, 0x90C5,
    0x0001, 0xC148, 0x0003, 0xB927, 0x0001, 0xC128, 0x0001, 0x90C5,
    0x0002, 0x5043, 0x0001, 0x0820, 0x0002, 0x0020, 0x0001, 0x1020,
    0x0001, 0x5042, 0x0003, 0x5843, 0x0001, 0x6063, 0x0001, 0x2841,
    0x0006, 0x0020, 0x0001, 0x0881, 0x0002, 0x0882, 0x0001, 0x0881,
    0x0002, 0x0861, 0x0001, 0x0881, 0x0001, 0x0882, 0x0019, 0x0881,
    0x002E, 0x0861, 0x000E, 0x0841, 0x0001, 0x0041, 0x000F, 0x0841,
    0x002E, 0x0861, 0x0001, 0x4862, 0x0001, 0x5843, 0x0001, 0x6884,
    0x0001, 0xB927, 0x0001, 0xC148, 0x0001, 0x7084, 0x0001, 0x5042,
    0x0001, 0x3842, 0x0001, 0x5043, 0x0001, 0x7084, 0x0001, 0xC128,
    0x0003, 0xB927, 0x0001, 0xC127, 0x0001, 0xB107, 0x0001, 0x6063,
    0x0001, 0x5863, 0x0001, 0x2021, 0x0001, 0x0000, 0x0001, 0x4042,
    0x0001, 0x5843, 0x0001, 0x98E6, 0x0001, 0xC148, 0x0001, 0xB927,
    0x0001, 0xC148, 0x0001, 0x98E6, 0x0001, 0x5043, 0x0001, 0x5863,
    0x0001, 0xA906, 0x0001, 0xC128, 0x0002, 0xB927, 0x0001, 0xC127,
    0x0001, 0xB927, 0x0001, 0x6063, 0x0001, 0x5843, 0x0001, 0x4042,
    0x0003, 0x0020, 0x0001, 0x0041, 0x0001, 0x0882, 0x0001, 0x0881,
    0x0001, 0x1882, 0x0001, 0x5843, 0x0001, 0x6884, 0x0003, 0xB927,
    0x0001, 0xC148, 0x0001, 0x88C5, 0x0001, 0x5042, 0x0001, 0x5063,
    0x0001, 0x5863, 0x0001, 0x5843, 0x0001, 0xA0E6, 0x0001, 0xC948,
    0x0001, 0x80A5, 0x0001, 0x4842, 0x0001, 0x88C5, 0x0001, 0xC148,
    0x0002, 0xB927, 0x0001, 0xC128, 0x0001, 0xA907, 0x0001, 0x5843,
    0x0001, 0x6063, 0x0001, 0x1821, 0x0005, 0x0020, 0x0001, 0x3062,
    0x0002, 0x4042, 0x0001, 0x1821, 0x0006, 0x0020, 0x0001, 0x0861,
    0x0001, 0x0882, 0x0003, 0x0881, 0x0002, 0x0882, 0x001A, 0x0881,
    0x002E, 0x0861, 0x000F, 0x0841, 0x0002, 0x0041, 0x000E, 0x0841,
    0x002C, 0x0861, 0x0001, 0x0061, 0x0001, 0x3862, 0x0001, 0x5843,
    0x0001, 0x6063, 0x0001, 0xB927, 0x0001, 0xC127, 0x0001, 0xC128,
    0x0001, 0x80A5, 0x0001, 0x5843, 0x0001, 0x3041, 0x0001, 0x5042,
    0x0001, 0x6063, 0x0001, 0xB107, 0x0001, 0xC127, 0x0003, 0xB927,
    0x0001, 0xC148, 0x0001, 0x78A4, 0x0001, 0x5843, 0x0001, 0x3042,
    0x0001, 0x0000, 0x0001, 0x3842, 0x0001, 0x5843, 0x0001, 0x90C5,
    0x0001, 0xC148, 0x0001, 0xB927, 0x0001, 0xC128, 0x0001, 0xA906,
    0x0002, 0x5843, 0x0001, 0x6863, 0x0004, 0xB927, 0x0001, 0xC128,
    0x0001, 0xB107, 0x0001, 0x5863, 0x0001, 0x6063, 0x0001, 0x3042,
    0x0003, 0x0020, 0x0001, 0x0861, 0x0001, 0x0882, 0x0001, 0x1081,
    0x0001, 0x5063, 0x0001, 0x5863, 0x0001, 0xB107, 0x0001, 0xC127,
    0x0003, 0xB927, 0x0001, 0x6063, 0x0001, 0x5042, 0x0001, 0x5043,
    0x0001, 0x98E6, 0x0001, 0xC948, 0x0001, 0xA0E6, 0x0001, 0x5843,
    0x0001, 0x5043, 0x0001, 0x7084, 0x0001, 0xC127, 0x0003, 0xB927,
    0x0001, 0x6884, 0x0001, 0x5843, 0x0001, 0x3842, 0x0006, 0x0020,
    0x0001, 0x0081, 0x0001, 0x0061, 0x0007, 0x0020, 0x0001, 0x0861,
    0x0001, 0x0882, 0x001F, 0x0881, 0x002F, 0x0861, 0x000E, 0x0841,
    0x0003, 0x0041, 0x000F, 0x0841, 0x002A, 0x0861, 0x0001, 0x0061,
    0x0001, 0x2062, 0x0001, 0x6043, 0x0001, 0x5843, 0x0001, 0xA8E6,
    0x0001, 0xC128, 0x0001, 0xB927, 0x0001, 0xC148, 0x0001, 0x90C5,
    0x0001, 0x5843, 0x0002, 0x3042, 0x0001, 0x5843, 0x0001, 0x80A5,
    0x0001, 0xC148, 0x0002, 0xB927, 0x0001, 0xC148, 0x0001, 0x88C5,
    0x0001, 0x5043, 0x0001, 0x5863, 0x0001, 0x1021, 0x0001, 0x0000,
    0x0001, 0x2841, 0x0001, 0x5843, 0x0001, 0x80A5, 0x0001, 0xC148,
    0x0001, 0xB927, 0x0001, 0xC127, 0x0001, 0xB107, 0x0002, 0x5863,
    0x0001, 0x5042, 0x0001, 0x80A4, 0x0001, 0xC148, 0x0003, 0xB927,
    0x0001, 0xC148, 0x0001, 0xA0E6, 0x0001, 0x5843, 0x0001, 0x6063,
    0x0001, 0x2821, 0x0003, 0x0020, 0x0001, 0x0861, 0x0001, 0x0881,
    0x0001, 0x4062, 0x0001, 0x5843, 0x0001, 0x98E6, 0x0001, 0xC148,
    0x0002, 0xB927, 0x0001, 0xC127, 0x0001, 0xA907, 0x0001, 0x78A4,
    0x0001, 0xA0E6, 0x0001, 0xC148, 0x0001, 0xB927, 0x0001, 0x6883,
    0x0001, 0x5843, 0x0001, 0x5863, 0x0001, 0x6063, 0x0002, 0xB927,
    0x0001, 0xC148, 0x0001, 0x80A5, 0x0001, 0x5843, 0x0001, 0x5042,
    0x0006, 0x0020, 0x0001, 0x0861, 0x0002, 0x0882, 0x0001, 0x0861,
    0x0005, 0x0020, 0x0001, 0x0861, 0x0001, 0x0882, 0x001F, 0x0881,
    0x002F, 0x0861, 0x000F, 0x0841, 0x0003, 0x0041, 0x000F, 0x0841,
    0x002A, 0x0861, 0x0001, 0x1061, 0x0001, 0x5863, 0x0001, 0x5042,
    0x0001, 0x90C5, 0x0001, 0xC148, 0x0002, 0xB927, 0x0001, 0xC128,
    0x0001, 0xA0E6, 0x0001, 0x5843, 0x0001, 0x4042, 0x0001, 0x1020,
    0x0002, 0x5863, 0x0001, 0xB107, 0x0001, 0xC127, 0x0001, 0xC148,
    0x0001, 0x98E6, 0x0001, 0x5043, 0x0001, 0x6063, 0x0001, 0x2021,
    0x0002, 0x0020, 0x0001, 0x1821, 0x0001, 0x5843, 0x0001, 0x7084,
    0x0001, 0xC127, 0x0001, 0xB927, 0x0001, 0xC127, 0x0001, 0xB107,
    0x0001, 0x6063, 0x0001, 0x5843, 0x0001, 0x5863, 0x0001, 0x5043,
    0x0001, 0x98E6, 0x0001, 0xC148, 0x0003, 0xB927, 0x0001, 0xC148,
    0x0001, 0x98E6, 0x0001, 0x5043, 0x0001, 0x6063, 0x0001, 0x1821,
    0x0003, 0x0020, 0x0001, 0x0081, 0x0001, 0x3082, 0x0001, 0x5843,
    0x0001, 0x78A4, 0x0001, 0xC148, 0x0003, 0xB927, 0x0001, 0xC127,
    0x0001, 0xC148, 0x0001, 0xC127, 0x0001, 0xC148, 0x0001, 0x88C5,
    0x0001, 0x5843, 0x0002, 0x4842, 0x0001, 0x5843, 0x0001, 0x90C5,
    0x0001, 0xC948, 0x0001, 0x90C5, 0x0001, 0x5043, 0x0001, 0x5863,
    0x0001, 0x1021, 0x0005, 0x0020, 0x0001, 0x0861, 0x0001, 0x0882,
    0x0002, 0x0881, 0x0001, 0x0882, 0x0001, 0x0881, 0x0003, 0x0861,
    0x0001, 0x0881, 0x0001, 0x0882, 0x001F, 0x0881, 0x0030, 0x0861,
    0x000F, 0x0841, 0x0003, 0x0041, 0x000F, 0x0841, 0x002A, 0x0861,
    0x0001, 0x4862, 0x0001, 0x5843, 0x0001, 0x78A4, 0x0001, 0xC127,
    0x0003, 0xB927, 0x0001, 0xC127, 0x0001, 0xA907, 0x0001, 0x5863,
    0x0001, 0x5042, 0x0001, 0x0020, 0x0001, 0x3842, 0x0001, 0x5843,
    0x0001, 0x7084, 0x0001, 0xC148, 0x0001, 0xA106, 0x0001, 0x5843,
    0x0001, 0x6063, 0x0001, 0x2821, 0x0003, 0x0020, 0x0001, 0x1021,
    0x0001, 0x5843, 0x0001, 0x6883, 0x0003, 0xB927, 0x0001, 0xB127,
    0x0001, 0x6063, 0x0001, 0x4842, 0x0001, 0x2821, 0x0002, 0x5863,
    0x0001, 0xB107, 0x0001, 0xC128, 0x0003, 0xB927, 0x0001, 0xC148,
    0x0001, 0x88C5, 0x0001, 0x5042, 0x0001, 0x5863, 0x0001, 0x1021,
    0x0003, 0x0020, 0x0001, 0x1882, 0x0001, 0x5863, 0x0001, 0x6063,
    0x0006, 0xB927, 0x0001, 0xC127, 0x0001, 0xA906, 0x0001, 0x5843,
    0x0001, 0x6063, 0x0001, 0x1021, 0x0001, 0x1821, 0x0002, 0x6063,
    0x0001, 0x7084, 0x0001, 0x5843, 0x0001, 0x6063, 0x0001, 0x2021,
    0x0005, 0x0020, 0x0001, 0x0040, 0x0006, 0x0881, 0x0003, 0x0882,
    0x0021, 0x0881, 0x0030, 0x0861, 0x000F, 0x0841, 0x0004, 0x0041,
    0x000F, 0x0841, 0x0027, 0x0861, 0x0001, 0x0061, 0x0001, 0x3062,
    0x0001, 0x5843, 0x0001, 0x6063, 0x0001, 0xB927, 0x0001, 0xC148,
    0x0001, 0xC128, 0x0004, 0xB927, 0x0001, 0x6063, 0x0001, 0x5043,
    0x0001, 0x0820, 0x0001, 0x0020, 0x0001, 0x5043, 0x0001, 0x5843,
    0x0001, 0x78A4, 0x0001, 0x6063, 0x0001, 0x5843, 0x0001, 0x3042,
    0x0001, 0x0000, 0x0003, 0x0020, 0x0001, 0x0820, 0x0001, 0x5043,
    0x0001, 0x6063, 0x0001, 0xB127, 0x0001, 0xB927, 0x0001, 0xC127,
    0x0001, 0xB107, 0x0001, 0x6063, 0x0001, 0x5042, 0x0001, 0x0020,
    0x0001, 0x3842, 0x0001, 0x5843, 0x0001, 0x6884, 0x0005, 0xB927,
    0x0001, 0xC128, 0x0001, 0x80A4, 0x0001, 0x5043, 0x0001, 0x5843,
    0x0001, 0x0820, 0x0002, 0x0020, 0x0001, 0x0040, 0x0001, 0x4863,
    0x0001, 0x5843, 0x0001, 0x90C5, 0x0001, 0xC148, 0x0005, 0xB927,
    0x0001, 0x6863, 0x0001, 0x5843, 0x0001, 0x3041, 0x0002, 0x0020,
    0x0001, 0x3042, 0x0001, 0x5863, 0x0002, 0x5843, 0x0001, 0x2041,
    0x0006, 0x0020, 0x002A, 0x0881, 0x0030, 0x0861, 0x000F, 0x0841,
    0x0005, 0x0041, 0x000F, 0x0841, 0x0026, 0x0861, 0x0001, 0x0061,
    0x0001, 0x1862, 0x0001, 0x5843, 0x0001, 0x5043, 0x0001, 0xA0E6,
    0x0001, 0xC948, 0x0001, 0x90C5, 0x0001, 0x98E6, 0x0001, 0xC128,
    0x0002, 0xB927, 0x0001, 0xC127, 0x0001, 0x6884, 0x0001, 0x5843,
    0x0001, 0x1821, 0x0001, 0x0000, 0x0001, 0x1821, 0x0001, 0x5863,
    0x0001, 0x5843, 0x0001, 0x6063, 0x0001, 0x4042, 0x0006, 0x0020,
    0x0001, 0x4842, 0x0001, 0x5863, 0x0001, 0xA907, 0x0002, 0xC127,
    0x0001, 0xA907, 0x0001, 0x5863, 0x0001, 0x4842, 0x0002, 0x0020,
    0x0001, 0x5042, 0x0001, 0x5843, 0x0001, 0x80A4, 0x0001, 0xC148,
    0x0004, 0xB927, 0x0001, 0xC127, 0x0001, 0x7084, 0x0001, 0x5843,
    0x0001, 0x5063, 0x0001, 0x0820, 0x0002, 0x0020, 0x0001, 0x1821,
    0x0001, 0x5863, 0x0001, 0x6063, 0x0001, 0xB927, 0x0001, 0xC127,
    0x0002, 0xB927, 0x0001, 0xC128, 0x0001, 0x78A4, 0x0001, 0x5043,
    0x0001, 0x5863, 0x0001, 0x4042, 0x0001, 0x4842, 0x0001, 0x2041,
    0x0001, 0x0020, 0x0001, 0x0820, 0x0001, 0x1821, 0x0001, 0x0820,
    0x0006, 0x0020, 0x0001, 0x0861, 0x0001, 0x0882, 0x0028, 0x0881,
    0x0031, 0x0861, 0x000F, 0x0841, 0x0006, 0x0041, 0x000F, 0x0841,
    0x0026, 0x0861, 0x0001, 0x5063, 0x0001, 0x5843, 0x0001, 0x88C5,
    0x0001, 0xC948, 0x0001, 0x90C5, 0x0001, 0x4842, 0x0001, 0x6863,
    0x0003, 0xB927, 0x0001, 0xC128, 0x0001, 0x78A4, 0x0001, 0x5843,
    0x0001, 0x2021, 0x0002, 0x0020, 0x0001, 0x1821, 0x0001, 0x4042,
    0x0001, 0x3042, 0x0005, 0x0020, 0x0001, 0x0000, 0x0001, 0x0041,
    0x0001, 0x4863, 0x0001, 0x5843, 0x0001, 0xA106, 0x0002, 0xC127,
    0x0001, 0xA0E6, 0x0001, 0x5843, 0x0001, 0x4042, 0x0002, 0x0020,
    0x0001, 0x1020, 0x0001, 0x5863, 0x0001, 0x5043, 0x0001, 0x90C5,
    0x0001, 0xC148, 0x0005, 0xB927, 0x0001, 0x6884, 0x0001, 0x5843,
    0x0001, 0x5042, 0x0001, 0x0820, 0x0002, 0x0020, 0x0001, 0x4042,
    0x0001, 0x5843, 0x0001, 0x7084, 0x0001, 0xB927, 0x0001, 0xC148,
    0x0001, 0xC128, 0x0001, 0x88C5, 0x0001, 0x5843, 0x0001, 0x5863,
    0x0001, 0x5042, 0x0001, 0x6063, 0x0002, 0x5843, 0x0001, 0x4842,
    0x0001, 0x1821, 0x0007, 0x0020, 0x0001, 0x0861, 0x0001, 0x0882,
    0x0029, 0x0881, 0x0030, 0x0861, 0x000F, 0x0841, 0x0007, 0x0041,
    0x0010, 0x0841, 0x0024, 0x0861, 0x0001, 0x1061, 0x0001, 0x5843,
    0x0001, 0x6063, 0x0001, 0xC127, 0x0001, 0xA106, 0x0001, 0x5043,
    0x0001, 0x5863, 0x0001, 0x6063, 0x0001, 0xB107, 0x0001, 0xC127,
    0x0001, 0xB927, 0x0001, 0xC148, 0x0001, 0x80A5, 0x0001, 0x5843,
    0x0001, 0x2841, 0x0001, 0x0000, 0x0003, 0x0020, 0x0001, 0x0040,
    0x0004, 0x0020, 0x0001, 0x0000, 0x0001, 0x0041, 0x0001, 0x0881,
    0x0001, 0x4062, 0x0001, 0x5843, 0x0001, 0x98E6, 0x0001, 0xC127,
    0x0001, 0xC128, 0x0001, 0x88C5, 0x0001, 0x5843, 0x0001, 0x3042,
    0x0001, 0x0000, 0x0002, 0x0020, 0x0001, 0x2021, 0x0001, 0x6063,
    0x0001, 0x5843, 0x0001, 0xA106, 0x0001, 0xC148, 0x0003, 0xB927,
    0x0001, 0xC127, 0x0001, 0xB927, 0x0001, 0x6883, 0x0001, 0x5843,
    0x0001, 0x4842, 0x0001, 0x0820, 0x0001, 0x0020, 0x0001, 0x0820,
    0x0001, 0x5063, 0x0001, 0x5843, 0x0001, 0x6883, 0x0001, 0x88C5,
    0x0001, 0x7084, 0x0001, 0x5843, 0x0001, 0x5863, 0x0001, 0x2021,
    0x0001, 0x4842, 0x0001, 0x6063, 0x0001, 0x90C5, 0x0001, 0x6883,
    0x0001, 0x5843, 0x0001, 0x5863, 0x0001, 0x4042, 0x0001, 0x1020,
    0x0003, 0x0020, 0x0001, 0x0040, 0x0001, 0x0861, 0x0001, 0x0882,
    0x0029, 0x0881, 0x0030, 0x0861, 0x0010, 0x0841, 0x0007, 0x0041,
    0x000F, 0x0841, 0x0026, 0x0861, 0x0001, 0x4863, 0x0001, 0x5843,
    0x0001, 0x90C5, 0x0001, 0x6063, 0x0001, 0x5843, 0x0001, 0x5863,
    0x0001, 0x5843, 0x0001, 0xA0E6, 0x0001, 0xC128, 0x0001, 0xB927,
    0x0001, 0xC148, 0x0001, 0x90C5, 0x0001, 0x5843, 0x0001, 0x3842,
    0x0001, 0x0000, 0x0002, 0x0020, 0x0001, 0x0000, 0x0001, 0x0861,
    0x0001, 0x0841, 0x0003, 0x0000, 0x0001, 0x0040, 0x0001, 0x0881,
    0x0001, 0x0081, 0x0001, 0x4062, 0x0001, 0x5843, 0x0001, 0x98E6,
    0x0001, 0xC148, 0x0001, 0xB927, 0x0001, 0x6884, 0x0001, 0x5843,
    0x0001, 0x1821, 0x0004, 0x0020, 0x0001, 0x3042, 0x0001, 0x6063,
    0x0001, 0x5863, 0x0001, 0xB107, 0x0001, 0xC127, 0x0003, 0xB927,
    0x0001, 0xC127, 0x0001, 0xB927, 0x0001, 0x6863, 0x0001, 0x5843,
    0x0001, 0x4842, 0x0001, 0x0820, 0x0001, 0x0020, 0x0001, 0x1021,
    0x0001, 0x4842, 0x0003, 0x5843, 0x0001, 0x5863, 0x0001, 0x1821,
    0x0001, 0x0820, 0x0001, 0x5843, 0x0001, 0x6863, 0x0001, 0xC128,
    0x0001, 0xB927, 0x0001, 0x88C5, 0x0001, 0x5863, 0x0001, 0x6063,
    0x0001, 0x5043, 0x0001, 0x0820, 0x0002, 0x0020, 0x0001, 0x0041,
    0x002B, 0x0881, 0x0030, 0x0861, 0x0010, 0x0841, 0x0008, 0x0041,
    0x000E, 0x0841, 0x0025, 0x0861, 0x0001, 0x0061, 0x0001, 0x3062,
    0x0001, 0x6063, 0x0001, 0x5843, 0x0001, 0x6063, 0x0002, 0x3842,
    0x0001, 0x5843, 0x0001, 0x90C5, 0x0001, 0xC148, 0x0001, 0xB927,
    0x0001, 0xC128, 0x0001, 0xA0E6, 0x0001, 0x5843, 0x0001, 0x4042,
    0x0003, 0x0020, 0x0001, 0x0000, 0x0001, 0x0041, 0x0001, 0x0881,
    0x0001, 0x0861, 0x0001, 0x0841, 0x0001, 0x0861, 0x0002, 0x0881,
    0x0001, 0x0081, 0x0001, 0x4062, 0x0001, 0x5843, 0x0001, 0x98E6,
    0x0001, 0xC948, 0x0001, 0xA906, 0x0001, 0x5863, 0x0001, 0x5043,
    0x0004, 0x0020, 0x0001, 0x0000, 0x0001, 0x0061, 0x0001, 0x4063,
    0x0001, 0x5843, 0x0001, 0x6863, 0x0001, 0xB927, 0x0001, 0xC127,
    0x0003, 0xB927, 0x0001, 0xC127, 0x0001, 0xB927, 0x0001, 0x6883,
    0x0001, 0x5843, 0x0001, 0x5043, 0x0001, 0x1021, 0x0001, 0x0000,
    0x0001, 0x0020, 0x0001, 0x2041, 0x0001, 0x3042, 0x0001, 0x2821,
    0x0001, 0x0820, 0x0001, 0x0000, 0x0001, 0x2021, 0x0001, 0x5843,
    0x0001, 0x78A4, 0x0001, 0xC127, 0x0001, 0xB927, 0x0001, 0xC148,
    0x0001, 0xB127, 0x0002, 0x6063, 0x0001, 0x2021, 0x0002, 0x0020,
    0x0001, 0x0000, 0x0001, 0x0040, 0x0001, 0x0882, 0x0028, 0x0881,
    0x0031, 0x0861, 0x000F, 0x0841, 0x0009, 0x0041, 0x000F, 0x0841,
    0x0025, 0x0861, 0x0001, 0x1061, 0x0001, 0x4862, 0x0001, 0x5863,
    0x0001, 0x4042, 0x0001, 0x0020, 0x0001, 0x2821, 0x0001, 0x5843,
    0x0001, 0x80A5, 0x0001, 0xC148, 0x0001, 0xB927, 0x0001, 0xC127,
    0x0001, 0xA907, 0x0001, 0x5863, 0x0001, 0x4842, 0x0003, 0x0020,
    0x0001, 0x0000, 0x0001, 0x0041, 0x0006, 0x0881, 0x0001, 0x0081,
    0x0001, 0x4062, 0x0001, 0x5843, 0x0001, 0x98E6, 0x0001, 0xC948,
    0x0001, 0x80A5, 0x0001, 0x5843, 0x0001, 0x3042, 0x0001, 0x0020,
    0x0001, 0x1021, 0x0001, 0x3042, 0x0001, 0x3842, 0x0001, 0x1021,
    0x0001, 0x0081, 0x0001, 0x0881, 0x0001, 0x4863, 0x0001, 0x5843,
    0x0001, 0x6884, 0x0001, 0xB927, 0x0001, 0xC127, 0x0003, 0xB927,
    0x0001, 0xC127, 0x0001, 0xB927, 0x0001, 0x7084, 0x0001, 0x5043,
    0x0001, 0x5863, 0x0001, 0x2021, 0x0001, 0x0020, 0x0001, 0x0000,
    0x0004, 0x0020, 0x0001, 0x4042, 0x0001, 0x5843, 0x0001, 0x90C5,
    0x0001, 0xC148, 0x0001, 0xB927, 0x0001, 0xC128, 0x0001, 0x98E6,
    0x0001, 0x5843, 0x0001, 0x5043, 0x0001, 0x0820, 0x0004, 0x0020,
    0x0001, 0x0861, 0x0001, 0x0882, 0x0026, 0x0881, 0x0031, 0x0861,
    0x0010, 0x0841, 0x0009, 0x0041, 0x0010, 0x0841, 0x0026, 0x0861,
    0x0001, 0x1081, 0x0001, 0x0040, 0x0001, 0x0000, 0x0001, 0x1821,
    0x0001, 0x5843, 0x0001, 0x7084, 0x0001, 0xC128, 0x0002, 0xB927,
    0x0001, 0xB127, 0x0001, 0x6063, 0x0001, 0x5043, 0x0001, 0x0820,
    0x0002, 0x0020, 0x0001, 0x0000, 0x0001, 0x0020, 0x0007, 0x0881,
    0x0001, 0x4863, 0x0001, 0x5843, 0x0001, 0xA906, 0x0001, 0xC127,
    0x0001, 0x6063, 0x0001, 0x5843, 0x0001, 0x3842, 0x0001, 0x4042,
    0x0002, 0x5843, 0x0001, 0x6063, 0x0001, 0x5063, 0x0001, 0x0841,
    0x0001, 0x0020, 0x0001, 0x0820, 0x0001, 0x5043, 0x0001, 0x5843,
    0x0001, 0x7084, 0x0001, 0xB927, 0x0001, 0xC127, 0x0003, 0xB927,
    0x0001, 0xC127, 0x0001, 0xB927, 0x0001, 0x80A4, 0x0001, 0x5042,
    0x0001, 0x5863, 0x0001, 0x4042, 0x0001, 0x1021, 0x0003, 0x0020,
    0x0001, 0x2021, 0x0001, 0x5863, 0x0001, 0x6063, 0x0001, 0xB127,
    0x0001, 0xB927, 0x0001, 0xC127, 0x0001, 0xB107, 0x0002, 0x5863,
    0x0001, 0x2021, 0x0005, 0x0020, 0x0001, 0x0861, 0x0001, 0x0882,
    0x0024, 0x0881, 0x0033, 0x0861, 0x0010, 0x0841, 0x000A, 0x0041,
    0x000F, 0x0841, 0x0028, 0x0861, 0x0001, 0x0020, 0x0001, 0x1020,
    0x0001, 0x5843, 0x0001, 0x6863, 0x0004, 0xB927, 0x0001, 0x6884,
    0x0001, 0x5843, 0x0001, 0x1020, 0x0004, 0x0020, 0x0005, 0x0881,
    0x0001, 0x0081, 0x0001, 0x1882, 0x0001, 0x5843, 0x0001, 0x6063,
    0x0001, 0xC127, 0x0001, 0x98E6, 0x0001, 0x5043, 0x0001, 0x5863,
    0x0002, 0x5843, 0x0001, 0x6883, 0x0001, 0x78A4, 0x0002, 0x5863,
    0x0001, 0x1020, 0x0002, 0x0020, 0x0001, 0x0820, 0x0001, 0x5043,
    0x0001, 0x5843, 0x0001, 0x6884, 0x0001, 0xB927, 0x0001, 0xC128,
    0x0004, 0xB927, 0x0001, 0xC128, 0x0001, 0x98E6, 0x0001, 0x5863,
    0x0002, 0x5843, 0x0001, 0x4042, 0x0001, 0x3042, 0x0001, 0x4042,
    0x0001, 0x5863, 0x0001, 0x5042, 0x0001, 0x90C5, 0x0001, 0xC127,
    0x0002, 0xB927, 0x0001, 0x6884, 0x0001, 0x5843, 0x0001, 0x4042,
    0x0004, 0x0020, 0x0001, 0x0000, 0x0001, 0x0020, 0x0025, 0x0881,
    0x0034, 0x0861, 0x000F, 0x0841, 0x000B, 0x0041, 0x000F, 0x0841,
    0x0027, 0x0861, 0x0001, 0x0881, 0x0001, 0x0861, 0x0001, 0x0841,
    0x0001, 0x5042, 0x0001, 0x6063, 0x0001, 0xB107, 0x0001, 0xC127,
    0x0001, 0xB927, 0x0001, 0xC128, 0x0001, 0x7084, 0x0001, 0x5843,
    0x0001, 0x1821, 0x0004, 0x0020, 0x0001, 0x0861, 0x0003, 0x0881,
    0x0001, 0x0081, 0x0001, 0x0881, 0x0001, 0x4863, 0x0001, 0x5042,
    0x0001, 0x80A5, 0x0001, 0xC948, 0x0001, 0x6884, 0x0001, 0x4842,
    0x0001, 0x5863, 0x0001, 0x7084, 0x0001, 0x98E6, 0x0001, 0xB927,
    0x0001, 0x7084, 0x0001, 0x5843, 0x0001, 0x4042, 0x0004, 0x0020,
    0x0001, 0x0820, 0x0001, 0x5063, 0x0001, 0x5843, 0x0001, 0x6063,
    0x0001, 0xA906, 0x0001, 0xC148, 0x0004, 0xB927, 0x0001, 0xC148,
    0x0001, 0xB107, 0x0001, 0x80A5, 0x0001, 0x6063, 0x0003, 0x5843,
    0x0001, 0x5863, 0x0001, 0x90C5, 0x0001, 0xC127, 0x0001, 0xC128,
    0x0001, 0xB927, 0x0001, 0x7084, 0x0001, 0x5843, 0x0001, 0x5042,
    0x0005, 0x0020, 0x0001, 0x0000, 0x0001, 0x0861, 0x0001, 0x0882,
    0x0024, 0x0881, 0x0033, 0x0861, 0x0010, 0x0841, 0x000B, 0x0041,
    0x0010, 0x0841, 0x0028, 0x0861, 0x0001, 0x0881, 0x0001, 0x4862,
    0x0001, 0x5843, 0x0001, 0xA0E6, 0x0001, 0xC128, 0x0001, 0xB927,
    0x0001, 0xC148, 0x0001, 0x80A5, 0x0001, 0x5843, 0x0001, 0x2821,
    0x0001, 0x0000, 0x0003, 0x0020, 0x0001, 0x0861, 0x0002, 0x0881,
    0x0001, 0x0081, 0x0001, 0x1862, 0x0001, 0x4863, 0x0001, 0x5843,
    0x0001, 0x6063, 0x0001, 0xB927, 0x0001, 0xA906, 0x0001, 0x6863,
    0x0001, 0x88C5, 0x0001, 0xA907, 0x0001, 0xC127, 0x0001, 0xC948,
    0x0001, 0x7884, 0x0001, 0x5043, 0x0001, 0x5042, 0x0001, 0x0820,
    0x0005, 0x0020, 0x0001, 0x1061, 0x0001, 0x4863, 0x0001, 0x5843,
    0x0001, 0x5863, 0x0001, 0x90C5, 0x0001, 0xC127, 0x0001, 0xC128,
    0x0003, 0xB927, 0x0001, 0xC127, 0x0001, 0xC128, 0x0001, 0xB107,
    0x0001, 0x98E6, 0x0001, 0x88C5, 0x0001, 0x90C5, 0x0001, 0xB107,
    0x0001, 0xC948, 0x0001, 0xC128, 0x0001, 0xA0E6, 0x0001, 0x6063,
    0x0001, 0x5843, 0x0001, 0x5043, 0x0001, 0x0820, 0x0004, 0x0020,
    0x0001, 0x0000, 0x0001, 0x0041, 0x0025, 0x0881, 0x0034, 0x0861,
    0x0010, 0x0841, 0x000C, 0x0041, 0x0010, 0x0841, 0x0027, 0x0861,
    0x0001, 0x0061, 0x0001, 0x4062, 0x0001, 0x5843, 0x0001, 0x90C5,
    0x0001, 0xC148, 0x0001, 0xB927, 0x0001, 0xC148, 0x0001, 0x90C5,
    0x0001, 0x5843, 0x0001, 0x3842, 0x0001, 0x0000, 0x0002, 0x0020,
    0x0001, 0x0000, 0x0001, 0x0061, 0x0001, 0x0081, 0x0001, 0x1061,
    0x0001, 0x3862, 0x0001, 0x5863, 0x0001, 0x5843, 0x0001, 0x6063,
    0x0001, 0xB107, 0x0001, 0xC128, 0x0001, 0xB107, 0x0001, 0xB927,
    0x0003, 0xC148, 0x0001, 0x80A5, 0x0001, 0x5043, 0x0001, 0x5863,
    0x0001, 0x0820, 0x0004, 0x0020, 0x0001, 0x0000, 0x0001, 0x0041,
    0x0002, 0x0881, 0x0001, 0x3862, 0x0001, 0x6043, 0x0001, 0x5043,
    0x0001, 0x7084, 0x0001, 0xA0E6, 0x0001, 0xC127, 0x0001, 0xC148,
    0x0001, 0xC128, 0x0001, 0xC127, 0x0001, 0xB927, 0x0001, 0xC127,
    0x0001, 0xC148, 0x0002, 0xC948, 0x0001, 0xC127, 0x0001, 0xA106,
    0x0001, 0x78A4, 0x0001, 0x5843, 0x0001, 0x6063, 0x0001, 0x4842,
    0x0001, 0x0820, 0x0004, 0x0020, 0x0001, 0x0000, 0x0001, 0x0020,
    0x0024, 0x0881, 0x0035, 0x0861, 0x000F, 0x0841, 0x000F, 0x0041,
    0x000F, 0x0841, 0x0027, 0x0861, 0x0001, 0x0061, 0x0001, 0x3062,
    0x0001, 0x5843, 0x0001, 0x88A5, 0x0001, 0xC148, 0x0001, 0xB927,
    0x0001, 0xC128, 0x0001, 0x98E6, 0x0001, 0x5843, 0x0001, 0x4042,
    0x0003, 0x0020, 0x0001, 0x0000, 0x0001, 0x1041, 0x0001, 0x4062,
    0x0001, 0x5863, 0x0002, 0x5843, 0x0001, 0x80A5, 0x0001, 0xB927,
    0x0001, 0xC127, 0x0001, 0xB927, 0x0001, 0xC127, 0x0001, 0xC148,
    0x0001, 0xC127, 0x0001, 0xA906, 0x0001, 0x78A4, 0x0001, 0x5843,
    0x0001, 0x5863, 0x0001, 0x1821, 0x0004, 0x0020, 0x0001, 0x0000,
    0x0001, 0x0020, 0x0003, 0x0881, 0x0001, 0x0081, 0x0001, 0x2062,
    0x0001, 0x5063, 0x0002, 0x5843, 0x0001, 0x7084, 0x0001, 0x90C5,
    0x0001, 0xA906, 0x0001, 0xB107, 0x0001, 0xB927, 0x0001, 0xB127,
    0x0001, 0xB107, 0x0001, 0xA0E6, 0x0001, 0x88C5, 0x0001, 0x6884,
    0x0002, 0x5843, 0x0001, 0x5863, 0x0001, 0x2841, 0x0005, 0x0020,
    0x0001, 0x0000, 0x0001, 0x0020, 0x0024, 0x0881, 0x0036, 0x0861,
    0x000F, 0x0841, 0x000F, 0x0041, 0x0010, 0x0841, 0x0026, 0x0861,
    0x0001, 0x0061, 0x0001, 0x2862, 0x0001, 0x5843, 0x0001, 0x78A4,
    0x0001, 0xC128, 0x0001, 0xB927, 0x0001, 0xC127, 0x0001, 0xA906,
    0x0001, 0x5863, 0x0001, 0x4842, 0x0003, 0x0020, 0x0001, 0x0820,
    0x0001, 0x5043, 0x0001, 0x6043, 0x0001, 0x5863, 0x0001, 0x78A4,
    0x0001, 0xA907, 0x0001, 0xC148, 0x0002, 0xB927, 0x0001, 0xC148,
    0x0001, 0xB927, 0x0001, 0xA0E6, 0x0001, 0x7084, 0x0002, 0x5843,
    0x0001, 0x5863, 0x0001, 0x2021, 0x0006, 0x0020, 0x0001, 0x0861,
    0x0004, 0x0881, 0x0001, 0x0081, 0x0001, 0x0881, 0x0001, 0x3042,
    0x0001, 0x5042, 0x0003, 0x5843, 0x0004, 0x6063, 0x0003, 0x5843,
    0x0001, 0x5042, 0x0001, 0x3042, 0x0001, 0x0820, 0x0005, 0x0020,
    0x0001, 0x0000, 0x0001, 0x0020, 0x0023, 0x0881, 0x0037, 0x0861,
    0x0010, 0x0841, 0x000F, 0x0041, 0x0010, 0x0841, 0x0026, 0x0861,
    0x0001, 0x0061, 0x0001, 0x1862, 0x0001, 0x5843, 0x0001, 0x6884,
    0x0002, 0xB927, 0x0001, 0xC127, 0x0001, 0xB107, 0x0001, 0x6063,
    0x0001, 0x5043, 0x0001, 0x0820, 0x0002, 0x0020, 0x0001, 0x2021,
    0x0001, 0x5843, 0x0001, 0x6884, 0x0001, 0xB127, 0x0001, 0xC128,
    0x0002, 0xC127, 0x0001, 0xC148, 0x0001, 0xB127, 0x0001, 0x90C5,
    0x0001, 0x6884, 0x0002, 0x5843, 0x0001, 0x5043, 0x0001, 0x3042,
    0x0001, 0x0820, 0x0006, 0x0020, 0x0001, 0x0861, 0x0007, 0x0881,
    0x0001, 0x0081, 0x0001, 0x0841, 0x0001, 0x2021, 0x0001, 0x3842,
    0x0001, 0x4842, 0x0001, 0x5042, 0x0001, 0x5043, 0x0002, 0x5042,
    0x0001, 0x4042, 0x0001, 0x3042, 0x0001, 0x1821, 0x0006, 0x0020,
    0x0002, 0x0000, 0x0001, 0x0041, 0x0024, 0x0881, 0x0037, 0x0861,
    0x0010, 0x0841, 0x0010, 0x0041, 0x0010, 0x0841, 0x0026, 0x0861,
    0x0001, 0x1061, 0x0001, 0x5043, 0x0001, 0x6063, 0x0004, 0xB927,
    0x0001, 0x6883, 0x0001, 0x5843, 0x0001, 0x1020, 0x0002, 0x0020,
    0x0001, 0x4042, 0x0001, 0x5843, 0x0001, 0x90C5, 0x0001, 0xC948,
    0x0002, 0xC127, 0x0001, 0xA906, 0x0001, 0x80A5, 0x0001, 0x6063,
    0x0002, 0x5843, 0x0001, 0x4842, 0x0001, 0x2821, 0x0001, 0x0820,
    0x0001, 0x0000, 0x0004, 0x0020, 0x0002, 0x0000, 0x0001, 0x0861,
    0x000A, 0x0881, 0x0001, 0x0061, 0x0001, 0x0020, 0x0001, 0x0000,
    0x0003, 0x0820, 0x0008, 0x0020, 0x0001, 0x0000, 0x0002, 0x0020,
    0x0001, 0x0861, 0x0023, 0x0881, 0x0038, 0x0861, 0x0010, 0x0841,
    0x0011, 0x0041, 0x0010, 0x0841, 0x0027, 0x0861, 0x0001, 0x5063,
    0x0001, 0x6063, 0x0001, 0xB107, 0x0001, 0xC127, 0x0001, 0xB927,
    0x0001, 0xC127, 0x0001, 0x7084, 0x0001, 0x5843, 0x0001, 0x1821,
    0x0001, 0x0020, 0x0001, 0x0820, 0x0001, 0x5843, 0x0001, 0x6063,
    0x0002, 0xB927, 0x0001, 0x98E6, 0x0001, 0x7084, 0x0002, 0x5843,
    0x0001, 0x5863, 0x0001, 0x4042, 0x0001, 0x2021, 0x0006, 0x0020,
    0x0001, 0x0000, 0x0002, 0x0020, 0x0001, 0x0861, 0x000D, 0x0881,
    0x0001, 0x0861, 0x0001, 0x0040, 0x0001, 0x0020, 0x0007, 0x0000,
    0x0002, 0x0020, 0x0001, 0x0041, 0x0001, 0x0861, 0x0025, 0x0881,
    0x0038, 0x0861, 0x0010, 0x0841, 0x0012, 0x0041, 0x0010, 0x0841,
    0x0026, 0x0861, 0x0001, 0x4862, 0x0001, 0x5843, 0x0001, 0xA0E6,
    0x0001, 0xC128, 0x0001, 0xB927, 0x0001, 0xC148, 0x0001, 0x78A4,
    0x0001, 0x5843, 0x0001, 0x2021, 0x0001, 0x0000, 0x0001, 0x2021,
    0x0001, 0x5843, 0x0001, 0x6884, 0x0001, 0x88C5, 0x0001, 0x6063,
    0x0002, 0x5843, 0x0001, 0x5863, 0x0001, 0x3842, 0x0001, 0x1020,
    0x0006, 0x0020, 0x0001, 0x0000, 0x0002, 0x0020, 0x0001, 0x0861,
    0x0011, 0x0881, 0x0002, 0x0861, 0x0001, 0x0041, 0x0003, 0x0040,
    0x0001, 0x0041, 0x0001, 0x0841, 0x0002, 0x0861, 0x0025, 0x0881,
    0x0039, 0x0861, 0x0010, 0x0841, 0x0014, 0x0041, 0x0010, 0x0841,
    0x0024, 0x0861, 0x0001, 0x0061, 0x0001, 0x4062, 0x0001, 0x5843,
    0x0001, 0x98E6, 0x0001, 0xC148, 0x0001, 0xB927, 0x0001, 0xC148,
    0x0001, 0x88C5, 0x0001, 0x5843, 0x0001, 0x3041, 0x0001, 0x0000,
    0x0001, 0x1821, 0x0002, 0x6063, 0x0002, 0x5843, 0x0001, 0x4842,
    0x0001, 0x2821, 0x0001, 0x0820, 0x0001, 0x0000, 0x0005, 0x0020,
    0x0001, 0x0000, 0x0001, 0x0020, 0x0001, 0x0041, 0x0001, 0x0861,
    0x0040, 0x0881, 0x003A, 0x0861, 0x0010, 0x0841, 0x0015, 0x0041,
    0x0010, 0x0841, 0x0024, 0x0861, 0x0001, 0x0061, 0x0001, 0x3062,
    0x0001, 0x5843, 0x0001, 0x88C5, 0x0001, 0xC148, 0x0001, 0xB927,
    0x0001, 0xC148, 0x0001, 0x90C5, 0x0001, 0x5843, 0x0001, 0x3842,
    0x0001, 0x0000, 0x0001, 0x0020, 0x0001, 0x2021, 0x0001, 0x4042,
    0x0001, 0x3042, 0x0001, 0x1021, 0x0001, 0x0020, 0x0001, 0x0000,
    0x0004, 0x0020, 0x0002, 0x0000, 0x0001, 0x0020, 0x0001, 0x0041,
    0x0001, 0x0861, 0x0040, 0x0881, 0x003C, 0x0861, 0x0010, 0x0841,
    0x0015, 0x0041, 0x0011, 0x0841, 0x0023, 0x0861, 0x0001, 0x0061,
    0x0001, 0x2862, 0x0001, 0x5843, 0x0001, 0x78A4, 0x0001, 0xC148,
    0x0001, 0xB927, 0x0001, 0xC128, 0x0001, 0x98E6, 0x0001, 0x5843,
    0x0001, 0x4042, 0x0003, 0x0020, 0x0001, 0x0000, 0x0006, 0x0020,
    0x0001, 0x0000, 0x0002, 0x0020, 0x0002, 0x0861, 0x0042, 0x0881,
    0x003B, 0x0861, 0x0011, 0x0841, 0x0016, 0x0041, 0x0011, 0x0841,
    0x0022, 0x0861, 0x0001, 0x0061, 0x0001, 0x2062, 0x0001, 0x5843,
    0x0001, 0x7084, 0x0001, 0xC127, 0x0001, 0xB927, 0x0001, 0xC128,
    0x0001, 0xA106, 0x0001, 0x5843, 0x0001, 0x4042, 0x0003, 0x0020,
    0x0001, 0x0000, 0x0001, 0x0841, 0x0001, 0x0041, 0x0002, 0x0000,
    0x0002, 0x0020, 0x0001, 0x0041, 0x0001, 0x0861, 0x0002, 0x0881,
    0x0003, 0x0861, 0x003D, 0x0881, 0x003D, 0x0861, 0x0011, 0x0841,
    0x0018, 0x0041, 0x0010, 0x0841, 0x0022, 0x0861, 0x0001, 0x0061,
    0x0001, 0x1861, 0x0001, 0x5843, 0x0001, 0x6863, 0x0002, 0xB927,
    0x0001, 0xC127, 0x0001, 0xA906, 0x0001, 0x5863, 0x0001, 0x4842,
    0x0003, 0x0020, 0x0001, 0x0000, 0x0001, 0x0040, 0x0001, 0x0881,
    0x0001, 0x0861, 0x0001, 0x0041, 0x0002, 0x0861, 0x0001, 0x0881,
    0x0008, 0x0861, 0x0039, 0x0881, 0x003F, 0x0861, 0x0010, 0x0841,
    0x0019, 0x0041, 0x0011, 0x0841, 0x0022, 0x0861, 0x0001, 0x1061,
    0x0001, 0x5063, 0x0001, 0x6063, 0x0001, 0xB127, 0x0001, 0xB927,
    0x0001, 0xC127, 0x0001, 0xA907, 0x0001, 0x6063, 0x0001, 0x4842,
    0x0003, 0x0020, 0x0001, 0x0000, 0x0001, 0x0020, 0x0004, 0x0881,
    0x000B, 0x0861, 0x0037, 0x0881, 0x003F, 0x0861, 0x0011, 0x0841,
    0x0019, 0x0041, 0x0011, 0x0841, 0x0023, 0x0861, 0x0001, 0x5063,
    0x0001, 0x5863, 0x0001, 0xA907, 0x0002, 0xC127, 0x0001, 0xA907,
    0x0001, 0x6063, 0x0001, 0x4842, 0x0003, 0x0020, 0x0001, 0x0000,
    0x0001, 0x0020, 0x0012, 0x0861, 0x0031, 0x0881, 0x0042, 0x0861,
    0x0011, 0x0841, 0x001A, 0x0041, 0x0011, 0x0841, 0x0022, 0x0861,
    0x0001, 0x4862, 0x0001, 0x5843, 0x0001, 0xA106, 0x0002, 0xC127,
    0x0001, 0xA906, 0x0001, 0x5863, 0x0001, 0x4842, 0x0003, 0x0020,
    0x0001, 0x0000, 0x0001, 0x0020, 0x0013, 0x0861, 0x002F, 0x0881,
    0x0042, 0x0861, 0x0011, 0x0841, 0x001C, 0x0041, 0x0011, 0x0841,
    0x0020, 0x0861, 0x0001, 0x0061, 0x0001, 0x4062, 0x0001, 0x5843,
    0x0001, 0x98E6, 0x0001, 0xC128, 0x0001, 0xC127, 0x0001, 0xA0E6,
    0x0001, 0x5843, 0x0001, 0x4042, 0x0003, 0x0020, 0x0001, 0x0000,
    0x0001, 0x0020, 0x0017, 0x0861, 0x0027, 0x0881, 0x0045, 0x0861,
    0x0011, 0x0841, 0x001D, 0x0041, 0x0012, 0x0841, 0x001F, 0x0861,
    0x0001, 0x0061, 0x0001, 0x4062, 0x0001, 0x5843, 0x0001, 0x98E6,
    0x0002, 0xC128, 0x0001, 0x90C5, 0x0001, 0x5843, 0x0001, 0x3042,
    0x0001, 0x0000, 0x0002, 0x0020, 0x0001, 0x0000, 0x0001, 0x0020,
    0x0001, 0x0881, 0x001A, 0x0861, 0x001F, 0x0881, 0x0048, 0x0861,
    0x0012, 0x0841, 0x001E, 0x0041, 0x0012, 0x0841, 0x001E, 0x0861,
    0x0001, 0x0061, 0x0001, 0x3862, 0x0001, 0x5843, 0x0001, 0x90C5,
    0x0001, 0xC148, 0x0001, 0xC127, 0x0001, 0x7884, 0x0001, 0x5843,
    0x0001, 0x2021, 0x0003, 0x0020, 0x0001, 0x0000, 0x0001, 0x0040,
    0x001D, 0x0861, 0x0001, 0x0881, 0x0002, 0x0861, 0x0015, 0x0881,
    0x0002, 0x0861, 0x0001, 0x0881, 0x0049, 0x0861, 0x0012, 0x0841,
    0x001F, 0x0041, 0x0012, 0x0841, 0x001E, 0x0861, 0x0001, 0x0061,
    0x0001, 0x3862, 0x0001, 0x5843, 0x0001, 0x90C5, 0x0001, 0xC148,
    0x0001, 0xB107, 0x0001, 0x6063, 0x0001, 0x5843, 0x0001, 0x0820,
    0x0003, 0x0020, 0x0001, 0x0000, 0x0001, 0x0041, 0x0024, 0x0861,
    0x000D, 0x0881, 0x0050, 0x0861, 0x0012, 0x0841, 0x0020, 0x0041,
    0x0012, 0x0841, 0x001D, 0x0861, 0x0001, 0x0061, 0x0001, 0x3862,
    0x0001, 0x5843, 0x0001, 0x90C5, 0x0001, 0xC948, 0x0001, 0x90C5,
    0x0001, 0x5843, 0x0001, 0x4042, 0x0005, 0x0020, 0x0081, 0x0861,
    0x0012, 0x0841, 0x0022, 0x0041, 0x0012, 0x0841, 0x001C, 0x0861,
    0x0001, 0x0061, 0x0001, 0x4062, 0x0001, 0x5843, 0x0001, 0x98E6,
    0x0001, 0xC148, 0x0001, 0x6884, 0x0001, 0x5843, 0x0001, 0x2021,
    0x0005, 0x0020, 0x0080, 0x0861, 0x0012, 0x0841, 0x0024, 0x0041,
    0x0011, 0x0841, 0x001A, 0x0861, 0x0002, 0x0061, 0x0001, 0x1861,
    0x0001, 0x5863, 0x0001, 0x5843, 0x0001, 0xB107, 0x0001, 0xA906,
    0x0001, 0x5843, 0x0001, 0x5043, 0x0004, 0x0020, 0x0001, 0x0000,
    0x0001, 0x0040, 0x007F, 0x0861, 0x0012, 0x0841, 0x0025, 0x0041,
    0x0012, 0x0841, 0x0016, 0x0861, 0x0002, 0x0061, 0x0001, 0x0861,
    0x0001, 0x2062, 0x0001, 0x4062, 0x0001, 0x5863, 0x0001, 0x5042,
    0x0001, 0x80A4, 0x0001, 0xC948, 0x0001, 0x78A4, 0x0001, 0x5843,
    0x0001, 0x3042, 0x0001, 0x0000, 0x0003, 0x0020, 0x0001, 0x0000,
    0x0001, 0x0841, 0x007F, 0x0861, 0x0012, 0x0841, 0x0025, 0x0041,
    0x0012, 0x0841, 0x0015, 0x0861, 0x0001, 0x0061, 0x0001, 0x1061,
    0x0001, 0x4062, 0x0001, 0x5063, 0x0003, 0x5843, 0x0001, 0x80A5,
    0x0001, 0xC127, 0x0001, 0xB107, 0x0001, 0x5863, 0x0001, 0x5843,
    0x0001, 0x1020, 0x0005, 0x0020, 0x0080, 0x0861, 0x0012, 0x0841,
    0x0026, 0x0041, 0x0012, 0x0841, 0x0015, 0x0861, 0x0001, 0x4862,
    0x0001, 0x6043, 0x0001, 0x5863, 0x0001, 0x6884, 0x0001, 0x88C5,
    0x0001, 0xB107, 0x0001, 0xC127, 0x0001, 0xC148, 0x0001, 0x80A5,
    0x0001, 0x5843, 0x0001, 0x3842, 0x0001, 0x0000, 0x0003, 0x0020,
    0x0001, 0x0000, 0x0001, 0x0041, 0x007F, 0x0861, 0x0012, 0x0841,
    0x0028, 0x0041, 0x0012, 0x0841, 0x0012, 0x0861, 0x0001, 0x0061,
    0x0001, 0x1861, 0x0001, 0x5843, 0x0001, 0x6063, 0x0001, 0xA907,
    0x0001, 0xC127, 0x0001, 0xC148, 0x0001, 0xB927, 0x0001, 0xC127,
    0x0001, 0xA906, 0x0002, 0x5863, 0x0001, 0x1020, 0x0001, 0x0000,
    0x0004, 0x0020, 0x007F, 0x0861, 0x0012, 0x0841, 0x0029, 0x0041,
    0x0013, 0x0841, 0x0011, 0x0861, 0x0001, 0x0061, 0x0001, 0x3062,
    0x0001, 0x5843, 0x0001, 0x80A5, 0x0001, 0xC948, 0x0002, 0xB927,
    0x0001, 0xC127, 0x0001, 0xB927, 0x0001, 0x6884, 0x0001, 0x5843,
    0x0001, 0x3042, 0x0003, 0x0000, 0x0001, 0x0020, 0x0001, 0x0000,
    0x0001, 0x0040, 0x007E, 0x0861, 0x0012, 0x0841, 0x002B, 0x0041,
    0x0013, 0x0841, 0x0010, 0x0861, 0x0001, 0x0061, 0x0001, 0x4862,
    0x0001, 0x5843, 0x0001, 0x98E6, 0x0001, 0xC127, 0x0001, 0xB927,
    0x0001, 0xC148, 0x0001, 0xB927, 0x0001, 0x7084, 0x0001, 0x5843,
    0x0001, 0x5042, 0x0005, 0x0000, 0x0001, 0x0020, 0x007E, 0x0861,
    0x0013, 0x0841, 0x002B, 0x0041, 0x0013, 0x0841, 0x000F, 0x0861,
    0x0001, 0x0061, 0x0001, 0x1061, 0x0001, 0x5043, 0x0001, 0x6063,
    0x0001, 0xB927, 0x0001, 0xC148, 0x0001, 0xB927, 0x0001, 0x98E6,
    0x0001, 0x6063, 0x0001, 0x5843, 0x0001, 0x5043, 0x0001, 0x1020,
    0x0005, 0x0000, 0x0001, 0x0041, 0x007E, 0x0861, 0x0013, 0x0841,
    0x002C, 0x0041, 0x0013, 0x0841, 0x000E, 0x0861, 0x0001, 0x0061,
    0x0001, 0x2062, 0x0001, 0x5843, 0x0001, 0x6884, 0x0001, 0xA0E6,
    0x0001, 0x80A5, 0x0001, 0x6063, 0x0001, 0x5843, 0x0001, 0x5863,
    0x0001, 0x4042, 0x0001, 0x0820, 0x0005, 0x0000, 0x0001, 0x0020,
    0x007E, 0x0861, 0x0013, 0x0841, 0x002E, 0x0041, 0x0013, 0x0841,
    0x000D, 0x0861, 0x0001, 0x0061, 0x0001, 0x1861, 0x0002, 0x6063,
    0x0002, 0x5843, 0x0001, 0x5863, 0x0001, 0x4842, 0x0001, 0x2021,
    0x0006, 0x0000, 0x0001, 0x0020, 0x007E, 0x0861, 0x0013, 0x0841,
    0x0030, 0x0041, 0x0013, 0x0841, 0x000D, 0x0861, 0x0001, 0x0061,
    0x0001, 0x2862, 0x0001, 0x4862, 0x0001, 0x4042, 0x0001, 0x3041,
    0x0001, 0x1021, 0x0007, 0x0000, 0x0001, 0x0020, 0x007E, 0x0861,
    0x0013, 0x0841, 0x0032, 0x0041, 0x0013, 0x0841, 0x000D, 0x0861,
    0x0002, 0x0061, 0x0001, 0x0041, 0x0008, 0x0000, 0x0001, 0x0040,
    0x007E, 0x0861, 0x0013, 0x0841, 0x0033, 0x0041, 0x0013, 0x0841,
    0x0010, 0x0861, 0x0001, 0x0020, 0x0004, 0x0000, 0x0001, 0x0020,
    0x0001, 0x0040, 0x0080, 0x0861, 0x0013, 0x0841, 0x0034, 0x0041,
    0x0014, 0x0841, 0x000F, 0x0861, 0x0001, 0x0041, 0x0001, 0x0040,
    0x0001, 0x0041, 0x0001, 0x0841, 0x0080, 0x0861, 0x0014, 0x0841,
    0x001A, 0x0041, 0x0001, 0x0040, 0x001B, 0x0041, 0x0014, 0x0841,
    0x0091, 0x0861, 0x0014, 0x0841, 0x001B, 0x0041, 0x0002, 0x0040,
    0x001B, 0x0041, 0x0014, 0x0841, 0x008F, 0x0861, 0x0014, 0x0841,
    0x001B, 0x0041, 0x0004, 0x0040, 0x001B, 0x0041, 0x0013, 0x0841,
    0x008E, 0x0861, 0x0014, 0x0841, 0x001B, 0x0041, 0x0005, 0x0040,
    0x001B, 0x0041, 0x0015, 0x0841, 0x008B, 0x0861, 0x0015, 0x0841,
    0x001B, 0x0041, 0x0006, 0x0040, 0x001B, 0x0041, 0x0014, 0x0841,
    0x008B, 0x0861, 0x0014, 0x0841, 0x001B, 0x0041, 0x0007, 0x0040,
    0x001C, 0x0041, 0x0014, 0x0841, 0x0089, 0x0861, 0x0014, 0x0841,
    0x001C, 0x0041, 0x0008, 0x0040, 0x001C, 0x0041, 0x0015, 0x0841,
    0x0085, 0x0861, 0x0015, 0x0841, 0x001C, 0x0041, 0x0004, 0x0040,
    0x0001, 0x0020, 0x0005, 0x0040, 0x001C, 0x0041, 0x0015, 0x0841,
    0x0083, 0x0861, 0x0015, 0x0841, 0x001C, 0x0041, 0x0005, 0x0040,
    0x0001, 0x0020, 0x0005, 0x0040, 0x001C, 0x0041, 0x0015, 0x0841,
    0x0083, 0x0861, 0x0015, 0x0841, 0x001C, 0x0041, 0x0005, 0x0040,
    0x0001, 0x0020, 0x0005, 0x0040, 0x001D, 0x0041, 0x0016, 0x0841,
    0x007F, 0x0861, 0x0016, 0x0841, 0x001C, 0x0041, 0x0006, 0x0040,
    0x0002, 0x0020, 0x0005, 0x0040, 0x001D, 0x0041, 0x0016, 0x0841,
    0x007D, 0x0861, 0x0016, 0x0841, 0x001D, 0x0041, 0x0005, 0x0040,
    0x0004, 0x0020, 0x0005, 0x0040, 0x001C, 0x0041, 0x0018, 0x0841,
    0x0079, 0x0861, 0x0018, 0x0841, 0x001C, 0x0041, 0x0005, 0x0040,
    0x0006, 0x0020, 0x0005, 0x0040, 0x001D, 0x0041, 0x0017, 0x0841,
    0x0077, 0x0861, 0x0017, 0x0841, 0x001D, 0x0041, 0x0005, 0x0040,
    0x0007, 0x0020, 0x0005, 0x0040, 0x001E, 0x0041, 0x0017, 0x0841,
    0x0075, 0x0861, 0x0018, 0x0841, 0x001D, 0x0041, 0x0005, 0x0040,
    0x0008, 0x0020, 0x0005, 0x0040, 0x001D, 0x0041, 0x0018, 0x0841,
    0x0073, 0x0861, 0x0018, 0x0841, 0x001D, 0x0041, 0x0005, 0x0040,
    0x000A, 0x0020, 0x0005, 0x0040, 0x001D, 0x0041, 0x0018, 0x0841,
    0x0070, 0x0861, 0x0019, 0x0841, 0x001D, 0x0041, 0x0005, 0x0040,
    0x000B, 0x0020, 0x0006, 0x0040, 0x001D, 0x0041, 0x0019, 0x0841,
    0x006D, 0x0861, 0x0019, 0x0841, 0x001D, 0x0041, 0x0005, 0x0040,
    0x000D, 0x0020, 0x0006, 0x0040, 0x001E, 0x0041, 0x0017, 0x0841,
    0x006D, 0x0861, 0x0017, 0x0841, 0x001E, 0x0041, 0x0006, 0x0040,
    0x000D, 0x0020, 0x0006, 0x0040, 0x001E, 0x0041, 0x001B, 0x0841,
    0x0065, 0x0861, 0x001B, 0x0841, 0x001E, 0x0041, 0x0006, 0x0040,
    0x000E, 0x0020, 0x0006, 0x0040, 0x001E, 0x0041, 0x001A, 0x0841,
    0x0065, 0x0861, 0x001A, 0x0841, 0x001E, 0x0041, 0x0006, 0x0040,
    0x0010, 0x0020, 0x0006, 0x0040, 0x001F, 0x0041, 0x001A, 0x0841,
    0x0061, 0x0861, 0x001A, 0x0841, 0x001F, 0x0041, 0x0006, 0x0040,
    0x0012, 0x0020, 0x0006, 0x0040, 0x001F, 0x0041, 0x001C, 0x0841,
    0x005B, 0x0861, 0x001C, 0x0841, 0x001F, 0x0041, 0x0006, 0x0040,
    0x0014, 0x0020, 0x0006, 0x0040, 0x001E, 0x0041, 0x001C, 0x0841,
    0x0001, 0x0861, 0x0001, 0x0841, 0x0057, 0x0861, 0x0001, 0x0841,
    0x0001, 0x0861, 0x001C, 0x0841, 0x001E, 0x0041, 0x0006, 0x0040,
    0x0015, 0x0020, 0x0006, 0x0040, 0x0020, 0x0041, 0x001E, 0x0841,
    0x0053, 0x0861, 0x001E, 0x0841, 0x0020, 0x0041, 0x0006, 0x0040,
    0x0016, 0x0020, 0x0006, 0x0040, 0x0020, 0x0041, 0x001E, 0x0841,
    0x0051, 0x0861, 0x001E, 0x0841, 0x0020, 0x0041, 0x0006, 0x0040,
    0x0018, 0x0020, 0x0006, 0x0040, 0x0021, 0x0041, 0x001E, 0x0841,
    0x004D, 0x0861, 0x001E, 0x0841, 0x0021, 0x0041, 0x0006, 0x0040,
    0x001A, 0x0020, 0x0006, 0x0040, 0x0020, 0x0041, 0x0021, 0x0841,
    0x0047, 0x0861, 0x0021, 0x0841, 0x0020, 0x0041, 0x0006, 0x0040,
    0x001C, 0x0020, 0x0006, 0x0040, 0x0021, 0x0041, 0x001F, 0x0841,
    0x0001, 0x0861, 0x0001, 0x0841, 0x0043, 0x0861, 0x0001, 0x0841,
    0x0001, 0x0861, 0x001F, 0x0841, 0x0021, 0x0041, 0x0006, 0x0040,
    0x001D, 0x0020, 0x0006, 0x0040, 0x0021, 0x0041, 0x0023, 0x0841,
    0x0001, 0x0861, 0x0001, 0x0841, 0x003B, 0x0861, 0x0001, 0x0841,
    0x0001, 0x0861, 0x0023, 0x0841, 0x0021, 0x0041, 0x0006, 0x0040,
    0x001E, 0x0020, 0x0005, 0x0040, 0x0023, 0x0041, 0x0024, 0x0841,
    0x0039, 0x0861, 0x0024, 0x0841, 0x0022, 0x0041, 0x0006, 0x0040,
    0x0020, 0x0020, 0x0005, 0x0040, 0x0024, 0x0041, 0x0026, 0x0841,
    0x0031, 0x0861, 0x0026, 0x0841, 0x0024, 0x0041, 0x0005, 0x0040,
    0x0022, 0x0020, 0x0005, 0x0040, 0x0024, 0x0041, 0x0029, 0x0841,
    0x0029, 0x0861, 0x0029, 0x0841, 0x0024, 0x0041, 0x0005, 0x0040,
    0x0024, 0x0020, 0x0006, 0x0040, 0x0024, 0x0041, 0x0029, 0x0841,
    0x0001, 0x0861, 0x0002, 0x0841, 0x001F, 0x0861, 0x0002, 0x0841,
    0x0001, 0x0861, 0x0029, 0x0841, 0x0024, 0x0041, 0x0006, 0x0040,
    0x0025, 0x0020, 0x0006, 0x0040, 0x0025, 0x0041, 0x002F, 0x0841,
    0x0017, 0x0861, 0x002F, 0x0841, 0x0025, 0x0041, 0x0006, 0x0040,
    0x0026, 0x0020, 0x0007, 0x0040, 0x0025, 0x0041, 0x0071, 0x0841,
    0x0025, 0x0041, 0x0007, 0x0040, 0x0027, 0x0020, 0x0007, 0x0040,
    0x0027, 0x0041, 0x006D, 0x0841, 0x0027, 0x0041, 0x0007, 0x0040,
    0x0013, 0x0020,
};

const size_t boot_splash_rle_pairs = 13481U;

#else

const uint16_t boot_splash_rle[] = {
    0x001E, 0x0020, 0x0007, 0x0040, 0x0035, 0x0041, 0x008D, 0x0841,
    0x0035, 0x0041, 0x0007, 0x0040, 0x0038, 0x0020, 0x0009, 0x0040,
    0x0034, 0x0041, 0x0092, 0x0841, 0x0033, 0x0041, 0x0009, 0x0040,
    0x0034, 0x0020, 0x0009, 0x0040, 0x0030, 0x0041, 0x0045, 0x0841,
    0x0011, 0x0861, 0x0045, 0x0841, 0x0030, 0x0041, 0x0009, 0x0040,
    0x0032, 0x0020, 0x0009, 0x0040, 0x002F, 0x0041, 0x003B, 0x0841,
    0x0029, 0x0861, 0x003B, 0x0841, 0x0030, 0x0041, 0x0008, 0x0040,
    0x0030, 0x0020, 0x0007, 0x0040, 0x002F, 0x0041, 0x0033, 0x0841,
    0x0001, 0x0861, 0x0001, 0x0841, 0x003B, 0x0861, 0x0001, 0x0841,
    0x0002, 0x0861, 0x0032, 0x0841, 0x002F, 0x0041, 0x0008, 0x0040,
    0x002C, 0x0020, 0x0008, 0x0040, 0x002D, 0x0041, 0x0033, 0x0841,
    0x0045, 0x0861, 0x0033, 0x0841, 0x002D, 0x0041, 0x0008, 0x0040,
    0x0029, 0x0020, 0x0007, 0x0040, 0x002D, 0x0041, 0x002F, 0x0841,
    0x0001, 0x0861, 0x0001, 0x0841, 0x004F, 0x0861, 0x0001, 0x0841,
    0x0002, 0x0861, 0x002E, 0x0841, 0x002D, 0x0041, 0x0007, 0x0040,
    0x0026, 0x0020, 0x0007, 0x0040, 0x002D, 0x0041, 0x002B, 0x0841,
    0x005E, 0x0861, 0x002A, 0x0841, 0x002D, 0x0041, 0x0008, 0x0040,
    0x0022, 0x0020, 0x0008, 0x0040, 0x002C, 0x0041, 0x0029, 0x0841,
    0x0065, 0x0861, 0x002A, 0x0841, 0x002B, 0x0041, 0x0008, 0x0040,
    0x0020, 0x0020, 0x0008, 0x0040, 0x002A, 0x0041, 0x0028, 0x0841,
    0x006D, 0x0861, 0x0028, 0x0841, 0x002B, 0x0041, 0x0007, 0x0040,
    0x001E, 0x0020, 0x0007, 0x0040, 0x002B, 0x0041, 0x0026, 0x0841,
    0x0074, 0x0861, 0x0025, 0x0841, 0x002B, 0x0041, 0x0007, 0x0040,
    0x001C, 0x0020, 0x0007, 0x0040, 0x0029, 0x0041, 0x0026, 0x0841,
    0x0079, 0x0861, 0x0026, 0x0841, 0x0029, 0x0041, 0x0008, 0x0040,
    0x0018, 0x0020, 0x0008, 0x0040, 0x0029, 0x0041, 0x0023, 0x0841,
    0x0081, 0x0861, 0x0023, 0x0841, 0x0029, 0x0041, 0x0008, 0x0040,
    0x0016, 0x0020, 0x0008, 0x0040, 0x0028, 0x0041, 0x0022, 0x0841,
    0x0087, 0x0861, 0x0023, 0x0841, 0x0028, 0x0041, 0x0007, 0x0040,
    0x0014, 0x0020, 0x0007, 0x0040, 0x0028, 0x0041, 0x0022, 0x0841,
    0x008B, 0x0861, 0x0022, 0x0841, 0x0028, 0x0041, 0x0007, 0x0040,
    0x0012, 0x0020, 0x0007, 0x0040, 0x0027, 0x0041, 0x0021, 0x0841,
    0x0091, 0x0861, 0x0021, 0x0841, 0x0027, 0x0041, 0x0008, 0x0040,
    0x000E, 0x0020, 0x0008, 0x0040, 0x0027, 0x0041, 0x0020, 0x0841,
    0x0095, 0x0861, 0x0021, 0x0841, 0x0026, 0x0041, 0x0008, 0x0040,
    0x000C, 0x0020, 0x0008, 0x0040, 0x0026, 0x0041, 0x001F, 0x0841,
    0x009B, 0x0861, 0x001F, 0x0841, 0x0027, 0x0041, 0x0007, 0x0040,
    0x000A, 0x0020, 0x0007, 0x0040, 0x0027, 0x0041, 0x001E, 0x0841,
    0x009F, 0x0861, 0x001E, 0x0841, 0x0027, 0x0041, 0x0007, 0x0040,
    0x0008, 0x0020, 0x0007, 0x0040, 0x0026, 0x0041, 0x001C, 0x0841,
    0x0002, 0x0861, 0x0001, 0x0841, 0x00A1, 0x0861, 0x0001, 0x0841,
    0x0002, 0x0861, 0x001D, 0x0841, 0x0025, 0x0041, 0x0008, 0x0040,
    0x0004, 0x0020, 0x0008, 0x0040, 0x0025, 0x0041, 0x001D, 0x0841,
    0x00A9, 0x0861, 0x001D, 0x0841, 0x0025, 0x0041, 0x0009, 0x0040,
    0x0002, 0x0020, 0x0005, 0x0040, 0x0026, 0x0041, 0x001D, 0x0841,
    0x00AE, 0x0861, 0x001C, 0x0841, 0x0026, 0x0041, 0x000C, 0x0040,
    0x0026, 0x0041, 0x001C, 0x0841, 0x00B1, 0x0861, 0x001D, 0x0841,
    0x0025, 0x0041, 0x000A, 0x0040, 0x0025, 0x0041, 0x001C, 0x0841,
    0x00B5, 0x0861, 0x001C, 0x0841, 0x0025, 0x0041, 0x0009, 0x0040,
    0x0024, 0x0041, 0x001C, 0x0841, 0x00B8, 0x0861, 0x001B, 0x0841,
    0x0024, 0x0041, 0x0008, 0x0040, 0x0024, 0x0041, 0x001A, 0x0841,
    0x00BD, 0x0861, 0x001A, 0x0841, 0x0025, 0x0041, 0x0004, 0x0040,
    0x0025, 0x0041, 0x001A, 0x0841, 0x00BF, 0x0861, 0x001B, 0x0841,
    0x0023, 0x0041, 0x0004, 0x0040, 0x0023, 0x0041, 0x001B, 0x0841,
    0x00C2, 0x0861, 0x001A, 0x0841, 0x0048, 0x0041, 0x001A, 0x0841,
    0x00C5, 0x0861, 0x001A, 0x0841, 0x0046, 0x0041, 0x0019, 0x0841,
    0x00C9, 0x0861, 0x0019, 0x0841, 0x0044, 0x0041, 0x0019, 0x0841,
    0x00CC, 0x0861, 0x0019, 0x0841, 0x0040, 0x0041, 0x0019, 0x0841,
    0x00CF, 0x0861, 0x0019, 0x0841, 0x003E, 0x0041, 0x0019, 0x0841,
    0x00D1, 0x0861, 0x0019, 0x0841, 0x003C, 0x0041, 0x0019, 0x0841,
    0x00D3, 0x0861, 0x0019, 0x0841, 0x003A, 0x0041, 0x0019, 0x0841,
    0x005C, 0x0861, 0x0018, 0x0881, 0x0062, 0x0861, 0x0019, 0x0841,
    0x0036, 0x0041, 0x0019, 0x0841, 0x0058, 0x0861, 0x0024, 0x0881,
    0x005D, 0x0861, 0x0019, 0x0841, 0x0033, 0x0041, 0x0019, 0x0841,
    0x0056, 0x0861, 0x002C, 0x0881, 0x005B, 0x0861, 0x0019, 0x0841,
    0x0031, 0x0041, 0x0018, 0x0841, 0x0054, 0x0861, 0x0032, 0x0881,
    0x005A, 0x0861, 0x0017, 0x0841, 0x0030, 0x0041, 0x0017, 0x0841,
    0x0053, 0x0861, 0x0038, 0x0881, 0x0058, 0x0861, 0x0018, 0x0841,
    0x002C, 0x0041, 0x0018, 0x0841, 0x0052, 0x0861, 0x003C, 0x0881,
    0x0057, 0x0861, 0x0018, 0x0841, 0x002A, 0x0041, 0x0018, 0x0841,
    0x0050, 0x0861, 0x0018, 0x0881, 0x0014, 0x08A1, 0x0016, 0x0881,
    0x0055, 0x0861, 0x0018, 0x0841, 0x0028, 0x0041, 0x0018, 0x0841,
    0x004F, 0x0861, 0x0013, 0x0881, 0x0009, 0x08A1, 0x000F, 0x08A2,
    0x000A, 0x08A1, 0x0011, 0x0881, 0x0055, 0x0861, 0x0017, 0x0841,
    0x0027, 0x0041, 0x0016, 0x0841, 0x004F, 0x0861, 0x0010, 0x0881,
    0x0007, 0x08A1, 0x001F, 0x08A2, 0x0002, 0x08A1, 0x0001, 0x08A2,
    0x0003, 0x08A1, 0x000E, 0x0881, 0x0054, 0x0861, 0x0016, 0x0841,
    0x0026, 0x0041, 0x0016, 0x0841, 0x004F, 0x0861, 0x000E, 0x0881,
    0x0003, 0x08A1, 0x000B, 0x08A2, 0x0014, 0x08C2, 0x000F, 0x08A2,
    0x0001, 0x08A1, 0x000C, 0x0881, 0x0054, 0x0861, 0x0017, 0x0841,
    0x0022, 0x0041, 0x0017, 0x0841, 0x004E, 0x0861, 0x000C, 0x0881,
    0x0002, 0x08A1, 0x000C, 0x08A2, 0x001C, 0x08C2, 0x000D, 0x08A2,
    0x0001, 0x0882, 0x000C, 0x0881, 0x0053, 0x0861, 0x0017, 0x0841,
    0x0021, 0x0041, 0x0015, 0x0841, 0x004F, 0x0861, 0x000B, 0x0881,
    0x0001, 0x0882, 0x000B, 0x08A2, 0x0024, 0x08C2, 0x000C, 0x08A2,
    0x0001, 0x0882, 0x000B, 0x0881, 0x0053, 0x0861, 0x0015, 0x0841,
    0x0020, 0x0041, 0x0016, 0x0841, 0x004D, 0x0861, 0x000A, 0x0881,
    0x0002, 0x0882, 0x000A, 0x08A2, 0x000C, 0x08C2, 0x0001, 0x08E2,
    0x0001, 0x08C2, 0x000F, 0x08E2, 0x000D, 0x08C2, 0x000B, 0x08A2,
    0x0001, 0x0882, 0x000B, 0x0881, 0x0051, 0x0861, 0x0016, 0x0841,
    0x001E, 0x0041, 0x0016, 0x0841, 0x004D, 0x0861, 0x000A, 0x0881,
    0x000A, 0x08A2, 0x000B, 0x08C2, 0x001A, 0x08E2, 0x000B, 0x08C2,
    0x0009, 0x08A2, 0x0001, 0x0882, 0x000D, 0x0881, 0x004F, 0x0861,
    0x0017, 0x0841, 0x001C, 0x0041, 0x0015, 0x0841, 0x004C, 0x0861,
    0x000A, 0x0881, 0x0001, 0x0882, 0x0008, 0x08A2, 0x000A, 0x08C2,
    0x000C, 0x08E2, 0x000A, 0x0902, 0x000C, 0x08E2, 0x000A, 0x08C2,
    0x0009, 0x08A2, 0x000E, 0x0881, 0x004D, 0x0861, 0x0016, 0x0841,
    0x001B, 0x0041, 0x0014, 0x0841, 0x004D, 0x0861, 0x0009, 0x0881,
    0x0001, 0x0882, 0x0009, 0x08A2, 0x0007, 0x08C2, 0x0009, 0x08E2,
    0x0004, 0x0902, 0x0001, 0x1103, 0x0001, 0x0903, 0x0012, 0x0902,
    0x0008, 0x08E2, 0x0009, 0x08C2, 0x0008, 0x08A2, 0x0001, 0x0882,
    0x000E, 0x0881, 0x004D, 0x0861, 0x0015, 0x0841, 0x0018, 0x0041,
    0x0016, 0x0841, 0x004B, 0x0861, 0x000A, 0x0881, 0x0008, 0x08A2,
    0x0008, 0x08C2, 0x0006, 0x08E2, 0x0003, 0x0902, 0x0001, 0x0903,
    0x0001, 0x1103, 0x0002, 0x0902, 0x0001, 0x08E2, 0x0001, 0x00E1,
    0x0001, 0x00C1, 0x0001, 0x00E2, 0x0001, 0x08E2, 0x0001, 0x0902,
    0x0001, 0x1123, 0x0007, 0x1143, 0x000D, 0x0902, 0x0006, 0x08E2,
    0x0008, 0x08C2, 0x0008, 0x08A2, 0x0001, 0x0882, 0x000F, 0x0881,
    0x004A, 0x0861, 0x0016, 0x0841, 0x0017, 0x0041, 0x0014, 0x0841,
    0x0049, 0x0861, 0x000C, 0x0881, 0x0001, 0x0882, 0x0007, 0x08A2,
    0x0008, 0x08C2, 0x0004, 0x08E2, 0x0004, 0x0902, 0x0001, 0x1123,
    0x0002, 0x0902, 0x0001, 0x00E1, 0x0001, 0x00C1, 0x0001, 0x0902,
    0x0001, 0x1163, 0x0001, 0x29E5, 0x0001, 0x3A68, 0x0001, 0x4B0A,
    0x0001, 0x5B8C, 0x0001, 0x742F, 0x0001, 0x42A9, 0x0001, 0x4268,
    0x0001, 0x4A89, 0x0006, 0x4289, 0x0002, 0x3A48, 0x0001, 0x3227,
    0x0001, 0x29E6, 0x0001, 0x21A5, 0x0001, 0x1984, 0x0001, 0x1143,
    0x0001, 0x0923, 0x0009, 0x0902, 0x0005, 0x08E2, 0x0007, 0x08C2,
    0x0007, 0x08A2, 0x0001, 0x0882, 0x0011, 0x0881, 0x0049, 0x0861,
    0x0014, 0x0841, 0x0015, 0x0041, 0x0015, 0x0841, 0x0049, 0x0861,
    0x000C, 0x0881, 0x0001, 0x0882, 0x0007, 0x08A2, 0x0007, 0x08C2,
    0x0004, 0x08E2, 0x0003, 0x0902, 0x0001, 0x1123, 0x0001, 0x0902,
    0x0001, 0x08E2, 0x0001, 0x00C1, 0x0001, 0x0902, 0x0001, 0x1984,
    0x0001, 0x4288, 0x0001, 0x5B4B, 0x0001, 0x7C2F, 0x0001, 0x8CB1,
    0x0001, 0x9512, 0x0003, 0x9D33, 0x0001, 0x9D53, 0x0001, 0x636C,
    0x0001, 0x4289, 0x0001, 0x4AAA, 0x0006, 0x4AA9, 0x0003, 0x4AAA,
    0x0001, 0x4ACA, 0x0002, 0x4AAA, 0x0001, 0x4289, 0x0001, 0x4268,
    0x0001, 0x3207, 0x0001, 0x29C5, 0x0001, 0x1964, 0x0001, 0x0922,
    0x0003, 0x0902, 0x0001, 0x1102, 0x0004, 0x0902, 0x0004, 0x08E2,
    0x0006, 0x08C2, 0x0008, 0x08A2, 0x0001, 0x0882, 0x0011, 0x0881,
    0x0048, 0x0861, 0x0015, 0x0841, 0x0013, 0x0041, 0x0015, 0x0841,
    0x0046, 0x0861, 0x000D, 0x0881, 0x0001, 0x0882, 0x0007, 0x08A2,
    0x0006, 0x08C2, 0x0004, 0x08E2, 0x0003, 0x0902, 0x0002, 0x1102,
    0x0001, 0x08E2, 0x0001, 0x00C1, 0x0001, 0x0922, 0x0001, 0x2A06,
    0x0001, 0x532B, 0x0001, 0x7C2F, 0x0001, 0x8CD2, 0x0002, 0x9D33,
    0x0001, 0x9D13, 0x0001, 0x9512, 0x0001, 0x94F2, 0x0002, 0x8CD2,
    0x0001, 0x8CD1, 0x0001, 0x9512, 0x0001, 0x6BAD, 0x0001, 0x4269,
    0x0001, 0x4AAA, 0x0006, 0x4AA9, 0x0006, 0x4A89, 0x0001, 0x4AA9,
    0x0003, 0x4AAA, 0x0001, 0x4AA9, 0x0001, 0x4268, 0x0001, 0x3207,
    0x0001, 0x2185, 0x0001, 0x1123, 0x0007, 0x0902, 0x0005, 0x08E2,
    0x0005, 0x08C2, 0x0007, 0x08A2, 0x0001, 0x0882, 0x0012, 0x0881,
    0x0046, 0x0861, 0x0015, 0x0841, 0x0011, 0x0041, 0x0016, 0x0841,
    0x0045, 0x0861, 0x000E, 0x0881, 0x0001, 0x0882, 0x0007, 0x08A2,
    0x0006, 0x08C2, 0x0003, 0x08E2, 0x0003, 0x0902, 0x0001, 0x1123,
    0x0001, 0x0902, 0x0001, 0x00E1, 0x0001, 0x0902, 0x0001, 0x21C5,
    0x0001, 0x532B, 0x0001, 0x7C50, 0x0001, 0x9513, 0x0001, 0x9D33,
    0x0001, 0x9D13, 0x0001, 0x94F2, 0x0002, 0x8CD2, 0x0001, 0x8CF2,
    0x0001, 0x94F2, 0x0001, 0x9513, 0x0001, 0x9D33, 0x0001, 0x9D53,
    0x0001, 0x9D33, 0x0001, 0x9D53, 0x0001, 0x73EE, 0x0007, 0x4269,
    0x0001, 0x4A89, 0x0001, 0x4ACA, 0x0001, 0x4AAA, 0x0003, 0x4ACA,
    0x0001, 0x4AAA, 0x0002, 0x4AA9, 0x0002, 0x4A89, 0x0001, 0x4AA9,
    0x0003, 0x4AAA, 0x0001, 0x4289, 0x0001, 0x3207, 0x0001, 0x1984,
    0x0001, 0x0922, 0x0002, 0x0902, 0x0001, 0x1102, 0x0003, 0x0902,
    0x0004, 0x08E2, 0x0006, 0x08C2, 0x0006, 0x08A2, 0x0001, 0x0882,
    0x0014, 0x0881, 0x0044, 0x0861, 0x0016, 0x0841, 0x000F, 0x0041,
    0x0014, 0x0841, 0x0045, 0x0861, 0x000F, 0x0881, 0x0001, 0x0882,
    0x0007, 0x08A2, 0x0005, 0x08C2, 0x0003, 0x08E2, 0x0003, 0x0902,
    0x0001, 0x1123, 0x0001, 0x0902, 0x0001, 0x00C1, 0x0001, 0x1123,
    0x0001, 0x3247, 0x0001, 0x6BEE, 0x0001, 0x94F2, 0x0001, 0x9D33,
    0x0001, 0x9513, 0x0001, 0x94F2, 0x0002, 0x8CD2, 0x0001, 0x9512,
    0x0001, 0x9D33, 0x0001, 0x9D53, 0x0001, 0x9D33, 0x0001, 0x8CD2,
    0x0001, 0x7C2F, 0x0001, 0x6B8D, 0x0001, 0x52EA, 0x0001, 0x4289,
    0x0001, 0x3227, 0x0001, 0x29C5, 0x0001, 0x19A4, 0x0001, 0x1204,
    0x0005, 0x11E4, 0x0001, 0x19C4, 0x0002, 0x1984, 0x0001, 0x2185,
    0x0001, 0x29A5, 0x0001, 0x31E7, 0x0001, 0x3A28, 0x0001, 0x4289,
    0x0001, 0x4AAA, 0x0002, 0x4ACA, 0x0001, 0x4AA9, 0x0003, 0x4A89,
    0x0001, 0x4AA9, 0x0002, 0x4AAA, 0x0001, 0x4268, 0x0001, 0x21C5,
    0x0001, 0x1143, 0x0002, 0x0902, 0x0001, 0x1102, 0x0003, 0x0902,
    0x0004, 0x08E2, 0x0006, 0x08C2, 0x0005, 0x08A2, 0x0001, 0x0882,
    0x0014, 0x0881, 0x0045, 0x0861, 0x0014, 0x0841, 0x000E, 0x0041,
    0x0015, 0x0841, 0x0044, 0x0861, 0x000F, 0x0881, 0x0001, 0x0882,
    0x0006, 0x08A2, 0x0005, 0x08C2, 0x0004, 0x08E2, 0x0002, 0x0902,
    0x0001, 0x1103, 0x0001, 0x0902, 0x0001, 0x00C1, 0x0001, 0x0922,
    0x0001, 0x4288, 0x0001, 0x7C70, 0x0002, 0x9D33, 0x0001, 0x94F2,
    0x0002, 0x8CD2, 0x0001, 0x9512, 0x0002, 0x9D53, 0x0001, 0x8CB1,
    0x0001, 0x6BCE, 0x0001, 0x52CA, 0x0001, 0x3227, 0x0001, 0x2205,
    0x0001, 0x1265, 0x0001, 0x1306, 0x0001, 0x1407, 0x0001, 0x1489,
    0x0001, 0x1DCB, 0x0001, 0x1DAB, 0x0001, 0x266D, 0x0006, 0x270E,
    0x0001, 0x26AD, 0x0001, 0x1DCB, 0x0001, 0x1DEC, 0x0001, 0x1CC9,
    0x0001, 0x1448, 0x0001, 0x1367, 0x0001, 0x1265, 0x0001, 0x11E4,
    0x0001, 0x1984, 0x0001, 0x2985, 0x0001, 0x31E7, 0x0001, 0x4269,
    0x0002, 0x4ACA, 0x0001, 0x4AAA, 0x0003, 0x4A89, 0x0002, 0x4AAA,
    0x0001, 0x4289, 0x0001, 0x29E6, 0x0001, 0x1143, 0x0002, 0x0902,
    0x0001, 0x1102, 0x0002, 0x0902, 0x0004, 0x08E2, 0x0007, 0x08C2,
    0x0004, 0x08A2, 0x0001, 0x0882, 0x0014, 0x0881, 0x0044, 0x0861,
    0x0015, 0x0841, 0x000D, 0x0041, 0x0014, 0x0841, 0x0043, 0x0861,
    0x0010, 0x0881, 0x0001, 0x0882, 0x0005, 0x08A2, 0x0005, 0x08C2,
    0x0004, 0x08E2, 0x0002, 0x0902, 0x0001, 0x1102, 0x0001, 0x1123,
    0x0001, 0x08E2, 0x0001, 0x0923, 0x0001, 0x4288, 0x0001, 0x7C70,
    0x0001, 0x9D33, 0x0001, 0x9513, 0x0001, 0x8CF2, 0x0001, 0x8CD2,
    0x0001, 0x94F2, 0x0001, 0x9D33, 0x0001, 0x9D53, 0x0001, 0x8C91,
    0x0001, 0x634C, 0x0001, 0x4268, 0x0001, 0x1A05, 0x0001, 0x12A5,
    0x0001, 0x1428, 0x0001, 0x1D4A, 0x0001, 0x26AD, 0x0001, 0x276F,
    0x0001, 0x2FCF, 0x0002, 0x2FF0, 0x0002, 0x2FD0, 0x0001, 0x27AF,
    0x0006, 0x278F, 0x0001, 0x27AF, 0x0002, 0x2FCF, 0x0002, 0x2FF0,
    0x0001, 0x2FCF, 0x0001, 0x276F, 0x0001, 0x26EE, 0x0001, 0x1DCB,
    0x0001, 0x1468, 0x0001, 0x12E6, 0x0001, 0x11C4, 0x0001, 0x2184,
    0x0001, 0x31C6, 0x0001, 0x4248, 0x0002, 0x4ACA, 0x0001, 0x4AA9,
    0x0002, 0x4A89, 0x0001, 0x4AA9, 0x0001, 0x4AAA, 0x0001, 0x4289,
    0x0001, 0x29E6, 0x0001, 0x1143, 0x0001, 0x0902, 0x0001, 0x0903,
    0x0003, 0x0902, 0x0004, 0x08E2, 0x0005, 0x08C2, 0x0006, 0x08A2,
    0x0016, 0x0881, 0x0042, 0x0861, 0x0014, 0x0841, 0x000C, 0x0041,
    0x0014, 0x0841, 0x0042, 0x0861, 0x0011, 0x0881, 0x0001, 0x0882,
    0x0005, 0x08A2, 0x0005, 0x08C2, 0x0004, 0x08E2, 0x0002, 0x0902,
    0x0001, 0x1123, 0x0002, 0x08E2, 0x0001, 0x3227, 0x0001, 0x7C70,
    0x0001, 0x9D33, 0x0001, 0x9513, 0x0002, 0x8CD2, 0x0001, 0x9512,
    0x0001, 0x9D53, 0x0001, 0x9512, 0x0001, 0x6BCE, 0x0001, 0x4268,
    0x0001, 0x1A05, 0x0001, 0x0B06, 0x0001, 0x1509, 0x0001, 0x26AD,
    0x0001, 0x2FAF, 0x0002, 0x2FF0, 0x0001, 0x27AF, 0x0001, 0x278F,
    0x0005, 0x276F, 0x0008, 0x278F, 0x0005, 0x276F, 0x0001, 0x278F,
    0x0001, 0x27AF, 0x0001, 0x2FCF, 0x0001, 0x2FF0, 0x0001, 0x2FAF,
    0x0001, 0x26CD, 0x0001, 0x1D8B, 0x0001, 0x13A7, 0x0001, 0x1204,
    0x0001, 0x2164, 0x0001, 0x31E7, 0x0001, 0x4A89, 0x0001, 0x4ACA,
    0x0001, 0x4AAA, 0x0002, 0x4A89, 0x0001, 0x4AA9, 0x0001, 0x4AAA,
    0x0001, 0x4289, 0x0001, 0x29C5, 0x0001, 0x0922, 0x0001, 0x0902,
    0x0001, 0x1103, 0x0003, 0x0902, 0x0003, 0x08E2, 0x0005, 0x08C2,
    0x0006, 0x08A2, 0x0016, 0x0881, 0x0042, 0x0861, 0x0014, 0x0841,
    0x000A, 0x0041, 0x0015, 0x0841, 0x0041, 0x0861, 0x0011, 0x0881,
    0x0001, 0x0882, 0x0004, 0x08A2, 0x0006, 0x08C2, 0x0003, 0x08E2,
    0x0002, 0x0902, 0x0002, 0x1103, 0x0001, 0x00C1, 0x0001, 0x19A4,
    0x0001, 0x63AD, 0x0001, 0x9D33, 0x0001, 0x9513, 0x0001, 0x8CF2,
    0x0001, 0x8CD2, 0x0001, 0x9512, 0x0001, 0x9D53, 0x0001, 0x8CB1,
    0x0001, 0x5B2B, 0x0001, 0x21E5, 0x0001, 0x12A5, 0x0001, 0x14C9,
    0x0001, 0x26CD, 0x0001, 0x2FCF, 0x0001, 0x2FF0, 0x0001, 0x27AF,
    0x0003, 0x276F, 0x0005, 0x278F, 0x000C, 0x27AF, 0x0005, 0x278F,
    0x0003, 0x276F, 0x0001, 0x27AF, 0x0002, 0x2FD0, 0x0001, 0x272E,
    0x0001, 0x1D4A, 0x0001, 0x12E6, 0x0001, 0x1184, 0x0001, 0x29A5,
    0x0001, 0x4268, 0x0001, 0x4ACA, 0x0001, 0x4AAA, 0x0002, 0x4A89,
    0x0001, 0x4AA9, 0x0001, 0x4AAA, 0x0001, 0x3A48, 0x0001, 0x1984,
    0x0002, 0x0902, 0x0001, 0x0903, 0x0002, 0x0902, 0x0004, 0x08E2,
    0x0004, 0x08C2, 0x0006, 0x08A2, 0x0001, 0x08A1, 0x0015, 0x0881,
    0x0041, 0x0861, 0x0015, 0x0841, 0x0009, 0x0041, 0x0014, 0x0841,
    0x0041, 0x0861, 0x0011, 0x0881, 0x0001, 0x0882, 0x0005, 0x08A2,
    0x0005, 0x08C2, 0x0003, 0x08E2, 0x0002, 0x0902, 0x0001, 0x1123,
    0x0002, 0x0902, 0x0001, 0x42C9, 0x0001, 0x8CD2, 0x0001, 0x9D33,
    0x0001, 0x94F2, 0x0001, 0x8CD2, 0x0001, 0x94F2, 0x0001, 0x9D53,
    0x0001, 0x8CB1, 0x0001, 0x52CA, 0x0001, 0x19C4, 0x0001, 0x0B46,
    0x0001, 0x1DCB, 0x0001, 0x2FAF, 0x0001, 0x2FF0, 0x0001, 0x27AF,
    0x0002, 0x276F, 0x0004, 0x278F, 0x0016, 0x27AF, 0x0004, 0x278F,
    0x0002, 0x276F, 0x0001, 0x278F, 0x0001, 0x2FF0, 0x0001, 0x27AF,
    0x0001, 0x266D, 0x0001, 0x13A7, 0x0001, 0x11A4, 0x0001, 0x2185,
    0x0001, 0x4268, 0x0001, 0x4ACA, 0x0001, 0x4AA9, 0x0002, 0x4A89,
    0x0002, 0x4AAA, 0x0001, 0x3206, 0x0001, 0x1123, 0x0001, 0x0902,
    0x0001, 0x1103, 0x0002, 0x0902, 0x0004, 0x08E2, 0x0005, 0x08C2,
    0x0005, 0x08A2, 0x0001, 0x08A1, 0x0015, 0x0881, 0x0041, 0x0861,
    0x0014, 0x0841, 0x0008, 0x0041, 0x0015, 0x0841, 0x0040, 0x0861,
    0x0011, 0x0881, 0x0001, 0x0882, 0x0005, 0x08A2, 0x0005, 0x08C2,
    0x0003, 0x08E2, 0x0002, 0x0902, 0x0001, 0x1123, 0x0001, 0x00E2,
    0x0001, 0x1964, 0x0001, 0x6BEE, 0x0001, 0x9D33, 0x0001, 0x94F2,
    0x0001, 0x8CD2, 0x0001, 0x94F2, 0x0001, 0x9D33, 0x0001, 0x9512,
    0x0001, 0x5B2B, 0x0001, 0x19A4, 0x0001, 0x0B66, 0x0001, 0x266D,
    0x0001, 0x2FF0, 0x0001, 0x2FCF, 0x0002, 0x276F, 0x0003, 0x278F,
    0x0007, 0x27AF, 0x0010, 0x27CF, 0x0007, 0x27AF, 0x0003, 0x278F,
    0x0002, 0x276F, 0x0001, 0x27AF, 0x0001, 0x2FCF, 0x0001, 0x26EE,
    0x0001, 0x1469, 0x0001, 0x11A4, 0x0001, 0x2185, 0x0001, 0x4289,
    0x0001, 0x4ACA, 0x0001, 0x4AA9, 0x0001, 0x4A89, 0x0001, 0x4AA9,
    0x0001, 0x4AAA, 0x0001, 0x4269, 0x0001, 0x1964, 0x0001, 0x0902,
    0x0001, 0x1103, 0x0003, 0x0902, 0x0003, 0x08E2, 0x0005, 0x08C2,
    0x0005, 0x08A2, 0x0001, 0x08A1, 0x0016, 0x0881, 0x0040, 0x0861,
    0x0014, 0x0841, 0x0006, 0x0041, 0x0014, 0x0841, 0x0040, 0x0861,
    0x0012, 0x0881, 0x0001, 0x0882, 0x0005, 0x08A2, 0x0005, 0x08C2,
    0x0003, 0x08E2, 0x0001, 0x0902, 0x0001, 0x1102, 0x0001, 0x1103,
    0x0001, 0x00C1, 0x0001, 0x3227, 0x0001, 0x8CB1, 0x0001, 0x9D33,
    0x0001, 0x94F2, 0x0001, 0x8CD2, 0x0001, 0x9512, 0x0001, 0x9D53,
    0x0001, 0x6BCE, 0x0001, 0x21A5, 0x0001, 0x0AE5, 0x0001, 0x266D,
    0x0001, 0x2FF0, 0x0001, 0x27AF, 0x0002, 0x276F, 0x0002, 0x278F,
    0x0006, 0x27AF, 0x0003, 0x27CF, 0x0012, 0x2FCF, 0x0003, 0x27CF,
    0x0006, 0x27AF, 0x0002, 0x278F, 0x0002, 0x276F, 0x0001, 0x278F,
    0x0001, 0x2FF0, 0x0001, 0x26AD, 0x0001, 0x13A7, 0x0001, 0x1183,
    0x0001, 0x31C6, 0x0001, 0x4ACA, 0x0001, 0x4AAA, 0x0002, 0x4A89,
    0x0001, 0x4AAA, 0x0001, 0x4AA9, 0x0001, 0x29C6, 0x0005, 0x0902,
    0x0003, 0x08E2, 0x0005, 0x08C2, 0x0005, 0x08A2, 0x0001, 0x08A1,
    0x0016, 0x0881, 0x0040, 0x0861, 0x0014, 0x0841, 0x0005, 0x0041,
    0x0014, 0x0841, 0x003F, 0x0861, 0x0012, 0x0881, 0x0001, 0x0882,
    0x0004, 0x08A2, 0x0005, 0x08C2, 0x0003, 0x08E2, 0x0002, 0x0902,
    0x0001, 0x1103, 0x0001, 0x0902, 0x0001, 0x08E2, 0x0001, 0x530A,
    0x0001, 0x9513, 0x0001, 0x9512, 0x0001, 0x8CF2, 0x0001, 0x94F2,
    0x0001, 0x9D33, 0x0001, 0x8CB1, 0x0001, 0x3A27, 0x0001, 0x0A04,
    0x0001, 0x1DAB, 0x0001, 0x2FCF, 0x0001, 0x2FAF, 0x0002, 0x276F,
    0x0002, 0x278F, 0x0005, 0x27AF, 0x0002, 0x27CF, 0x001A, 0x2FCF,
    0x0002, 0x27CF, 0x0005, 0x27AF, 0x0003, 0x278F, 0x0001, 0x276F,
    0x0001, 0x27AF, 0x0001, 0x2FF0, 0x0001, 0x262C, 0x0001, 0x12C6,
    0x0001, 0x1944, 0x0001, 0x3A48, 0x0001, 0x4ACA, 0x0001, 0x4AA9,
    0x0001, 0x4A89, 0x0001, 0x4AA9, 0x0001, 0x4AAA, 0x0001, 0x3227,
    0x0001, 0x1123, 0x0001, 0x0902, 0x0001, 0x1103, 0x0002, 0x0902,
    0x0003, 0x08E2, 0x0005, 0x08C2, 0x0005, 0x08A2, 0x0001, 0x08A1,
    0x0016, 0x0881, 0x0040, 0x0861, 0x0013, 0x0841, 0x0004, 0x0041,
    0x0013, 0x0841, 0x0040, 0x0861, 0x0012, 0x0881, 0x0006, 0x08A2,
    0x0005, 0x08C2, 0x0002, 0x08E2, 0x0002, 0x0902, 0x0001, 0x1123,
    0x0001, 0x0902, 0x0001, 0x1123, 0x0001, 0x638C, 0x0001, 0x9D53,
    0x0001, 0x94F2, 0x0001, 0x8CF2, 0x0001, 0x94F2, 0x0001, 0x9D53,
    0x0001, 0x6BAD, 0x0001, 0x19A4, 0x0001, 0x1428, 0x0001, 0x274E,
    0x0001, 0x2FF0, 0x0002, 0x276F, 0x0002, 0x278F, 0x0004, 0x27AF,
    0x0002, 0x27CF, 0x0009, 0x2FCF, 0x0004, 0x27CF, 0x0006, 0x27AF,
    0x0004, 0x27CF, 0x0009, 0x2FCF, 0x0002, 0x27CF, 0x0004, 0x27AF,
    0x0003, 0x278F, 0x0001, 0x276F, 0x0001, 0x27AF, 0x0001, 0x2FAF,
    0x0001, 0x1CEA, 0x0001, 0x11A3, 0x0001, 0x29C6, 0x0001, 0x4ACA,
    0x0001, 0x4AA9, 0x0002, 0x4A89, 0x0001, 0x4ACA, 0x0001, 0x3A48,
    0x0001, 0x1143, 0x0001, 0x0902, 0x0001, 0x1103, 0x0002, 0x0902,
    0x0003, 0x08E2, 0x0004, 0x08C2, 0x0006, 0x08A2, 0x0001, 0x08A1,
    0x0016, 0x0881, 0x0040, 0x0861, 0x0013, 0x0841, 0x0003, 0x0041,
    0x0013, 0x0841, 0x003F, 0x0861, 0x0012, 0x0881, 0x0001, 0x08A1,
    0x0005, 0x08A2, 0x0005, 0x08C2, 0x0002, 0x08E2, 0x0002, 0x0902,
    0x0001, 0x1123, 0x0001, 0x0902, 0x0001, 0x1143, 0x0001, 0x7C2F,
    0x0001, 0x9D33, 0x0001, 0x8CF2, 0x0001, 0x94F2, 0x0001, 0x9513,
    0x0001, 0x9533, 0x0001, 0x4A89, 0x0001, 0x0A04, 0x0001, 0x1E0C,
    0x0001, 0x2FF0, 0x0001, 0x278F, 0x0001, 0x276F, 0x0002, 0x278F,
    0x0004, 0x27AF, 0x0001, 0x27CF, 0x0007, 0x2FCF, 0x0002, 0x27CF,
    0x0014, 0x27AF, 0x0002, 0x27CF, 0x0007, 0x2FCF, 0x0001, 0x27CF,
    0x0004, 0x27AF, 0x0002, 0x278F, 0x0002, 0x276F, 0x0001, 0x2FF0,
    0x0001, 0x26AD, 0x0001, 0x12A5, 0x0001, 0x1964, 0x0001, 0x4289,
    0x0001, 0x4ACA, 0x0002, 0x4A89, 0x0001, 0x4AAA, 0x0001, 0x4A89,
    0x0001, 0x1964, 0x0001, 0x0902, 0x0001, 0x1103, 0x0002, 0x0902,
    0x0003, 0x08E2, 0x0004, 0x08C2, 0x0005, 0x08A2, 0x0002, 0x08A1,
    0x0017, 0x0881, 0x003E, 0x0861, 0x0013, 0x0841, 0x0002, 0x0041,
    0x0013, 0x0841, 0x003D, 0x0861, 0x0014, 0x0881, 0x0001, 0x08A1,
    0x0005, 0x08A2, 0x0004, 0x08C2, 0x0003, 0x08E2, 0x0002, 0x0902,
    0x0001, 0x1123, 0x0001, 0x0902, 0x0001, 0x1143, 0x0001, 0x7C4F,
    0x0001, 0x9D33, 0x0001, 0x8CD2, 0x0001, 0x94F2, 0x0001, 0x9D33,
    0x0001, 0x8490, 0x0001, 0x29C5, 0x0001, 0x0B26, 0x0001, 0x272E,
    0x0001, 0x2FCF, 0x0001, 0x276F, 0x0002, 0x278F, 0x0004, 0x27AF,
    0x0001, 0x27CF, 0x0006, 0x2FCF, 0x0002, 0x27CF, 0x0008, 0x27AF,
    0x000A, 0x278F, 0x0008, 0x27AF, 0x0002, 0x27CF, 0x0006, 0x2FCF,
    0x0001, 0x27CF, 0x0004, 0x27AF, 0x0002, 0x278F, 0x0001, 0x276F,
    0x0001, 0x27AF, 0x0001, 0x278F, 0x0001, 0x1408, 0x0001, 0x1143,
    0x0001, 0x3A48, 0x0001, 0x4ACA, 0x0001, 0x4AA9, 0x0001, 0x4A89,
    0x0001, 0x4AAA, 0x0001, 0x4A89, 0x0001, 0x1964, 0x0001, 0x0902,
    0x0001, 0x1103, 0x0002, 0x0902, 0x0003, 0x08E2, 0x0004, 0x08C2,
    0x0005, 0x08A2, 0x0001, 0x08A1, 0x0019, 0x0881, 0x003D, 0x0861,
    0x0027, 0x0841, 0x003C, 0x0861, 0x0014, 0x0881, 0x0001, 0x08A1,
    0x0005, 0x08A2, 0x0005, 0x08C2, 0x0002, 0x08E2, 0x0002, 0x0902,
    0x0001, 0x1103, 0x0001, 0x08E2, 0x0001, 0x1143, 0x0001, 0x7C4F,
    0x0001, 0x9D33, 0x0001, 0x8CF2, 0x0001, 0x94F2, 0x0001, 0x9D33,
    0x0001, 0x742F, 0x0001, 0x1163, 0x0001, 0x14A9, 0x0001, 0x2FD0,
    0x0001, 0x278F, 0x0001, 0x276F, 0x0002, 0x278F, 0x0003, 0x27AF,
    0x0001, 0x27CF, 0x0006, 0x2FCF, 0x0001, 0x27CF, 0x0006, 0x27AF,
    0x0014, 0x278F, 0x0006, 0x27AF, 0x0001, 0x27CF, 0x0006, 0x2FCF,
    0x0001, 0x27CF, 0x0003, 0x27AF, 0x0002, 0x278F, 0x0002, 0x276F,
    0x0001, 0x2FF0, 0x0001, 0x1D8B, 0x0001, 0x09A3, 0x0001, 0x31E6,
    0x0001, 0x4ACA, 0x0001, 0x4AA9, 0x0001, 0x4A89, 0x0001, 0x4AA9,
    0x0001, 0x4A89, 0x0001, 0x1964, 0x0001, 0x0902, 0x0001, 0x1123,
    0x0002, 0x0902, 0x0002, 0x08E2, 0x0005, 0x08C2, 0x0005, 0x08A2,
    0x0001, 0x08A1, 0x0019, 0x0881, 0x003D, 0x0861, 0x0025, 0x0841,
    0x003C, 0x0861, 0x0015, 0x0881, 0x0006, 0x08A2, 0x0004, 0x08C2,
    0x0002, 0x08E2, 0x0002, 0x0902, 0x0001, 0x1103, 0x0001, 0x0902,
    0x0001, 0x1143, 0x0001, 0x7C4F, 0x0001, 0x9D33, 0x0001, 0x8CF2,
    0x0001, 0x94F2, 0x0001, 0x9D53, 0x0001, 0x636C, 0x0001, 0x09A3,
    0x0001, 0x1DCB, 0x0001, 0x2FF0, 0x0001, 0x276F, 0x0002, 0x278F,
    0x0003, 0x27AF, 0x0001, 0x27CF, 0x0006, 0x2FCF, 0x0001, 0x27CF,
    0x0004, 0x27AF, 0x0007, 0x278F, 0x000E, 0x276F, 0x0007, 0x278F,
    0x0004, 0x27AF, 0x0001, 0x27CF, 0x0006, 0x2FCF, 0x0001, 0x27CF,
    0x0003, 0x27AF, 0x0002, 0x278F, 0x0001, 0x276F, 0x0001, 0x2FF0,
    0x0001, 0x264D, 0x0001, 0x0A04, 0x0001, 0x21A5, 0x0001, 0x4ACA,
    0x0001, 0x4AA9, 0x0001, 0x4A89, 0x0001, 0x4AA9, 0x0001, 0x4A89,
    0x0001, 0x1964, 0x0001, 0x0902, 0x0001, 0x1123, 0x0002, 0x0902,
    0x0002, 0x08E2, 0x0005, 0x08C2, 0x0006, 0x08A2, 0x001A, 0x0881,
    0x003B, 0x0861, 0x0025, 0x0841, 0x003A, 0x0861, 0x0016, 0x0881,
    0x0001, 0x08A1, 0x0005, 0x08A2, 0x0004, 0x08C2, 0x0003, 0x08E2,
    0x0001, 0x0902, 0x0001, 0x1103, 0x0001, 0x0902, 0x0001, 0x1143,
    0x0001, 0x7C4F, 0x0001, 0x9D33, 0x0001, 0x8CF2, 0x0001, 0x94F2,
    0x0001, 0x9D53, 0x0001, 0x5B6C, 0x0001, 0x0983, 0x0001, 0x264C,
    0x0001, 0x2FF0, 0x0001, 0x274F, 0x0002, 0x278F, 0x0003, 0x27AF,
    0x0001, 0x27CF, 0x0005, 0x2FCF, 0x0001, 0x27CF, 0x0004, 0x27AF,
    0x0005, 0x278F, 0x0016, 0x276F, 0x0005, 0x278F, 0x0004, 0x27AF,
    0x0001, 0x27CF, 0x0005, 0x2FCF, 0x0001, 0x27CF, 0x0003, 0x27AF,
    0x0002, 0x278F, 0x0001, 0x276F, 0x0001, 0x27AF, 0x0001, 0x272E,
    0x0001, 0x1285, 0x0001, 0x2185, 0x0001, 0x4ACA, 0x0001, 0x4AA9,
    0x0001, 0x4A89, 0x0001, 0x4AA9, 0x0001, 0x4A89, 0x0001, 0x1964,
    0x0001, 0x0902, 0x0001, 0x1123, 0x0002, 0x0902, 0x0002, 0x08E2,
    0x0004, 0x08C2, 0x0006, 0x08A2, 0x0002, 0x0882, 0x0019, 0x0881,
    0x003A, 0x0861, 0x0024, 0x0841, 0x003A, 0x0861, 0x0016, 0x0881,
    0x0001, 0x08A1, 0x0005, 0x08A2, 0x0004, 0x08C2, 0x0003, 0x08E2,
    0x0003, 0x0902, 0x0001, 0x1123, 0x0001, 0x7C2F, 0x0001, 0x9D33,
    0x0001, 0x8CD2, 0x0001, 0x94F2, 0x0001, 0x9D53, 0x0001, 0x5B6C,
    0x0001, 0x0983, 0x0001, 0x264D, 0x0001, 0x2FF0, 0x0001, 0x274F,
    0x0002, 0x278F, 0x0003, 0x27AF, 0x0005, 0x2FCF, 0x0001, 0x27CF,
    0x0004, 0x27AF, 0x0004, 0x278F, 0x0006, 0x276F, 0x0010, 0x274E,
    0x0006, 0x276F, 0x0004, 0x278F, 0x0004, 0x27AF, 0x0001, 0x27CF,
    0x0005, 0x2FCF, 0x0003, 0x27AF, 0x0002, 0x278F, 0x0001, 0x276F,
    0x0001, 0x27AF, 0x0001, 0x274E, 0x0001, 0x1285, 0x0001, 0x2185,
    0x0001, 0x4ACA, 0x0001, 0x4AA9, 0x0001, 0x4A89, 0x0001, 0x4AA9,
    0x0001, 0x4A89, 0x0001, 0x1964, 0x0001, 0x0902, 0x0001, 0x0903,
    0x0002, 0x0902, 0x0003, 0x08E2, 0x0003, 0x08C2, 0x0006, 0x08A2,
    0x0002, 0x0882, 0x0019, 0x0881, 0x003B, 0x0861, 0x0022, 0x0841,
    0x003A, 0x0861, 0x0016, 0x0881, 0x0001, 0x08A1, 0x0004, 0x08A2,
    0x0005, 0x08C2, 0x0002, 0x08E2, 0x0002, 0x0902, 0x0001, 0x1123,
    0x0001, 0x0902, 0x0001, 0x638C, 0x0001, 0x9D33, 0x0001, 0x8CD2,
    0x0001, 0x94F2, 0x0001, 0x9D53, 0x0001, 0x5B6C, 0x0001, 0x0983,
    0x0001, 0x264D, 0x0001, 0x2FF0, 0x0001, 0x276F, 0x0002, 0x278F,
    0x0002, 0x27AF, 0x0001, 0x27CF, 0x0005, 0x2FCF, 0x0004, 0x27AF,
    0x0003, 0x278F, 0x0005, 0x276F, 0x0009, 0x274E, 0x0006, 0x272E,
    0x0009, 0x274E, 0x0005, 0x276F, 0x0003, 0x278F, 0x0004, 0x27AF,
    0x0005, 0x2FCF, 0x0001, 0x27CF, 0x0002, 0x27AF, 0x0002, 0x278F,
    0x0001, 0x276F, 0x0001, 0x27AF, 0x0001, 0x274E, 0x0001, 0x1285,
    0x0001, 0x2185, 0x0001, 0x4ACA, 0x0001, 0x4AA9, 0x0001, 0x4A89,
    0x0001, 0x4AAA, 0x0001, 0x4268, 0x0001, 0x1143, 0x0004, 0x0902,
    0x0003, 0x08E2, 0x0003, 0x08C2, 0x0006, 0x08A2, 0x0002, 0x0882,
    0x0018, 0x0881, 0x003B, 0x0861, 0x0020, 0x0841, 0x003B, 0x0861,
    0x0016, 0x0881, 0x0001, 0x08A1, 0x0005, 0x08A2, 0x0003, 0x08C2,
    0x0003, 0x08E2, 0x0002, 0x0902, 0x0001, 0x1123, 0x0001, 0x00E1,
    0x0001, 0x530A, 0x0001, 0x9D53, 0x0001, 0x8CF2, 0x0001, 0x94F2,
    0x0001, 0x9D33, 0x0001, 0x636C, 0x0001, 0x0983, 0x0001, 0x264D,
    0x0001, 0x2FF0, 0x0001, 0x276F, 0x0001, 0x278F, 0x0003, 0x27AF,
    0x0001, 0x27CF, 0x0004, 0x2FCF, 0x0001, 0x27CF, 0x0003, 0x27AF,
    0x0003, 0x278F, 0x0004, 0x276F, 0x0001, 0x276E, 0x0005, 0x274E,
    0x0012, 0x272E, 0x0005, 0x274E, 0x0001, 0x276E, 0x0004, 0x276F,
    0x0003, 0x278F, 0x0003, 0x27AF, 0x0001, 0x27CF, 0x0004, 0x2FCF,
    0x0001, 0x27CF, 0x0002, 0x27AF, 0x0002, 0x278F, 0x0001, 0x276F,
    0x0001, 0x27AF, 0x0001, 0x274E, 0x0001, 0x1285, 0x0001, 0x21A5,
    0x0001, 0x4ACA, 0x0001, 0x4AA9, 0x0001, 0x4A89, 0x0001, 0x4AAA,
    0x0001, 0x3A48, 0x0001, 0x0922, 0x0001, 0x0923, 0x0002, 0x0902,
    0x0003, 0x08E2, 0x0003, 0x08C2, 0x0006, 0x08A2, 0x0003, 0x0882,
    0x0018, 0x0881, 0x003B, 0x0861, 0x001F, 0x0841, 0x003A, 0x0861,
    0x0017, 0x0881, 0x0005, 0x08A2, 0x0004, 0x08C2, 0x0002, 0x08E2,
    0x0002, 0x0902, 0x0001, 0x1123, 0x0001, 0x00E2, 0x0001, 0x3227,
    0x0001, 0x9513, 0x0001, 0x94F2, 0x0001, 0x8CF2, 0x0001, 0x9D33,
    0x0001, 0x742F, 0x0001, 0x09A3, 0x0001, 0x264C, 0x0001, 0x2FD0,
    0x0001, 0x276F, 0x0002, 0x278F, 0x0002, 0x27AF, 0x0001, 0x27CF,
    0x0004, 0x2FCF, 0x0001, 0x27CF, 0x0002, 0x27AF, 0x0004, 0x278F,
    0x0003, 0x276F, 0x0001, 0x276E, 0x0004, 0x274E, 0x0009, 0x272E,
    0x0006, 0x270E, 0x0009, 0x272E, 0x0004, 0x274E, 0x0001, 0x276E,
    0x0003, 0x276F, 0x0004, 0x278F, 0x0002, 0x27AF, 0x0001, 0x27CF,
    0x0004, 0x2FCF, 0x0001, 0x27CF, 0x0002, 0x27AF, 0x0002, 0x278F,
    0x0001, 0x276F, 0x0001, 0x27AF, 0x0001, 0x274E, 0x0001, 0x0A44,
    0x0001, 0x31C6, 0x0001, 0x4ACA, 0x0002, 0x4A89, 0x0001, 0x4AAA,
    0x0001, 0x29E6, 0x0001, 0x0902, 0x0001, 0x1123, 0x0002, 0x0902,
    0x0003, 0x08E2, 0x0003, 0x08C2, 0x0006, 0x08A2, 0x0003, 0x0882,
    0x0019, 0x0881, 0x0039, 0x0861, 0x001F, 0x0841, 0x0039, 0x0861,
    0x0017, 0x0881, 0x0005, 0x08A2, 0x0004, 0x08C2, 0x0002, 0x08E2,
    0x0002, 0x0902, 0x0001, 0x0903, 0x0001, 0x0902, 0x0001, 0x1964,
    0x0001, 0x8CB1, 0x0001, 0x9512, 0x0001, 0x8CF2, 0x0001, 0x9513,
    0x0001, 0x8490, 0x0001, 0x1163, 0x0001, 0x1DCB, 0x0001, 0x2FF0,
    0x0001, 0x276F, 0x0001, 0x278F, 0x0003, 0x27AF, 0x0001, 0x27CF,
    0x0004, 0x2FCF, 0x0003, 0x27AF, 0x0003, 0x278F, 0x0003, 0x276F,
    0x0001, 0x276E, 0x0003, 0x274E, 0x0006, 0x272E, 0x0012, 0x270E,
    0x0006, 0x272E, 0x0003, 0x274E, 0x0001, 0x276E, 0x0003, 0x276F,
    0x0003, 0x278F, 0x0003, 0x27AF, 0x0004, 0x2FCF, 0x0001, 0x27CF,
    0x0002, 0x27AF, 0x0002, 0x278F, 0x0001, 0x276F, 0x0001, 0x27CF,
    0x0001, 0x268D, 0x0001, 0x09A3, 0x0001, 0x3227, 0x0001, 0x4ACA,
    0x0001, 0x4A89, 0x0001, 0x4AA9, 0x0001, 0x4AAA, 0x0001, 0x1984,
    0x0001, 0x0902, 0x0001, 0x0903, 0x0002, 0x0902, 0x0003, 0x08E2,
    0x0003, 0x08C2, 0x0005, 0x08A2, 0x0004, 0x0882, 0x0019, 0x0881,
    0x0038, 0x0861, 0x001E, 0x0841, 0x003A, 0x0861, 0x0016, 0x0881,
    0x0006, 0x08A2, 0x0003, 0x08C2, 0x0003, 0x08E2, 0x0002, 0x0902,
    0x0001, 0x1123, 0x0001, 0x0902, 0x0001, 0x6BEE, 0x0001, 0x9D33,
    0x0001, 0x8CF2, 0x0001, 0x94F2, 0x0001, 0x9533, 0x0001, 0x29C6,
    0x0001, 0x14A9, 0x0001, 0x2FF0, 0x0001, 0x276F, 0x0001, 0x278F,
    0x0003, 0x27AF, 0x0001, 0x27CF, 0x0004, 0x2FCF, 0x0003, 0x27AF,
    0x0003, 0x278F, 0x0003, 0x276F, 0x0003, 0x274E, 0x0005, 0x272E,
    0x0007, 0x270E, 0x000A, 0x26EE, 0x0007, 0x270E, 0x0005, 0x272E,
    0x0003, 0x274E, 0x0003, 0x276F, 0x0003, 0x278F, 0x0003, 0x27AF,
    0x0004, 0x2FCF, 0x0001, 0x27CF, 0x0003, 0x27AF, 0x0001, 0x278F,
    0x0001, 0x276F, 0x0001, 0x2FF0, 0x0001, 0x25EC, 0x0001, 0x1143,
    0x0001, 0x4289, 0x0001, 0x4AAA, 0x0001, 0x4A89, 0x0001, 0x4AA9,
    0x0001, 0x4289, 0x0001, 0x1143, 0x0004, 0x0902, 0x0002, 0x08E2,
    0x0004, 0x08C2, 0x0005, 0x08A2, 0x0003, 0x0882, 0x0019, 0x0881,
    0x003A, 0x0861, 0x001C, 0x0841, 0x0038, 0x0861, 0x0017, 0x0881,
    0x0001, 0x0882, 0x0005, 0x08A2, 0x0004, 0x08C2, 0x0002, 0x08E2,
    0x0002, 0x0902, 0x0001, 0x1123, 0x0001, 0x00E1, 0x0001, 0x42C9,
    0x0001, 0x9D33, 0x0002, 0x94F2, 0x0001, 0x9D53, 0x0001, 0x4A89,
    0x0001, 0x0B26, 0x0001, 0x2FD0, 0x0001, 0x276F, 0x0002, 0x278F,
    0x0002, 0x27AF, 0x0001, 0x27CF, 0x0004, 0x2FCF, 0x0003, 0x27AF,
    0x0002, 0x278F, 0x0003, 0x276F, 0x0001, 0x274F, 0x0003, 0x274E,
    0x0004, 0x272E, 0x0004, 0x270E, 0x0014, 0x26EE, 0x0004, 0x270E,
    0x0004, 0x272E, 0x0003, 0x274E, 0x0001, 0x274F, 0x0003, 0x276F,
    0x0002, 0x278F, 0x0003, 0x27AF, 0x0004, 0x2FCF, 0x0001, 0x27CF,
    0x0002, 0x27AF, 0x0002, 0x278F, 0x0001, 0x276F, 0x0001, 0x2FF0,
    0x0001, 0x1C69, 0x0001, 0x1944, 0x0001, 0x4ACA, 0x0001, 0x4AA9,
    0x0001, 0x4A89, 0x0001, 0x4AAA, 0x0001, 0x3227, 0x0001, 0x0902,
    0x0001, 0x1123, 0x0002, 0x0902, 0x0003, 0x08E2, 0x0004, 0x08C2,
    0x0004, 0x08A2, 0x0004, 0x0882, 0x0019, 0x0881, 0x0038, 0x0861,
    0x001C, 0x0841, 0x0038, 0x0861, 0x0017, 0x0881, 0x0002, 0x0882,
    0x0005, 0x08A2, 0x0003, 0x08C2, 0x0003, 0x08E2, 0x0001, 0x0902,
    0x0001, 0x0903, 0x0001, 0x0902, 0x0001, 0x19A4, 0x0001, 0x8CD2,
    0x0001, 0x94F2, 0x0001, 0x8CD2, 0x0001, 0x9D33, 0x0001, 0x63AD,
    0x0001, 0x0A04, 0x0001, 0x272E, 0x0001, 0x278F, 0x0001, 0x276F,
    0x0001, 0x278F, 0x0002, 0x27AF, 0x0001, 0x27CF, 0x0004, 0x2FCF,
    0x0003, 0x27AF, 0x0002, 0x278F, 0x0003, 0x276F, 0x0003, 0x274E,
    0x0003, 0x272E, 0x0005, 0x270E, 0x0005, 0x26EE, 0x0001, 0x26ED,
    0x000C, 0x26CD, 0x0001, 0x26ED, 0x0005, 0x26EE, 0x0005, 0x270E,
    0x0003, 0x272E, 0x0003, 0x274E, 0x0003, 0x276F, 0x0002, 0x278F,
    0x0003, 0x27AF, 0x0004, 0x2FCF, 0x0001, 0x27CF, 0x0002, 0x27AF,
    0x0002, 0x278F, 0x0001, 0x276F, 0x0001, 0x2FAF, 0x0001, 0x12E6,
    0x0001, 0x29A5, 0x0001, 0x4ACA, 0x0002, 0x4A89, 0x0001, 0x4AAA,
    0x0001, 0x21A5, 0x0001, 0x0902, 0x0001, 0x1103, 0x0002, 0x0902,
    0x0003, 0x08E2, 0x0004, 0x08C2, 0x0004, 0x08A2, 0x0003, 0x0882,
    0x001A, 0x0881, 0x0038, 0x0861, 0x001B, 0x0841, 0x0038, 0x0861,
    0x0015, 0x0881, 0x0003, 0x0882, 0x0005, 0x08A2, 0x0003, 0x08C2,
    0x0003, 0x08E2, 0x0002, 0x0902, 0x0001, 0x1123, 0x0001, 0x00E2,
    0x0001, 0x63AD, 0x0001, 0x9D33, 0x0001, 0x8CD2, 0x0001, 0x9512,
    0x0001, 0x8CB1, 0x0001, 0x19A4, 0x0001, 0x1E0C, 0x0001, 0x2FCF,
    0x0001, 0x276F, 0x0001, 0x278F, 0x0002, 0x27AF, 0x0001, 0x27CF,
    0x0004, 0x2FCF, 0x0003, 0x27AF, 0x0002, 0x278F, 0x0003, 0x276F,
    0x0003, 0x274E, 0x0003, 0x272E, 0x0003, 0x270E, 0x0004, 0x26EE,
    0x0001, 0x26ED, 0x0014, 0x26CD, 0x0001, 0x26ED, 0x0004, 0x26EE,
    0x0003, 0x270E, 0x0003, 0x272E, 0x0003, 0x274E, 0x0003, 0x276F,
    0x0002, 0x278F, 0x0003, 0x27AF, 0x0004, 0x2FCF, 0x0001, 0x27CF,
    0x0002, 0x27AF, 0x0001, 0x278F, 0x0001, 0x276F, 0x0001, 0x278F,
    0x0001, 0x26EE, 0x0001, 0x11E4, 0x0001, 0x3A28, 0x0001, 0x4ACA,
    0x0001, 0x4A89, 0x0001, 0x4AAA, 0x0001, 0x4268, 0x0001, 0x1123,
    0x0003, 0x0902, 0x0003, 0x08E2, 0x0004, 0x08C2, 0x0004, 0x08A2,
    0x0004, 0x0882, 0x0019, 0x0881, 0x0038, 0x0861, 0x001A, 0x0841,
    0x0037, 0x0861, 0x0016, 0x0881, 0x0004, 0x0882, 0x0005, 0x08A2,
    0x0003, 0x08C2, 0x0002, 0x08E2, 0x0002, 0x0902, 0x0001, 0x1123,
    0x0001, 0x08E2, 0x0001, 0x3227, 0x0001, 0x9D33, 0x0002, 0x94F2,
    0x0001, 0x9D53, 0x0001, 0x3A27, 0x0001, 0x1428, 0x0001, 0x2FF0,
    0x0001, 0x276F, 0x0001, 0x278F, 0x0002, 0x27AF, 0x0001, 0x27CF,
    0x0004, 0x2FCF, 0x0003, 0x27AF, 0x0002, 0x278F, 0x0003, 0x276F,
    0x0002, 0x274E, 0x0003, 0x272E, 0x0004, 0x270E, 0x0003, 0x26EE,
    0x0006, 0x26CD, 0x000E, 0x26AD, 0x0006, 0x26CD, 0x0003, 0x26EE,
    0x0004, 0x270E, 0x0003, 0x272E, 0x0002, 0x274E, 0x0003, 0x276F,
    0x0002, 0x278F, 0x0003, 0x27AF, 0x0004, 0x2FCF, 0x0001, 0x27CF,
    0x0002, 0x27AF, 0x0001, 0x278F, 0x0001, 0x276F, 0x0001, 0x2FD0,
    0x0001, 0x1D6B, 0x0001, 0x1943, 0x0002, 0x4AA9, 0x0001, 0x4A89,
    0x0001, 0x4AAA, 0x0001, 0x29E6, 0x0001, 0x0902, 0x0001, 0x1123,
    0x0002, 0x0902, 0x0002, 0x08E2, 0x0005, 0x08C2, 0x0003, 0x08A2,
    0x0004, 0x0882, 0x001B, 0x0881, 0x0037, 0x0861, 0x0018, 0x0841,
    0x0038, 0x0861, 0x0016, 0x0881, 0x0003, 0x0882, 0x0005, 0x08A2,
    0x0003, 0x08C2, 0x0003, 0x08E2, 0x0003, 0x0902, 0x0001, 0x0923,
    0x0001, 0x7C70, 0x0001, 0x9513, 0x0001, 0x8CD2, 0x0001, 0x9D33,
    0x0001, 0x6BCE, 0x0001, 0x0A04, 0x0001, 0x274E, 0x0003, 0x278F,
    0x0002, 0x27AF, 0x0004, 0x2FCF, 0x0003, 0x27AF, 0x0002, 0x278F,
    0x0003, 0x276F, 0x0002, 0x274E, 0x0003, 0x272E, 0x0003, 0x270E,
    0x0003, 0x26EE, 0x0005, 0x26CD, 0x0007, 0x26AD, 0x0006, 0x268D,
    0x0007, 0x26AD, 0x0005, 0x26CD, 0x0003, 0x26EE, 0x0003, 0x270E,
    0x0003, 0x272E, 0x0002, 0x274E, 0x0003, 0x276F, 0x0002, 0x278F,
    0x0003, 0x27AF, 0x0004, 0x2FCF, 0x0002, 0x27AF, 0x0002, 0x278F,
    0x0001, 0x276F, 0x0001, 0x2FCF, 0x0001, 0x1367, 0x0001, 0x29A5,
    0x0001, 0x4ACA, 0x0001, 0x4A89, 0x0002, 0x4AA9, 0x0001, 0x1964,
    0x0004, 0x0902, 0x0002, 0x08E2, 0x0004, 0x08C2, 0x0004, 0x08A2,
    0x0004, 0x0882, 0x001A, 0x0881, 0x0038, 0x0861, 0x0018, 0x0841,
    0x0035, 0x0861, 0x0017, 0x0881, 0x0004, 0x0882, 0x0004, 0x08A2,
    0x0004, 0x08C2, 0x0002, 0x08E2, 0x0002, 0x0902, 0x0001, 0x1123,
    0x0001, 0x00E1, 0x0001, 0x4288, 0x0001, 0x9D33, 0x0002, 0x94F2,
    0x0001, 0x9512, 0x0001, 0x21C5, 0x0001, 0x1DAB, 0x0001, 0x2FF0,
    0x0001, 0x276F, 0x0001, 0x278F, 0x0002, 0x27AF, 0x0001, 0x27CF,
    0x0003, 0x2FCF, 0x0001, 0x27CF, 0x0002, 0x27AF, 0x0002, 0x278F,
    0x0003, 0x276F, 0x0002, 0x274E, 0x0003, 0x272E, 0x0003, 0x270E,
    0x0002, 0x26EE, 0x0004, 0x26CD, 0x0005, 0x26AD, 0x0006, 0x268D,
    0x0004, 0x26AD, 0x0003, 0x268D, 0x0001, 0x266D, 0x0002, 0x268D,
    0x0005, 0x26AD, 0x0004, 0x26CD, 0x0002, 0x26EE, 0x0003, 0x270E,
    0x0003, 0x272E, 0x0002, 0x274E, 0x0003, 0x276F, 0x0002, 0x278F,
    0x0002, 0x27AF, 0x0001, 0x27CF, 0x0003, 0x2FCF, 0x0001, 0x27CF,
    0x0002, 0x27AF, 0x0001, 0x278F, 0x0001, 0x276F, 0x0001, 0x27AF,
    0x0001, 0x26AD, 0x0001, 0x11A4, 0x0001, 0x4268, 0x0001, 0x4AAA,
    0x0001, 0x4A89, 0x0001, 0x4AAA, 0x0001, 0x3207, 0x0001, 0x0902,
    0x0001, 0x1123, 0x0002, 0x0902, 0x0003, 0x08E2, 0x0003, 0x08C2,
    0x0005, 0x08A2, 0x0003, 0x0882, 0x001C, 0x0881, 0x0036, 0x0861,
    0x0016, 0x0841, 0x0037, 0x0861, 0x0017, 0x0881, 0x0003, 0x0882,
    0x0005, 0x08A2, 0x0003, 0x08C2, 0x0003, 0x08E2, 0x0003, 0x0902,
    0x0001, 0x0923, 0x0001, 0x7C70, 0x0001, 0x9513, 0x0001, 0x8CD2,
    0x0001, 0x9D53, 0x0001, 0x5B2B, 0x0001, 0x0AE5, 0x0001, 0x2FCF,
    0x0001, 0x276F, 0x0001, 0x278F, 0x0002, 0x27AF, 0x0001, 0x27CF,
    0x0003, 0x2FCF, 0x0001, 0x27CF, 0x0002, 0x27AF, 0x0002, 0x278F,
    0x0002, 0x276F, 0x0001, 0x274F, 0x0002, 0x274E, 0x0003, 0x272E,
    0x0002, 0x270E, 0x0003, 0x26EE, 0x0003, 0x26CD, 0x0004, 0x26AD,
    0x0002, 0x268D, 0x0001, 0x266D, 0x0001, 0x268D, 0x0001, 0x26AD,
    0x0002, 0x26ED, 0x0001, 0x26CD, 0x0001, 0x268D, 0x0001, 0x1E0C,
    0x0002, 0x262C, 0x0001, 0x1E0C, 0x0001, 0x266D, 0x0002, 0x26CD,
    0x0001, 0x26ED, 0x0001, 0x26CD, 0x0001, 0x268D, 0x0001, 0x266D,
    0x0002, 0x268D, 0x0004, 0x26AD, 0x0003, 0x26CD, 0x0003, 0x26EE,
    0x0002, 0x270E, 0x0003, 0x272E, 0x0002, 0x274E, 0x0001, 0x274F,
    0x0002, 0x276F, 0x0002, 0x278F, 0x0002, 0x27AF, 0x0001, 0x27CF,
    0x0003, 0x2FCF, 0x0001, 0x27CF, 0x0002, 0x27AF, 0x0001, 0x278F,
    0x0001, 0x276F, 0x0001, 0x2FF0, 0x0001, 0x1C69, 0x0001, 0x2164,
    0x0001, 0x4ACA, 0x0001, 0x4A89, 0x0002, 0x4AA9, 0x0001, 0x1964,
    0x0001, 0x0902, 0x0001, 0x1103, 0x0001, 0x0902, 0x0003, 0x08E2,
    0x0004, 0x08C2, 0x0006, 0x08A2, 0x0001, 0x0882, 0x001C, 0x0881,
    0x0037, 0x0861, 0x0015, 0x0841, 0x0036, 0x0861, 0x0018, 0x0881,
    0x0003, 0x0882, 0x0004, 0x08A2, 0x0004, 0x08C2, 0x0002, 0x08E2,
    0x0002, 0x0902, 0x0001, 0x1123, 0x0001, 0x00E1, 0x0001, 0x4288,
    0x0001, 0x9D33, 0x0001, 0x8CD2, 0x0001, 0x9512, 0x0001, 0x8CB1,
    0x0001, 0x19A4, 0x0001, 0x266D, 0x0001, 0x2FAF, 0x0001, 0x276F,
    0x0001, 0x278F, 0x0002, 0x27AF, 0x0004, 0x2FCF, 0x0002, 0x27AF,
    0x0003, 0x278F, 0x0002, 0x276F, 0x0002, 0x274E, 0x0003, 0x272E,
    0x0002, 0x270E, 0x0003, 0x26EE, 0x0003, 0x26CD, 0x0003, 0x26AD,
    0x0003, 0x268D, 0x0001, 0x26AD, 0x0001, 0x26ED, 0x0001, 0x26AD,
    0x0001, 0x1DAB, 0x0001, 0x1C69, 0x0001, 0x1347, 0x0001, 0x1265,
    0x0001, 0x0A25, 0x0003, 0x0963, 0x0001, 0x0943, 0x0001, 0x09E4,
    0x0001, 0x1265, 0x0001, 0x1306, 0x0001, 0x1428, 0x0001, 0x1D4B,
    0x0001, 0x266D, 0x0001, 0x26ED, 0x0001, 0x26CD, 0x0003, 0x268D,
    0x0003, 0x26AD, 0x0003, 0x26CD, 0x0003, 0x26EE, 0x0002, 0x270E,
    0x0003, 0x272E, 0x0002, 0x274E, 0x0002, 0x276F, 0x0003, 0x278F,
    0x0002, 0x27AF, 0x0004, 0x2FCF, 0x0002, 0x27AF, 0x0003, 0x278F,
    0x0001, 0x270E, 0x0001, 0x11E4, 0x0001, 0x3A28, 0x0001, 0x4AAA,
    0x0001, 0x4A89, 0x0001, 0x4AAA, 0x0001, 0x3207, 0x0001, 0x0902,
    0x0001, 0x1103, 0x0002, 0x0902, 0x0002, 0x08E2, 0x0004, 0x08C2,
    0x0006, 0x08A2, 0x0002, 0x0882, 0x001C, 0x0881, 0x0036, 0x0861,
    0x0015, 0x0841, 0x0036, 0x0861, 0x0017, 0x0881, 0x0004, 0x0882,
    0x0004, 0x08A2, 0x0003, 0x08C2, 0x0003, 0x08E2, 0x0003, 0x0902,
    0x0001, 0x1123, 0x0001, 0x7C50, 0x0001, 0x9513, 0x0001, 0x8CD2,
    0x0001, 0x9D53, 0x0001, 0x52CA, 0x0001, 0x1366, 0x0001, 0x2FF0,
    0x0001, 0x276F, 0x0001, 0x278F, 0x0002, 0x27AF, 0x0001, 0x27CF,
    0x0003, 0x2FCF, 0x0003, 0x27AF, 0x0002, 0x278F, 0x0002, 0x276F,
    0x0002, 0x274E, 0x0003, 0x272E, 0x0002, 0x270E, 0x0003, 0x26EE,
    0x0002, 0x26CD, 0x0003, 0x26AD, 0x0002, 0x268D, 0x0001, 0x266D,
    0x0002, 0x26CD, 0x0001, 0x1DEC, 0x0001, 0x1408, 0x0001, 0x0A45,
    0x0001, 0x0903, 0x0002, 0x08A2, 0x0002, 0x08C2, 0x0003, 0x08E2,
    0x0001, 0x0902, 0x0001, 0x08E2, 0x0001, 0x08C2, 0x0002, 0x08A2,
    0x0001, 0x08E2, 0x0001, 0x09E4, 0x0001, 0x1387, 0x0001, 0x1D8B,
    0x0002, 0x26CD, 0x0003, 0x268D, 0x0003, 0x26AD, 0x0002, 0x26CD,
    0x0003, 0x26EE, 0x0002, 0x270E, 0x0003, 0x272E, 0x0002, 0x274E,
    0x0002, 0x276F, 0x0002, 0x278F, 0x0003, 0x27AF, 0x0003, 0x2FCF,
    0x0001, 0x27CF, 0x0002, 0x27AF, 0x0001, 0x278F, 0x0001, 0x276F,
    0x0001, 0x2FF0, 0x0001, 0x1D2A, 0x0001, 0x1964, 0x0001, 0x4ACA,
    0x0003, 0x4AA9, 0x0001, 0x1964, 0x0001, 0x0902, 0x0001, 0x1103,
    0x0001, 0x0902, 0x0003, 0x08E2, 0x0004, 0x08C2, 0x0005, 0x08A2,
    0x0002, 0x0882, 0x001C, 0x0881, 0x0036, 0x0861, 0x0014, 0x0841,
    0x0036, 0x0861, 0x0018, 0x0881, 0x0003, 0x0882, 0x0004, 0x08A2,
    0x0004, 0x08C2, 0x0003, 0x08E2, 0x0001, 0x0902, 0x0001, 0x1123,
    0x0001, 0x00E2, 0x0001, 0x3247, 0x0001, 0x9D33, 0x0001, 0x8CF2,
    0x0001, 0x9512, 0x0001, 0x8CB1, 0x0001, 0x19C4, 0x0001, 0x266D,
    0x0001, 0x27AF, 0x0002, 0x278F, 0x0002, 0x27AF, 0x0003, 0x2FCF,
    0x0001, 0x27CF, 0x0002, 0x27AF, 0x0002, 0x278F, 0x0002, 0x276F,
    0x0002, 0x274E, 0x0003, 0x272E, 0x0002, 0x270E, 0x0003, 0x26EE,
    0x0002, 0x26CD, 0x0003, 0x26AD, 0x0001, 0x268D, 0x0001, 0x266D,
    0x0001, 0x26AD, 0x0001, 0x26CD, 0x0001, 0x1DAB, 0x0001, 0x1306,
    0x0001, 0x0923, 0x0001, 0x08A2, 0x0001, 0x08C2, 0x0001, 0x0903,
    0x0004, 0x0923, 0x0005, 0x0903, 0x0003, 0x0923, 0x0001, 0x0903,
    0x0001, 0x08E2, 0x0001, 0x08A2, 0x0001, 0x0902, 0x0001, 0x1265,
    0x0001, 0x1D0A, 0x0002, 0x26CD, 0x0001, 0x266D, 0x0001, 0x268D,
    0x0003, 0x26AD, 0x0002, 0x26CD, 0x0003, 0x26EE, 0x0002, 0x270E,
    0x0003, 0x272E, 0x0002, 0x274E, 0x0002, 0x276F, 0x0002, 0x278F,
    0x0002, 0x27AF, 0x0001, 0x27CF, 0x0003, 0x2FCF, 0x0002, 0x27AF,
    0x0002, 0x278F, 0x0002, 0x276F, 0x0001, 0x1245, 0x0001, 0x3A27,
    0x0001, 0x4AAA, 0x0001, 0x4A89, 0x0001, 0x4AAA, 0x0001, 0x3206,
    0x0001, 0x0902, 0x0001, 0x1103, 0x0002, 0x0902, 0x0002, 0x08E2,
    0x0004, 0x08C2, 0x0006, 0x08A2, 0x0001, 0x0882, 0x001D, 0x0881,
    0x0037, 0x0861, 0x0012, 0x0841, 0x0036, 0x0861, 0x0018, 0x0881,
    0x0003, 0x0882, 0x0004, 0x08A2, 0x0004, 0x08C2, 0x0002, 0x08E2,
    0x0002, 0x0902, 0x0001, 0x1123, 0x0001, 0x0902, 0x0001, 0x73EE,
    0x0001, 0x9D33, 0x0001, 0x8CD2, 0x0001, 0x9D53, 0x0001, 0x5B2B,
    0x0001, 0x1366, 0x0001, 0x2FF0, 0x0001, 0x276F, 0x0001, 0x278F,
    0x0002, 0x27AF, 0x0001, 0x27CF, 0x0003, 0x2FCF, 0x0002, 0x27AF,
    0x0002, 0x278F, 0x0002, 0x276F, 0x0001, 0x274F, 0x0002, 0x274E,
    0x0002, 0x272E, 0x0002, 0x270E, 0x0003, 0x26EE, 0x0002, 0x26CD,
    0x0003, 0x26AD, 0x0001, 0x268D, 0x0001, 0x266D, 0x0001, 0x26CD,
    0x0001, 0x262C, 0x0001, 0x1347, 0x0001, 0x0902, 0x0001, 0x08A2,
    0x0001, 0x0902, 0x0002, 0x0923, 0x000F, 0x0903, 0x0001, 0x0923,
    0x0001, 0x0903, 0x0002, 0x08C2, 0x0001, 0x1285, 0x0001, 0x1DAB,
    0x0001, 0x26CD, 0x0002, 0x268D, 0x0003, 0x26AD, 0x0002, 0x26CD,
    0x0003, 0x26EE, 0x0002, 0x270E, 0x0002, 0x272E, 0x0002, 0x274E,
    0x0001, 0x274F, 0x0002, 0x276F, 0x0002, 0x278F, 0x0002, 0x27AF,
    0x0003, 0x2FCF, 0x0001, 0x27CF, 0x0002, 0x27AF, 0x0001, 0x278F,
    0x0001, 0x276F, 0x0001, 0x2FF0, 0x0001, 0x1C69, 0x0001, 0x2165,
    0x0001, 0x4ACA, 0x0001, 0x4A89, 0x0001, 0x4AA9, 0x0001, 0x4289,
    0x0001, 0x1143, 0x0003, 0x0902, 0x0002, 0x08E2, 0x0004, 0x08C2,
    0x0006, 0x08A2, 0x0002, 0x0882, 0x001C, 0x0881, 0x0036, 0x0861,
    0x0013, 0x0841, 0x0035, 0x0861, 0x0018, 0x0881, 0x0004, 0x0882,
    0x0004, 0x08A2, 0x0003, 0x08C2, 0x0003, 0x08E2, 0x0001, 0x0902,
    0x0001, 0x1103, 0x0001, 0x08E2, 0x0001, 0x21C5, 0x0003, 0x94F2,
    0x0001, 0x9512, 0x0001, 0x21E5, 0x0001, 0x1DCB, 0x0001, 0x2FCF,
    0x0001, 0x276F, 0x0001, 0x278F, 0x0002, 0x27AF, 0x0003, 0x2FCF,
    0x0001, 0x27CF, 0x0002, 0x27AF, 0x0002, 0x278F, 0x0002, 0x276F,
    0x0002, 0x274E, 0x0002, 0x272E, 0x0002, 0x270E, 0x0003, 0x26EE,
    0x0002, 0x26CD, 0x0003, 0x26AD, 0x0002, 0x268D, 0x0001, 0x26EE,
    0x0001, 0x1D0A, 0x0001, 0x0963, 0x0001, 0x08A2, 0x0001, 0x0903,
    0x0001, 0x0923, 0x0014, 0x0903, 0x0002, 0x0923, 0x0001, 0x08C2,
    0x0001, 0x0902, 0x0001, 0x1408, 0x0001, 0x26CD, 0x0001, 0x26AD,
    0x0001, 0x268D, 0x0003, 0x26AD, 0x0002, 0x26CD, 0x0003, 0x26EE,
    0x0002, 0x270E, 0x0002, 0x272E, 0x0002, 0x274E, 0x0002, 0x276F,
    0x0002, 0x278F, 0x0002, 0x27AF, 0x0001, 0x27CF, 0x0003, 0x2FCF,
    0x0002, 0x27AF, 0x0003, 0x278F, 0x0001, 0x270E, 0x0001, 0x11E4,
    0x0001, 0x4268, 0x0001, 0x4AAA, 0x0001, 0x4A89, 0x0001, 0x4AAA,
    0x0001, 0x21C5, 0x0001, 0x0902, 0x0001, 0x1103, 0x0001, 0x0902,
    0x0003, 0x08E2, 0x0004, 0x08C2, 0x0005, 0x08A2, 0x0002, 0x0882,
    0x001E, 0x0881, 0x0034, 0x0861, 0x0012, 0x0841, 0x0035, 0x0861,
    0x0019, 0x0881, 0x0003, 0x0882, 0x0004, 0x08A2, 0x0004, 0x08C2,
    0x0003, 0x08E2, 0x0001, 0x0902, 0x0001, 0x1123, 0x0001, 0x00C2,
    0x0001, 0x534B, 0x0001, 0x9D33, 0x0001, 0x8CD2, 0x0001, 0x9D33,
    0x0001, 0x6BCE, 0x0001, 0x12A5, 0x0001, 0x2FAF, 0x0001, 0x276F,
    0x0001, 0x278F, 0x0002, 0x27AF, 0x0001, 0x27CF, 0x0003, 0x2FCF,
    0x0002, 0x27AF, 0x0002, 0x278F, 0x0002, 0x276F, 0x0002, 0x274E,
    0x0002, 0x272E, 0x0003, 0x270E, 0x0002, 0x26EE, 0x0002, 0x26CD,
    0x0003, 0x26AD, 0x0002, 0x268D, 0x0001, 0x26AD, 0x0001, 0x13C8,
    0x0001, 0x08C2, 0x0001, 0x08E2, 0x0001, 0x0923, 0x0003, 0x0903,
    0x0008, 0x0902, 0x000D, 0x0903, 0x0001, 0x0923, 0x0001, 0x0903,
    0x0001, 0x08A2, 0x0001, 0x12C6, 0x0001, 0x264C, 0x0001, 0x26AD,
    0x0001, 0x266D, 0x0003, 0x26AD, 0x0002, 0x26CD, 0x0002, 0x26EE,
    0x0003, 0x270E, 0x0002, 0x272E, 0x0002, 0x274E, 0x0002, 0x276F,
    0x0002, 0x278F, 0x0002, 0x27AF, 0x0003, 0x2FCF, 0x0001, 0x27CF,
    0x0002, 0x27AF, 0x0001, 0x278F, 0x0001, 0x276F, 0x0001, 0x2FD0,
    0x0001, 0x13C7, 0x0001, 0x29A5, 0x0001, 0x4ACA, 0x0001, 0x4A89,
    0x0001, 0x4AAA, 0x0001, 0x3A48, 0x0001, 0x0922, 0x0001, 0x1123,
    0x0002, 0x0902, 0x0002, 0x08E2, 0x0004, 0x08C2, 0x0006, 0x08A2,
    0x0001, 0x0882, 0x001E, 0x0881, 0x0035, 0x0861, 0x0010, 0x0841,
    0x0036, 0x0861, 0x0019, 0x0881, 0x0003, 0x0882, 0x0004, 0x08A2,
    0x0004, 0x08C2, 0x0002, 0x08E2, 0x0002, 0x0902, 0x0001, 0x1103,
    0x0001, 0x1123, 0x0001, 0x7C50, 0x0001, 0x9513, 0x0001, 0x8CF2,
    0x0001, 0x9D53, 0x0001, 0x4268, 0x0001, 0x14C9, 0x0001, 0x2FF0,
    0x0001, 0x276F, 0x0001, 0x278F, 0x0002, 0x27AF, 0x0003, 0x2FCF,
    0x0001, 0x27CF, 0x0002, 0x27AF, 0x0002, 0x278F, 0x0002, 0x276F,
    0x0002, 0x274E, 0x0002, 0x272E, 0x0002, 0x270E, 0x0002, 0x26EE,
    0x0002, 0x26CD, 0x0003, 0x26AD, 0x0002, 0x268D, 0x0001, 0x26CD,
    0x0001, 0x1326, 0x0001, 0x0882, 0x0002, 0x0923, 0x0002, 0x0903,
    0x0001, 0x0902, 0x0001, 0x0903, 0x0001, 0x0923, 0x0001, 0x0943,
    0x0001, 0x0964, 0x0002, 0x1184, 0x0001, 0x0964, 0x0001, 0x0943,
    0x0001, 0x0923, 0x0001, 0x0903, 0x0001, 0x0902, 0x000D, 0x0903,
    0x0001, 0x0923, 0x0001, 0x08A2, 0x0001, 0x0A04, 0x0001, 0x264C,
    0x0001, 0x26AD, 0x0001, 0x266D, 0x0003, 0x26AD, 0x0002, 0x26CD,
    0x0002, 0x26EE, 0x0002, 0x270E, 0x0002, 0x272E, 0x0002, 0x274E,
    0x0002, 0x276F, 0x0002, 0x278F, 0x0002, 0x27AF, 0x0001, 0x27CF,
    0x0003, 0x2FCF, 0x0002, 0x27AF, 0x0001, 0x278F, 0x0001, 0x276F,
    0x0001, 0x27CF, 0x0001, 0x1E2C, 0x0001, 0x1984, 0x0004, 0x4AA9,
    0x0001, 0x1964, 0x0003, 0x0902, 0x0002, 0x08E2, 0x0004, 0x08C2,
    0x0006, 0x08A2, 0x0001, 0x0882, 0x001E, 0x0881, 0x0036, 0x0861,
    0x0010, 0x0841, 0x0034, 0x0861, 0x001A, 0x0881, 0x0002, 0x0882,
    0x0005, 0x08A2, 0x0004, 0x08C2, 0x0002, 0x08E2, 0x0001, 0x0902,
    0x0001, 0x1103, 0x0001, 0x08E2, 0x0001, 0x2A06, 0x0001, 0x9513,
    0x0001, 0x94F2, 0x0001, 0x9512, 0x0001, 0x8CB1, 0x0001, 0x1A05,
    0x0001, 0x26CD, 0x0001, 0x27AF, 0x0001, 0x278F, 0x0002, 0x27AF,
    0x0001, 0x27CF, 0x0003, 0x2FCF, 0x0002, 0x27AF, 0x0002, 0x278F,
    0x0002, 0x276F, 0x0002, 0x274E, 0x0002, 0x272E, 0x0002, 0x270E,
    0x0002, 0x26EE, 0x0002, 0x26CD, 0x0003, 0x26AD, 0x0002, 0x268D,
    0x0001, 0x26CD, 0x0001, 0x1326, 0x0001, 0x08A2, 0x0001, 0x0923,
    0x0003, 0x0903, 0x0001, 0x0902, 0x0001, 0x0923, 0x0001, 0x1184,
    0x0008, 0x11A4, 0x0001, 0x1184, 0x0001, 0x0943, 0x0001, 0x0902,
    0x000D, 0x0903, 0x0001, 0x0923, 0x0001, 0x08A2, 0x0001, 0x0A04,
    0x0001, 0x264C, 0x0001, 0x26AD, 0x0001, 0x268D, 0x0003, 0x26AD,
    0x0002, 0x26CD, 0x0002, 0x26EE, 0x0002, 0x270E, 0x0002, 0x272E,
    0x0002, 0x274E, 0x0002, 0x276F, 0x0002, 0x278F, 0x0002, 0x27AF,
    0x0003, 0x2FCF, 0x0001, 0x27CF, 0x0002, 0x27AF, 0x0001, 0x278F,
    0x0001, 0x276F, 0x0001, 0x278F, 0x0001, 0x12C6, 0x0001, 0x3A07,
    0x0001, 0x4ACA, 0x0001, 0x4A89, 0x0001, 0x4AAA, 0x0001, 0x29C6,
    0x0001, 0x0902, 0x0001, 0x1123, 0x0002, 0x0902, 0x0002, 0x08E2,
    0x0003, 0x08C2, 0x0006, 0x08A2, 0x0002, 0x0882, 0x001E, 0x0881,
    0x0034, 0x0861, 0x0010, 0x0841, 0x0035, 0x0861, 0x0019, 0x0881,
    0x0003, 0x0882, 0x0005, 0x08A2, 0x0003, 0x08C2, 0x0003, 0x08E2,
    0x0001, 0x0902, 0x0001, 0x1123, 0x0001, 0x00C2, 0x0001, 0x534B,
    0x0001, 0x9D33, 0x0001, 0x8CD2, 0x0001, 0x9D53, 0x0001, 0x634C,
    0x0001, 0x0B06, 0x0001, 0x2FD0, 0x0001, 0x276F, 0x0001, 0x278F,
    0x0002, 0x27AF, 0x0001, 0x27CF, 0x0002, 0x2FCF, 0x0001, 0x27CF,
    0x0002, 0x27AF, 0x0002, 0x278F, 0x0001, 0x276F, 0x0001, 0x276E,
    0x0001, 0x274E, 0x0003, 0x272E, 0x0002, 0x270E, 0x0002, 0x26EE,
    0x0002, 0x26CD, 0x0002, 0x26AD, 0x0002, 0x268D, 0x0001, 0x26AD,
    0x0001, 0x1326, 0x0001, 0x08A2, 0x0001, 0x0923, 0x0004, 0x0903,
    0x0001, 0x0964, 0x000C, 0x11A4, 0x0001, 0x1164, 0x000E, 0x0903,
    0x0001, 0x0923, 0x0001, 0x08A2, 0x0001, 0x0A04, 0x0001, 0x264C,
    0x0001, 0x26AD, 0x0001, 0x268D, 0x0002, 0x26AD, 0x0002, 0x26CD,
    0x0002, 0x26EE, 0x0002, 0x270E, 0x0003, 0x272E, 0x0001, 0x274E,
    0x0001, 0x276E, 0x0001, 0x276F, 0x0002, 0x278F, 0x0002, 0x27AF,
    0x0001, 0x27CF, 0x0002, 0x2FCF, 0x0001, 0x27CF, 0x0002, 0x27AF,
    0x0001, 0x278F, 0x0001, 0x276F, 0x0001, 0x2FF0, 0x0001, 0x1CA9,
    0x0001, 0x2185, 0x0001, 0x4ACA, 0x0001, 0x4A89, 0x0001, 0x4AAA,
    0x0001, 0x3A48, 0x0001, 0x0922, 0x0001, 0x1123, 0x0002, 0x0902,
    0x0002, 0x08E2, 0x0004, 0x08C2, 0x0005, 0x08A2, 0x0002, 0x0882,
    0x001E, 0x0881, 0x0035, 0x0861, 0x000F, 0x0841, 0x0034, 0x0861,
    0x001A, 0x0881, 0x0002, 0x0882, 0x0005, 0x08A2, 0x0004, 0x08C2,
    0x0002, 0x08E2, 0x0002, 0x0902, 0x0001, 0x1103, 0x0001, 0x0902,
    0x0001, 0x7C2F, 0x0001, 0x9D13, 0x0001, 0x8CF2, 0x0001, 0x9D53,
    0x0001, 0x4268, 0x0001, 0x1509, 0x0001, 0x2FF0, 0x0001, 0x276F,
    0x0001, 0x278F, 0x0001, 0x27AF, 0x0001, 0x27CF, 0x0003, 0x2FCF,
    0x0002, 0x27AF, 0x0002, 0x278F, 0x0002, 0x276F, 0x0002, 0x274E,
    0x0002, 0x272E, 0x0002, 0x270E, 0x0002, 0x26EE, 0x0002, 0x26CD,
    0x0002, 0x26AD, 0x0001, 0x268D, 0x0001, 0x266D, 0x0001, 0x26ED,
    0x0001, 0x13C8, 0x0001, 0x0882, 0x0001, 0x0923, 0x0003, 0x0903,
    0x0001, 0x0902, 0x0001, 0x0964, 0x0001, 0x11A5, 0x000D, 0x11A4,
    0x0001, 0x1184, 0x000E, 0x0903, 0x0001, 0x0923, 0x0001, 0x08A2,
    0x0001, 0x1265, 0x0001, 0x26AD, 0x0002, 0x268D, 0x0002, 0x26AD,
    0x0002, 0x26CD, 0x0002, 0x26EE, 0x0002, 0x270E, 0x0002, 0x272E,
    0x0002, 0x274E, 0x0002, 0x276F, 0x0002, 0x278F, 0x0002, 0x27AF,
    0x0003, 0x2FCF, 0x0001, 0x27CF, 0x0001, 0x27AF, 0x0002, 0x278F,
    0x0001, 0x27AF, 0x0001, 0x266D, 0x0001, 0x19A4, 0x0001, 0x4A89,
    0x0002, 0x4AA9, 0x0001, 0x4A89, 0x0001, 0x1143, 0x0003, 0x0902,
    0x0002, 0x08E2, 0x0004, 0x08C2, 0x0005, 0x08A2, 0x0002, 0x0882,
    0x001F, 0x0881, 0x0035, 0x0861, 0x000D, 0x0841, 0x0035, 0x0861,
    0x001A, 0x0881, 0x0001, 0x0882, 0x0006, 0x08A2, 0x0004, 0x08C2,
    0x0002, 0x08E2, 0x0001, 0x0902, 0x0001, 0x1103, 0x0001, 0x0902,
    0x0001, 0x1984, 0x0001, 0x8CD2, 0x0001, 0x94F2, 0x0001, 0x9512,
    0x0001, 0x8CB1, 0x0001, 0x19E5, 0x0001, 0x26AD, 0x0001, 0x27AF,
    0x0001, 0x278F, 0x0002, 0x27AF, 0x0001, 0x27CF, 0x0002, 0x2FCF,
    0x0001, 0x27CF, 0x0002, 0x27AF, 0x0002, 0x278F, 0x0002, 0x276F,
    0x0001, 0x274E, 0x0002, 0x272E, 0x0002, 0x270E, 0x0002, 0x26EE,
    0x0002, 0x26CD, 0x0003, 0x26AD, 0x0001, 0x268D, 0x0001, 0x26CD,
    0x0001, 0x1D0A, 0x0001, 0x08C2, 0x0001, 0x0923, 0x0003, 0x0903,
    0x0001, 0x0902, 0x0001, 0x0923, 0x0010, 0x11A4, 0x0001, 0x0943,
    0x0001, 0x0902, 0x000D, 0x0903, 0x0001, 0x0923, 0x0001, 0x08A2,
    0x0001, 0x13C8, 0x0001, 0x26ED, 0x0001, 0x266D, 0x0003, 0x26AD,
    0x0002, 0x26CD, 0x0002, 0x26EE, 0x0002, 0x270E, 0x0002, 0x272E,
    0x0001, 0x274E, 0x0002, 0x276F, 0x0002, 0x278F, 0x0002, 0x27AF,
    0x0001, 0x27CF, 0x0002, 0x2FCF, 0x0001, 0x27CF, 0x0002, 0x27AF,
    0x0002, 0x278F, 0x0001, 0x276F, 0x0001, 0x1265, 0x0001, 0x3A28,
    0x0001, 0x4AAA, 0x0001, 0x4A89, 0x0001, 0x4AAA, 0x0001, 0x21A5,
    0x0001, 0x0902, 0x0001, 0x1103, 0x0001, 0x0902, 0x0002, 0x08E2,
    0x0004, 0x08C2, 0x0006, 0x08A2, 0x0001, 0x0882, 0x0020, 0x0881,
    0x0034, 0x0861, 0x000E, 0x0841, 0x0034, 0x0861, 0x001A, 0x0881,
    0x0001, 0x0882, 0x0006, 0x08A2, 0x0004, 0x08C2, 0x0002, 0x08E2,
    0x0001, 0x0902, 0x0001, 0x1123, 0x0001, 0x00E2, 0x0001, 0x4288,
    0x0001, 0x9D33, 0x0001, 0x8CD2, 0x0001, 0x9D33, 0x0001, 0x73CE,
    0x0001, 0x12A5, 0x0001, 0x2FAF, 0x0001, 0x276F, 0x0001, 0x278F,
    0x0002, 0x27AF, 0x0001, 0x27CF, 0x0002, 0x2FCF, 0x0001, 0x27CF,
    0x0001, 0x27AF, 0x0002, 0x278F, 0x0002, 0x276F, 0x0002, 0x274E,
    0x0002, 0x272E, 0x0002, 0x270E, 0x0002, 0x26EE, 0x0002, 0x26CD,
    0x0002, 0x26AD, 0x0001, 0x268D, 0x0001, 0x26AD, 0x0001, 0x262C,
    0x0001, 0x0963, 0x0001, 0x08E2, 0x0001, 0x0923, 0x0003, 0x0903,
    0x0001, 0x0902, 0x0001, 0x0964, 0x0010, 0x11A4, 0x0001, 0x1184,
    0x0010, 0x0903, 0x0001, 0x08C2, 0x0001, 0x1D2A, 0x0001, 0x26CD,
    0x0001, 0x268D, 0x0002, 0x26AD, 0x0002, 0x26CD, 0x0002, 0x26EE,
    0x0002, 0x270E, 0x0002, 0x272E, 0x0002, 0x274E, 0x0002, 0x276F,
    0x0002, 0x278F, 0x0001, 0x27AF, 0x0001, 0x27CF, 0x0002, 0x2FCF,
    0x0001, 0x27CF, 0x0002, 0x27AF, 0x0001, 0x278F, 0x0001, 0x276F,
    0x0001, 0x2FF0, 0x0001, 0x1408, 0x0001, 0x29A5, 0x0001, 0x4ACA,
    0x0001, 0x4A89, 0x0001, 0x4AAA, 0x0001, 0x3207, 0x0001, 0x0902,
    0x0001, 0x1123, 0x0002, 0x0902, 0x0002, 0x08E2, 0x0003, 0x08C2,
    0x0006, 0x08A2, 0x0001, 0x0882, 0x0020, 0x0881, 0x0034, 0x0861,
    0x000D, 0x0841, 0x0034, 0x0861, 0x001B, 0x0881, 0x0001, 0x0882,
    0x0006, 0x08A2, 0x0004, 0x08C2, 0x0002, 0x08E2, 0x0001, 0x0902,
    0x0001, 0x1123, 0x0001, 0x00E1, 0x0001, 0x5B4C, 0x0001, 0x9D33,
    0x0001, 0x8CD2, 0x0001, 0x9D53, 0x0001, 0x52CA, 0x0001, 0x1428,
    0x0001, 0x2FF0, 0x0001, 0x276F, 0x0001, 0x278F, 0x0002, 0x27AF,
    0x0003, 0x2FCF, 0x0002, 0x27AF, 0x0002, 0x278F, 0x0002, 0x276F,
    0x0002, 0x274E, 0x0002, 0x272E, 0x0002, 0x270E, 0x0001, 0x26EE,
    0x0002, 0x26CD, 0x0002, 0x26AD, 0x0001, 0x268D, 0x0001, 0x266D,
    0x0001, 0x26CD, 0x0001, 0x1347, 0x0001, 0x08A2, 0x0001, 0x0923,
    0x0004, 0x0903, 0x0001, 0x0902, 0x0001, 0x1164, 0x0010, 0x11A4,
    0x0001, 0x1184, 0x000F, 0x0903, 0x0001, 0x0923, 0x0001, 0x08C2,
    0x0001, 0x0A05, 0x0003, 0x268D, 0x0002, 0x26AD, 0x0002, 0x26CD,
    0x0001, 0x26EE, 0x0002, 0x270E, 0x0002, 0x272E, 0x0002, 0x274E,
    0x0002, 0x276F, 0x0002, 0x278F, 0x0002, 0x27AF, 0x0003, 0x2FCF,
    0x0002, 0x27AF, 0x0001, 0x278F, 0x0001, 0x276F, 0x0001, 0x2FCF,
    0x0001, 0x1D6B, 0x0001, 0x1964, 0x0001, 0x4AAA, 0x0001, 0x4A89,
    0x0001, 0x4AAA, 0x0001, 0x3A48, 0x0001, 0x0922, 0x0001, 0x1123,
    0x0002, 0x0902, 0x0002, 0x08E2, 0x0003, 0x08C2, 0x0006, 0x08A2,
    0x0002, 0x0882, 0x0020, 0x0881, 0x0033, 0x0861, 0x000C, 0x0841,
    0x0035, 0x0861, 0x001B, 0x0881, 0x0001, 0x0882, 0x0006, 0x08A2,
    0x0003, 0x08C2, 0x0003, 0x08E2, 0x0001, 0x0902, 0x0001, 0x0903,
    0x0001, 0x0922, 0x0001, 0x7C2F, 0x0001, 0x9513, 0x0001, 0x8CF2,
    0x0001, 0x9D33, 0x0001, 0x3227, 0x0001, 0x154A, 0x0001, 0x2FF0,
    0x0001, 0x276F, 0x0001, 0x278F, 0x0001, 0x27AF, 0x0001, 0x27CF,
    0x0002, 0x2FCF, 0x0001, 0x27CF, 0x0002, 0x27AF, 0x0002, 0x278F,
    0x0001, 0x276F, 0x0002, 0x274E, 0x0002, 0x272E, 0x0002, 0x270E,
    0x0002, 0x26EE, 0x0002, 0x26CD, 0x0002, 0x26AD, 0x0001, 0x268D,
    0x0001, 0x26AD, 0x0001, 0x1DAB, 0x0001, 0x0902, 0x0006, 0x0903,
    0x0001, 0x0902, 0x0001, 0x1164, 0x0010, 0x11A4, 0x0001, 0x1184,
    0x0010, 0x0903, 0x0001, 0x0923, 0x0001, 0x08A2, 0x0001, 0x1C69,
    0x0001, 0x26ED, 0x0001, 0x266D, 0x0002, 0x26AD, 0x0002, 0x26CD,
    0x0002, 0x26EE, 0x0002, 0x270E, 0x0002, 0x272E, 0x0002, 0x274E,
    0x0001, 0x276F, 0x0002, 0x278F, 0x0002, 0x27AF, 0x0001, 0x27CF,
    0x0002, 0x2FCF, 0x0001, 0x27CF, 0x0001, 0x27AF, 0x0002, 0x278F,
    0x0001, 0x27AF, 0x0001, 0x26CD, 0x0001, 0x11C4, 0x0001, 0x4289,
    0x0002, 0x4AA9, 0x0001, 0x4A89, 0x0001, 0x1143, 0x0003, 0x0902,
    0x0003, 0x08E2, 0x0003, 0x08C2, 0x0005, 0x08A2, 0x0002, 0x0882,
    0x0020, 0x0881, 0x0034, 0x0861, 0x000B, 0x0841, 0x0034, 0x0861,
    0x001B, 0x0881, 0x0002, 0x0882, 0x0005, 0x08A2, 0x0004, 0x08C2,
    0x0003, 0x08E2, 0x0001, 0x1102, 0x0001, 0x0902, 0x0001, 0x1964,
    0x0001, 0x8CB1, 0x0001, 0x9512, 0x0001, 0x94F2, 0x0001, 0x8CD2,
    0x0001, 0x2205, 0x0001, 0x26AD, 0x0001, 0x2FAF, 0x0001, 0x278F,
    0x0002, 0x27AF, 0x0001, 0x27CF, 0x0002, 0x2FCF, 0x0001, 0x27CF,
    0x0001, 0x27AF, 0x0002, 0x278F, 0x0002, 0x276F, 0x0002, 0x274E,
    0x0002, 0x272E, 0x0002, 0x270E, 0x0001, 0x26EE, 0x0001, 0x26ED,
    0x0002, 0x26CD, 0x0001, 0x26AD, 0x0001, 0x268D, 0x0001, 0x266D,
    0x0001, 0x26CD, 0x0001, 0x1306, 0x0001, 0x08A2, 0x0001, 0x0923,
    0x0005, 0x0903, 0x0001, 0x0902, 0x0001, 0x0943, 0x0010, 0x11A4,
    0x0001, 0x0964, 0x0001, 0x0902, 0x000F, 0x0903, 0x0001, 0x0923,
    0x0001, 0x08E2, 0x0001, 0x09E4, 0x0001, 0x266D, 0x0002, 0x268D,
    0x0001, 0x26AD, 0x0002, 0x26CD, 0x0001, 0x26ED, 0x0001, 0x26EE,
    0x0002, 0x270E, 0x0002, 0x272E, 0x0002, 0x274E, 0x0002, 0x276F,
    0x0002, 0x278F, 0x0001, 0x27AF, 0x0001, 0x27CF, 0x0002, 0x2FCF,
    0x0001, 0x27CF, 0x0002, 0x27AF, 0x0001, 0x278F, 0x0001, 0x276F,
    0x0001, 0x278F, 0x0001, 0x12A5, 0x0001, 0x3A28, 0x0001, 0x4AAA,
    0x0001, 0x4A89, 0x0001, 0x4AAA, 0x0001, 0x1984, 0x0001, 0x0902,
    0x0001, 0x1103, 0x0001, 0x0902, 0x0003, 0x08E2, 0x0003, 0x08C2,
    0x0005, 0x08A2, 0x0002, 0x0882, 0x0021, 0x0881, 0x0033, 0x0861,
    0x000B, 0x0841, 0x0033, 0x0861, 0x001C, 0x0881, 0x0002, 0x0882,
    0x0005, 0x08A2, 0x0004, 0x08C2, 0x0002, 0x08E2, 0x0001, 0x0902,
    0x0001, 0x1123, 0x0001, 0x08E2, 0x0001, 0x29E6, 0x0002, 0x94F2,
    0x0001, 0x9513, 0x0001, 0x7C2F, 0x0001, 0x1265, 0x0001, 0x276F,
    0x0002, 0x278F, 0x0002, 0x27AF, 0x0001, 0x27CF, 0x0002, 0x2FCF,
    0x0002, 0x27AF, 0x0002, 0x278F, 0x0002, 0x276F, 0x0002, 0x274E,
    0x0002, 0x272E, 0x0002, 0x270E, 0x0001, 0x26EE, 0x0002, 0x26CD,
    0x0002, 0x26AD, 0x0001, 0x268D, 0x0001, 0x26AD, 0x0001, 0x1DEC,
    0x0001, 0x0923, 0x0008, 0x0903, 0x0001, 0x0902, 0x0001, 0x1164,
    0x000E, 0x11A4, 0x0001, 0x1184, 0x0012, 0x0903, 0x0001, 0x0923,
    0x0001, 0x08A2, 0x0001, 0x1CCA, 0x0001, 0x26ED, 0x0001, 0x268D,
    0x0002, 0x26AD, 0x0002, 0x26CD, 0x0001, 0x26EE, 0x0002, 0x270E,
    0x0002, 0x272E, 0x0002, 0x274E, 0x0002, 0x276F, 0x0002, 0x278F,
    0x0002, 0x27AF, 0x0002, 0x2FCF, 0x0001, 0x27CF, 0x0002, 0x27AF,
    0x0001, 0x278F, 0x0001, 0x276F, 0x0001, 0x2FCF, 0x0001, 0x1347,
    0x0001, 0x31C6, 0x0001, 0x4ACA, 0x0001, 0x4A89, 0x0001, 0x4AAA,
    0x0001, 0x29C5, 0x0001, 0x0902, 0x0001, 0x1103, 0x0001, 0x0902,
    0x0003, 0x08E2, 0x0003, 0x08C2, 0x0005, 0x08A2, 0x0002, 0x0882,
    0x0021, 0x0881, 0x0033, 0x0861, 0x000B, 0x0841, 0x0034, 0x0861,
    0x001B, 0x0881, 0x0002, 0x0882, 0x0005, 0x08A2, 0x0004, 0x08C2,
    0x0002, 0x08E2, 0x0001, 0x0902, 0x0001, 0x1123, 0x0001, 0x00E2,
    0x0001, 0x3A68, 0x0001, 0x9D33, 0x0001, 0x8CD2, 0x0001, 0x9D33,
    0x0001, 0x6B8D, 0x0001, 0x1306, 0x0001, 0x2FCF, 0x0001, 0x276F,
    0x0001, 0x278F, 0x0002, 0x27AF, 0x0003, 0x2FCF, 0x0002, 0x27AF,
    0x0002, 0x278F, 0x0002, 0x276F, 0x0001, 0x274E, 0x0002, 0x272E,
    0x0002, 0x270E, 0x0002, 0x26EE, 0x0002, 0x26CD, 0x0002, 0x26AD,
    0x0001, 0x266D, 0x0001, 0x26ED, 0x0001, 0x1408, 0x0001, 0x08A2,
    0x0001, 0x0923, 0x0009, 0x0903, 0x0001, 0x1184, 0x000C, 0x11A4,
    0x0001, 0x1184, 0x0001, 0x0923, 0x0001, 0x0902, 0x0011, 0x0903,
    0x0001, 0x0923, 0x0001, 0x08C2, 0x0001, 0x12A6, 0x0001, 0x26CD,
    0x0001, 0x268D, 0x0002, 0x26AD, 0x0002, 0x26CD, 0x0002, 0x26EE,
    0x0002, 0x270E, 0x0002, 0x272E, 0x0001, 0x274E, 0x0002, 0x276F,
    0x0002, 0x278F, 0x0002, 0x27AF, 0x0003, 0x2FCF, 0x0002, 0x27AF,
    0x0001, 0x278F, 0x0001, 0x276F, 0x0001, 0x2FF0, 0x0001, 0x1C89,
    0x0001, 0x2985, 0x0001, 0x4ACA, 0x0001, 0x4A89, 0x0001, 0x4AAA,
    0x0001, 0x3207, 0x0001, 0x0902, 0x0001, 0x1103, 0x0001, 0x0902,
    0x0003, 0x08E2, 0x0003, 0x08C2, 0x0005, 0x08A2, 0x0002, 0x0882,
    0x0021, 0x0881, 0x0033, 0x0861, 0x000A, 0x0841, 0x0035, 0x0861,
    0x001B, 0x0881, 0x0002, 0x0882, 0x0005, 0x08A2, 0x0004, 0x08C2,
    0x0002, 0x08E2, 0x0001, 0x0902, 0x0001, 0x1123, 0x0001, 0x00C1,
    0x0001, 0x530A, 0x0001, 0x9D33, 0x0001, 0x8CD2, 0x0001, 0x9D53,
    0x0001, 0x52EA, 0x0001, 0x1407, 0x0001, 0x2FF0, 0x0001, 0x276F,
    0x0001, 0x278F, 0x0001, 0x27AF, 0x0001, 0x27CF, 0x0003, 0x2FCF,
    0x0002, 0x27AF, 0x0002, 0x278F, 0x0001, 0x276F, 0x0002, 0x274E,
    0x0002, 0x272E, 0x0002, 0x270E, 0x0002, 0x26EE, 0x0002, 0x26CD,
    0x0001, 0x26AD, 0x0002, 0x268D, 0x0001, 0x26AD, 0x0001, 0x0A45,
    0x0001, 0x08C2, 0x0001, 0x0923, 0x000A, 0x0903, 0x0001, 0x0943,
    0x000A, 0x11A4, 0x0001, 0x0964, 0x0001, 0x0903, 0x0001, 0x0902,
    0x0013, 0x0903, 0x0001, 0x0902, 0x0001, 0x0943, 0x0001, 0x1DEC,
    0x0001, 0x26AD, 0x0001, 0x268D, 0x0001, 0x26AD, 0x0002, 0x26CD,
    0x0002, 0x26EE, 0x0002, 0x270E, 0x0002, 0x272E, 0x0002, 0x274E,
    0x0001, 0x276F, 0x0002, 0x278F, 0x0002, 0x27AF, 0x0003, 0x2FCF,
    0x0001, 0x27CF, 0x0001, 0x27AF, 0x0001, 0x278F, 0x0001, 0x276F,
    0x0001, 0x2FCF, 0x0001, 0x1DAB, 0x0001, 0x2184, 0x0001, 0x4AAA,
    0x0001, 0x4A89, 0x0001, 0x4AAA, 0x0001, 0x3A48, 0x0001, 0x0902,
    0x0001, 0x1103, 0x0001, 0x0902, 0x0003, 0x08E2, 0x0003, 0x08C2,
    0x0005, 0x08A2, 0x0002, 0x0882, 0x0021, 0x0881, 0x0034, 0x0861,
    0x0009, 0x0841, 0x0033, 0x0861, 0x001D, 0x0881, 0x0002, 0x0882,
    0x0005, 0x08A2, 0x0004, 0x08C2, 0x0002, 0x08E2, 0x0001, 0x0902,
    0x0001, 0x1123, 0x0001, 0x08E2, 0x0001, 0x638C, 0x0001, 0x9D33,
    0x0001, 0x8CD1, 0x0001, 0x9D33, 0x0001, 0x4289, 0x0001, 0x1489,
    0x0001, 0x2FF0, 0x0001, 0x276F, 0x0001, 0x278F, 0x0001, 0x27AF,
    0x0001, 0x27CF, 0x0002, 0x2FCF, 0x0001, 0x27CF, 0x0002, 0x27AF,
    0x0001, 0x278F, 0x0002, 0x276F, 0x0002, 0x274E, 0x0002, 0x272E,
    0x0002, 0x270E, 0x0001, 0x26EE, 0x0001, 0x26ED, 0x0001, 0x26CD,
    0x0002, 0x26AD, 0x0001, 0x268D, 0x0001, 0x26CD, 0x0001, 0x1DAB,
    0x000D, 0x0903, 0x0001, 0x0902, 0x0001, 0x0923, 0x0001, 0x0943,
    0x0001, 0x0964, 0x0004, 0x1184, 0x0001, 0x1164, 0x0001, 0x0943,
    0x0001, 0x0923, 0x0001, 0x0902, 0x0015, 0x0903, 0x0001, 0x0923,
    0x0001, 0x08A2, 0x0001, 0x1C69, 0x0001, 0x26ED, 0x0001, 0x268D,
    0x0002, 0x26AD, 0x0001, 0x26CD, 0x0001, 0x26ED, 0x0001, 0x26EE,
    0x0002, 0x270E, 0x0002, 0x272E, 0x0002, 0x274E, 0x0002, 0x276F,
    0x0001, 0x278F, 0x0002, 0x27AF, 0x0001, 0x27CF, 0x0002, 0x2FCF,
    0x0001, 0x27CF, 0x0001, 0x27AF, 0x0001, 0x278F, 0x0001, 0x276F,
    0x0001, 0x2FCF, 0x0001, 0x1DEC, 0x0001, 0x1984, 0x0002, 0x4AA9,
    0x0001, 0x4AAA, 0x0001, 0x4268, 0x0001, 0x1123, 0x0003, 0x0902,
    0x0002, 0x08E2, 0x0004, 0x08C2, 0x0004, 0x08A2, 0x0002, 0x0882,
    0x0022, 0x0881, 0x0033, 0x0861, 0x0009, 0x0841, 0x0033, 0x0861,
    0x001D, 0x0881, 0x0002, 0x0882, 0x0005, 0x08A2, 0x0004, 0x08C2,
    0x0001, 0x08E2, 0x0002, 0x0902, 0x0001, 0x1123, 0x0001, 0x08E2,
    0x0001, 0x742F, 0x0001, 0x9D33, 0x0001, 0x9512, 0x0001, 0x9D53,
    0x0001, 0x3226, 0x0001, 0x1DCB, 0x0001, 0x2FD0, 0x0001, 0x276F,
    0x0002, 0x27AF, 0x0001, 0x27CF, 0x0002, 0x2FCF, 0x0001, 0x27CF,
    0x0002, 0x27AF, 0x0001, 0x278F, 0x0002, 0x276F, 0x0002, 0x274E,
    0x0002, 0x272E, 0x0002, 0x270E, 0x0001, 0x26EE, 0x0002, 0x26CD,
    0x0002, 0x26AD, 0x0001, 0x268D, 0x0001, 0x26ED, 0x0001, 0x1C69,
    0x0001, 0x08A2, 0x0001, 0x0923, 0x000D, 0x0903, 0x0002, 0x0902,
    0x0004, 0x0903, 0x0003, 0x0902, 0x0016, 0x0903, 0x0001, 0x0923,
    0x0001, 0x08A2, 0x0001, 0x1306, 0x0001, 0x26ED, 0x0001, 0x268D,
    0x0002, 0x26AD, 0x0002, 0x26CD, 0x0001, 0x26EE, 0x0002, 0x270E,
    0x0002, 0x272E, 0x0002, 0x274E, 0x0002, 0x276F, 0x0001, 0x278F,
    0x0002, 0x27AF, 0x0001, 0x27CF, 0x0002, 0x2FCF, 0x0001, 0x27CF,
    0x0002, 0x27AF, 0x0002, 0x278F, 0x0001, 0x26EE, 0x0001, 0x11E4,
    0x0001, 0x4269, 0x0002, 0x4AA9, 0x0001, 0x4289, 0x0001, 0x1143,
    0x0003, 0x0902, 0x0002, 0x08E2, 0x0004, 0x08C2, 0x0005, 0x08A2,
    0x0001, 0x0882, 0x0022, 0x0881, 0x0034, 0x0861, 0x0008, 0x0841,
    0x0033, 0x0861, 0x001D, 0x0881, 0x0001, 0x0882, 0x0006, 0x08A2,
    0x0003, 0x08C2, 0x0003, 0x08E2, 0x0001, 0x0902, 0x0001, 0x1103,
    0x0001, 0x0902, 0x0001, 0x4AA9, 0x0001, 0x634C, 0x0001, 0x5B4C,
    0x0001, 0x73EE, 0x0001, 0x29C5, 0x0001, 0x1DAB, 0x0001, 0x2FD0,
    0x0001, 0x276F, 0x0002, 0x27AF, 0x0001, 0x27CF, 0x0002, 0x2FCF,
    0x0001, 0x27CF, 0x0001, 0x27AF, 0x0002, 0x278F, 0x0002, 0x276F,
    0x0002, 0x274E, 0x0002, 0x272E, 0x0001, 0x270E, 0x0002, 0x26EE,
    0x0001, 0x26CD, 0x0001, 0x26AD, 0x0002, 0x268D, 0x0001, 0x266D,
    0x0001, 0x26CD, 0x0001, 0x1347, 0x0001, 0x08A2, 0x0001, 0x0923,
    0x002C, 0x0903, 0x0001, 0x0923, 0x0001, 0x08C2, 0x0001, 0x0A05,
    0x0001, 0x268D, 0x0001, 0x266D, 0x0002, 0x268D, 0x0001, 0x26AD,
    0x0001, 0x26CD, 0x0002, 0x26EE, 0x0001, 0x270E, 0x0002, 0x272E,
    0x0002, 0x274E, 0x0002, 0x276F, 0x0002, 0x278F, 0x0001, 0x27AF,
    0x0001, 0x27CF, 0x0002, 0x2FCF, 0x0001, 0x27CF, 0x0002, 0x27AF,
    0x0002, 0x278F, 0x0001, 0x26EE, 0x0001, 0x11E4, 0x0001, 0x4269,
    0x0002, 0x4AA9, 0x0001, 0x4289, 0x0001, 0x1143, 0x0003, 0x0902,
    0x0002, 0x08E2, 0x0004, 0x08C2, 0x0005, 0x08A2, 0x0001, 0x0882,
    0x0022, 0x0881, 0x0033, 0x0861, 0x0009, 0x0841, 0x0033, 0x0861,
    0x001D, 0x0881, 0x0002, 0x0882, 0x0005, 0x08A2, 0x0003, 0x08C2,
    0x0002, 0x08E2, 0x0003, 0x0902, 0x0001, 0x1123, 0x0001, 0x4268,
    0x0002, 0x4289, 0x0001, 0x4268, 0x0001, 0x19A4, 0x0001, 0x266D,
    0x0001, 0x27AF, 0x0001, 0x276F, 0x0001, 0x278F, 0x0002, 0x27AF,
    0x0001, 0x2FCF, 0x0001, 0x2FAF, 0x0001, 0x27AF, 0x0001, 0x278F,
    0x0002, 0x276F, 0x0003, 0x274E, 0x0002, 0x272E, 0x0001, 0x270E,
    0x0001, 0x272E, 0x0002, 0x270E, 0x0002, 0x26EE, 0x0001, 0x270E,
    0x0001, 0x26EE, 0x0001, 0x26CD, 0x0001, 0x270E, 0x0001, 0x1285,
    0x0001, 0x08C2, 0x0001, 0x0923, 0x002D, 0x0903, 0x0001, 0x08E2,
    0x0001, 0x0963, 0x0001, 0x266D, 0x0001, 0x270E, 0x0001, 0x26EE,
    0x0002, 0x270E, 0x0001, 0x26EE, 0x0002, 0x270E, 0x0001, 0x272E,
    0x0001, 0x270E, 0x0002, 0x272E, 0x0003, 0x274E, 0x0002, 0x276F,
    0x0001, 0x278F, 0x0001, 0x27AF, 0x0001, 0x2FAF, 0x0001, 0x2FCF,
    0x0002, 0x27AF, 0x0003, 0x278F, 0x0001, 0x274E, 0x0001, 0x1265,
    0x0001, 0x4228, 0x0001, 0x4AAA, 0x0002, 0x4AA9, 0x0001, 0x1964,
    0x0001, 0x0902, 0x0001, 0x1102, 0x0001, 0x0902, 0x0002, 0x08E2,
    0x0004, 0x08C2, 0x0005, 0x08A2, 0x0001, 0x0882, 0x0022, 0x0881,
    0x0033, 0x0861, 0x0009, 0x0841, 0x0032, 0x0861, 0x001E, 0x0881,
    0x0002, 0x0882, 0x0005, 0x08A2, 0x0003, 0x08C2, 0x0002, 0x08E2,
    0x0003, 0x0902, 0x0001, 0x1143, 0x0001, 0x4289, 0x0002, 0x4AAA,
    0x0001, 0x4269, 0x0001, 0x11E4, 0x0001, 0x272E, 0x0001, 0x2FAF,
    0x0001, 0x27AF, 0x0001, 0x2FCF, 0x0009, 0x2FF0, 0x0001, 0x27CF,
    0x0001, 0x27AF, 0x0001, 0x278F, 0x0001, 0x276F, 0x0001, 0x274E,
    0x0001, 0x26AD, 0x0001, 0x268D, 0x0002, 0x266D, 0x0001, 0x1DAB,
    0x0001, 0x1CEA, 0x0001, 0x1D0A, 0x0002, 0x1CEA, 0x0001, 0x09C4,
    0x0001, 0x08E2, 0x002F, 0x0903, 0x0001, 0x0923, 0x0001, 0x1469,
    0x0002, 0x1D0A, 0x0001, 0x1CEA, 0x0001, 0x1D6B, 0x0002, 0x266D,
    0x0002, 0x268D, 0x0001, 0x272E, 0x0002, 0x278F, 0x0001, 0x27AF,
    0x0001, 0x27CF, 0x0009, 0x2FF0, 0x0001, 0x2FCF, 0x0001, 0x27AF,
    0x0001, 0x278F, 0x0001, 0x2FF0, 0x0001, 0x1306, 0x0001, 0x39E7,
    0x0001, 0x4ACA, 0x0001, 0x4A89, 0x0001, 0x4AAA, 0x0001, 0x2184,
    0x0001, 0x0902, 0x0001, 0x1102, 0x0001, 0x0902, 0x0002, 0x08E2,
    0x0004, 0x08C2, 0x0005, 0x08A2, 0x0001, 0x0882, 0x0023, 0x0881,
    0x0033, 0x0861, 0x0008, 0x0841, 0x0032, 0x0861, 0x001E, 0x0881,
    0x0002, 0x0882, 0x0005, 0x08A2, 0x0003, 0x08C2, 0x0002, 0x08E2,
    0x0003, 0x0902, 0x0001, 0x1143, 0x0001, 0x4289, 0x0002, 0x4AA9,
    0x0001, 0x4269, 0x0001, 0x11E4, 0x0001, 0x268D, 0x0001, 0x272E,
    0x0001, 0x270E, 0x0001, 0x272E, 0x0001, 0x268D, 0x0001, 0x1DCB,
    0x0002, 0x1DEC, 0x0001, 0x1DAB, 0x0001, 0x1408, 0x0001, 0x13E8,
    0x0001, 0x13E7, 0x0001, 0x1408, 0x0001, 0x0AE6, 0x0003, 0x0A04,
    0x0001, 0x09E4, 0x0001, 0x00C1, 0x0002, 0x00A1, 0x0001, 0x00C1,
    0x0001, 0x0060, 0x0004, 0x0000, 0x0001, 0x08E2, 0x0031, 0x0903,
    0x0001, 0x0020, 0x0003, 0x0000, 0x0001, 0x0020, 0x0001, 0x00C1,
    0x0001, 0x00A1, 0x0001, 0x00C1, 0x0001, 0x00A1, 0x0001, 0x09A3,
    0x0001, 0x0A24, 0x0002, 0x0A04, 0x0001, 0x0A85, 0x0001, 0x13E8,
    0x0001, 0x13E7, 0x0001, 0x13E8, 0x0001, 0x13E7, 0x0001, 0x1D6A,
    0x0002, 0x1DEC, 0x0001, 0x1DCB, 0x0001, 0x1E2C, 0x0001, 0x272E,
    0x0001, 0x270E, 0x0001, 0x26EE, 0x0001, 0x272E, 0x0001, 0x12C6,
    0x0001, 0x3A07, 0x0001, 0x4ACA, 0x0001, 0x4A89, 0x0001, 0x4AAA,
    0x0001, 0x1984, 0x0001, 0x0902, 0x0001, 0x1103, 0x0001, 0x0902,
    0x0002, 0x08E2, 0x0004, 0x08C2, 0x0005, 0x08A2, 0x0001, 0x0882,
    0x0023, 0x0881, 0x0033, 0x0861, 0x0007, 0x0841, 0x0033, 0x0861,
    0x001E, 0x0881, 0x0001, 0x0882, 0x0006, 0x08A2, 0x0003, 0x08C2,
    0x0002, 0x08E2, 0x0003, 0x0902, 0x0001, 0x1143, 0x0001, 0x4289,
    0x0002, 0x4AA9, 0x0001, 0x4289, 0x0001, 0x1184, 0x0001, 0x00E1,
    0x0002, 0x00C1, 0x0001, 0x00E1, 0x0001, 0x0061, 0x0001, 0x0000,
    0x0001, 0x0020, 0x000B, 0x0000, 0x0004, 0x0020, 0x0001, 0x0040,
    0x0004, 0x0060, 0x0001, 0x0902, 0x0031, 0x0903, 0x0001, 0x0081,
    0x0001, 0x0040, 0x0002, 0x0060, 0x0001, 0x0040, 0x0004, 0x0020,
    0x000D, 0x0000, 0x0001, 0x0040, 0x0001, 0x00E1, 0x0003, 0x00C1,
    0x0001, 0x0942, 0x0001, 0x3A48, 0x0001, 0x4AAA, 0x0001, 0x4A89,
    0x0001, 0x4AAA, 0x0001, 0x1984, 0x0001, 0x0902, 0x0001, 0x1103,
    0x0001, 0x0902, 0x0002, 0x08E2, 0x0004, 0x08C2, 0x0005, 0x08A2,
    0x0001, 0x0882, 0x0024, 0x0881, 0x0032, 0x0861, 0x0007, 0x0841,
    0x0033, 0x0861, 0x001E, 0x0881, 0x0001, 0x0882, 0x0006, 0x08A2,
    0x0003, 0x08C2, 0x0002, 0x08E2, 0x0003, 0x0902, 0x0001, 0x1143,
    0x0001, 0x4289, 0x0002, 0x4AA9, 0x0001, 0x4289, 0x0001, 0x1163,
    0x000D, 0x0000, 0x0001, 0x0020, 0x0004, 0x0040, 0x0008, 0x0060,
    0x0001, 0x0061, 0x0001, 0x0902, 0x0031, 0x0903, 0x0001, 0x0081,
    0x0008, 0x0060, 0x0004, 0x0040, 0x0001, 0x0020, 0x000D, 0x0000,
    0x0001, 0x0902, 0x0001, 0x3A68, 0x0001, 0x4AAA, 0x0001, 0x4A89,
    0x0001, 0x4AAA, 0x0001, 0x1984, 0x0001, 0x0902, 0x0001, 0x1103,
    0x0001, 0x0902, 0x0002, 0x08E2, 0x0004, 0x08C2, 0x0005, 0x08A2,
    0x0002, 0x0882, 0x0022, 0x0881, 0x0033, 0x0861, 0x0006, 0x0841,
    0x0034, 0x0861, 0x001E, 0x0881, 0x0002, 0x0882, 0x0005, 0x08A2,
    0x0003, 0x08C2, 0x0002, 0x08E2, 0x0003, 0x0902, 0x0001, 0x1143,
    0x0001, 0x4289, 0x0002, 0x4AA9, 0x0001, 0x4269, 0x0001, 0x11C4,
    0x0001, 0x1D4A, 0x0001, 0x1DCB, 0x0001, 0x1DAB, 0x0001, 0x1DEC,
    0x0001, 0x1CEA, 0x0001, 0x13E8, 0x0002, 0x1408, 0x0001, 0x13E7,
    0x0001, 0x0A44, 0x0002, 0x0A24, 0x0001, 0x0A44, 0x0001, 0x0962,
    0x0001, 0x00A1, 0x0002, 0x00C1, 0x0001, 0x00A1, 0x0009, 0x0000,
    0x0001, 0x08E2, 0x0031, 0x0903, 0x0009, 0x0000, 0x0001, 0x0081,
    0x0002, 0x00C1, 0x0001, 0x00A1, 0x0001, 0x0122, 0x0004, 0x0A24,
    0x0001, 0x1387, 0x0002, 0x1408, 0x0001, 0x13E8, 0x0001, 0x1469,
    0x0001, 0x1DEB, 0x0002, 0x1DAB, 0x0001, 0x1DCB, 0x0001, 0x1265,
    0x0001, 0x3A07, 0x0001, 0x4AAA, 0x0001, 0x4A89, 0x0001, 0x4AAA,
    0x0001, 0x1984, 0x0001, 0x0902, 0x0001, 0x1103, 0x0001, 0x0902,
    0x0002, 0x08E2, 0x0004, 0x08C2, 0x0005, 0x08A2, 0x0002, 0x0882,
    0x0022, 0x0881, 0x0034, 0x0861, 0x0006, 0x0841, 0x0033, 0x0861,
    0x001E, 0x0881, 0x0002, 0x0882, 0x0005, 0x08A2, 0x0003, 0x08C2,
    0x0002, 0x08E2, 0x0003, 0x0902, 0x0001, 0x1143, 0x0001, 0x4289,
    0x0002, 0x4AA9, 0x0001, 0x4269, 0x0001, 0x11E4, 0x0001, 0x276F,
    0x0005, 0x2FF0, 0x0002, 0x2FF1, 0x0003, 0x2FF0, 0x0002, 0x2FCF,
    0x0001, 0x274E, 0x0003, 0x26CD, 0x0001, 0x268D, 0x0001, 0x1D6A,
    0x0002, 0x1D2A, 0x0001, 0x1D4A, 0x0001, 0x1448, 0x0001, 0x1367,
    0x0001, 0x1387, 0x0001, 0x1367, 0x0001, 0x1366, 0x0001, 0x0963,
    0x0001, 0x08E2, 0x0030, 0x0903, 0x0001, 0x1306, 0x0001, 0x1387,
    0x0002, 0x1367, 0x0001, 0x13E8, 0x0002, 0x1D2A, 0x0002, 0x1D4A,
    0x0001, 0x264C, 0x0003, 0x26CD, 0x0001, 0x272E, 0x0002, 0x2FCF,
    0x0003, 0x2FF0, 0x0002, 0x2FF1, 0x0004, 0x2FF0, 0x0001, 0x2FCF,
    0x0001, 0x2FF0, 0x0001, 0x1306, 0x0001, 0x39E7, 0x0001, 0x4ACA,
    0x0001, 0x4A89, 0x0001, 0x4AAA, 0x0001, 0x1984, 0x0001, 0x0902,
    0x0001, 0x1103, 0x0001, 0x0902, 0x0002, 0x08E2, 0x0004, 0x08C2,
    0x0005, 0x08A2, 0x0002, 0x0882, 0x0023, 0x0881, 0x0033, 0x0861,
    0x0006, 0x0841, 0x0032, 0x0861, 0x001F, 0x0881, 0x0002, 0x0882,
    0x0005, 0x08A2, 0x0003, 0x08C2, 0x0002, 0x08E2, 0x0003, 0x0902,
    0x0001, 0x1123, 0x0001, 0x4289, 0x0002, 0x4AA9, 0x0001, 0x4A89,
    0x0001, 0x19C4, 0x0001, 0x26AD, 0x0001, 0x278F, 0x0001, 0x276F,
    0x0002, 0x278F, 0x0004, 0x27AF, 0x0002, 0x278F, 0x0005, 0x276F,
    0x0002, 0x274E, 0x0001, 0x276F, 0x0002, 0x274E, 0x0003, 0x272E,
    0x0001, 0x270E, 0x0001, 0x26EE, 0x0001, 0x272E, 0x0001, 0x1265,
    0x0001, 0x08C2, 0x0001, 0x0923, 0x002D, 0x0903, 0x0001, 0x08E2,
    0x0001, 0x0943, 0x0001, 0x268D, 0x0001, 0x272E, 0x0001, 0x270E,
    0x0003, 0x272E, 0x0002, 0x274E, 0x0001, 0x276F, 0x0002, 0x274E,
    0x0005, 0x276F, 0x0001, 0x278F, 0x0005, 0x27AF, 0x0002, 0x278F,
    0x0003, 0x276F, 0x0001, 0x12A6, 0x0001, 0x3A28, 0x0001, 0x4AAA,
    0x0001, 0x4A89, 0x0001, 0x4AAA, 0x0001, 0x1984, 0x0001, 0x0902,
    0x0001, 0x1102, 0x0001, 0x0902, 0x0002, 0x08E2, 0x0004, 0x08C2,
    0x0005, 0x08A2, 0x0002, 0x0882, 0x0023, 0x0881, 0x0033, 0x0861,
    0x0006, 0x0841, 0x0032, 0x0861, 0x001F, 0x0881, 0x0001, 0x0882,
    0x0006, 0x08A2, 0x0003, 0x08C2, 0x0003, 0x08E2, 0x0001, 0x0902,
    0x0001, 0x1103, 0x0001, 0x0902, 0x0001, 0x3A48, 0x0001, 0x4AAA,
    0x0001, 0x4A89, 0x0001, 0x4AAA, 0x0001, 0x2184, 0x0001, 0x1DCB,
    0x0001, 0x2FCF, 0x0001, 0x276F, 0x0002, 0x27AF, 0x0001, 0x27CF,
    0x0002, 0x2FCF, 0x0001, 0x27CF, 0x0001, 0x27AF, 0x0002, 0x278F,
    0x0002, 0x276F, 0x0001, 0x274E, 0x0002, 0x272E, 0x0001, 0x270E,
    0x0002, 0x26EE, 0x0002, 0x26CD, 0x0001, 0x26AD, 0x0002, 0x268D,
    0x0001, 0x266C, 0x0001, 0x26CD, 0x0001, 0x1306, 0x0001, 0x08A2,
    0x0001, 0x0923, 0x002D, 0x0903, 0x0001, 0x08E2, 0x0001, 0x09E4,
    0x0001, 0x264C, 0x0003, 0x268D, 0x0001, 0x26AD, 0x0002, 0x26CD,
    0x0002, 0x26EE, 0x0001, 0x270E, 0x0002, 0x272E, 0x0001, 0x274E,
    0x0002, 0x276F, 0x0002, 0x278F, 0x0001, 0x27AF, 0x0001, 0x27CF,
    0x0002, 0x2FCF, 0x0001, 0x27CF, 0x0002, 0x27AF, 0x0002, 0x278F,
    0x0001, 0x26EE, 0x0001, 0x11E4, 0x0001, 0x4269, 0x0002, 0x4AA9,
    0x0001, 0x4289, 0x0001, 0x1143, 0x0003, 0x0902, 0x0002, 0x08E2,
    0x0004, 0x08C2, 0x0005, 0x08A2, 0x0003, 0x0882, 0x0022, 0x0881,
    0x0033, 0x0861, 0x0006, 0x0841, 0x0032, 0x0861, 0x001F, 0x0881,
    0x0002, 0x0882, 0x0005, 0x08A2, 0x0003, 0x08C2, 0x0003, 0x08E2,
    0x0001, 0x0902, 0x0001, 0x1103, 0x0001, 0x0902, 0x0001, 0x3A48,
    0x0001, 0x4AAA, 0x0001, 0x4A89, 0x0001, 0x4AAA, 0x0001, 0x1984,
    0x0001, 0x1DEC, 0x0001, 0x2FCF, 0x0001, 0x276F, 0x0002, 0x27AF,
    0x0001, 0x27CF, 0x0002, 0x2FCF, 0x0001, 0x27CF, 0x0002, 0x27AF,
    0x0001, 0x278F, 0x0002, 0x276F, 0x0002, 0x274E, 0x0002, 0x272E,
    0x0002, 0x270E, 0x0001, 0x26EE, 0x0002, 0x26CD, 0x0002, 0x26AD,
    0x0001, 0x266D, 0x0001, 0x26EE, 0x0001, 0x1428, 0x0001, 0x08A2,
    0x0001, 0x0923, 0x002C, 0x0903, 0x0001, 0x0923, 0x0001, 0x08C2,
    0x0001, 0x12C6, 0x0001, 0x26CD, 0x0001, 0x268D, 0x0002, 0x26AD,
    0x0002, 0x26CD, 0x0001, 0x26EE, 0x0002, 0x270E, 0x0002, 0x272E,
    0x0002, 0x274E, 0x0002, 0x276F, 0x0001, 0x278F, 0x0002, 0x27AF,
    0x0001, 0x27CF, 0x0002, 0x2FCF, 0x0001, 0x27CF, 0x0002, 0x27AF,
    0x0002, 0x278F, 0x0001, 0x270E, 0x0001, 0x11E4, 0x0001, 0x4269,
    0x0002, 0x4AA9, 0x0001, 0x4289, 0x0001, 0x1143, 0x0003, 0x0902,
    0x0002, 0x08E2, 0x0004, 0x08C2, 0x0005, 0x08A2, 0x0003, 0x0882,
    0x0022, 0x0881, 0x0033, 0x0861, 0x0005, 0x0841, 0x0033, 0x0861,
    0x001F, 0x0881, 0x0002, 0x0882, 0x0005, 0x08A2, 0x0003, 0x08C2,
    0x0003, 0x08E2, 0x0001, 0x0902, 0x0001, 0x1103, 0x0001, 0x0902,
    0x0001, 0x3227, 0x0001, 0x4AAA, 0x0001, 0x4A89, 0x0001, 0x4ACA,
    0x0001, 0x2185, 0x0001, 0x1CC9, 0x0001, 0x2FF0, 0x0001, 0x276F,
    0x0001, 0x278F, 0x0001, 0x27AF, 0x0001, 0x27CF, 0x0002, 0x2FCF,
    0x0001, 0x27CF, 0x0002, 0x27AF, 0x0001, 0x278F, 0x0002, 0x276F,
    0x0002, 0x274E, 0x0002, 0x272E, 0x0002, 0x270E, 0x0001, 0x26EE,
    0x0001, 0x26ED, 0x0001, 0x26CD, 0x0002, 0x26AD, 0x0001, 0x268D,
    0x0001, 0x26CD, 0x0001, 0x1D4B, 0x0001, 0x08E2, 0x002D, 0x0903,
    0x0001, 0x0923, 0x0001, 0x08A2, 0x0001, 0x1408, 0x0001, 0x26EE,
    0x0001, 0x268D, 0x0002, 0x26AD, 0x0001, 0x26CD, 0x0001, 0x26ED,
    0x0001, 0x26EE, 0x0002, 0x270E, 0x0002, 0x272E, 0x0002, 0x274E,
    0x0002, 0x276F, 0x0001, 0x278F, 0x0002, 0x27AF, 0x0001, 0x27CF,
    0x0002, 0x2FCF, 0x0001, 0x27CF, 0x0001, 0x27AF, 0x0001, 0x278F,
    0x0001, 0x276F, 0x0001, 0x27CF, 0x0001, 0x1E2C, 0x0001, 0x1984,
    0x0002, 0x4AA9, 0x0001, 0x4AAA, 0x0001, 0x4269, 0x0001, 0x1123,
    0x0003, 0x0902, 0x0002, 0x08E2, 0x0004, 0x08C2, 0x0005, 0x08A2,
    0x0002, 0x0882, 0x0024, 0x0881, 0x0032, 0x0861, 0x0005, 0x0841,
    0x0032, 0x0861, 0x0020, 0x0881, 0x0002, 0x0882, 0x0005, 0x08A2,
    0x0003, 0x08C2, 0x0003, 0x08E2, 0x0001, 0x0902, 0x0001, 0x1103,
    0x0001, 0x0902, 0x0001, 0x29E6, 0x0001, 0x4AAA, 0x0001, 0x4A89,
    0x0001, 0x4ACA, 0x0001, 0x29A5, 0x0001, 0x1448, 0x0001, 0x2FF0,
    0x0001, 0x276F, 0x0001, 0x278F, 0x0001, 0x27AF, 0x0001, 0x27CF,
    0x0003, 0x2FCF, 0x0002, 0x27AF, 0x0002, 0x278F, 0x0001, 0x276F,
    0x0002, 0x274E, 0x0002, 0x272E, 0x0002, 0x270E, 0x0002, 0x26EE,
    0x0002, 0x26CD, 0x0001, 0x26AD, 0x0002, 0x268D, 0x0001, 0x266D,
    0x0001, 0x09E4, 0x0001, 0x08E2, 0x002E, 0x0903, 0x0001, 0x1DAB,
    0x0001, 0x26CD, 0x0001, 0x268D, 0x0001, 0x26AD, 0x0002, 0x26CD,
    0x0002, 0x26EE, 0x0002, 0x270E, 0x0002, 0x272E, 0x0002, 0x274E,
    0x0001, 0x276F, 0x0002, 0x278F, 0x0002, 0x27AF, 0x0003, 0x2FCF,
    0x0001, 0x27CF, 0x0001, 0x27AF, 0x0001, 0x278F, 0x0001, 0x276F,
    0x0001, 0x2FCF, 0x0001, 0x1DCB, 0x0001, 0x1984, 0x0001, 0x4AAA,
    0x0001, 0x4A89, 0x0001, 0x4AAA, 0x0001, 0x3A48, 0x0001, 0x0922,
    0x0001, 0x1123, 0x0002, 0x0902, 0x0002, 0x08E2, 0x0004, 0x08C2,
    0x0005, 0x08A2, 0x0003, 0x0882, 0x0023, 0x0881, 0x0032, 0x0861,
    0x0005, 0x0841, 0x0033, 0x0861, 0x001F, 0x0881, 0x0002, 0x0882,
    0x0005, 0x08A2, 0x0003, 0x08C2, 0x0003, 0x08E2, 0x0001, 0x0902,
    0x0001, 0x1103, 0x0001, 0x0902, 0x0001, 0x21C5, 0x0001, 0x4AAA,
    0x0001, 0x4A89, 0x0001, 0x4ACA, 0x0001, 0x31E7, 0x0001, 0x1367,
    0x0001, 0x2FCF, 0x0001, 0x276F, 0x0001, 0x278F, 0x0002, 0x27AF,
    0x0003, 0x2FCF, 0x0002, 0x27AF, 0x0002, 0x278F, 0x0002, 0x276F,
    0x0001, 0x274E, 0x0002, 0x272E, 0x0002, 0x270E, 0x0002, 0x26EE,
    0x0002, 0x26CD, 0x0002, 0x26AD, 0x0001, 0x266D, 0x0001, 0x26EE,
    0x0001, 0x1387, 0x0001, 0x08A2, 0x0001, 0x0923, 0x002A, 0x0903,
    0x0001, 0x0923, 0x0001, 0x08C2, 0x0001, 0x0A25, 0x0001, 0x26AD,
    0x0001, 0x268D, 0x0002, 0x26AD, 0x0002, 0x26CD, 0x0002, 0x26EE,
    0x0002, 0x270E, 0x0002, 0x272E, 0x0001, 0x274E, 0x0002, 0x276F,
    0x0002, 0x278F, 0x0002, 0x27AF, 0x0003, 0x2FCF, 0x0002, 0x27AF,
    0x0001, 0x278F, 0x0001, 0x276F, 0x0001, 0x2FF0, 0x0001, 0x1CE9,
    0x0001, 0x2985, 0x0001, 0x4ACA, 0x0001, 0x4A89, 0x0001, 0x4AAA,
    0x0001, 0x3207, 0x0001, 0x0902, 0x0001, 0x1123, 0x0001, 0x0902,
    0x0003, 0x08E2, 0x0004, 0x08C2, 0x0005, 0x08A2, 0x0003, 0x0882,
    0x0023, 0x0881, 0x0032, 0x0861, 0x0005, 0x0841, 0x0033, 0x0861,
    0x001F, 0x0881, 0x0002, 0x0882, 0x0005, 0x08A2, 0x0003, 0x08C2,
    0x0003, 0x08E2, 0x0001, 0x0902, 0x0001, 0x1103, 0x0001, 0x0902,
    0x0001, 0x1984, 0x0001, 0x4AA9, 0x0001, 0x4A89, 0x0001, 0x4AAA,
    0x0001, 0x3A28, 0x0001, 0x1265, 0x0001, 0x276F, 0x0002, 0x278F,
    0x0002, 0x27AF, 0x0001, 0x27CF, 0x0002, 0x2FCF, 0x0002, 0x27AF,
    0x0002, 0x278F, 0x0002, 0x276F, 0x0002, 0x274E, 0x0002, 0x272E,
    0x0002, 0x270E, 0x0001, 0x26EE, 0x0002, 0x26CD, 0x0002, 0x26AD,
    0x0001, 0x268D, 0x0001, 0x26CD, 0x0001, 0x1D8B, 0x0001, 0x0902,
    0x002B, 0x0903, 0x0001, 0x0923, 0x0001, 0x08A2, 0x0001, 0x1C49,
    0x0001, 0x26ED, 0x0001, 0x268D, 0x0002, 0x26AD, 0x0002, 0x26CD,
    0x0003, 0x26EE, 0x0001, 0x270E, 0x0001, 0x272E, 0x0002, 0x274E,
    0x0002, 0x276F, 0x0002, 0x278F, 0x0002, 0x27AF, 0x0002, 0x2FCF,
    0x0001, 0x27CF, 0x0002, 0x27AF, 0x0001, 0x278F, 0x0001, 0x276F,
    0x0001, 0x2FCF, 0x0001, 0x1387, 0x0001, 0x31C6, 0x0001, 0x4ACA,
    0x0001, 0x4A89, 0x0001, 0x4AAA, 0x0001, 0x29C6, 0x0001, 0x0902,
    0x0001, 0x1123, 0x0001, 0x0902, 0x0003, 0x08E2, 0x0004, 0x08C2,
    0x0005, 0x08A2, 0x0003, 0x0882, 0x0023, 0x0881, 0x0032, 0x0861,
    0x0005, 0x0841, 0x0033, 0x0861, 0x001F, 0x0881, 0x0002, 0x0882,
    0x0005, 0x08A2, 0x0003, 0x08C2, 0x0003, 0x08E2, 0x0003, 0x0902,
    0x0001, 0x1143, 0x0001, 0x4289, 0x0002, 0x4AA9, 0x0001, 0x4269,
    0x0001, 0x11E4, 0x0001, 0x26EE, 0x0001, 0x27AF, 0x0001, 0x278F,
    0x0002, 0x27AF, 0x0001, 0x27CF, 0x0002, 0x2FCF, 0x0001, 0x27CF,
    0x0001, 0x27AF, 0x0002, 0x278F, 0x0002, 0x276F, 0x0002, 0x274E,
    0x0002, 0x272E, 0x0002, 0x270E, 0x0001, 0x26EE, 0x0001, 0x26ED,
    0x0002, 0x26CD, 0x0001, 0x26AD, 0x0002, 0x268D, 0x0001, 0x26CD,
    0x0001, 0x1265, 0x0001, 0x08C2, 0x0001, 0x0923, 0x0029, 0x0903,
    0x0001, 0x08E2, 0x0001, 0x0963, 0x0001, 0x1E2C, 0x0001, 0x26AD,
    0x0001, 0x268D, 0x0001, 0x26AD, 0x0003, 0x26CD, 0x0001, 0x26CE,
    0x0001, 0x272E, 0x0001, 0x276F, 0x0001, 0x278F, 0x0001, 0x274E,
    0x0001, 0x272E, 0x0002, 0x274E, 0x0001, 0x276F, 0x0002, 0x278F,
    0x0001, 0x27AF, 0x0001, 0x27CF, 0x0002, 0x2FCF, 0x0001, 0x27CF,
    0x0002, 0x27AF, 0x0001, 0x278F, 0x0001, 0x276F, 0x0001, 0x27AF,
    0x0001, 0x12C6, 0x0001, 0x3A07, 0x0001, 0x4ACA, 0x0001, 0x4A89,
    0x0001, 0x4AAA, 0x0001, 0x2185, 0x0001, 0x0902, 0x0001, 0x1123,
    0x0001, 0x0902, 0x0003, 0x08E2, 0x0004, 0x08C2, 0x0005, 0x08A2,
    0x0003, 0x0882, 0x0023, 0x0881, 0x0032, 0x0861, 0x0005, 0x0841,
    0x0033, 0x0861, 0x0020, 0x0881, 0x0001, 0x0882, 0x0005, 0x08A2,
    0x0004, 0x08C2, 0x0002, 0x08E2, 0x0002, 0x0902, 0x0001, 0x0903,
    0x0001, 0x1123, 0x0001, 0x4268, 0x0001, 0x4AAA, 0x0001, 0x4AA9,
    0x0001, 0x4AAA, 0x0001, 0x1984, 0x0001, 0x1DCB, 0x0001, 0x2FCF,
    0x0001, 0x276F, 0x0001, 0x278F, 0x0001, 0x27AF, 0x0001, 0x27CF,
    0x0002, 0x2FCF, 0x0001, 0x27CF, 0x0002, 0x27AF, 0x0002, 0x278F,
    0x0001, 0x276F, 0x0002, 0x274E, 0x0002, 0x272E, 0x0002, 0x270E,
    0x0002, 0x26EE, 0x0002, 0x26CD, 0x0002, 0x26AD, 0x0001, 0x268D,
    0x0001, 0x26CD, 0x0001, 0x1D0A, 0x0001, 0x08C2, 0x0001, 0x0923,
    0x0028, 0x0903, 0x0001, 0x0923, 0x0001, 0x08A2, 0x0001, 0x13C8,
    0x0001, 0x26EE, 0x0001, 0x266D, 0x0002, 0x26AD, 0x0002, 0x26CD,
    0x0001, 0x272E, 0x0001, 0x274E, 0x0001, 0x2E6D, 0x0001, 0x354B,
    0x0001, 0x3CCA, 0x0001, 0x2ECE, 0x0001, 0x27CF, 0x0001, 0x27AF,
    0x0001, 0x2FAF, 0x0001, 0x2FCF, 0x0001, 0x27AF, 0x0001, 0x278F,
    0x0002, 0x27AF, 0x0002, 0x2FCF, 0x0001, 0x27CF, 0x0001, 0x27AF,
    0x0003, 0x278F, 0x0001, 0x270E, 0x0001, 0x1204, 0x0001, 0x4269,
    0x0003, 0x4AA9, 0x0001, 0x1964, 0x0001, 0x0902, 0x0001, 0x1103,
    0x0001, 0x0902, 0x0003, 0x08E2, 0x0003, 0x08C2, 0x0006, 0x08A2,
    0x0003, 0x0882, 0x0023, 0x0881, 0x0032, 0x0861, 0x0005, 0x0841,
    0x0033, 0x0861, 0x0020, 0x0881, 0x0001, 0x0882, 0x0005, 0x08A2,
    0x0004, 0x08C2, 0x0002, 0x08E2, 0x0002, 0x0902, 0x0001, 0x1123,
    0x0001, 0x0902, 0x0001, 0x3207, 0x0001, 0x4AAA, 0x0001, 0x4A89,
    0x0001, 0x4ACA, 0x0001, 0x2985, 0x0001, 0x1469, 0x0001, 0x2FF0,
    0x0001, 0x276F, 0x0001, 0x278F, 0x0002, 0x27AF, 0x0003, 0x2FCF,
    0x0002, 0x27AF, 0x0002, 0x278F, 0x0002, 0x276F, 0x0002, 0x274E,
    0x0002, 0x272E, 0x0002, 0x270E, 0x0001, 0x26EE, 0x0002, 0x26CD,
    0x0002, 0x26AD, 0x0002, 0x268D, 0x0001, 0x26CD, 0x0001, 0x1285,
    0x0001, 0x08C2, 0x0001, 0x0923, 0x0027, 0x0903, 0x0001, 0x08E2,
    0x0001, 0x0983, 0x0001, 0x262C, 0x0001, 0x26AD, 0x0001, 0x268D,
    0x0002, 0x26AD, 0x0001, 0x26CD, 0x0001, 0x274E, 0x0001, 0x2D8B,
    0x0001, 0x4A86, 0x0001, 0x58C3, 0x0001, 0x5822, 0x0001, 0x5802,
    0x0001, 0x51A5, 0x0001, 0x1CEA, 0x0001, 0x13C7, 0x0001, 0x13A7,
    0x0001, 0x1D6A, 0x0001, 0x2F0E, 0x0002, 0x27EF, 0x0003, 0x2FF0,
    0x0002, 0x27AF, 0x0001, 0x278F, 0x0001, 0x276F, 0x0001, 0x2FCF,
    0x0001, 0x1DCB, 0x0001, 0x1964, 0x0001, 0x4AAA, 0x0001, 0x4AA9,
    0x0001, 0x4AAA, 0x0001, 0x4268, 0x0001, 0x1123, 0x0001, 0x0923,
    0x0001, 0x0903, 0x0001, 0x0902, 0x0002, 0x08E2, 0x0004, 0x08C2,
    0x0006, 0x08A2, 0x0003, 0x0882, 0x0023, 0x0881, 0x0032, 0x0861,
    0x0005, 0x0841, 0x0033, 0x0861, 0x0020, 0x0881, 0x0002, 0x0882,
    0x0004, 0x08A2, 0x0004, 0x08C2, 0x0003, 0x08E2, 0x0001, 0x0902,
    0x0001, 0x1123, 0x0001, 0x0902, 0x0001, 0x29C6, 0x0001, 0x4AAA,
    0x0001, 0x4A89, 0x0001, 0x4ACA, 0x0001, 0x31E7, 0x0001, 0x1306,
    0x0001, 0x27AF, 0x0001, 0x276F, 0x0001, 0x278F, 0x0002, 0x27AF,
    0x0001, 0x27CF, 0x0002, 0x2FCF, 0x0001, 0x27CF, 0x0001, 0x27AF,
    0x0002, 0x278F, 0x0002, 0x276F, 0x0002, 0x274E, 0x0002, 0x272E,
    0x0002, 0x270E, 0x0002, 0x26EE, 0x0002, 0x26CD, 0x0002, 0x26AD,
    0x0001, 0x268D, 0x0001, 0x26CD, 0x0001, 0x1DAB, 0x0001, 0x08E2,
    0x0027, 0x0903, 0x0001, 0x0923, 0x0001, 0x08A2, 0x0001, 0x1C69,
    0x0001, 0x26EE, 0x0001, 0x266D, 0x0002, 0x26AD, 0x0001, 0x26CD,
    0x0001, 0x270E, 0x0001, 0x4388, 0x0001, 0x5843, 0x0001, 0x5802,
    0x0001, 0x5843, 0x0001, 0x70A4, 0x0001, 0x6083, 0x0001, 0x5822,
    0x0001, 0x1902, 0x0001, 0x01A3, 0x0001, 0x0963, 0x0001, 0x4082,
    0x0001, 0x58A3, 0x0001, 0x4B07, 0x0001, 0x274F, 0x0001, 0x1E6C,
    0x0001, 0x1D8B, 0x0001, 0x26EE, 0x0001, 0x2FF0, 0x0002, 0x278F,
    0x0001, 0x276F, 0x0001, 0x2FF0, 0x0001, 0x1C69, 0x0001, 0x2985,
    0x0001, 0x4ACA, 0x0001, 0x4A89, 0x0001, 0x4AAA, 0x0001, 0x3A27,
    0x0001, 0x0902, 0x0001, 0x1123, 0x0001, 0x0903, 0x0001, 0x0902,
    0x0002, 0x08E2, 0x0004, 0x08C2, 0x0006, 0x08A2, 0x0003, 0x0882,
    0x0023, 0x0881, 0x0032, 0x0861, 0x0005, 0x0841, 0x0033, 0x0861,
    0x0020, 0x0881, 0x0002, 0x0882, 0x0004, 0x08A2, 0x0004, 0x08C2,
    0x0003, 0x08E2, 0x0001, 0x0902, 0x0001, 0x1103, 0x0001, 0x0902,
    0x0001, 0x1964, 0x0003, 0x4AA9, 0x0001, 0x4269, 0x0001, 0x11C4,
    0x0001, 0x26CD, 0x0001, 0x27AF, 0x0001, 0x278F, 0x0002, 0x27AF,
    0x0001, 0x27CF, 0x0002, 0x2FCF, 0x0001, 0x27CF, 0x0002, 0x27AF,
    0x0002, 0x278F, 0x0002, 0x276F, 0x0001, 0x274E, 0x0002, 0x272E,
    0x0002, 0x270E, 0x0002, 0x26EE, 0x0002, 0x26CD, 0x0003, 0x26AD,
    0x0001, 0x266D, 0x0001, 0x26ED, 0x0001, 0x1408, 0x0001, 0x08A2,
    0x0001, 0x0923, 0x0024, 0x0903, 0x0001, 0x0923, 0x0001, 0x08A2,
    0x0001, 0x12C6, 0x0001, 0x26CD, 0x0002, 0x268D, 0x0002, 0x26AD,
    0x0001, 0x270E, 0x0001, 0x4307, 0x0001, 0x6002, 0x0001, 0x5863,
    0x0001, 0x80C5, 0x0001, 0xB127, 0x0001, 0xC127, 0x0001, 0x6884,
    0x0001, 0x5863, 0x0001, 0x19A4, 0x0001, 0x0224, 0x0001, 0x3903,
    0x0001, 0x6043, 0x0001, 0x5842, 0x0001, 0x6002, 0x0001, 0x4944,
    0x0001, 0x09E3, 0x0001, 0x01A3, 0x0001, 0x09E4, 0x0001, 0x1D2A,
    0x0001, 0x2FF0, 0x0002, 0x276F, 0x0001, 0x278F, 0x0001, 0x12C6,
    0x0001, 0x3A07, 0x0001, 0x4ACA, 0x0001, 0x4A89, 0x0001, 0x4AAA,
    0x0001, 0x21C5, 0x0001, 0x0902, 0x0001, 0x1123, 0x0001, 0x0903,
    0x0001, 0x0902, 0x0002, 0x08E2, 0x0004, 0x08C2, 0x0006, 0x08A2,
    0x0003, 0x0882, 0x0023, 0x0881, 0x0032, 0x0861, 0x0005, 0x0841,
    0x0033, 0x0861, 0x0020, 0x0881, 0x0002, 0x0882, 0x0004, 0x08A2,
    0x0004, 0x08C2, 0x0003, 0x08E2, 0x0002, 0x0902, 0x0002, 0x1123,
    0x0001, 0x4268, 0x0001, 0x4AAA, 0x0001, 0x4A89, 0x0001, 0x4ACA,
    0x0001, 0x2185, 0x0001, 0x1D8B, 0x0001, 0x2FD0, 0x0001, 0x276F,
    0x0001, 0x278F, 0x0001, 0x27AF, 0x0001, 0x27CF, 0x0003, 0x2FCF,
    0x0002, 0x27AF, 0x0002, 0x278F, 0x0002, 0x276F, 0x0002, 0x274E,
    0x0002, 0x272E, 0x0002, 0x270E, 0x0002, 0x26EE, 0x0002, 0x26CD,
    0x0002, 0x26AD, 0x0002, 0x268D, 0x0001, 0x26CD, 0x0001, 0x12C6,
    0x0001, 0x08A2, 0x0001, 0x0923, 0x0022, 0x0903, 0x0001, 0x0923,
    0x0001, 0x08C2, 0x0001, 0x09A4, 0x0001, 0x264C, 0x0001, 0x26AD,
    0x0001, 0x268D, 0x0001, 0x26AD, 0x0001, 0x268D, 0x0001, 0x1F2E,
    0x0001, 0x3BE9, 0x0001, 0x6002, 0x0001, 0x5863, 0x0001, 0xA106,
    0x0001, 0xC148, 0x0001, 0xC128, 0x0001, 0xB107, 0x0001, 0x6043,
    0x0001, 0x5083, 0x0001, 0x09E3, 0x0001, 0x1983, 0x0001, 0x5843,
    0x0001, 0x5863, 0x0001, 0x98E6, 0x0001, 0x6083, 0x0001, 0x5802,
    0x0001, 0x48C3, 0x0001, 0x11E4, 0x0001, 0x0204, 0x0001, 0x0983,
    0x0001, 0x1CE9, 0x0001, 0x2FF0, 0x0001, 0x27AF, 0x0001, 0x26AD,
    0x0001, 0x19C4, 0x0001, 0x4A89, 0x0003, 0x4AA9, 0x0001, 0x1964,
    0x0001, 0x0922, 0x0001, 0x1123, 0x0001, 0x0902, 0x0003, 0x08E2,
    0x0005, 0x08C2, 0x0005, 0x08A2, 0x0003, 0x0882, 0x0023, 0x0881,
    0x0032, 0x0861, 0x0005, 0x0841, 0x0033, 0x0861, 0x0020, 0x0881,
    0x0002, 0x0882, 0x0005, 0x08A2, 0x0004, 0x08C2, 0x0002, 0x08E2,
    0x0002, 0x0902, 0x0001, 0x1123, 0x0001, 0x0902, 0x0001, 0x3207,
    0x0001, 0x4AAA, 0x0001, 0x4A89, 0x0001, 0x4ACA, 0x0001, 0x29C6,
    0x0001, 0x13A7, 0x0001, 0x2FD0, 0x0001, 0x276F, 0x0001, 0x278F,
    0x0002, 0x27AF, 0x0001, 0x27CF, 0x0002, 0x2FCF, 0x0001, 0x27CF,
    0x0002, 0x27AF, 0x0002, 0x278F, 0x0001, 0x276F, 0x0001, 0x276E,
    0x0001, 0x274E, 0x0003, 0x272E, 0x0002, 0x270E, 0x0002, 0x26EE,
    0x0002, 0x26CD, 0x0002, 0x26AD, 0x0001, 0x268D, 0x0001, 0x26AD,
    0x0001, 0x264C, 0x0001, 0x0A04, 0x0001, 0x08A2, 0x0001, 0x0923,
    0x0020, 0x0903, 0x0001, 0x0923, 0x0001, 0x08E2, 0x0001, 0x0923,
    0x0001, 0x1D8B, 0x0001, 0x26CD, 0x0001, 0x268D, 0x0001, 0x26AD,
    0x0001, 0x268D, 0x0001, 0x1F0E, 0x0001, 0x2D8B, 0x0001, 0x5843,
    0x0001, 0x5043, 0x0001, 0x98E6, 0x0001, 0xC148, 0x0001, 0xB927,
    0x0001, 0xC148, 0x0001, 0xA906, 0x0001, 0x5843, 0x0001, 0x48A3,
    0x0001, 0x0204, 0x0001, 0x48A3, 0x0001, 0x5842, 0x0001, 0x88C5,
    0x0001, 0xC948, 0x0001, 0xB107, 0x0001, 0x6083, 0x0001, 0x5842,
    0x0001, 0x5063, 0x0001, 0x19A4, 0x0001, 0x0204, 0x0001, 0x0983,
    0x0001, 0x1428, 0x0001, 0x2FD0, 0x0001, 0x1D4A, 0x0001, 0x2164,
    0x0001, 0x4ACA, 0x0001, 0x4A89, 0x0001, 0x4AAA, 0x0001, 0x4268,
    0x0002, 0x1123, 0x0001, 0x0903, 0x0001, 0x0902, 0x0001, 0x10E2,
    0x0002, 0x08E2, 0x0001, 0x08C2, 0x0001, 0x18C2, 0x0001, 0x20A2,
    0x0001, 0x28A2, 0x0001, 0x20A2, 0x0001, 0x10A2, 0x0001, 0x00A2,
    0x0003, 0x08A2, 0x0003, 0x0882, 0x0023, 0x0881, 0x0032, 0x0861,
    0x0005, 0x0841, 0x0032, 0x0861, 0x0022, 0x0881, 0x0001, 0x0882,
    0x0005, 0x08A2, 0x0004, 0x08C2, 0x0002, 0x08E2, 0x0002, 0x0902,
    0x0001, 0x1103, 0x0001, 0x0902, 0x0001, 0x21A5, 0x0001, 0x4AAA,
    0x0001, 0x4A89, 0x0001, 0x4AAA, 0x0001, 0x4248, 0x0001, 0x1225,
    0x0001, 0x272E, 0x0002, 0x278F, 0x0002, 0x27AF, 0x0001, 0x27CF,
    0x0003, 0x2FCF, 0x0002, 0x27AF, 0x0002, 0x278F, 0x0002, 0x276F,
    0x0002, 0x274E, 0x0002, 0x272E, 0x0002, 0x270E, 0x0002, 0x26EE,
    0x0002, 0x26CD, 0x0003, 0x26AD, 0x0001, 0x268D, 0x0001, 0x26AD,
    0x0001, 0x264C, 0x0001, 0x0A04, 0x0001, 0x08A2, 0x0001, 0x0923,
    0x001E, 0x0903, 0x0001, 0x0923, 0x0001, 0x08E2, 0x0001, 0x0923,
    0x0001, 0x1D8B, 0x0001, 0x26ED, 0x0001, 0x266D, 0x0003, 0x26AD,
    0x0001, 0x26ED, 0x0001, 0x51A5, 0x0001, 0x5802, 0x0001, 0x80C5,
    0x0001, 0xC948, 0x0001, 0xC128, 0x0001, 0xB927, 0x0001, 0xA907,
    0x0001, 0x80C5, 0x0001, 0x5823, 0x0001, 0x3903, 0x0001, 0x2163,
    0x0001, 0x5823, 0x0001, 0x6063, 0x0002, 0xB927, 0x0001, 0xC127,
    0x0001, 0xB927, 0x0001, 0x78A4, 0x0001, 0x5843, 0x0001, 0x48A3,
    0x0002, 0x0A04, 0x0001, 0x0962, 0x0001, 0x13A7, 0x0001, 0x1306,
    0x0001, 0x31E7, 0x0001, 0x4ACA, 0x0001, 0x4A89, 0x0001, 0x4AAA,
    0x0001, 0x2A06, 0x0001, 0x0902, 0x0001, 0x1123, 0x0001, 0x0903,
    0x0001, 0x1102, 0x0002, 0x08E2, 0x0001, 0x28A2, 0x0001, 0x4863,
    0x0001, 0x5863, 0x0003, 0x5843, 0x0001, 0x5063, 0x0001, 0x3062,
    0x0001, 0x0841, 0x0001, 0x0061, 0x0001, 0x0861, 0x0001, 0x0881,
    0x0001, 0x0882, 0x0024, 0x0881, 0x0032, 0x0861, 0x0005, 0x0841,
    0x0033, 0x0861, 0x0021, 0x0881, 0x0001, 0x0882, 0x0005, 0x08A2,
    0x0004, 0x08C2, 0x0003, 0x08E2, 0x0003, 0x0902, 0x0001, 0x1143,
    0x0001, 0x4289, 0x0001, 0x4AA9, 0x0001, 0x4A89, 0x0001, 0x4ACA,
    0x0001, 0x2184, 0x0001, 0x1D4A, 0x0001, 0x2FF0, 0x0001, 0x276F,
    0x0001, 0x278F, 0x0002, 0x27AF, 0x0003, 0x2FCF, 0x0001, 0x27CF,
    0x0002, 0x27AF, 0x0002, 0x278F, 0x0002, 0x276F, 0x0002, 0x274E,
    0x0002, 0x272E, 0x0002, 0x270E, 0x0002, 0x26EE, 0x0002, 0x26CD,
    0x0003, 0x26AD, 0x0001, 0x266D, 0x0001, 0x26AD, 0x0001, 0x264C,
    0x0001, 0x0A04, 0x0001, 0x08A2, 0x0001, 0x0923, 0x001C, 0x0903,
    0x0001, 0x0923, 0x0001, 0x08C2, 0x0001, 0x0923, 0x0001, 0x1D8B,
    0x0001, 0x26ED, 0x0001, 0x266D, 0x0003, 0x26AD, 0x0001, 0x1F2E,
    0x0001, 0x3C29, 0x0001, 0x5802, 0x0001, 0x6083, 0x0002, 0xB927,
    0x0001, 0x80A4, 0x0001, 0x6063, 0x0002, 0x5843, 0x0001, 0x6043,
    0x0001, 0x2943, 0x0001, 0x5083, 0x0001, 0x5843, 0x0001, 0x98E6,
    0x0001, 0xC128, 0x0002, 0xB927, 0x0001, 0xC148, 0x0001, 0xA0E6,
    0x0001, 0x5843, 0x0001, 0x50A3, 0x0002, 0x09E3, 0x0001, 0x0A04,
    0x0001, 0x0162, 0x0001, 0x10E2, 0x0002, 0x4AA9, 0x0001, 0x4A89,
    0x0001, 0x4AA9, 0x0001, 0x1984, 0x0001, 0x0902, 0x0001, 0x1123,
    0x0001, 0x1103, 0x0001, 0x0902, 0x0001, 0x10E2, 0x0001, 0x4083,
    0x0002, 0x5843, 0x0001, 0x6063, 0x0001, 0x7084, 0x0001, 0x78A4,
    0x0001, 0x6884, 0x0002, 0x5843, 0x0001, 0x4842, 0x0001, 0x0820,
    0x0002, 0x0020, 0x0001, 0x0861, 0x0001, 0x0882, 0x0023, 0x0881,
    0x0032, 0x0861, 0x0006, 0x0841, 0x0032, 0x0861, 0x0021, 0x0881,
    0x0002, 0x0882, 0x0004, 0x08A2, 0x0004, 0x08C2, 0x0003, 0x08E2,
    0x0002, 0x0902, 0x0001, 0x1123, 0x0001, 0x0902, 0x0001, 0x3207,
    0x0001, 0x4AAA, 0x0001, 0x4A89, 0x0001, 0x4ACA, 0x0001, 0x31E7,
    0x0001, 0x1306, 0x0001, 0x27AF, 0x0001, 0x276F, 0x0001, 0x278F,
    0x0002, 0x27AF, 0x0001, 0x27CF, 0x0003, 0x2FCF, 0x0002, 0x27AF,
    0x0002, 0x278F, 0x0002, 0x276F, 0x0002, 0x274E, 0x0002, 0x272E,
    0x0003, 0x270E, 0x0002, 0x26EE, 0x0002, 0x26CD, 0x0003, 0x26AD,
    0x0001, 0x266D, 0x0001, 0x26AD, 0x0001, 0x264C, 0x0001, 0x1265,
    0x0001, 0x08A2, 0x0001, 0x0903, 0x0001, 0x0923, 0x0019, 0x0903,
    0x0001, 0x0923, 0x0001, 0x08A2, 0x0001, 0x09A4, 0x0001, 0x1D8B,
    0x0001, 0x26ED, 0x0001, 0x266D, 0x0003, 0x26AD, 0x0001, 0x26ED,
    0x0001, 0x266D, 0x0001, 0x58E4, 0x0001, 0x5022, 0x0001, 0xA0E6,
    0x0001, 0xC127, 0x0001, 0x6883, 0x0001, 0x5042, 0x0001, 0x5863,
    0x0001, 0x48A3, 0x0001, 0x40C3, 0x0002, 0x2163, 0x0001, 0x5843,
    0x0001, 0x6884, 0x0001, 0xC128, 0x0004, 0xB927, 0x0001, 0x6883,
    0x0001, 0x5823, 0x0001, 0x2943, 0x0001, 0x0204, 0x0001, 0x09C3,
    0x0001, 0x0A04, 0x0001, 0x0102, 0x0001, 0x10C2, 0x0001, 0x4AAA,
    0x0001, 0x4A89, 0x0001, 0x4AAA, 0x0001, 0x4268, 0x0001, 0x1123,
    0x0001, 0x0923, 0x0001, 0x1103, 0x0001, 0x0902, 0x0001, 0x18E2,
    0x0001, 0x5063, 0x0001, 0x5843, 0x0001, 0x6063, 0x0001, 0x90E5,
    0x0001, 0xB927, 0x0001, 0xC127, 0x0001, 0xC128, 0x0001, 0xB927,
    0x0001, 0xA906, 0x0001, 0x6883, 0x0001, 0x5843, 0x0001, 0x5042,
    0x0003, 0x0020, 0x0001, 0x0041, 0x0022, 0x0881, 0x0033, 0x0861,
    0x0006, 0x0841, 0x0032, 0x0861, 0x0022, 0x0881, 0x0001, 0x0882,
    0x0005, 0x08A2, 0x0004, 0x08C2, 0x0002, 0x08E2, 0x0002, 0x0902,
    0x0001, 0x1123, 0x0001, 0x0902, 0x0001, 0x1984, 0x0001, 0x4AAA,
    0x0001, 0x4A89, 0x0001, 0x4AA9, 0x0001, 0x4A89, 0x0001, 0x1184,
    0x0001, 0x266D, 0x0001, 0x27AF, 0x0001, 0x276F, 0x0001, 0x278F,
    0x0002, 0x27AF, 0x0003, 0x2FCF, 0x0001, 0x27CF, 0x0002, 0x27AF,
    0x0002, 0x278F, 0x0002, 0x276F, 0x0002, 0x274E, 0x0002, 0x272E,
    0x0002, 0x270E, 0x0003, 0x26EE, 0x0002, 0x26CD, 0x0003, 0x26AD,
    0x0001, 0x268D, 0x0002, 0x26AD, 0x0001, 0x13C8, 0x0002, 0x08E2,
    0x0001, 0x0923, 0x0016, 0x0903, 0x0001, 0x0923, 0x0001, 0x0902,
    0x0001, 0x08A2, 0x0001, 0x12C6, 0x0001, 0x264C, 0x0001, 0x26CD,
    0x0001, 0x266D, 0x0004, 0x26AD, 0x0001, 0x1F4E, 0x0001, 0x4388,
    0x0001, 0x5802, 0x0001, 0x70A4, 0x0001, 0xC948, 0x0001, 0x90C5,
    0x0001, 0x5042, 0x0001, 0x50A3, 0x0001, 0x11A3, 0x0001, 0x09E3,
    0x0001, 0x01E3, 0x0001, 0x0203, 0x0001, 0x11C3, 0x0001, 0x5883,
    0x0001, 0x5863, 0x0001, 0x80C5, 0x0001, 0xC128, 0x0001, 0xB927,
    0x0001, 0xC128, 0x0001, 0x90C5, 0x0001, 0x5842, 0x0001, 0x48A3,
    0x0001, 0x09E4, 0x0002, 0x09E3, 0x0001, 0x09E4, 0x0001, 0x0060,
    0x0001, 0x1904, 0x0001, 0x4AAA, 0x0001, 0x4A89, 0x0001, 0x4AAA,
    0x0001, 0x29E6, 0x0001, 0x0902, 0x0001, 0x1123, 0x0001, 0x0923,
    0x0001, 0x18E2, 0x0001, 0x5863, 0x0001, 0x5843, 0x0001, 0x7084,
    0x0001, 0xB107, 0x0001, 0xC148, 0x0004, 0xB927, 0x0001, 0xC148,
    0x0001, 0xB927, 0x0001, 0x6884, 0x0001, 0x5843, 0x0001, 0x3842,
    0x0003, 0x0020, 0x0001, 0x0041, 0x0001, 0x0882, 0x0020, 0x0881,
    0x0033, 0x0861, 0x0006, 0x0841, 0x0033, 0x0861, 0x0021, 0x0881,
    0x0001, 0x0882, 0x0005, 0x08A2, 0x0004, 0x08C2, 0x0003, 0x08E2,
    0x0002, 0x0902, 0x0001, 0x1123, 0x0001, 0x0923, 0x0001, 0x4268,
    0x0001, 0x4AAA, 0x0001, 0x4A89, 0x0001, 0x4ACA, 0x0001, 0x29A6,
    0x0001, 0x13A7, 0x0001, 0x2FCF, 0x0001, 0x276F, 0x0001, 0x278F,
    0x0002, 0x27AF, 0x0001, 0x27CF, 0x0003, 0x2FCF, 0x0002, 0x27AF,
    0x0002, 0x278F, 0x0002, 0x276F, 0x0001, 0x274F, 0x0002, 0x274E,
    0x0002, 0x272E, 0x0002, 0x270E, 0x0003, 0x26EE, 0x0002, 0x26CD,
    0x0003, 0x26AD, 0x0002, 0x268D, 0x0001, 0x26CD, 0x0001, 0x1C89,
    0x0001, 0x09E4, 0x0001, 0x08A2, 0x0001, 0x08E2, 0x0002, 0x0923,
    0x0011, 0x0903, 0x0001, 0x0923, 0x0001, 0x0902, 0x0001, 0x08A2,
    0x0001, 0x0963, 0x0001, 0x13C8, 0x0001, 0x268D, 0x0001, 0x26AD,
    0x0001, 0x266D, 0x0004, 0x26AD, 0x0001, 0x26EE, 0x0001, 0x266D,
    0x0001, 0x58E4, 0x0001, 0x5822, 0x0001, 0xA106, 0x0001, 0xC148,
    0x0001, 0x7084, 0x0001, 0x5843, 0x0001, 0x2163, 0x0001, 0x0203,
    0x0002, 0x09C3, 0x0001, 0x09E3, 0x0001, 0x01C3, 0x0001, 0x2102,
    0x0001, 0x5802, 0x0001, 0x5022, 0x0001, 0x78A4, 0x0002, 0xB927,
    0x0001, 0x6063, 0x0001, 0x5843, 0x0001, 0x2183, 0x0001, 0x0204,
    0x0001, 0x09E3, 0x0001, 0x0A04, 0x0001, 0x0942, 0x0001, 0x0040,
    0x0001, 0x3A07, 0x0001, 0x4AAA, 0x0001, 0x4A89, 0x0001, 0x4AA9,
    0x0001, 0x1964, 0x0001, 0x0922, 0x0001, 0x0923, 0x0001, 0x1103,
    0x0001, 0x5863, 0x0001, 0x5843, 0x0001, 0x7084, 0x0001, 0xB927,
    0x0001, 0xC148, 0x0001, 0xC127, 0x0005, 0xB927, 0x0001, 0xC128,
    0x0001, 0xB107, 0x0002, 0x5863, 0x0001, 0x1020, 0x0003, 0x0020,
    0x0001, 0x0861, 0x0001, 0x0882, 0x001F, 0x0881, 0x0033, 0x0861,
    0x0005, 0x0841, 0x0034, 0x0861, 0x0021, 0x0881, 0x0001, 0x0882,
    0x0005, 0x08A2, 0x0004, 0x08C2, 0x0003, 0x08E2, 0x0002, 0x0902,
    0x0001, 0x1123, 0x0001, 0x0902, 0x0001, 0x21C5, 0x0001, 0x4AAA,
    0x0001, 0x4A89, 0x0001, 0x4AAA, 0x0001, 0x4268, 0x0001, 0x11C4,
    0x0001, 0x26EE, 0x0003, 0x278F, 0x0002, 0x27AF, 0x0003, 0x2FCF,
    0x0001, 0x27CF, 0x0002, 0x27AF, 0x0002, 0x278F, 0x0002, 0x276F,
    0x0002, 0x274E, 0x0003, 0x272E, 0x0002, 0x270E, 0x0003, 0x26EE,
    0x0002, 0x26CD, 0x0004, 0x26AD, 0x0001, 0x1DCB, 0x0002, 0x1D8B,
    0x0001, 0x13C8, 0x0001, 0x09A4, 0x0002, 0x08C2, 0x0001, 0x0902,
    0x0002, 0x0923, 0x000A, 0x0903, 0x0002, 0x0923, 0x0001, 0x0903,
    0x0002, 0x08C2, 0x0001, 0x0943, 0x0001, 0x1347, 0x0001, 0x1D2A,
    0x0002, 0x1DAB, 0x0001, 0x268D, 0x0003, 0x26AD, 0x0001, 0x26CD,
    0x0001, 0x26AD, 0x0001, 0x1F4E, 0x0001, 0x3C09, 0x0001, 0x5802,
    0x0001, 0x70A4, 0x0001, 0xC128, 0x0001, 0xB927, 0x0001, 0x6883,
    0x0001, 0x5843, 0x0001, 0x11A3, 0x0001, 0x01E3, 0x0001, 0x09E3,
    0x0001, 0x09E4, 0x0001, 0x09C3, 0x0001, 0x0AA5, 0x0001, 0x150A,
    0x0001, 0x34CA, 0x0001, 0x58E4, 0x0001, 0x5002, 0x0001, 0x68A4,
    0x0001, 0x78A4, 0x0001, 0x5843, 0x0001, 0x48C3, 0x0001, 0x0204,
    0x0002, 0x09E3, 0x0001, 0x09E4, 0x0001, 0x0081, 0x0001, 0x1904,
    0x0001, 0x4ACA, 0x0001, 0x4A89, 0x0001, 0x4AAA, 0x0001, 0x3227,
    0x0001, 0x0922, 0x0001, 0x1123, 0x0001, 0x1103, 0x0001, 0x5083,
    0x0001, 0x5843, 0x0001, 0x7084, 0x0001, 0xC127, 0x0001, 0xC148,
    0x0001, 0xB107, 0x0001, 0xA906, 0x0001, 0xB127, 0x0001, 0xC148,
    0x0004, 0xB927, 0x0001, 0xC148, 0x0001, 0x78A4, 0x0001, 0x5843,
    0x0001, 0x3041, 0x0004, 0x0020, 0x0020, 0x0881, 0x0033, 0x0861,
    0x0005, 0x0841, 0x0034, 0x0861, 0x0021, 0x0881, 0x0002, 0x0882,
    0x0005, 0x08A2, 0x0004, 0x08C2, 0x0002, 0x08E2, 0x0004, 0x0902,
    0x0001, 0x1143, 0x0001, 0x4289, 0x0001, 0x4AA9, 0x0001, 0x4A89,
    0x0001, 0x4ACA, 0x0001, 0x2185, 0x0001, 0x1C69, 0x0001, 0x2FF0,
    0x0001, 0x276F, 0x0001, 0x278F, 0x0002, 0x27AF, 0x0001, 0x27CF,
    0x0003, 0x2FCF, 0x0003, 0x27AF, 0x0002, 0x278F, 0x0002, 0x276F,
    0x0002, 0x274E, 0x0003, 0x272E, 0x0002, 0x270E, 0x0003, 0x26EE,
    0x0002, 0x26CD, 0x0001, 0x26AD, 0x0001, 0x26CD, 0x0001, 0x264C,
    0x0002, 0x1D6A, 0x0001, 0x1D6B, 0x0001, 0x1DCB, 0x0001, 0x1D6A,
    0x0001, 0x1408, 0x0001, 0x1265, 0x0001, 0x0943, 0x0002, 0x08C2,
    0x0001, 0x08E2, 0x0002, 0x0902, 0x0003, 0x0903, 0x0001, 0x0923,
    0x0001, 0x0903, 0x0001, 0x0902, 0x0001, 0x08E2, 0x0002, 0x08C2,
    0x0001, 0x0903, 0x0001, 0x0A04, 0x0001, 0x13A7, 0x0001, 0x1D2A,
    0x0001, 0x1DCB, 0x0001, 0x1D8B, 0x0001, 0x1D6A, 0x0001, 0x1D4A,
    0x0001, 0x264C, 0x0001, 0x26CD, 0x0001, 0x26AD, 0x0003, 0x26CD,
    0x0001, 0x26EE, 0x0001, 0x51A5, 0x0001, 0x5802, 0x0001, 0x98E6,
    0x0001, 0xC148, 0x0001, 0xB927, 0x0001, 0x6063, 0x0001, 0x5063,
    0x0001, 0x11A3, 0x0001, 0x01E3, 0x0002, 0x09E3, 0x0001, 0x09C3,
    0x0001, 0x268D, 0x0001, 0x2FF0, 0x0001, 0x27F0, 0x0001, 0x2ECE,
    0x0001, 0x5226, 0x0001, 0x5802, 0x0001, 0x5843, 0x0001, 0x6043,
    0x0001, 0x2183, 0x0001, 0x0203, 0x0001, 0x09E3, 0x0001, 0x0A04,
    0x0001, 0x0983, 0x0001, 0x0061, 0x0001, 0x4248, 0x0001, 0x4AAA,
    0x0001, 0x4A89, 0x0001, 0x4AAA, 0x0001, 0x1984, 0x0001, 0x0902,
    0x0001, 0x0923, 0x0001, 0x40A3, 0x0001, 0x5843, 0x0001, 0x6063,
    0x0002, 0xB927, 0x0001, 0x80A4, 0x0002, 0x5863, 0x0001, 0x6063,
    0x0001, 0x90C5, 0x0001, 0xC128, 0x0003, 0xB927, 0x0001, 0xC148,
    0x0001, 0xA0E6, 0x0001, 0x5843, 0x0001, 0x4842, 0x0004, 0x0020,
    0x0001, 0x0861, 0x0001, 0x0882, 0x001D, 0x0881, 0x0034, 0x0861,
    0x0006, 0x0841, 0x0033, 0x0861, 0x0022, 0x0881, 0x0001, 0x0882,
    0x0005, 0x08A2, 0x0004, 0x08C2, 0x0003, 0x08E2, 0x0002, 0x0902,
    0x0001, 0x1123, 0x0001, 0x0902, 0x0001, 0x29E6, 0x0001, 0x4AAA,
    0x0001, 0x4A89, 0x0001, 0x4AAA, 0x0001, 0x4268, 0x0001, 0x11C4,
    0x0001, 0x26AD, 0x0001, 0x27AF, 0x0001, 0x276F, 0x0001, 0x278F,
    0x0002, 0x27AF, 0x0004, 0x2FCF, 0x0002, 0x27AF, 0x0003, 0x278F,
    0x0002, 0x276F, 0x0002, 0x274E, 0x0003, 0x272E, 0x0002, 0x270E,
    0x0003, 0x26EE, 0x0002, 0x26CD, 0x0001, 0x26AD, 0x0001, 0x1D8B,
    0x0001, 0x1D6A, 0x0002, 0x1D6B, 0x0001, 0x1D6A, 0x0001, 0x1D6B,
    0x0002, 0x1DAB, 0x0001, 0x1D0A, 0x0001, 0x13C8, 0x0001, 0x12A6,
    0x0001, 0x09E4, 0x0001, 0x0943, 0x0001, 0x0923, 0x0001, 0x08C2,
    0x0002, 0x08E2, 0x0001, 0x08C2, 0x0001, 0x0923, 0x0001, 0x0943,
    0x0001, 0x09A4, 0x0001, 0x1265, 0x0001, 0x1387, 0x0001, 0x1CC9,
    0x0001, 0x1D8B, 0x0001, 0x1DCB, 0x0001, 0x1D8B, 0x0001, 0x1D6A,
    0x0003, 0x1D6B, 0x0001, 0x1D8B, 0x0001, 0x26AD, 0x0003, 0x26CD,
    0x0001, 0x272E, 0x0001, 0x2DAC, 0x0001, 0x5843, 0x0001, 0x6063,
    0x0003, 0xB927, 0x0001, 0x6063, 0x0001, 0x5063, 0x0001, 0x11C3,
    0x0002, 0x09E3, 0x0001, 0x09C3, 0x0001, 0x0A64, 0x0001, 0x274E,
    0x0001, 0x27AF, 0x0001, 0x2F8F, 0x0002, 0x27F0, 0x0001, 0x3C29,
    0x0001, 0x40A3, 0x0001, 0x2163, 0x0001, 0x0224, 0x0001, 0x0203,
    0x0001, 0x09E3, 0x0001, 0x09E4, 0x0001, 0x0081, 0x0001, 0x2124,
    0x0001, 0x4ACA, 0x0001, 0x4A89, 0x0001, 0x4AAA, 0x0001, 0x3A48,
    0x0002, 0x0923, 0x0001, 0x28C3, 0x0001, 0x6043, 0x0001, 0x5863,
    0x0001, 0xA907, 0x0001, 0xC128, 0x0001, 0x7084, 0x0001, 0x5042,
    0x0001, 0x5863, 0x0001, 0x4842, 0x0001, 0x5843, 0x0001, 0x5042,
    0x0001, 0x88C5, 0x0001, 0xC128, 0x0002, 0xB927, 0x0001, 0xC127,
    0x0001, 0xB927, 0x0001, 0x6063, 0x0001, 0x5043, 0x0001, 0x0820,
    0x0003, 0x0020, 0x0001, 0x0041, 0x0001, 0x0882, 0x001D, 0x0881,
    0x0033, 0x0861, 0x0007, 0x0841, 0x0033, 0x0861, 0x0022, 0x0881,
    0x0001, 0x0882, 0x0005, 0x08A2, 0x0004, 0x08C2, 0x0003, 0x08E2,
    0x0003, 0x0902, 0x0001, 0x0923, 0x0001, 0x1143, 0x0001, 0x4289,
    0x0001, 0x4AA9, 0x0001, 0x4A89, 0x0001, 0x4ACA, 0x0001, 0x2985,
    0x0001, 0x13A7, 0x0001, 0x2FF0, 0x0001, 0x276F, 0x0001, 0x278F,
    0x0002, 0x27AF, 0x0001, 0x27CF, 0x0003, 0x2FCF, 0x0001, 0x27CF,
    0x0002, 0x27AF, 0x0002, 0x278F, 0x0002, 0x276F, 0x0001, 0x274F,
    0x0002, 0x274E, 0x0003, 0x272E, 0x0002, 0x270E, 0x0002, 0x26EE,
    0x0001, 0x26CD, 0x0001, 0x26EE, 0x0001, 0x260C, 0x0001, 0x1D4A,
    0x0005, 0x1D6B, 0x0002, 0x1D6A, 0x0001, 0x1D8B, 0x0002, 0x1DAB,
    0x0001, 0x1D8B, 0x0001, 0x1D2A, 0x0001, 0x1CEA, 0x0001, 0x1448,
    0x0002, 0x1449, 0x0001, 0x1448, 0x0001, 0x1CC9, 0x0001, 0x1D2A,
    0x0001, 0x1D6A, 0x0001, 0x1DAB, 0x0001, 0x1DCB, 0x0001, 0x1D8B,
    0x0001, 0x1D6B, 0x0001, 0x1D6A, 0x0005, 0x1D6B, 0x0001, 0x1D4A,
    0x0001, 0x1DEB, 0x0001, 0x26EE, 0x0001, 0x26ED, 0x0001, 0x26CD,
    0x0001, 0x1F6E, 0x0001, 0x3C49, 0x0001, 0x5802, 0x0001, 0x80C5,
    0x0001, 0xC148, 0x0002, 0xB927, 0x0001, 0x6863, 0x0001, 0x5863,
    0x0001, 0x11A3, 0x0001, 0x01E3, 0x0001, 0x09E3, 0x0001, 0x09C3,
    0x0001, 0x0A85, 0x0001, 0x276F, 0x0001, 0x27CF, 0x0003, 0x2FCF,
    0x0001, 0x27F0, 0x0001, 0x162C, 0x0001, 0x21A3, 0x0001, 0x3903,
    0x0001, 0x2943, 0x0001, 0x0A04, 0x0001, 0x0142, 0x0001, 0x0841,
    0x0001, 0x4268, 0x0001, 0x4ACA, 0x0001, 0x4A89, 0x0001, 0x4AAA,
    0x0001, 0x1985, 0x0001, 0x0922, 0x0001, 0x1103, 0x0001, 0x5863,
    0x0001, 0x5042, 0x0001, 0x90C5, 0x0001, 0xC948, 0x0001, 0x90C5,
    0x0001, 0x5042, 0x0001, 0x5063, 0x0001, 0x1021, 0x0001, 0x0020,
    0x0001, 0x2041, 0x0001, 0x5863, 0x0001, 0x5043, 0x0001, 0xA0E6,
    0x0001, 0xC148, 0x0002, 0xB927, 0x0001, 0xC127, 0x0001, 0x7084,
    0x0001, 0x5843, 0x0001, 0x1821, 0x0004, 0x0020, 0x001F, 0x0881,
    0x0032, 0x0861, 0x0008, 0x0841, 0x0032, 0x0861, 0x0022, 0x0881,
    0x0002, 0x0882, 0x0005, 0x08A2, 0x0004, 0x08C2, 0x0003, 0x08E2,
    0x0002, 0x0902, 0x0001, 0x1123, 0x0001, 0x0902, 0x0001, 0x29E6,
    0x0001, 0x4AAA, 0x0001, 0x4A89, 0x0001, 0x4AA9, 0x0001, 0x4289,
    0x0001, 0x1184, 0x0001, 0x264C, 0x0001, 0x27AF, 0x0001, 0x276F,
    0x0001, 0x278F, 0x0002, 0x27AF, 0x0001, 0x27CF, 0x0003, 0x2FCF,
    0x0001, 0x27CF, 0x0002, 0x27AF, 0x0002, 0x278F, 0x0003, 0x276F,
    0x0002, 0x274E, 0x0003, 0x272E, 0x0002, 0x270E, 0x0001, 0x26EE,
    0x0001, 0x270E, 0x0001, 0x26AD, 0x000A, 0x1D6B, 0x0002, 0x1D6A,
    0x0001, 0x1D6B, 0x0002, 0x1D8B, 0x0004, 0x1DAB, 0x0002, 0x1D8B,
    0x0001, 0x1D6B, 0x0003, 0x1D6A, 0x0008, 0x1D6B, 0x0001, 0x1D4A,
    0x0001, 0x266D, 0x0001, 0x270E, 0x0001, 0x26CE, 0x0001, 0x276F,
    0x0001, 0x4368, 0x0001, 0x5802, 0x0001, 0x90E5, 0x0001, 0xC148,
    0x0001, 0xB927, 0x0001, 0xC127, 0x0001, 0x7084, 0x0001, 0x5843,
    0x0001, 0x1983, 0x0001, 0x01E3, 0x0001, 0x09E3, 0x0001, 0x09C3,
    0x0001, 0x0A64, 0x0001, 0x276F, 0x0001, 0x2FF0, 0x0002, 0x2FCF,
    0x0001, 0x27CF, 0x0001, 0x27AF, 0x0001, 0x4B68, 0x0001, 0x6023,
    0x0001, 0x5822, 0x0001, 0x6023, 0x0001, 0x40C3, 0x0001, 0x00A1,
    0x0001, 0x1082, 0x0001, 0x2124, 0x0001, 0x31E7, 0x0001, 0x4ACA,
    0x0001, 0x3A48, 0x0002, 0x0923, 0x0001, 0x38A3, 0x0001, 0x5843,
    0x0001, 0x7084, 0x0001, 0xC128, 0x0001, 0xB927, 0x0001, 0x6063,
    0x0001, 0x5843, 0x0001, 0x2041, 0x0003, 0x0020, 0x0001, 0x2841,
    0x0001, 0x5843, 0x0001, 0x6884, 0x0001, 0xC127, 0x0002, 0xB927,
    0x0001, 0xC148, 0x0001, 0x80A5, 0x0001, 0x5843, 0x0001, 0x2841,
    0x0004, 0x0020, 0x001E, 0x0881, 0x0033, 0x0861, 0x0008, 0x0841,
    0x0032, 0x0861, 0x0023, 0x0881, 0x0001, 0x0882, 0x0005, 0x08A2,
    0x0004, 0x08C2, 0x0003, 0x08E2, 0x0003, 0x0902, 0x0001, 0x0923,
    0x0001, 0x1143, 0x0001, 0x4289, 0x0001, 0x4AA9, 0x0001, 0x4A89,
    0x0001, 0x4ACA, 0x0001, 0x31C6, 0x0001, 0x12E6, 0x0001, 0x2FAF,
    0x0001, 0x276F, 0x0002, 0x278F, 0x0002, 0x27AF, 0x0004, 0x2FCF,
    0x0003, 0x27AF, 0x0002, 0x278F, 0x0003, 0x276F, 0x0002, 0x274E,
    0x0003, 0x272E, 0x0003, 0x270E, 0x0001, 0x1DAB, 0x0001, 0x1D4A,
    0x000E, 0x1D6B, 0x0005, 0x1D6A, 0x000E, 0x1D6B, 0x0001, 0x1D8B,
    0x0002, 0x26EE, 0x0001, 0x278F, 0x0001, 0x4327, 0x0001, 0x5802,
    0x0001, 0x90E6, 0x0001, 0xC148, 0x0001, 0xB927, 0x0001, 0xC128,
    0x0001, 0x78A4, 0x0001, 0x5842, 0x0001, 0x2163, 0x0001, 0x0203,
    0x0001, 0x09E4, 0x0001, 0x09E3, 0x0001, 0x0A24, 0x0001, 0x272E,
    0x0001, 0x2FF0, 0x0001, 0x2FCF, 0x0001, 0x27AF, 0x0001, 0x27F0,
    0x0001, 0x4AE7, 0x0001, 0x5802, 0x0001, 0x5863, 0x0001, 0x88C5,
    0x0001, 0x6063, 0x0001, 0x5843, 0x0001, 0x2062, 0x0001, 0x08A2,
    0x0001, 0x1082, 0x0001, 0x0881, 0x0001, 0x31C6, 0x0001, 0x21A5,
    0x0001, 0x0922, 0x0001, 0x1903, 0x0002, 0x5863, 0x0001, 0xA907,
    0x0001, 0xC148, 0x0001, 0xA0E6, 0x0001, 0x5843, 0x0001, 0x4842,
    0x0005, 0x0020, 0x0001, 0x5042, 0x0001, 0x5843, 0x0001, 0xA0E6,
    0x0001, 0xC128, 0x0001, 0xB927, 0x0001, 0xC148, 0x0001, 0x90C5,
    0x0001, 0x5843, 0x0001, 0x3842, 0x0004, 0x0020, 0x0001, 0x0861,
    0x0001, 0x0882, 0x001C, 0x0881, 0x0033, 0x0861, 0x0008, 0x0841,
    0x0033, 0x0861, 0x0022, 0x0881, 0x0001, 0x0882, 0x0006, 0x08A2,
    0x0004, 0x08C2, 0x0003, 0x08E2, 0x0002, 0x0902, 0x0001, 0x1123,
    0x0001, 0x0902, 0x0001, 0x29C6, 0x0001, 0x4AAA, 0x0001, 0x4A89,
    0x0001, 0x4AA9, 0x0001, 0x4ACA, 0x0001, 0x1964, 0x0001, 0x1CEA,
    0x0001, 0x2FF0, 0x0001, 0x276F, 0x0001, 0x278F, 0x0002, 0x27AF,
    0x0001, 0x27CF, 0x0004, 0x2FCF, 0x0003, 0x27AF, 0x0002, 0x278F,
    0x0003, 0x276F, 0x0002, 0x274E, 0x0004, 0x272E, 0x0001, 0x264C,
    0x0001, 0x1D4A, 0x0022, 0x1D6B, 0x0001, 0x1D4A, 0x0001, 0x1E2C,
    0x0001, 0x272E, 0x0001, 0x278F, 0x0001, 0x4348, 0x0001, 0x5802,
    0x0001, 0x90E6, 0x0001, 0xC148, 0x0001, 0xB927, 0x0001, 0xC148,
    0x0001, 0x80A5, 0x0001, 0x5822, 0x0001, 0x2943, 0x0001, 0x0204,
    0x0002, 0x09E4, 0x0001, 0x09E3, 0x0001, 0x26AD, 0x0001, 0x2FF0,
    0x0001, 0x2FAF, 0x0001, 0x27F0, 0x0001, 0x43C9, 0x0001, 0x5802,
    0x0001, 0x5883, 0x0001, 0xA906, 0x0001, 0xC948, 0x0001, 0x80A5,
    0x0001, 0x5843, 0x0001, 0x3082, 0x0001, 0x08A2, 0x0002, 0x10A2,
    0x0001, 0x0882, 0x0001, 0x1123, 0x0001, 0x0923, 0x0001, 0x38C3,
    0x0001, 0x5842, 0x0001, 0x78A4, 0x0002, 0xC128, 0x0001, 0x80A5,
    0x0001, 0x5843, 0x0001, 0x3042, 0x0005, 0x0020, 0x0001, 0x3062,
    0x0001, 0x5843, 0x0001, 0x80A5, 0x0001, 0xC148, 0x0001, 0xB927,
    0x0001, 0xC148, 0x0001, 0xA0E6, 0x0001, 0x5843, 0x0001, 0x4042,
    0x0004, 0x0020, 0x0001, 0x0861, 0x0001, 0x0882, 0x001B, 0x0881,
    0x0033, 0x0861, 0x0009, 0x0841, 0x0033, 0x0861, 0x0022, 0x0881,
    0x0002, 0x0882, 0x0005, 0x08A2, 0x0004, 0x08C2, 0x0003, 0x08E2,
    0x0003, 0x0902, 0x0001, 0x1123, 0x0001, 0x0923, 0x0001, 0x3A68,
    0x0001, 0x4AAA, 0x0001, 0x4A89, 0x0001, 0x4AAA, 0x0001, 0x3A48,
    0x0001, 0x11A4, 0x0001, 0x26AD, 0x0001, 0x27AF, 0x0001, 0x276F,
    0x0001, 0x278F, 0x0002, 0x27AF, 0x0001, 0x27CF, 0x0004, 0x2FCF,
    0x0003, 0x27AF, 0x0002, 0x278F, 0x0003, 0x276F, 0x0002, 0x274E,
    0x0001, 0x272E, 0x0001, 0x274E, 0x0001, 0x26CD, 0x0025, 0x1D6B,
    0x0001, 0x1D6A, 0x0001, 0x268D, 0x0001, 0x27CF, 0x0001, 0x43C9,
    0x0001, 0x5802, 0x0001, 0x88E5, 0x0001, 0xC148, 0x0001, 0xB927,
    0x0001, 0xC148, 0x0001, 0x90C5, 0x0001, 0x5822, 0x0001, 0x3903,
    0x0001, 0x0204, 0x0001, 0x09E4, 0x0001, 0x0A04, 0x0001, 0x09A3,
    0x0001, 0x1E2C, 0x0001, 0x2FF0, 0x0001, 0x27F0, 0x0001, 0x3D2B,
    0x0001, 0x5802, 0x0001, 0x5863, 0x0001, 0xA0E6, 0x0001, 0xC148,
    0x0001, 0xC127, 0x0001, 0x90C5, 0x0001, 0x5843, 0x0001, 0x4083,
    0x0001, 0x08A2, 0x0002, 0x10A2, 0x0001, 0x0041, 0x0001, 0x08E2,
    0x0001, 0x0923, 0x0001, 0x4883, 0x0001, 0x5843, 0x0001, 0xA0E6,
    0x0001, 0xC128, 0x0001, 0xC127, 0x0001, 0x7084, 0x0001, 0x5843,
    0x0001, 0x1841, 0x0004, 0x0020, 0x0001, 0x0041, 0x0001, 0x20A2,
    0x0001, 0x5843, 0x0001, 0x6884, 0x0002, 0xB927, 0x0001, 0xC127,
    0x0001, 0xA906, 0x0001, 0x5863, 0x0001, 0x4042, 0x0004, 0x0020,
    0x0001, 0x0841, 0x0001, 0x0882, 0x001B, 0x0881, 0x0033, 0x0861,
    0x0009, 0x0841, 0x0033, 0x0861, 0x0023, 0x0881, 0x0001, 0x0882,
    0x0006, 0x08A2, 0x0004, 0x08C2, 0x0003, 0x08E2, 0x0002, 0x0902,
    0x0001, 0x1123, 0x0001, 0x0902, 0x0001, 0x1984, 0x0001, 0x4AAA,
    0x0001, 0x4AA9, 0x0001, 0x4A89, 0x0001, 0x4ACA, 0x0001, 0x29C6,
    0x0001, 0x12A5, 0x0001, 0x278F, 0x0001, 0x276F, 0x0002, 0x278F,
    0x0002, 0x27AF, 0x0001, 0x27CF, 0x0004, 0x2FCF, 0x0003, 0x27AF,
    0x0002, 0x278F, 0x0003, 0x276F, 0x0003, 0x274E, 0x0001, 0x1DEB,
    0x0001, 0x1D4A, 0x0024, 0x1D6B, 0x0001, 0x1D6A, 0x0001, 0x1D8B,
    0x0001, 0x27AF, 0x0001, 0x3CAA, 0x0001, 0x5802, 0x0001, 0x78C5,
    0x0001, 0xC148, 0x0001, 0xB927, 0x0001, 0xC148, 0x0001, 0x98E6,
    0x0001, 0x5822, 0x0001, 0x40E3, 0x0001, 0x0204, 0x0001, 0x09E4,
    0x0001, 0x0A04, 0x0001, 0x09A3, 0x0001, 0x1D4A, 0x0001, 0x27F1,
    0x0001, 0x2E8D, 0x0001, 0x58A3, 0x0001, 0x5022, 0x0001, 0x90E5,
    0x0001, 0xC148, 0x0001, 0xB927, 0x0001, 0xC128, 0x0001, 0xA0E6,
    0x0001, 0x5843, 0x0001, 0x4863, 0x0002, 0x10A2, 0x0001, 0x0881,
    0x0001, 0x0020, 0x0001, 0x08C2, 0x0001, 0x1903, 0x0001, 0x5843,
    0x0001, 0x6063, 0x0003, 0xB927, 0x0001, 0x6863, 0x0001, 0x5843,
    0x0001, 0x1021, 0x0004, 0x0020, 0x0001, 0x0881, 0x0001, 0x10A2,
    0x0001, 0x5063, 0x0001, 0x6063, 0x0001, 0xB107, 0x0002, 0xC127,
    0x0001, 0xA906, 0x0001, 0x5863, 0x0001, 0x4842, 0x0004, 0x0020,
    0x0001, 0x0041, 0x0001, 0x0882, 0x001B, 0x0881, 0x0034, 0x0861,
    0x0008, 0x0841, 0x0033, 0x0861, 0x0023, 0x0881, 0x0002, 0x0882,
    0x0005, 0x08A2, 0x0004, 0x08C2, 0x0003, 0x08E2, 0x0003, 0x0902,
    0x0001, 0x1123, 0x0001, 0x0902, 0x0001, 0x3207, 0x0001, 0x4AAA,
    0x0001, 0x4A89, 0x0001, 0x4AA9, 0x0001, 0x4ACA, 0x0001, 0x1964,
    0x0001, 0x1408, 0x0001, 0x2FF0, 0x0001, 0x276F, 0x0002, 0x278F,
    0x0002, 0x27AF, 0x0001, 0x27CF, 0x0004, 0x2FCF, 0x0003, 0x27AF,
    0x0002, 0x278F, 0x0002, 0x276F, 0x0001, 0x274E, 0x0001, 0x278F,
    0x0001, 0x268D, 0x0001, 0x1D4A, 0x0026, 0x1D6B, 0x0001, 0x1D2A,
    0x0001, 0x1E8D, 0x0001, 0x358B, 0x0001, 0x5802, 0x0001, 0x70A4,
    0x0001, 0xC127, 0x0001, 0xB927, 0x0001, 0xC128, 0x0001, 0xA906,
    0x0001, 0x5843, 0x0001, 0x48A3, 0x0003, 0x0A04, 0x0001, 0x0983,
    0x0001, 0x14A9, 0x0001, 0x2FD0, 0x0001, 0x51A5, 0x0001, 0x5802,
    0x0001, 0x78C4, 0x0001, 0xC128, 0x0002, 0xB927, 0x0001, 0xC127,
    0x0001, 0xB107, 0x0001, 0x5863, 0x0001, 0x5063, 0x0001, 0x10A2,
    0x0001, 0x1082, 0x0001, 0x0040, 0x0001, 0x0020, 0x0001, 0x00A1,
    0x0001, 0x28E3, 0x0001, 0x5842, 0x0001, 0x7084, 0x0001, 0xC127,
    0x0002, 0xB927, 0x0001, 0x6063, 0x0001, 0x5043, 0x0001, 0x0820,
    0x0004, 0x0020, 0x0001, 0x0881, 0x0001, 0x08A2, 0x0001, 0x4863,
    0x0001, 0x5843, 0x0001, 0xA906, 0x0002, 0xC127, 0x0001, 0xA907,
    0x0001, 0x5863, 0x0001, 0x4842, 0x0004, 0x0020, 0x0001, 0x0040,
    0x0001, 0x0882, 0x001B, 0x0881, 0x0033, 0x0861, 0x0009, 0x0841,
    0x0035, 0x0861, 0x0022, 0x0881, 0x0001, 0x0882, 0x0005, 0x08A2,
    0x0005, 0x08C2, 0x0003, 0x08E2, 0x0002, 0x0902, 0x0001, 0x1103,
    0x0001, 0x0923, 0x0001, 0x1143, 0x0001, 0x4269, 0x0001, 0x4AAA,
    0x0001, 0x4A89, 0x0001, 0x4AA9, 0x0001, 0x4289, 0x0001, 0x1143,
    0x0001, 0x1D8B, 0x0001, 0x2FF0, 0x0001, 0x276F, 0x0001, 0x278F,
    0x0003, 0x27AF, 0x0001, 0x27CF, 0x0004, 0x2FCF, 0x0003, 0x27AF,
    0x0002, 0x278F, 0x0001, 0x276F, 0x0001, 0x278F, 0x0001, 0x272E,
    0x0001, 0x1D6B, 0x0001, 0x1D6A, 0x0026, 0x1D6B, 0x0001, 0x1D6A,
    0x0001, 0x1D8B, 0x0001, 0x2E0C, 0x0001, 0x5883, 0x0001, 0x6863,
    0x0002, 0xB927, 0x0001, 0xC127, 0x0001, 0xB127, 0x0001, 0x6063,
    0x0001, 0x5083, 0x0001, 0x11E4, 0x0002, 0x0A04, 0x0001, 0x0983,
    0x0001, 0x0C28, 0x0001, 0x4BE9, 0x0001, 0x5802, 0x0001, 0x6884,
    0x0006, 0xB927, 0x0001, 0x6063, 0x0001, 0x5063, 0x0001, 0x18A2,
    0x0001, 0x0061, 0x0001, 0x0040, 0x0001, 0x0020, 0x0001, 0x0081,
    0x0001, 0x30C3, 0x0001, 0x5842, 0x0001, 0x88C5, 0x0001, 0xC148,
    0x0001, 0xB927, 0x0001, 0xB127, 0x0001, 0x6063, 0x0001, 0x5042,
    0x0001, 0x0820, 0x0004, 0x0020, 0x0001, 0x0882, 0x0001, 0x08A2,
    0x0001, 0x4063, 0x0001, 0x5843, 0x0001, 0xA0E6, 0x0001, 0xC128,
    0x0001, 0xC127, 0x0001, 0xA907, 0x0001, 0x5863, 0x0001, 0x4842,
    0x0004, 0x0020, 0x0001, 0x0040, 0x001B, 0x0881, 0x0034, 0x0861,
    0x000A, 0x0841, 0x0034, 0x0861, 0x0022, 0x0881, 0x0002, 0x0882,
    0x0005, 0x08A2, 0x0005, 0x08C2, 0x0003, 0x08E2, 0x0002, 0x0902,
    0x0001, 0x1123, 0x0001, 0x0902, 0x0001, 0x1984, 0x0002, 0x4AA9,
    0x0001, 0x4A89, 0x0001, 0x4ACA, 0x0001, 0x3A48, 0x0001, 0x09A3,
    0x0001, 0x264D, 0x0001, 0x27AF, 0x0001, 0x276F, 0x0002, 0x278F,
    0x0002, 0x27AF, 0x0001, 0x27CF, 0x0004, 0x2FCF, 0x0003, 0x27AF,
    0x0003, 0x278F, 0x0001, 0x1DEC, 0x0001, 0x1D4A, 0x0026, 0x1D6B,
    0x0001, 0x1D6A, 0x0002, 0x1D8B, 0x0001, 0x3429, 0x0001, 0x58A3,
    0x0001, 0x6043, 0x0001, 0xB127, 0x0001, 0xC127, 0x0002, 0xB927,
    0x0001, 0x6883, 0x0001, 0x5843, 0x0001, 0x19C4, 0x0001, 0x0204,
    0x0001, 0x09E4, 0x0001, 0x0204, 0x0001, 0x21C4, 0x0001, 0x6063,
    0x0001, 0x5843, 0x0001, 0xA906, 0x0001, 0xC148, 0x0002, 0xC127,
    0x0002, 0xB927, 0x0001, 0xC127, 0x0001, 0x7084, 0x0001, 0x5843,
    0x0001, 0x1861, 0x0003, 0x0040, 0x0001, 0x0061, 0x0001, 0x38A3,
    0x0001, 0x5843, 0x0001, 0x90C5, 0x0001, 0xC148, 0x0001, 0xB927,
    0x0001, 0xB127, 0x0001, 0x6063, 0x0001, 0x5042, 0x0001, 0x0820,
    0x0004, 0x0020, 0x0002, 0x08A2, 0x0001, 0x4062, 0x0001, 0x5843,
    0x0001, 0x98E6, 0x0001, 0xC128, 0x0001, 0xC127, 0x0001, 0xA906,
    0x0001, 0x5843, 0x0001, 0x4842, 0x0004, 0x0020, 0x0001, 0x0040,
    0x001B, 0x0881, 0x0033, 0x0861, 0x000B, 0x0841, 0x0033, 0x0861,
    0x0024, 0x0881, 0x0001, 0x0882, 0x0006, 0x08A2, 0x0004, 0x08C2,
    0x0003, 0x08E2, 0x0003, 0x0902, 0x0001, 0x1123, 0x0001, 0x0902,
    0x0001, 0x29C6, 0x0001, 0x4AAA, 0x0002, 0x4A89, 0x0001, 0x4ACA,
    0x0001, 0x31E6, 0x0001, 0x1204, 0x0001, 0x272E, 0x0001, 0x27AF,
    0x0001, 0x276F, 0x0002, 0x278F, 0x0002, 0x27AF, 0x0001, 0x27CF,
    0x0004, 0x2FCF, 0x0001, 0x27CF, 0x0002, 0x27AF, 0x0001, 0x2FCF,
    0x0001, 0x26AD, 0x0001, 0x1D4A, 0x0026, 0x1D6B, 0x0001, 0x1D6A,
    0x0001, 0x1DAB, 0x0001, 0x24EA, 0x0001, 0x49A5, 0x0001, 0x5822,
    0x0002, 0x5042, 0x0001, 0xA906, 0x0001, 0xC128, 0x0001, 0xB927,
    0x0001, 0xC127, 0x0001, 0x7084, 0x0001, 0x5843, 0x0001, 0x2183,
    0x0001, 0x0204, 0x0002, 0x09E4, 0x0001, 0x5083, 0x0001, 0x5042,
    0x0001, 0x88C5, 0x0001, 0xC948, 0x0001, 0xA0E6, 0x0001, 0x7084,
    0x0001, 0xB107, 0x0001, 0xC127, 0x0001, 0xB927, 0x0001, 0xC148,
    0x0001, 0x78A4, 0x0001, 0x5843, 0x0001, 0x2041, 0x0004, 0x0040,
    0x0001, 0x4083, 0x0001, 0x5843, 0x0001, 0x98E6, 0x0001, 0xC148,
    0x0002, 0xB927, 0x0001, 0x6863, 0x0001, 0x5043, 0x0001, 0x0821,
    0x0004, 0x0020, 0x0002, 0x08A2, 0x0001, 0x4062, 0x0001, 0x5843,
    0x0001, 0x98E6, 0x0001, 0xC128, 0x0001, 0xC127, 0x0001, 0xA0E6,
    0x0001, 0x5843, 0x0001, 0x4042, 0x0004, 0x0020, 0x0001, 0x0040,
    0x001B, 0x0881, 0x0033, 0x0861, 0x000B, 0x0841, 0x0034, 0x0861,
    0x0023, 0x0881, 0x0002, 0x0882, 0x0005, 0x08A2, 0x0005, 0x08C2,
    0x0003, 0x08E2, 0x0003, 0x0902, 0x0001, 0x1123, 0x0001, 0x0922,
    0x0001, 0x3227, 0x0001, 0x4ACA, 0x0001, 0x4A89, 0x0001, 0x4AA9,
    0x0001, 0x4ACA, 0x0001, 0x21A5, 0x0001, 0x1285, 0x0001, 0x274E,
    0x0001, 0x27AF, 0x0001, 0x276F, 0x0002, 0x278F, 0x0002, 0x27AF,
    0x0001, 0x27CF, 0x0004, 0x2FCF, 0x0002, 0x27CF, 0x0001, 0x278F,
    0x0001, 0x1D8B, 0x0001, 0x1D6A, 0x0025, 0x1D6B, 0x0001, 0x1D4A,
    0x0001, 0x1DAB, 0x0001, 0x2489, 0x0001, 0x58C4, 0x0001, 0x5802,
    0x0001, 0x6083, 0x0001, 0x80A5, 0x0001, 0x98E6, 0x0003, 0xB927,
    0x0001, 0xC148, 0x0001, 0x80A5, 0x0001, 0x5822, 0x0001, 0x2943,
    0x0002, 0x0204, 0x0001, 0x3903, 0x0001, 0x5843, 0x0001, 0x7084,
    0x0001, 0xC148, 0x0001, 0xA906, 0x0001, 0x5863, 0x0001, 0x4842,
    0x0001, 0x88C5, 0x0001, 0xC148, 0x0001, 0xB927, 0x0001, 0xC148,
    0x0001, 0x88C5, 0x0001, 0x5843, 0x0001, 0x3042, 0x0004, 0x0040,
    0x0001, 0x4062, 0x0001, 0x5843, 0x0001, 0x98E6, 0x0001, 0xC128,
    0x0001, 0xB927, 0x0001, 0xC127, 0x0001, 0x7084, 0x0001, 0x5843,
    0x0001, 0x1821, 0x0004, 0x0020, 0x0002, 0x0882, 0x0001, 0x4062,
    0x0001, 0x5843, 0x0001, 0x98E6, 0x0002, 0xC128, 0x0001, 0x90C5,
    0x0001, 0x5843, 0x0001, 0x3842, 0x0004, 0x0020, 0x0001, 0x0041,
    0x0001, 0x0882, 0x001A, 0x0881, 0x0033, 0x0861, 0x000B, 0x0841,
    0x0035, 0x0861, 0x0023, 0x0881, 0x0001, 0x0882, 0x0006, 0x08A2,
    0x0005, 0x08C2, 0x0003, 0x08E2, 0x0002, 0x0902, 0x0001, 0x1103,
    0x0001, 0x0923, 0x0001, 0x1123, 0x0001, 0x3A68, 0x0001, 0x4AAA,
    0x0001, 0x4A89, 0x0001, 0x4AA9, 0x0001, 0x4ACA, 0x0001, 0x2185,
    0x0001, 0x1285, 0x0001, 0x274E, 0x0001, 0x27AF, 0x0001, 0x276F,
    0x0002, 0x278F, 0x0002, 0x27AF, 0x0001, 0x27CF, 0x0004, 0x2FCF,
    0x0001, 0x2FF0, 0x0001, 0x262C, 0x0001, 0x1D4A, 0x0025, 0x1D6B,
    0x0001, 0x1D6A, 0x0001, 0x1D8B, 0x0001, 0x24EA, 0x0001, 0x58C4,
    0x0001, 0x5802, 0x0001, 0x70A4, 0x0001, 0xB927, 0x0002, 0xC148,
    0x0003, 0xB927, 0x0001, 0xC148, 0x0001, 0x90C5, 0x0001, 0x5822,
    0x0001, 0x3903, 0x0002, 0x0204, 0x0001, 0x40E3, 0x0001, 0x5822,
    0x0001, 0x98E6, 0x0001, 0xB927, 0x0002, 0x5863, 0x0001, 0x5843,
    0x0001, 0x7084, 0x0001, 0xC128, 0x0001, 0xB927, 0x0001, 0xC148,
    0x0001, 0x98E6, 0x0001, 0x5843, 0x0001, 0x3842, 0x0004, 0x0040,
    0x0001, 0x3842, 0x0001, 0x5843, 0x0001, 0x98E6, 0x0001, 0xC148,
    0x0001, 0xB927, 0x0001, 0xC148, 0x0001, 0x78A4, 0x0001, 0x5843,
    0x0001, 0x2841, 0x0004, 0x0020, 0x0001, 0x0881, 0x0001, 0x0882,
    0x0001, 0x4863, 0x0001, 0x5843, 0x0001, 0xA0E6, 0x0001, 0xC127,
    0x0001, 0xC128, 0x0001, 0x78A4, 0x0001, 0x5843, 0x0001, 0x2841,
    0x0004, 0x0020, 0x0001, 0x0041, 0x0001, 0x0882, 0x0019, 0x0881,
    0x0034, 0x0861, 0x000C, 0x0841, 0x0034, 0x0861, 0x0023, 0x0881,
    0x0002, 0x0882, 0x0005, 0x08A2, 0x0005, 0x08C2, 0x0004, 0x08E2,
    0x0002, 0x0902, 0x0001, 0x1123, 0x0001, 0x0902, 0x0001, 0x1163,
    0x0001, 0x4A89, 0x0001, 0x4AAA, 0x0001, 0x4A89, 0x0001, 0x4AA9,
    0x0001, 0x4ACA, 0x0001, 0x2185, 0x0001, 0x1285, 0x0001, 0x274E,
    0x0001, 0x27AF, 0x0001, 0x276F, 0x0002, 0x278F, 0x0003, 0x27AF,
    0x0002, 0x2FCF, 0x0001, 0x2FF0, 0x0001, 0x270E, 0x0001, 0x1D4A,
    0x0028, 0x1D6B, 0x0001, 0x5164, 0x0001, 0x5802, 0x0001, 0x70A4,
    0x0001, 0xB927, 0x0001, 0xC127, 0x0005, 0xB927, 0x0001, 0xC148,
    0x0001, 0xA0E6, 0x0001, 0x5843, 0x0001, 0x40C3, 0x0001, 0x0A03,
    0x0001, 0x0203, 0x0001, 0x2943, 0x0001, 0x5822, 0x0001, 0x70A4,
    0x0001, 0x7084, 0x0001, 0x5843, 0x0001, 0x5063, 0x0001, 0x5043,
    0x0001, 0x6863, 0x0002, 0xB927, 0x0001, 0xC128, 0x0001, 0xA106,
    0x0001, 0x5843, 0x0001, 0x4842, 0x0003, 0x0040, 0x0001, 0x0020,
    0x0001, 0x3842, 0x0001, 0x5843, 0x0001, 0x90C6, 0x0001, 0xC148,
    0x0001, 0xB927, 0x0001, 0xC148, 0x0001, 0x90C5, 0x0001, 0x5843,
    0x0001, 0x3842, 0x0004, 0x0020, 0x0001, 0x0881, 0x0001, 0x0882,
    0x0001, 0x5063, 0x0001, 0x5843, 0x0001, 0xA907, 0x0001, 0xC128,
    0x0001, 0xB927, 0x0001, 0x6063, 0x0001, 0x5843, 0x0001, 0x1021,
    0x0003, 0x0020, 0x0001, 0x0000, 0x0001, 0x0841, 0x0001, 0x0882,
    0x0019, 0x0881, 0x0033, 0x0861, 0x000E, 0x0841, 0x0034, 0x0861,
    0x0023, 0x0881, 0x0001, 0x0882, 0x0006, 0x08A2, 0x0005, 0x08C2,
    0x0003, 0x08E2, 0x0003, 0x0902, 0x0001, 0x1123, 0x0001, 0x0902,
    0x0001, 0x1964, 0x0001, 0x4A89, 0x0001, 0x4AAA, 0x0001, 0x4A89,
    0x0001, 0x4AA9, 0x0001, 0x4ACA, 0x0001, 0x2185, 0x0001, 0x1285,
    0x0001, 0x274E, 0x0001, 0x27CF, 0x0001, 0x276F, 0x0002, 0x278F,
    0x0003, 0x27AF, 0x0001, 0x27CF, 0x0001, 0x27AF, 0x0001, 0x1DAB,
    0x0001, 0x1D6A, 0x0025, 0x1D6B, 0x0001, 0x1D6A, 0x0001, 0x15CB,
    0x0001, 0x4286, 0x0001, 0x5802, 0x0001, 0x6084, 0x0001, 0xB927,
    0x0001, 0xC148, 0x0001, 0xB927, 0x0001, 0xA907, 0x0001, 0xB127,
    0x0001, 0xC127, 0x0002, 0xB927, 0x0001, 0xC127, 0x0001, 0xA907,
    0x0001, 0x5843, 0x0001, 0x5083, 0x0001, 0x09E3, 0x0001, 0x01E3,
    0x0001, 0x11C3, 0x0001, 0x5883, 0x0001, 0x5843, 0x0001, 0x5842,
    0x0001, 0x5063, 0x0001, 0x18A2, 0x0001, 0x5063, 0x0001, 0x6063,
    0x0001, 0xB127, 0x0002, 0xC127, 0x0001, 0xB107, 0x0001, 0x6063,
    0x0001, 0x5042, 0x0003, 0x0040, 0x0001, 0x0020, 0x0001, 0x3042,
    0x0001, 0x5843, 0x0001, 0x88C5, 0x0001, 0xC148, 0x0001, 0xB927,
    0x0001, 0xC127, 0x0001, 0xA907, 0x0001, 0x5863, 0x0001, 0x5043,
    0x0001, 0x0820, 0x0003, 0x0020, 0x0001, 0x0061, 0x0001, 0x1882,
    0x0001, 0x5843, 0x0001, 0x6063, 0x0001, 0xB927, 0x0001, 0xC148,
    0x0001, 0x90C6, 0x0001, 0x5843, 0x0001, 0x4842, 0x0004, 0x0020,
    0x0001, 0x0000, 0x0001, 0x0861, 0x0001, 0x0882, 0x0018, 0x0881,
    0x0034, 0x0861, 0x000D, 0x0841, 0x0035, 0x0861, 0x0023, 0x0881,
    0x0002, 0x0882, 0x0006, 0x08A2, 0x0005, 0x08C2, 0x0003, 0x08E2,
    0x0003, 0x0902, 0x0001, 0x1123, 0x0001, 0x0902, 0x0001, 0x1964,
    0x0001, 0x4A89, 0x0001, 0x4AAA, 0x0001, 0x4A89, 0x0001, 0x4AA9,
    0x0001, 0x4ACA, 0x0001, 0x2185, 0x0001, 0x0A45, 0x0001, 0x268D,
    0x0001, 0x2FF0, 0x0001, 0x276F, 0x0002, 0x278F, 0x0002, 0x27AF,
    0x0001, 0x2FCF, 0x0001, 0x262C, 0x0001, 0x1D2A, 0x0001, 0x1D6B,
    0x0001, 0x1D6A, 0x0018, 0x1D6B, 0x0001, 0x1D6A, 0x0001, 0x1D4A,
    0x0001, 0x1D6A, 0x0001, 0x1D6B, 0x0001, 0x1D8B, 0x0004, 0x1D6A,
    0x0002, 0x1D6B, 0x0001, 0x1D6A, 0x0001, 0x1DAB, 0x0001, 0x2C08,
    0x0001, 0x5822, 0x0001, 0x5863, 0x0001, 0xA906, 0x0001, 0xC148,
    0x0001, 0x90C5, 0x0001, 0x6063, 0x0001, 0x5843, 0x0001, 0x6063,
    0x0001, 0x78A4, 0x0004, 0xB927, 0x0001, 0x6063, 0x0001, 0x5063,
    0x0001, 0x11C3, 0x0001, 0x0A04, 0x0001, 0x01C3, 0x0001, 0x2082,
    0x0001, 0x5063, 0x0001, 0x50C4, 0x0001, 0x18A2, 0x0001, 0x10A2,
    0x0001, 0x5063, 0x0001, 0x5843, 0x0001, 0xA906, 0x0001, 0xC127,
    0x0002, 0xB927, 0x0001, 0x6063, 0x0001, 0x5043, 0x0001, 0x0841,
    0x0001, 0x0040, 0x0002, 0x0020, 0x0001, 0x2041, 0x0001, 0x5843,
    0x0001, 0x78A4, 0x0001, 0xC148, 0x0002, 0xB927, 0x0001, 0xC127,
    0x0001, 0x7084, 0x0001, 0x5843, 0x0001, 0x2041, 0x0003, 0x0020,
    0x0001, 0x0040, 0x0001, 0x2882, 0x0001, 0x5843, 0x0001, 0x78A4,
    0x0001, 0xC148, 0x0001, 0xB927, 0x0001, 0x6063, 0x0001, 0x5843,
    0x0001, 0x2021, 0x0005, 0x0020, 0x001A, 0x0881, 0x0034, 0x0861,
    0x000E, 0x0841, 0x0034, 0x0861, 0x0024, 0x0881, 0x0002, 0x0882,
    0x0006, 0x08A2, 0x0005, 0x08C2, 0x0003, 0x08E2, 0x0003, 0x0902,
    0x0001, 0x1123, 0x0001, 0x0902, 0x0001, 0x1964, 0x0001, 0x4A89,
    0x0001, 0x4AAA, 0x0001, 0x4A89, 0x0001, 0x4AA9, 0x0001, 0x4ACA,
    0x0001, 0x31C6, 0x0001, 0x09A3, 0x0001, 0x1DCB, 0x0001, 0x2FF0,
    0x0003, 0x276F, 0x0001, 0x2FAF, 0x0001, 0x270E, 0x0001, 0x1D6A,
    0x0003, 0x1DAB, 0x0001, 0x1D8B, 0x0004, 0x1D6A, 0x0010, 0x1D6B,
    0x0002, 0x1D6A, 0x0001, 0x1D8B, 0x0001, 0x1DAB, 0x0001, 0x15CB,
    0x0001, 0x1DAB, 0x0001, 0x1D6A, 0x0001, 0x1D2A, 0x0001, 0x1DAB,
    0x0001, 0x1D8B, 0x0002, 0x1DAB, 0x0001, 0x1D8B, 0x0001, 0x1D6A,
    0x0001, 0x1D6B, 0x0001, 0x1D4A, 0x0001, 0x5124, 0x0001, 0x5022,
    0x0001, 0x88C5, 0x0001, 0xC948, 0x0001, 0x88C5, 0x0001, 0x5042,
    0x0001, 0x5843, 0x0001, 0x5083, 0x0001, 0x5863, 0x0001, 0x5843,
    0x0001, 0xB107, 0x0001, 0xC127, 0x0001, 0xB927, 0x0001, 0xC127,
    0x0001, 0x7084, 0x0001, 0x5843, 0x0001, 0x19A4, 0x0001, 0x01C3,
    0x0001, 0x00A1, 0x0001, 0x0041, 0x0001, 0x1903, 0x0001, 0x4248,
    0x0001, 0x10A2, 0x0001, 0x08A2, 0x0001, 0x4883, 0x0001, 0x5843,
    0x0001, 0xA0E6, 0x0001, 0xC128, 0x0001, 0xB927, 0x0001, 0xC127,
    0x0001, 0x7084, 0x0001, 0x5843, 0x0001, 0x1841, 0x0003, 0x0020,
    0x0001, 0x1041, 0x0001, 0x5843, 0x0001, 0x6884, 0x0003, 0xB927,
    0x0001, 0xC148, 0x0001, 0x98E6, 0x0002, 0x5043, 0x0004, 0x0020,
    0x0001, 0x5063, 0x0001, 0x5843, 0x0001, 0x98E6, 0x0001, 0xC948,
    0x0001, 0x80A5, 0x0001, 0x5843, 0x0001, 0x4842, 0x0004, 0x0020,
    0x0001, 0x0000, 0x0001, 0x0041, 0x0001, 0x0882, 0x0018, 0x0881,
    0x0035, 0x0861, 0x000E, 0x0841, 0x0035, 0x0861, 0x0024, 0x0881,
    0x0001, 0x0882, 0x0007, 0x08A2, 0x0005, 0x08C2, 0x0003, 0x08E2,
    0x0003, 0x0902, 0x0001, 0x1123, 0x0001, 0x0902, 0x0001, 0x1964,
    0x0001, 0x4A89, 0x0001, 0x4AAA, 0x0001, 0x4A89, 0x0001, 0x4AA9,
    0x0001, 0x4ACA, 0x0001, 0x3248, 0x0001, 0x1163, 0x0001, 0x1489,
    0x0002, 0x27AF, 0x0001, 0x27EF, 0x0001, 0x27CF, 0x0001, 0x1DAB,
    0x0001, 0x24C9, 0x0001, 0x2C69, 0x0001, 0x2C49, 0x0001, 0x2C69,
    0x0001, 0x1D2A, 0x0002, 0x1DCB, 0x0002, 0x1DAB, 0x0001, 0x1D8B,
    0x0001, 0x1D6A, 0x000C, 0x1D6B, 0x0001, 0x1D4A, 0x0001, 0x1D8B,
    0x0001, 0x1DCB, 0x0001, 0x1DAB, 0x0001, 0x252A, 0x0001, 0x2C29,
    0x0001, 0x3B07, 0x0001, 0x4A05, 0x0001, 0x5144, 0x0001, 0x50C3,
    0x0001, 0x4286, 0x0001, 0x1D0A, 0x0001, 0x1468, 0x0001, 0x1428,
    0x0001, 0x1D0A, 0x0001, 0x1D8B, 0x0001, 0x15CB, 0x0001, 0x3B07,
    0x0001, 0x5802, 0x0001, 0x6884, 0x0001, 0xC128, 0x0001, 0xA906,
    0x0001, 0x5843, 0x0001, 0x5863, 0x0001, 0x2103, 0x0001, 0x0162,
    0x0001, 0x48A3, 0x0001, 0x5843, 0x0001, 0xA0E6, 0x0001, 0xC128,
    0x0001, 0xB927, 0x0001, 0xC148, 0x0001, 0x78A4, 0x0001, 0x5843,
    0x0001, 0x28E2, 0x0001, 0x0081, 0x0001, 0x0861, 0x0001, 0x10A2,
    0x0001, 0x10C2, 0x0001, 0x4289, 0x0001, 0x31A6, 0x0001, 0x0882,
    0x0001, 0x3862, 0x0001, 0x5843, 0x0001, 0x90C5, 0x0001, 0xC148,
    0x0001, 0xB927, 0x0001, 0xC148, 0x0001, 0x78A4, 0x0001, 0x5843,
    0x0001, 0x2041, 0x0003, 0x0020, 0x0001, 0x2041, 0x0002, 0x5863,
    0x0001, 0xB107, 0x0001, 0xC127, 0x0002, 0xB927, 0x0001, 0xC127,
    0x0001, 0x7084, 0x0001, 0x5843, 0x0001, 0x4042, 0x0002, 0x0820,
    0x0001, 0x4042, 0x0001, 0x5843, 0x0001, 0x6884, 0x0001, 0xC128,
    0x0001, 0xA0E6, 0x0001, 0x5843, 0x0001, 0x5863, 0x0001, 0x1021,
    0x0005, 0x0020, 0x0001, 0x0861, 0x0001, 0x0882, 0x0017, 0x0881,
    0x0035, 0x0861, 0x0010, 0x0841, 0x0034, 0x0861, 0x0024, 0x0881,
    0x0002, 0x0882, 0x0006, 0x08A2, 0x0006, 0x08C2, 0x0003, 0x08E2,
    0x0003, 0x0902, 0x0001, 0x1123, 0x0001, 0x0902, 0x0001, 0x1964,
    0x0001, 0x4A89, 0x0001, 0x4AAA, 0x0001, 0x4A89, 0x0001, 0x4AAA,
    0x0001, 0x5228, 0x0001, 0x5105, 0x0001, 0x2882, 0x0001, 0x1326,
    0x0001, 0x268D, 0x0001, 0x3D4B, 0x0001, 0x4AC7, 0x0001, 0x5124,
    0x0001, 0x5883, 0x0001, 0x5842, 0x0001, 0x5822, 0x0001, 0x5843,
    0x0001, 0x50E4, 0x0001, 0x4246, 0x0001, 0x1B06, 0x0001, 0x0B66,
    0x0001, 0x1428, 0x0001, 0x1D2A, 0x0001, 0x1DAB, 0x0001, 0x1D6B,
    0x0001, 0x1D6A, 0x0008, 0x1D6B, 0x0001, 0x1D6A, 0x0001, 0x1D8B,
    0x0001, 0x1DCB, 0x0001, 0x1D2A, 0x0001, 0x33C8, 0x0001, 0x4A26,
    0x0001, 0x50E4, 0x0001, 0x5822, 0x0002, 0x5802, 0x0001, 0x5822,
    0x0001, 0x6043, 0x0001, 0x6002, 0x0001, 0x2123, 0x0001, 0x0142,
    0x0001, 0x0122, 0x0001, 0x0962, 0x0001, 0x1408, 0x0001, 0x254A,
    0x0001, 0x58A3, 0x0001, 0x5842, 0x0001, 0xA0E6, 0x0001, 0xC948,
    0x0001, 0x78A4, 0x0001, 0x5842, 0x0001, 0x38C3, 0x0002, 0x0162,
    0x0001, 0x38C3, 0x0001, 0x5843, 0x0001, 0x90C5, 0x0001, 0xC148,
    0x0001, 0xB927, 0x0001, 0xC148, 0x0001, 0x88C5, 0x0001, 0x5843,
    0x0001, 0x3042, 0x0001, 0x0881, 0x0002, 0x10A2, 0x0001, 0x1082,
    0x0001, 0x4248, 0x0001, 0x52CA, 0x0001, 0x1164, 0x0001, 0x3082,
    0x0001, 0x5843, 0x0001, 0x88C5, 0x0001, 0xC148, 0x0001, 0xB927,
    0x0001, 0xC148, 0x0001, 0x88C5, 0x0001, 0x5843, 0x0001, 0x3041,
    0x0002, 0x0020, 0x0001, 0x1041, 0x0002, 0x5863, 0x0001, 0x5042,
    0x0001, 0x98E6, 0x0001, 0xC148, 0x0002, 0xB927, 0x0001, 0xC127,
    0x0001, 0xB107, 0x0001, 0x6063, 0x0001, 0x5843, 0x0002, 0x5043,
    0x0001, 0x5843, 0x0001, 0x5863, 0x0001, 0xB107, 0x0001, 0xB927,
    0x0002, 0x6063, 0x0001, 0x2841, 0x0004, 0x0020, 0x0001, 0x0000,
    0x0001, 0x0041, 0x0001, 0x0882, 0x0018, 0x0881, 0x0034, 0x0861,
    0x0010, 0x0841, 0x0036, 0x0861, 0x0024, 0x0881, 0x0002, 0x0882,
    0x0006, 0x08A2, 0x0006, 0x08C2, 0x0003, 0x08E2, 0x0003, 0x0902,
    0x0001, 0x1123, 0x0001, 0x0902, 0x0001, 0x1964, 0x0001, 0x4268,
    0x0001, 0x4ACA, 0x0001, 0x51C7, 0x0001, 0x5842, 0x0001, 0x5822,
    0x0001, 0x6063, 0x0001, 0x4062, 0x0001, 0x50A3, 0x0002, 0x5802,
    0x0001, 0x5822, 0x0001, 0x6863, 0x0002, 0x7084, 0x0001, 0x6884,
    0x0001, 0x5823, 0x0002, 0x5802, 0x0001, 0x18C2, 0x0001, 0x0122,
    0x0001, 0x09A3, 0x0001, 0x1346, 0x0001, 0x1D4A, 0x0001, 0x1D8B,
    0x0001, 0x1D6A, 0x0005, 0x1D6B, 0x0001, 0x1D6A, 0x0001, 0x1D6B,
    0x0001, 0x15CB, 0x0001, 0x24CA, 0x0001, 0x42A6, 0x0001, 0x50E4,
    0x0002, 0x5802, 0x0001, 0x5843, 0x0001, 0x6884, 0x0001, 0x80C5,
    0x0001, 0x98E6, 0x0001, 0xA907, 0x0001, 0x6884, 0x0001, 0x5843,
    0x0001, 0x2102, 0x0001, 0x0162, 0x0001, 0x0962, 0x0001, 0x0122,
    0x0001, 0x01C3, 0x0001, 0x3A86, 0x0001, 0x5802, 0x0001, 0x70A4,
    0x0001, 0xC128, 0x0001, 0xB927, 0x0001, 0x6863, 0x0001, 0x5843,
    0x0001, 0x1122, 0x0002, 0x0162, 0x0001, 0x28E3, 0x0001, 0x5843,
    0x0001, 0x80A5, 0x0001, 0xC148, 0x0001, 0xB927, 0x0001, 0xC128,
    0x0001, 0x98E6, 0x0001, 0x5843, 0x0001, 0x4083, 0x0003, 0x10A2,
    0x0001, 0x1082, 0x0001, 0x31E6, 0x0001, 0x21C5, 0x0001, 0x0922,
    0x0001, 0x30E3, 0x0001, 0x5843, 0x0001, 0x78A4, 0x0001, 0xC148,
    0x0001, 0xB927, 0x0001, 0xC148, 0x0001, 0x90E6, 0x0001, 0x5843,
    0x0001, 0x3842, 0x0001, 0x0020, 0x0001, 0x0820, 0x0001, 0x5043,
    0x0001, 0x5042, 0x0001, 0x88C5, 0x0001, 0x78A4, 0x0001, 0x7084,
    0x0001, 0xC148, 0x0003, 0xB927, 0x0001, 0xC127, 0x0001, 0xB107,
    0x0001, 0x78A4, 0x0002, 0x6063, 0x0001, 0x7884, 0x0001, 0xB107,
    0x0001, 0xC128, 0x0001, 0x7084, 0x0001, 0x5843, 0x0001, 0x4042,
    0x0006, 0x0020, 0x0001, 0x0861, 0x0018, 0x0881, 0x0036, 0x0861,
    0x0010, 0x0841, 0x0035, 0x0861, 0x0025, 0x0881, 0x0002, 0x0882,
    0x0006, 0x08A2, 0x0006, 0x08C2, 0x0003, 0x08E2, 0x0003, 0x0902,
    0x0001, 0x1123, 0x0001, 0x0902, 0x0001, 0x0943, 0x0001, 0x41A6,
    0x0001, 0x5863, 0x0001, 0x5843, 0x0001, 0x7084, 0x0001, 0x5863,
    0x0002, 0x5843, 0x0001, 0x6884, 0x0001, 0x90E5, 0x0001, 0xA907,
    0x0001, 0xB927, 0x0002, 0xC127, 0x0001, 0xB927, 0x0001, 0xA907,
    0x0001, 0x78A4, 0x0002, 0x5863, 0x0001, 0x1923, 0x0001, 0x0142,
    0x0001, 0x0102, 0x0001, 0x0A04, 0x0001, 0x1D0A, 0x0001, 0x1D8B,
    0x0001, 0x1D6A, 0x0003, 0x1D6B, 0x0001, 0x1D6A, 0x0001, 0x1D8B,
    0x0001, 0x1D6B, 0x0001, 0x3AE7, 0x0001, 0x5883, 0x0001, 0x5802,
    0x0001, 0x5822, 0x0001, 0x6884, 0x0001, 0x90E5, 0x0001, 0xA907,
    0x0001, 0xB927, 0x0001, 0xC148, 0x0001, 0xC948, 0x0001, 0xB107,
    0x0001, 0x5863, 0x0001, 0x5063, 0x0001, 0x0942, 0x0001, 0x0162,
    0x0001, 0x0962, 0x0001, 0x0162, 0x0001, 0x0962, 0x0001, 0x5083,
    0x0001, 0x5843, 0x0001, 0xA0E6, 0x0001, 0xC148, 0x0001, 0xB107,
    0x0001, 0x6063, 0x0001, 0x5063, 0x0001, 0x0942, 0x0002, 0x0162,
    0x0001, 0x2103, 0x0001, 0x5843, 0x0001, 0x7084, 0x0001, 0xC127,
    0x0001, 0xB927, 0x0001, 0xC127, 0x0001, 0xA906, 0x0001, 0x5843,
    0x0001, 0x5063, 0x0003, 0x10A2, 0x0001, 0x1082, 0x0001, 0x08C2,
    0x0001, 0x0922, 0x0001, 0x0923, 0x0001, 0x20E3, 0x0001, 0x5843,
    0x0001, 0x7084, 0x0001, 0xC127, 0x0001, 0xB927, 0x0001, 0xC148,
    0x0001, 0xA0E6, 0x0001, 0x5843, 0x0001, 0x4042, 0x0001, 0x0020,
    0x0001, 0x4842, 0x0001, 0x5843, 0x0001, 0x6884, 0x0001, 0xC948,
    0x0001, 0x88C5, 0x0001, 0x5042, 0x0001, 0xB107, 0x0001, 0xC127,
    0x0003, 0xB927, 0x0001, 0xC127, 0x0001, 0xC128, 0x0001, 0xB927,
    0x0001, 0xB127, 0x0001, 0xC128, 0x0001, 0xC148, 0x0001, 0x78A4,
    0x0001, 0x5843, 0x0001, 0x5063, 0x0001, 0x0820, 0x0004, 0x0020,
    0x0001, 0x0000, 0x0001, 0x0861, 0x0001, 0x0882, 0x0018, 0x0881,
    0x0035, 0x0861, 0x0012, 0x0841, 0x0035, 0x0861, 0x0024, 0x0881,
    0x0002, 0x0882, 0x0007, 0x08A2, 0x0006, 0x08C2, 0x0003, 0x08E2,
    0x0002, 0x0902, 0x0001, 0x1102, 0x0001, 0x0923, 0x0001, 0x20E2,
    0x0001, 0x5842, 0x0001, 0x5042, 0x0001, 0x88C5, 0x0001, 0xA906,
    0x0001, 0x5043, 0x0001, 0x78A4, 0x0001, 0xA906, 0x0001, 0xC148,
    0x0001, 0xC948, 0x0001, 0xC148, 0x0004, 0xB927, 0x0001, 0xC127,
    0x0001, 0xC148, 0x0001, 0x80C5, 0x0001, 0x5843, 0x0001, 0x5083,
    0x0001, 0x0962, 0x0001, 0x0183, 0x0001, 0x0102, 0x0001, 0x0A04,
    0x0001, 0x1D4A, 0x0003, 0x1D6B, 0x0001, 0x1D6A, 0x0001, 0x1D8B,
    0x0001, 0x250A, 0x0001, 0x5185, 0x0001, 0x5802, 0x0001, 0x5843,
    0x0001, 0x78A4, 0x0001, 0xA906, 0x0001, 0xC127, 0x0001, 0xC148,
    0x0001, 0xC127, 0x0002, 0xB927, 0x0001, 0xC128, 0x0001, 0x98E6,
    0x0001, 0x5843, 0x0001, 0x40A3, 0x0001, 0x0162, 0x0002, 0x0962,
    0x0001, 0x0162, 0x0001, 0x1122, 0x0001, 0x5843, 0x0001, 0x6863,
    0x0001, 0xB927, 0x0001, 0xC128, 0x0001, 0xA906, 0x0001, 0x5843,
    0x0001, 0x4883, 0x0001, 0x0162, 0x0001, 0x0962, 0x0001, 0x0162,
    0x0001, 0x1143, 0x0001, 0x5863, 0x0001, 0x6863, 0x0004, 0xB927,
    0x0001, 0x6063, 0x0001, 0x5063, 0x0001, 0x18A2, 0x0001, 0x10A2,
    0x0001, 0x0882, 0x0001, 0x0040, 0x0001, 0x0081, 0x0001, 0x1103,
    0x0002, 0x18E2, 0x0001, 0x5843, 0x0001, 0x6883, 0x0002, 0xB927,
    0x0001, 0xC127, 0x0001, 0xB107, 0x0001, 0x6063, 0x0001, 0x5042,
    0x0001, 0x4042, 0x0001, 0x5843, 0x0001, 0x6063, 0x0001, 0xB927,
    0x0001, 0xB107, 0x0001, 0x5863, 0x0001, 0x5042, 0x0001, 0x78A4,
    0x0001, 0xC148, 0x0006, 0xB927, 0x0001, 0xC127, 0x0001, 0xC128,
    0x0001, 0x80A5, 0x0001, 0x5043, 0x0001, 0x5863, 0x0001, 0x1021,
    0x0004, 0x0020, 0x0001, 0x0000, 0x0001, 0x0041, 0x0001, 0x0882,
    0x0019, 0x0881, 0x0034, 0x0861, 0x0013, 0x0841, 0x0036, 0x0861,
    0x0024, 0x0881, 0x0002, 0x0882, 0x0007, 0x08A2, 0x0006, 0x08C2,
    0x0003, 0x08E2, 0x0001, 0x10E2, 0x0001, 0x0902, 0x0001, 0x18E2,
    0x0001, 0x5863, 0x0001, 0x5043, 0x0001, 0x80A4, 0x0001, 0xC148,
    0x0001, 0xB127, 0x0001, 0xB107, 0x0001, 0xC948, 0x0001, 0xC148,
    0x0001, 0xB107, 0x0002, 0xA0E6, 0x0001, 0xB927, 0x0001, 0xC128,
    0x0004, 0xB927, 0x0001, 0xC127, 0x0001, 0x6884, 0x0001, 0x5843,
    0x0001, 0x2903, 0x0001, 0x0162, 0x0001, 0x0963, 0x0001, 0x0102,
    0x0001, 0x1326, 0x0001, 0x1DAB, 0x0001, 0x1D6A, 0x0001, 0x1D6B,
    0x0001, 0x1D8B, 0x0001, 0x1D6A, 0x0001, 0x5164, 0x0001, 0x5802,
    0x0001, 0x6084, 0x0001, 0xA906, 0x0001, 0xC128, 0x0001, 0xC127,
    0x0002, 0xB927, 0x0001, 0xC127, 0x0002, 0xB927, 0x0001, 0xC148,
    0x0001, 0x98E6, 0x0001, 0x5843, 0x0001, 0x40A3, 0x0001, 0x0162,
    0x0002, 0x0962, 0x0001, 0x0162, 0x0001, 0x2103, 0x0001, 0x5843,
    0x0001, 0x78A4, 0x0002, 0xC127, 0x0001, 0xA106, 0x0001, 0x5843,
    0x0001, 0x40A3, 0x0001, 0x0162, 0x0001, 0x0962, 0x0001, 0x0162,
    0x0001, 0x0902, 0x0001, 0x5063, 0x0001, 0x6063, 0x0001, 0xB107,
    0x0001, 0xC127, 0x0001, 0xB927, 0x0001, 0xC127, 0x0001, 0x7084,
    0x0001, 0x5843, 0x0001, 0x20A2, 0x0001, 0x0061, 0x0002, 0x0040,
    0x0001, 0x1861, 0x0001, 0x5063, 0x0001, 0x5863, 0x0001, 0x4083,
    0x0001, 0x5063, 0x0001, 0x6063, 0x0001, 0xB127, 0x0001, 0xC127,
    0x0002, 0xB927, 0x0001, 0x6884, 0x0001, 0x5843, 0x0002, 0x5863,
    0x0001, 0xA907, 0x0001, 0xC127, 0x0001, 0x6863, 0x0001, 0x5843,
    0x0001, 0x6063, 0x0001, 0x5043, 0x0001, 0x90C5, 0x0001, 0xC148,
    0x0001, 0xC127, 0x0002, 0xB927, 0x0001, 0xC127, 0x0001, 0xC148,
    0x0001, 0xB927, 0x0001, 0x78A4, 0x0001, 0x5043, 0x0001, 0x5863,
    0x0001, 0x1821, 0x0004, 0x0020, 0x0001, 0x0000, 0x0001, 0x0020,
    0x0019, 0x0881, 0x0037, 0x0861, 0x0012, 0x0841, 0x0036, 0x0861,
    0x0025, 0x0881, 0x0002, 0x0882, 0x0008, 0x08A2, 0x0005, 0x08C2,
    0x0003, 0x08E2, 0x0001, 0x20C2, 0x0001, 0x5863, 0x0001, 0x5042,
    0x0001, 0x78A4, 0x0001, 0xC128, 0x0003, 0xB927, 0x0001, 0x90C5,
    0x0001, 0x7084, 0x0001, 0x5863, 0x0002, 0x5843, 0x0001, 0x6063,
    0x0001, 0xA106, 0x0001, 0xC128, 0x0003, 0xB927, 0x0001, 0xC148,
    0x0001, 0x90E6, 0x0001, 0x5843, 0x0001, 0x40A3, 0x0001, 0x0162,
    0x0001, 0x0962, 0x0001, 0x0142, 0x0001, 0x0162, 0x0001, 0x1CC9,
    0x0001, 0x1D8B, 0x0001, 0x1D4A, 0x0001, 0x1DCB, 0x0001, 0x4266,
    0x0001, 0x5802, 0x0001, 0x6084, 0x0001, 0xB127, 0x0001, 0xC148,
    0x0001, 0xC128, 0x0001, 0xC148, 0x0001, 0xC127, 0x0001, 0xB927,
    0x0001, 0xB107, 0x0002, 0xB927, 0x0001, 0xC128, 0x0001, 0xA106,
    0x0001, 0x5843, 0x0001, 0x4883, 0x0002, 0x0162, 0x0001, 0x0962,
    0x0001, 0x0162, 0x0001, 0x2923, 0x0001, 0x5843, 0x0001, 0x80A5,
    0x0001, 0xC128, 0x0001, 0xC127, 0x0001, 0xA0E6, 0x0001, 0x5843,
    0x0001, 0x40A3, 0x0001, 0x0162, 0x0001, 0x00E2, 0x0001, 0x0081,
    0x0001, 0x0061, 0x0001, 0x4862, 0x0001, 0x5843, 0x0001, 0xA0E6,
    0x0001, 0xC128, 0x0001, 0xB927, 0x0001, 0xC148, 0x0001, 0x78A4,
    0x0001, 0x5843, 0x0001, 0x2841, 0x0002, 0x0040, 0x0001, 0x0840,
    0x0001, 0x5043, 0x0001, 0x5843, 0x0001, 0x5863, 0x0001, 0x5843,
    0x0002, 0x5863, 0x0001, 0xA907, 0x0001, 0xC127, 0x0001, 0xB927,
    0x0001, 0xC148, 0x0001, 0x90C5, 0x0001, 0x5042, 0x0001, 0x5863,
    0x0001, 0xA0E6, 0x0001, 0xC948, 0x0001, 0x80A5, 0x0001, 0x5843,
    0x0001, 0x4842, 0x0001, 0x2021, 0x0001, 0x6063, 0x0001, 0x5843,
    0x0001, 0x80A5, 0x0001, 0xB107, 0x0002, 0xB927, 0x0001, 0xB127,
    0x0001, 0x98E6, 0x0001, 0x6063, 0x0001, 0x5843, 0x0001, 0x5863,
    0x0001, 0x1821, 0x0006, 0x0020, 0x0001, 0x0861, 0x0001, 0x0882,
    0x0018, 0x0881, 0x0037, 0x0861, 0x0013, 0x0841, 0x0036, 0x0861,
    0x0025, 0x0881, 0x0002, 0x0882, 0x0008, 0x08A2, 0x0004, 0x08C2,
    0x0002, 0x08E2, 0x0001, 0x3883, 0x0001, 0x6043, 0x0001, 0x5042,
    0x0001, 0x7084, 0x0003, 0xB927, 0x0001, 0xC127, 0x0001, 0x7084,
    0x0001, 0x5042, 0x0001, 0x5843, 0x0001, 0x5063, 0x0002, 0x4863,
    0x0001, 0x5843, 0x0001, 0x5863, 0x0001, 0xB107, 0x0001, 0xC127,
    0x0002, 0xB927, 0x0001, 0xC127, 0x0001, 0xB107, 0x0001, 0x6043,
    0x0001, 0x5083, 0x0001, 0x0962, 0x0001, 0x0162, 0x0001, 0x0962,
    0x0001, 0x0102, 0x0001, 0x1387, 0x0002, 0x1DAB, 0x0001, 0x33C8,
    0x0001, 0x5802, 0x0001, 0x5863, 0x0001, 0xA906, 0x0001, 0xC948,
    0x0001, 0xB927, 0x0001, 0xA0E6, 0x0001, 0x88C5, 0x0001, 0x7084,
    0x0001, 0x6063, 0x0001, 0x7084, 0x0001, 0xC127, 0x0001, 0xB927,
    0x0001, 0xC127, 0x0001, 0xB107, 0x0001, 0x6043, 0x0001, 0x5083,
    0x0001, 0x0942, 0x0001, 0x0162, 0x0001, 0x0942, 0x0001, 0x0162,
    0x0001, 0x2903, 0x0001, 0x5843, 0x0001, 0x88C5, 0x0001, 0xC128,
    0x0001, 0xC127, 0x0001, 0xA106, 0x0001, 0x5843, 0x0001, 0x4862,
    0x0001, 0x0081, 0x0001, 0x0841, 0x0001, 0x0881, 0x0001, 0x08A2,
    0x0001, 0x4083, 0x0001, 0x5843, 0x0001, 0x90C5, 0x0001, 0xC148,
    0x0001, 0xB927, 0x0001, 0xC148, 0x0001, 0x90C5, 0x0001, 0x5843,
    0x0001, 0x3042, 0x0002, 0x0040, 0x0001, 0x3842, 0x0001, 0x5843,
    0x0001, 0x7084, 0x0001, 0x80A5, 0x0001, 0x5042, 0x0001, 0x5863,
    0x0001, 0x5043, 0x0001, 0xA0E6, 0x0001, 0xC128, 0x0003, 0xB927,
    0x0001, 0x98E6, 0x0001, 0xA907, 0x0001, 0xC948, 0x0001, 0xA0E6,
    0x0001, 0x5043, 0x0001, 0x5863, 0x0001, 0x1021, 0x0001, 0x0020,
    0x0001, 0x2021, 0x0001, 0x5863, 0x0001, 0x5843, 0x0001, 0x5863,
    0x0002, 0x6884, 0x0001, 0x6063, 0x0002, 0x5843, 0x0001, 0x4842,
    0x0001, 0x0820, 0x0006, 0x0020, 0x0001, 0x0861, 0x0001, 0x0882,
    0x0018, 0x0881, 0x0036, 0x0861, 0x0015, 0x0841, 0x0036, 0x0861,
    0x0026, 0x0881, 0x0002, 0x0882, 0x0008, 0x08A2, 0x0003, 0x08C2,
    0x0001, 0x18C2, 0x0001, 0x5063, 0x0002, 0x5843, 0x0001, 0x88C5,
    0x0001, 0xC148, 0x0001, 0xC127, 0x0002, 0xB927, 0x0001, 0xC128,
    0x0001, 0x78A4, 0x0001, 0x5843, 0x0001, 0x3042, 0x0001, 0x0861,
    0x0002, 0x10A2, 0x0001, 0x4883, 0x0001, 0x5842, 0x0001, 0x80A4,
    0x0001, 0xC148, 0x0004, 0xB927, 0x0001, 0x6063, 0x0001, 0x5063,
    0x0001, 0x0922, 0x0001, 0x0162, 0x0001, 0x0983, 0x0001, 0x0122,
    0x0001, 0x0A85, 0x0001, 0x1DCB, 0x0001, 0x250A, 0x0001, 0x58C3,
    0x0001, 0x5022, 0x0001, 0x90E5, 0x0001, 0xC948, 0x0001, 0x98E6,
    0x0001, 0x6863, 0x0001, 0x5843, 0x0001, 0x5842, 0x0001, 0x5843,
    0x0001, 0x5043, 0x0001, 0x6063, 0x0004, 0xB927, 0x0001, 0x6063,
    0x0001, 0x5063, 0x0001, 0x1142, 0x0001, 0x0162, 0x0001, 0x0942,
    0x0001, 0x0162, 0x0001, 0x30E3, 0x0001, 0x5842, 0x0001, 0x88C5,
    0x0001, 0xC148, 0x0001, 0xC127, 0x0001, 0xA907, 0x0001, 0x5843,
    0x0001, 0x4863, 0x0001, 0x1082, 0x0002, 0x10A2, 0x0001, 0x08A2,
    0x0001, 0x3082, 0x0001, 0x5843, 0x0001, 0x80A5, 0x0001, 0xC148,
    0x0001, 0xB927, 0x0001, 0xC128, 0x0001, 0xA0E6, 0x0001, 0x5843,
    0x0001, 0x4042, 0x0001, 0x0040, 0x0001, 0x2041, 0x0001, 0x6063,
    0x0001, 0x5863, 0x0001, 0xB127, 0x0001, 0xA0E6, 0x0001, 0x5042,
    0x0001, 0x6063, 0x0001, 0x5042, 0x0001, 0x90C5, 0x0001, 0xC148,
    0x0003, 0xB927, 0x0002, 0xC148, 0x0001, 0xB127, 0x0002, 0x6063,
    0x0001, 0x2841, 0x0003, 0x0020, 0x0001, 0x1021, 0x0001, 0x4042,
    0x0001, 0x5042, 0x0002, 0x5843, 0x0001, 0x5043, 0x0001, 0x4842,
    0x0001, 0x2041, 0x0005, 0x0020, 0x0001, 0x0000, 0x0001, 0x0020,
    0x0001, 0x0861, 0x0001, 0x0882, 0x0019, 0x0881, 0x0036, 0x0861,
    0x0015, 0x0841, 0x0037, 0x0861, 0x0026, 0x0881, 0x0002, 0x0882,
    0x0008, 0x08A2, 0x0001, 0x08C2, 0x0001, 0x20A2, 0x0001, 0x5863,
    0x0001, 0x5843, 0x0001, 0x6063, 0x0001, 0xA907, 0x0001, 0xC948,
    0x0001, 0x98E6, 0x0001, 0xB107, 0x0001, 0xC127, 0x0001, 0xB927,
    0x0001, 0xC148, 0x0001, 0x88C5, 0x0001, 0x5843, 0x0001, 0x2841,
    0x0001, 0x0040, 0x0001, 0x0841, 0x0001, 0x0881, 0x0001, 0x18A2,
    0x0001, 0x5863, 0x0001, 0x6063, 0x0005, 0xB927, 0x0001, 0x6863,
    0x0001, 0x5043, 0x0001, 0x1061, 0x0001, 0x0081, 0x0001, 0x00C1,
    0x0001, 0x00E1, 0x0001, 0x09C3, 0x0001, 0x1DAB, 0x0001, 0x4A26,
    0x0001, 0x5802, 0x0001, 0x70A4, 0x0001, 0xC148, 0x0001, 0xA0E6,
    0x0001, 0x5043, 0x0001, 0x5843, 0x0001, 0x4883, 0x0001, 0x30C3,
    0x0001, 0x2103, 0x0001, 0x5063, 0x0001, 0x6063, 0x0001, 0xB107,
    0x0001, 0xC127, 0x0001, 0xB927, 0x0001, 0xC127, 0x0001, 0x6884,
    0x0001, 0x5843, 0x0001, 0x1943, 0x0001, 0x0182, 0x0001, 0x0962,
    0x0001, 0x0142, 0x0001, 0x28C2, 0x0001, 0x5843, 0x0001, 0x88C5,
    0x0001, 0xC148, 0x0001, 0xB927, 0x0001, 0xB127, 0x0001, 0x6063,
    0x0001, 0x5063, 0x0001, 0x18A2, 0x0002, 0x10A2, 0x0001, 0x08A2,
    0x0001, 0x28A3, 0x0001, 0x5843, 0x0001, 0x7084, 0x0001, 0xC127,
    0x0001, 0xB927, 0x0001, 0xC127, 0x0001, 0xB107, 0x0001, 0x6063,
    0x0001, 0x4842, 0x0001, 0x0840, 0x0001, 0x5063, 0x0001, 0x5043,
    0x0001, 0x90C5, 0x0001, 0xC948, 0x0001, 0x7084, 0x0001, 0x5843,
    0x0001, 0x5863, 0x0001, 0x5042, 0x0001, 0x80A5, 0x0001, 0xC148,
    0x0004, 0xB927, 0x0001, 0xC127, 0x0001, 0x78A4, 0x0001, 0x5843,
    0x0001, 0x4042, 0x0006, 0x0020, 0x0001, 0x0841, 0x0001, 0x1020,
    0x0001, 0x1021, 0x0001, 0x0820, 0x0006, 0x0020, 0x0001, 0x0000,
    0x0001, 0x0020, 0x0001, 0x0861, 0x0001, 0x0882, 0x0019, 0x0881,
    0x0037, 0x0861, 0x0017, 0x0841, 0x0035, 0x0861, 0x0023, 0x0881,
    0x0001, 0x2082, 0x0001, 0x4863, 0x0001, 0x4062, 0x0001, 0x1082,
    0x0003, 0x0881, 0x0006, 0x08A2, 0x0001, 0x2882, 0x0001, 0x5843,
    0x0001, 0x5042, 0x0001, 0x78A4, 0x0001, 0xC128, 0x0001, 0xB127,
    0x0001, 0x7084, 0x0001, 0x5042, 0x0001, 0xA106, 0x0001, 0xC128,
    0x0001, 0xB927, 0x0001, 0xC148, 0x0001, 0x90C5, 0x0001, 0x5843,
    0x0001, 0x3842, 0x0003, 0x0040, 0x0001, 0x0041, 0x0001, 0x4862,
    0x0001, 0x5843, 0x0001, 0xA0E6, 0x0001, 0xC128, 0x0001, 0xB927,
    0x0001, 0xC127, 0x0001, 0xB127, 0x0001, 0x6063, 0x0001, 0x5063,
    0x0001, 0x18A2, 0x0001, 0x0882, 0x0001, 0x0861, 0x0001, 0x0841,
    0x0001, 0x0081, 0x0001, 0x29C4, 0x0001, 0x5843, 0x0001, 0x5863,
    0x0001, 0xB107, 0x0001, 0xC148, 0x0001, 0x7084, 0x0001, 0x5843,
    0x0001, 0x38C3, 0x0002, 0x0162, 0x0001, 0x0182, 0x0001, 0x4883,
    0x0001, 0x5843, 0x0001, 0xA906, 0x0001, 0xC128, 0x0001, 0xB927,
    0x0001, 0xC148, 0x0001, 0x78A4, 0x0001, 0x5843, 0x0001, 0x20C2,
    0x0001, 0x00C1, 0x0001, 0x0081, 0x0001, 0x0061, 0x0001, 0x2862,
    0x0001, 0x5843, 0x0001, 0x80A5, 0x0001, 0xC148, 0x0002, 0xB927,
    0x0001, 0x6863, 0x0001, 0x5843, 0x0001, 0x18A2, 0x0003, 0x10A2,
    0x0001, 0x18A2, 0x0001, 0x5863, 0x0001, 0x6863, 0x0004, 0xB927,
    0x0001, 0x6883, 0x0001, 0x5042, 0x0001, 0x4842, 0x0001, 0x5843,
    0x0001, 0x7084, 0x0001, 0xC948, 0x0001, 0x90C5, 0x0001, 0x5043,
    0x0001, 0x5042, 0x0001, 0x2041, 0x0001, 0x5843, 0x0001, 0x7084,
    0x0001, 0xC127, 0x0003, 0xB927, 0x0001, 0xC148, 0x0001, 0x90C5,
    0x0001, 0x5043, 0x0001, 0x5863, 0x0001, 0x0820, 0x0005, 0x0020,
    0x0001, 0x0861, 0x0001, 0x0882, 0x0001, 0x0061, 0x0006, 0x0020,
    0x0001, 0x0000, 0x0001, 0x0020, 0x0001, 0x0041, 0x0001, 0x0881,
    0x0001, 0x0882, 0x001A, 0x0881, 0x0036, 0x0861, 0x0017, 0x0841,
    0x0038, 0x0861, 0x0020, 0x0881, 0x0001, 0x1082, 0x0001, 0x5863,
    0x0002, 0x5843, 0x0001, 0x5063, 0x0001, 0x0841, 0x0002, 0x0020,
    0x0001, 0x0061, 0x0003, 0x08A2, 0x0001, 0x00A2, 0x0001, 0x2082,
    0x0001, 0x6063, 0x0001, 0x5043, 0x0001, 0x80A5, 0x0001, 0xC948,
    0x0001, 0x98E6, 0x0001, 0x5863, 0x0001, 0x5843, 0x0001, 0x5043,
    0x0001, 0x98E6, 0x0001, 0xC148, 0x0001, 0xB927, 0x0001, 0xC128,
    0x0001, 0xA0E6, 0x0001, 0x5843, 0x0001, 0x4042, 0x0004, 0x0040,
    0x0001, 0x3842, 0x0001, 0x5843, 0x0001, 0x90C5, 0x0001, 0xC148,
    0x0001, 0xB927, 0x0001, 0xC127, 0x0001, 0xA106, 0x0001, 0x5843,
    0x0001, 0x4863, 0x0004, 0x10A2, 0x0001, 0x10C3, 0x0001, 0x5083,
    0x0001, 0x5042, 0x0001, 0x88C5, 0x0001, 0xC148, 0x0001, 0xB107,
    0x0001, 0x6063, 0x0001, 0x5043, 0x0001, 0x0881, 0x0001, 0x00A1,
    0x0002, 0x0081, 0x0001, 0x4062, 0x0001, 0x5843, 0x0001, 0xA0E6,
    0x0001, 0xC128, 0x0001, 0xB927, 0x0001, 0xC148, 0x0001, 0x80A5,
    0x0001, 0x5843, 0x0001, 0x3062, 0x0001, 0x0061, 0x0001, 0x1082,
    0x0001, 0x08A2, 0x0001, 0x3082, 0x0001, 0x5843, 0x0001, 0x78A4,
    0x0001, 0xC148, 0x0001, 0xB927, 0x0001, 0xC127, 0x0001, 0x7084,
    0x0001, 0x5843, 0x0001, 0x2882, 0x0001, 0x08A2, 0x0001, 0x1081,
    0x0001, 0x0061, 0x0001, 0x1841, 0x0002, 0x5863, 0x0001, 0xB107,
    0x0001, 0xC127, 0x0001, 0xB927, 0x0001, 0xC128, 0x0001, 0x78A4,
    0x0001, 0x5843, 0x0002, 0x5863, 0x0001, 0xB107, 0x0001, 0xB127,
    0x0001, 0x5863, 0x0001, 0x6063, 0x0001, 0x2041, 0x0001, 0x0020,
    0x0001, 0x5843, 0x0001, 0x5863, 0x0001, 0xB107, 0x0001, 0xC127,
    0x0001, 0xB927, 0x0001, 0xC148, 0x0001, 0xA0E6, 0x0001, 0x5843,
    0x0001, 0x6063, 0x0001, 0x2021, 0x0005, 0x0020, 0x0001, 0x0040,
    0x0001, 0x0882, 0x0001, 0x0881, 0x0001, 0x0882, 0x0001, 0x0881,
    0x0001, 0x0861, 0x0001, 0x0040, 0x0002, 0x0020, 0x0001, 0x0040,
    0x0001, 0x0841, 0x0001, 0x0861, 0x0001, 0x0882, 0x001A, 0x0881,
    0x0038, 0x0861, 0x0018, 0x0841, 0x0038, 0x0861, 0x001E, 0x0881,
    0x0001, 0x0081, 0x0001, 0x4062, 0x0001, 0x5843, 0x0001, 0x78A4,
    0x0001, 0x7084, 0x0001, 0x5042, 0x0001, 0x5043, 0x0001, 0x1021,
    0x0002, 0x0020, 0x0001, 0x0041, 0x0002, 0x08A2, 0x0001, 0x1882,
    0x0001, 0x5863, 0x0001, 0x5043, 0x0001, 0x88C5, 0x0001, 0xC948,
    0x0001, 0x98E6, 0x0001, 0x5043, 0x0001, 0x5843, 0x0001, 0x5063,
    0x0001, 0x5043, 0x0001, 0x88C5, 0x0001, 0xC148, 0x0001, 0xB927,
    0x0001, 0xC127, 0x0001, 0xA907, 0x0001, 0x5863, 0x0001, 0x4842,
    0x0004, 0x0040, 0x0001, 0x3842, 0x0001, 0x5843, 0x0001, 0x90C5,
    0x0001, 0xC148, 0x0001, 0xB927, 0x0001, 0xC148, 0x0001, 0x88C5,
    0x0001, 0x5843, 0x0001, 0x3883, 0x0001, 0x08A2, 0x0002, 0x10A2,
    0x0001, 0x08A2, 0x0001, 0x20A2, 0x0001, 0x5863, 0x0001, 0x6063,
    0x0001, 0xB927, 0x0001, 0xC128, 0x0001, 0xA906, 0x0001, 0x5843,
    0x0001, 0x4863, 0x0001, 0x1082, 0x0001, 0x0882, 0x0001, 0x1082,
    0x0001, 0x0882, 0x0001, 0x3862, 0x0001, 0x5843, 0x0001, 0x90C5,
    0x0001, 0xC148, 0x0001, 0xB927, 0x0001, 0xC148, 0x0001, 0x90E5,
    0x0001, 0x5843, 0x0001, 0x4083, 0x0001, 0x08A2, 0x0001, 0x10A2,
    0x0001, 0x08A2, 0x0001, 0x2882, 0x0001, 0x5843, 0x0001, 0x7084,
    0x0001, 0xC128, 0x0001, 0xB927, 0x0001, 0xC148, 0x0001, 0x80A5,
    0x0001, 0x5843, 0x0001, 0x3062, 0x0003, 0x0040, 0x0001, 0x4862,
    0x0001, 0x5843, 0x0001, 0x88A5, 0x0001, 0xC128, 0x0002, 0xB927,
    0x0001, 0xC148, 0x0001, 0x98E6, 0x0001, 0x5042, 0x0001, 0x5043,
    0x0001, 0x98E6, 0x0001, 0xC948, 0x0001, 0x7084, 0x0001, 0x5843,
    0x0001, 0x4042, 0x0002, 0x0020, 0x0001, 0x4042, 0x0001, 0x5843,
    0x0001, 0x80A5, 0x0001, 0xC948, 0x0001, 0xC148, 0x0001, 0xA906,
    0x0001, 0x5863, 0x0001, 0x6063, 0x0001, 0x3041, 0x0006, 0x0020,
    0x0005, 0x0881, 0x0002, 0x0882, 0x0002, 0x0881, 0x0002, 0x0882,
    0x001C, 0x0881, 0x0037, 0x0861, 0x001A, 0x0841, 0x0038, 0x0861,
    0x001C, 0x0881, 0x0001, 0x0081, 0x0001, 0x2082, 0x0001, 0x5843,
    0x0001, 0x5863, 0x0001, 0xB107, 0x0001, 0xB927, 0x0001, 0x7084,
    0x0001, 0x5043, 0x0001, 0x5863, 0x0001, 0x2021, 0x0002, 0x0020,
    0x0001, 0x0040, 0x0001, 0x0881, 0x0001, 0x5063, 0x0001, 0x5043,
    0x0001, 0x80A5, 0x0001, 0xC948, 0x0001, 0xA906, 0x0001, 0x5843,
    0x0001, 0x6063, 0x0002, 0x2041, 0x0001, 0x5843, 0x0001, 0x78A4,
    0x0001, 0xC148, 0x0001, 0xB927, 0x0001, 0xC127, 0x0001, 0xB927,
    0x0001, 0x6063, 0x0001, 0x5043, 0x0001, 0x0840, 0x0001, 0x0020,
    0x0002, 0x0040, 0x0001, 0x4042, 0x0001, 0x5843, 0x0001, 0x98E6,
    0x0001, 0xC148, 0x0002, 0xB927, 0x0001, 0x6063, 0x0001, 0x5843,
    0x0001, 0x2082, 0x0001, 0x08A2, 0x0002, 0x10A2, 0x0001, 0x08A2,
    0x0001, 0x3883, 0x0001, 0x5843, 0x0001, 0x88C5, 0x0001, 0xC128,
    0x0001, 0xC127, 0x0001, 0xA0E6, 0x0001, 0x5843, 0x0001, 0x4863,
    0x0003, 0x10A2, 0x0001, 0x08A2, 0x0001, 0x3082, 0x0001, 0x5843,
    0x0001, 0x80C5, 0x0001, 0xC148, 0x0001, 0xB927, 0x0001, 0xC128,
    0x0001, 0xA0E6, 0x0001, 0x5843, 0x0001, 0x4863, 0x0003, 0x10A2,
    0x0001, 0x20A2, 0x0001, 0x5843, 0x0001, 0x6884, 0x0001, 0xC127,
    0x0001, 0xB927, 0x0001, 0xC148, 0x0001, 0x98E6, 0x0001, 0x5843,
    0x0001, 0x4042, 0x0002, 0x0040, 0x0001, 0x3042, 0x0001, 0x5843,
    0x0001, 0x6863, 0x0001, 0xB927, 0x0001, 0xC127, 0x0004, 0xB927,
    0x0001, 0x78A4, 0x0001, 0x90C5, 0x0001, 0xC948, 0x0001, 0x90C5,
    0x0001, 0x5043, 0x0001, 0x5063, 0x0001, 0x0820, 0x0002, 0x0020,
    0x0001, 0x1021, 0x0001, 0x5863, 0x0001, 0x5843, 0x0001, 0x80A5,
    0x0001, 0x88C5, 0x0001, 0x5863, 0x0001, 0x6063, 0x0001, 0x3842,
    0x0006, 0x0020, 0x0001, 0x0861, 0x0001, 0x0882, 0x0024, 0x0881,
    0x0038, 0x0861, 0x001B, 0x0841, 0x0038, 0x0861, 0x001D, 0x0881,
    0x0001, 0x5063, 0x0001, 0x5042, 0x0001, 0x88C5, 0x0001, 0xC128,
    0x0001, 0xB927, 0x0001, 0xC127, 0x0001, 0x80A5, 0x0002, 0x5863,
    0x0001, 0x1021, 0x0002, 0x0020, 0x0001, 0x3842, 0x0001, 0x5843,
    0x0001, 0x7084, 0x0002, 0xC127, 0x0001, 0x7084, 0x0001, 0x5843,
    0x0001, 0x3842, 0x0001, 0x0020, 0x0001, 0x1841, 0x0001, 0x5843,
    0x0001, 0x7084, 0x0001, 0xC127, 0x0003, 0xB927, 0x0001, 0x6884,
    0x0001, 0x5843, 0x0001, 0x1041, 0x0002, 0x0020, 0x0001, 0x0040,
    0x0001, 0x5042, 0x0001, 0x5863, 0x0001, 0xA907, 0x0001, 0xC127,
    0x0001, 0xC148, 0x0001, 0x88C5, 0x0001, 0x5843, 0x0001, 0x4842,
    0x0002, 0x0040, 0x0001, 0x0861, 0x0001, 0x0881, 0x0001, 0x0882,
    0x0001, 0x4863, 0x0001, 0x5843, 0x0001, 0x98E6, 0x0002, 0xC128,
    0x0001, 0xA0E6, 0x0001, 0x5843, 0x0001, 0x4063, 0x0001, 0x08A2,
    0x0002, 0x10A2, 0x0001, 0x08A2, 0x0001, 0x28A3, 0x0001, 0x5843,
    0x0001, 0x7084, 0x0001, 0xC127, 0x0001, 0xB927, 0x0001, 0xC127,
    0x0001, 0xB107, 0x0001, 0x6063, 0x0001, 0x5063, 0x0003, 0x10A2,
    0x0001, 0x1882, 0x0001, 0x5843, 0x0001, 0x6063, 0x0002, 0xB927,
    0x0001, 0xC127, 0x0001, 0xB107, 0x0001, 0x5863, 0x0001, 0x5043,
    0x0001, 0x0040, 0x0001, 0x1041, 0x0001, 0x5863, 0x0001, 0x5843,
    0x0001, 0xA906, 0x0001, 0xB927, 0x0001, 0x90C5, 0x0001, 0xC127,
    0x0003, 0xB927, 0x0001, 0xC127, 0x0001, 0xC148, 0x0001, 0xA907,
    0x0001, 0x5863, 0x0001, 0x6063, 0x0001, 0x2041, 0x0004, 0x0020,
    0x0001, 0x2021, 0x0003, 0x5843, 0x0001, 0x6063, 0x0001, 0x3042,
    0x0006, 0x0020, 0x0001, 0x0861, 0x0001, 0x0882, 0x0025, 0x0881,
    0x0038, 0x0861, 0x001C, 0x0841, 0x0038, 0x0861, 0x001A, 0x0881,
    0x0001, 0x0081, 0x0001, 0x3062, 0x0001, 0x5843, 0x0001, 0x6883,
    0x0004, 0xB927, 0x0001, 0xC128, 0x0001, 0x6884, 0x0001, 0x5843,
    0x0001, 0x2021, 0x0001, 0x0020, 0x0001, 0x1821, 0x0002, 0x5863,
    0x0001, 0xB107, 0x0001, 0xC148, 0x0001, 0xA906, 0x0001, 0x5863,
    0x0001, 0x5043, 0x0001, 0x0820, 0x0001, 0x0020, 0x0001, 0x1021,
    0x0001, 0x5043, 0x0001, 0x6863, 0x0003, 0xB927, 0x0001, 0xC128,
    0x0001, 0x7884, 0x0001, 0x5843, 0x0001, 0x2041, 0x0002, 0x0020,
    0x0001, 0x2041, 0x0001, 0x5843, 0x0001, 0x6884, 0x0001, 0xB927,
    0x0001, 0xC128, 0x0001, 0xA906, 0x0001, 0x5843, 0x0001, 0x5863,
    0x0001, 0x1841, 0x0002, 0x0040, 0x0002, 0x0020, 0x0001, 0x0040,
    0x0001, 0x4862, 0x0001, 0x5843, 0x0001, 0xA906, 0x0001, 0xC127,
    0x0001, 0xC128, 0x0001, 0x98E6, 0x0001, 0x5843, 0x0001, 0x4063,
    0x0001, 0x08A2, 0x0002, 0x10A2, 0x0001, 0x08A2, 0x0001, 0x2904,
    0x0001, 0x5883, 0x0001, 0x6863, 0x0004, 0xB927, 0x0001, 0x6863,
    0x0001, 0x5843, 0x0001, 0x1061, 0x0001, 0x0061, 0x0001, 0x0041,
    0x0001, 0x3842, 0x0002, 0x5863, 0x0001, 0xB107, 0x0001, 0xC127,
    0x0001, 0xB927, 0x0001, 0xC127, 0x0001, 0x7084, 0x0001, 0x5843,
    0x0001, 0x2041, 0x0001, 0x4842, 0x0001, 0x5843, 0x0001, 0x80A5,
    0x0001, 0xC948, 0x0001, 0x80A5, 0x0001, 0x6063, 0x0001, 0xC127,
    0x0005, 0xB927, 0x0001, 0x6883, 0x0001, 0x5843, 0x0001, 0x3842,
    0x0006, 0x0020, 0x0001, 0x1882, 0x0001, 0x3862, 0x0001, 0x3042,
    0x0001, 0x1821, 0x0006, 0x0020, 0x0001, 0x0041, 0x0001, 0x0882,
    0x0025, 0x0881, 0x0038, 0x0861, 0x001D, 0x0841, 0x003A, 0x0861,
    0x0019, 0x0881, 0x0001, 0x5063, 0x0001, 0x5843, 0x0001, 0xA0E6,
    0x0001, 0xC148, 0x0002, 0xB927, 0x0001, 0xC128, 0x0001, 0x98E6,
    0x0001, 0x5843, 0x0001, 0x5043, 0x0001, 0x0820, 0x0001, 0x0020,
    0x0001, 0x4042, 0x0001, 0x5843, 0x0001, 0x88C5, 0x0002, 0xC128,
    0x0001, 0x90C5, 0x0001, 0x5843, 0x0001, 0x3842, 0x0002, 0x0020,
    0x0001, 0x0820, 0x0001, 0x5043, 0x0001, 0x6063, 0x0001, 0xB107,
    0x0001, 0xC127, 0x0001, 0xB927, 0x0001, 0xC148, 0x0001, 0x80A5,
    0x0001, 0x5843, 0x0001, 0x2841, 0x0001, 0x0020, 0x0001, 0x0820,
    0x0001, 0x5063, 0x0001, 0x5043, 0x0001, 0x98E6, 0x0001, 0xC148,
    0x0001, 0xB927, 0x0001, 0x6063, 0x0001, 0x5843, 0x0001, 0x3042,
    0x0004, 0x0040, 0x0001, 0x0020, 0x0001, 0x0881, 0x0001, 0x5083,
    0x0001, 0x5843, 0x0001, 0xB107, 0x0001, 0xC127, 0x0001, 0xC128,
    0x0001, 0xA0E6, 0x0001, 0x5843, 0x0001, 0x4042, 0x0001, 0x0041,
    0x0002, 0x0861, 0x0001, 0x0041, 0x0001, 0x10A2, 0x0001, 0x5883,
    0x0001, 0x6063, 0x0001, 0xB107, 0x0001, 0xC127, 0x0001, 0xB927,
    0x0001, 0xC127, 0x0001, 0x7084, 0x0001, 0x5843, 0x0001, 0x1841,
    0x0001, 0x0020, 0x0001, 0x2041, 0x0001, 0x6063, 0x0001, 0x5863,
    0x0001, 0x5843, 0x0001, 0xA0E6, 0x0001, 0xC128, 0x0001, 0xB927,
    0x0001, 0xC148, 0x0001, 0x90C5, 0x0001, 0x5042, 0x0001, 0x6063,
    0x0001, 0x5843, 0x0001, 0x6884, 0x0001, 0xC128, 0x0001, 0xA907,
    0x0001, 0x5843, 0x0001, 0x5863, 0x0001, 0xB107, 0x0001, 0xC127,
    0x0002, 0xB927, 0x0001, 0xC148, 0x0001, 0x80A5, 0x0001, 0x5843,
    0x0001, 0x5042, 0x0006, 0x0020, 0x0001, 0x0881, 0x0001, 0x08A2,
    0x0001, 0x00A2, 0x0001, 0x0041, 0x0001, 0x0000, 0x0005, 0x0020,
    0x0001, 0x0041, 0x0026, 0x0881, 0x003A, 0x0861, 0x001D, 0x0841,
    0x0039, 0x0861, 0x0019, 0x0881, 0x0001, 0x4862, 0x0001, 0x5843,
    0x0001, 0x78A4, 0x0002, 0xC127, 0x0002, 0xB927, 0x0001, 0x6063,
    0x0001, 0x5843, 0x0001, 0x2841, 0x0001, 0x0020, 0x0001, 0x0820,
    0x0001, 0x5843, 0x0001, 0x6063, 0x0001, 0xB107, 0x0001, 0xB927,
    0x0001, 0xC148, 0x0001, 0x80A5, 0x0001, 0x5843, 0x0001, 0x2841,
    0x0003, 0x0020, 0x0001, 0x4842, 0x0001, 0x5863, 0x0001, 0xA906,
    0x0001, 0xC128, 0x0001, 0xB927, 0x0001, 0xC148, 0x0001, 0x90C5,
    0x0001, 0x5843, 0x0001, 0x3042, 0x0001, 0x0020, 0x0001, 0x4842,
    0x0001, 0x5843, 0x0001, 0x7084, 0x0001, 0xC128, 0x0001, 0xC127,
    0x0001, 0x7084, 0x0001, 0x5843, 0x0001, 0x4842, 0x0005, 0x0020,
    0x0001, 0x0040, 0x0001, 0x10C2, 0x0001, 0x5063, 0x0001, 0x6063,
    0x0001, 0xB107, 0x0001, 0xC127, 0x0001, 0xC128, 0x0001, 0xA0E6,
    0x0001, 0x5843, 0x0001, 0x4042, 0x0004, 0x0020, 0x0001, 0x0081,
    0x0001, 0x4883, 0x0001, 0x5843, 0x0001, 0xA106, 0x0001, 0xC128,
    0x0001, 0xB927, 0x0001, 0xC148, 0x0001, 0x80A5, 0x0001, 0x5843,
    0x0001, 0x2841, 0x0001, 0x0840, 0x0001, 0x5863, 0x0001, 0x5043,
    0x0001, 0x98E6, 0x0001, 0x6884, 0x0001, 0x88C5, 0x0001, 0xC148,
    0x0003, 0xB927, 0x0001, 0x6063, 0x0001, 0x5042, 0x0001, 0x6063,
    0x0001, 0xB107, 0x0001, 0xC148, 0x0001, 0x7084, 0x0001, 0x5843,
    0x0001, 0x5043, 0x0001, 0x90C5, 0x0001, 0xC148, 0x0001, 0xB927,
    0x0001, 0xC148, 0x0001, 0x90C5, 0x0001, 0x5043, 0x0001, 0x5863,
    0x0001, 0x1021, 0x0005, 0x0020, 0x0001, 0x0861, 0x0001, 0x08A2,
    0x0002, 0x0882, 0x0001, 0x08A2, 0x0001, 0x0861, 0x0004, 0x0020,
    0x0001, 0x0861, 0x0001, 0x0882, 0x0026, 0x0881, 0x0038, 0x0861,
    0x001F, 0x0841, 0x003A, 0x0861, 0x0018, 0x0881, 0x0001, 0x1082,
    0x0001, 0x5863, 0x0001, 0x5843, 0x0001, 0x7084, 0x0001, 0xB107,
    0x0001, 0xC948, 0x0001, 0x90C5, 0x0001, 0x5843, 0x0001, 0x4842,
    0x0002, 0x0020, 0x0001, 0x2021, 0x0001, 0x5843, 0x0001, 0x78A4,
    0x0001, 0xC128, 0x0001, 0xB927, 0x0001, 0xC148, 0x0001, 0x78A4,
    0x0001, 0x5843, 0x0001, 0x2041, 0x0003, 0x0020, 0x0001, 0x4042,
    0x0001, 0x5843, 0x0001, 0x98E6, 0x0001, 0xC148, 0x0001, 0xB927,
    0x0001, 0xC128, 0x0001, 0xA0E6, 0x0001, 0x5843, 0x0002, 0x4842,
    0x0001, 0x5843, 0x0001, 0x6063, 0x0001, 0xB927, 0x0001, 0xC127,
    0x0001, 0x7084, 0x0001, 0x5843, 0x0001, 0x5043, 0x0001, 0x0820,
    0x0005, 0x0020, 0x0001, 0x0881, 0x0001, 0x10E2, 0x0001, 0x5063,
    0x0001, 0x6063, 0x0001, 0xB107, 0x0002, 0xC127, 0x0001, 0xA906,
    0x0001, 0x5863, 0x0001, 0x4842, 0x0003, 0x0040, 0x0001, 0x0020,
    0x0001, 0x0081, 0x0001, 0x40A3, 0x0001, 0x5843, 0x0001, 0x98E6,
    0x0001, 0xC148, 0x0001, 0xB927, 0x0001, 0xC148, 0x0001, 0x90C5,
    0x0001, 0x5843, 0x0001, 0x3842, 0x0001, 0x4042, 0x0001, 0x5843,
    0x0001, 0x78A4, 0x0001, 0xC948, 0x0001, 0x78A4, 0x0001, 0x7084,
    0x0001, 0xC148, 0x0002, 0xB927, 0x0001, 0xC128, 0x0001, 0xA906,
    0x0001, 0x7884, 0x0001, 0xA906, 0x0001, 0xC948, 0x0001, 0x90C5,
    0x0001, 0x5042, 0x0001, 0x5863, 0x0001, 0x5843, 0x0001, 0x6884,
    0x0001, 0xC127, 0x0001, 0xC948, 0x0001, 0xA0E6, 0x0001, 0x5843,
    0x0001, 0x6063, 0x0001, 0x2041, 0x0005, 0x0020, 0x0001, 0x0040,
    0x0003, 0x0882, 0x0002, 0x0881, 0x0001, 0x0882, 0x0001, 0x0881,
    0x0002, 0x0861, 0x0001, 0x0881, 0x0001, 0x0882, 0x0026, 0x0881,
    0x0039, 0x0861, 0x001F, 0x0841, 0x003B, 0x0861, 0x0018, 0x0881,
    0x0001, 0x1882, 0x0001, 0x5063, 0x0001, 0x5843, 0x0001, 0x6063,
    0x0001, 0x98E6, 0x0001, 0x6063, 0x0001, 0x5843, 0x0001, 0x1821,
    0x0002, 0x0020, 0x0001, 0x3842, 0x0001, 0x5843, 0x0001, 0x90C5,
    0x0001, 0xC148, 0x0001, 0xB927, 0x0001, 0xC148, 0x0001, 0x80A5,
    0x0001, 0x5843, 0x0001, 0x2841, 0x0003, 0x0020, 0x0001, 0x3042,
    0x0001, 0x5843, 0x0001, 0x90C5, 0x0001, 0xC148, 0x0001, 0xB927,
    0x0001, 0xC127, 0x0001, 0xA907, 0x0002, 0x5863, 0x0001, 0x5043,
    0x0001, 0x6884, 0x0002, 0xB927, 0x0001, 0x6884, 0x0001, 0x5843,
    0x0001, 0x5863, 0x0001, 0x1021, 0x0005, 0x0020, 0x0001, 0x0061,
    0x0001, 0x08E2, 0x0001, 0x08C2, 0x0001, 0x5063, 0x0001, 0x5843,
    0x0001, 0xA907, 0x0001, 0xC127, 0x0001, 0xB927, 0x0001, 0xB127,
    0x0001, 0x6063, 0x0001, 0x5043, 0x0001, 0x0840, 0x0003, 0x0020,
    0x0001, 0x0061, 0x0001, 0x38A3, 0x0001, 0x5842, 0x0001, 0x88C5,
    0x0001, 0xC148, 0x0001, 0xB927, 0x0001, 0xC128, 0x0001, 0xA906,
    0x0001, 0x5843, 0x0001, 0x5863, 0x0001, 0x5843, 0x0001, 0x6063,
    0x0001, 0xB927, 0x0001, 0xA907, 0x0001, 0x5843, 0x0001, 0x6063,
    0x0001, 0xB927, 0x0001, 0xC127, 0x0002, 0xB927, 0x0001, 0xC127,
    0x0002, 0xC148, 0x0001, 0xA907, 0x0002, 0x5863, 0x0001, 0x2041,
    0x0001, 0x4842, 0x0001, 0x5843, 0x0001, 0x78A4, 0x0001, 0x90C5,
    0x0001, 0x5863, 0x0001, 0x6063, 0x0001, 0x3042, 0x0006, 0x0020,
    0x0001, 0x0881, 0x0001, 0x08A2, 0x0006, 0x0881, 0x0002, 0x0882,
    0x0026, 0x0881, 0x003B, 0x0861, 0x0021, 0x0841, 0x003A, 0x0861,
    0x0018, 0x0881, 0x0001, 0x1081, 0x0001, 0x4062, 0x0002, 0x5843,
    0x0001, 0x6063, 0x0001, 0x4842, 0x0003, 0x0020, 0x0001, 0x4042,
    0x0001, 0x5843, 0x0001, 0xA0E6, 0x0001, 0xC128, 0x0001, 0xB927,
    0x0001, 0xC148, 0x0001, 0x98E6, 0x0001, 0x5843, 0x0001, 0x4042,
    0x0003, 0x0020, 0x0001, 0x2841, 0x0001, 0x5843, 0x0001, 0x80A5,
    0x0001, 0xC148, 0x0001, 0xB927, 0x0001, 0xC127, 0x0001, 0xB927,
    0x0001, 0x5863, 0x0001, 0x5843, 0x0001, 0x88A5, 0x0001, 0xB927,
    0x0001, 0xC127, 0x0001, 0x6883, 0x0001, 0x5042, 0x0001, 0x5863,
    0x0001, 0x0820, 0x0005, 0x0020, 0x0001, 0x0040, 0x0003, 0x08C2,
    0x0001, 0x4863, 0x0001, 0x5843, 0x0001, 0xA906, 0x0001, 0xC128,
    0x0002, 0xB927, 0x0001, 0x6883, 0x0001, 0x5843, 0x0001, 0x1041,
    0x0003, 0x0020, 0x0001, 0x0041, 0x0001, 0x4883, 0x0001, 0x5042,
    0x0001, 0x88C5, 0x0001, 0xC148, 0x0003, 0xB927, 0x0001, 0x6063,
    0x0001, 0x5863, 0x0001, 0x5043, 0x0001, 0xA0E6, 0x0001, 0xC148,
    0x0001, 0x6884, 0x0001, 0x5843, 0x0001, 0x5043, 0x0001, 0x90C5,
    0x0001, 0xC148, 0x0004, 0xB927, 0x0001, 0xC127, 0x0001, 0x6884,
    0x0001, 0x5843, 0x0001, 0x3842, 0x0001, 0x0020, 0x0001, 0x1821,
    0x0001, 0x5863, 0x0002, 0x5843, 0x0001, 0x6063, 0x0001, 0x3042,
    0x0006, 0x0020, 0x0001, 0x0861, 0x0001, 0x08A2, 0x002E, 0x0881,
    0x003B, 0x0861, 0x0022, 0x0841, 0x003A, 0x0861, 0x001A, 0x0881,
    0x0001, 0x2862, 0x0001, 0x5042, 0x0001, 0x4842, 0x0001, 0x0820,
    0x0001, 0x0000, 0x0002, 0x0020, 0x0001, 0x4842, 0x0001, 0x5863,
    0x0001, 0xA906, 0x0001, 0xC127, 0x0001, 0xB927, 0x0001, 0xC127,
    0x0001, 0xB107, 0x0001, 0x5863, 0x0001, 0x5063, 0x0001, 0x0820,
    0x0002, 0x0020, 0x0001, 0x1821, 0x0001, 0x5843, 0x0001, 0x7084,
    0x0001, 0xC128, 0x0003, 0xB927, 0x0001, 0x80A5, 0x0001, 0xA0E6,
    0x0001, 0xC148, 0x0001, 0xB927, 0x0001, 0xC127, 0x0001, 0xA0E6,
    0x0001, 0x5843, 0x0001, 0x5863, 0x0001, 0x2021, 0x0004, 0x0020,
    0x0001, 0x0040, 0x0001, 0x08A2, 0x0003, 0x08C2, 0x0001, 0x4863,
    0x0001, 0x5843, 0x0001, 0xA0E6, 0x0001, 0xC128, 0x0001, 0xB927,
    0x0001, 0xC148, 0x0001, 0x78A4, 0x0001, 0x5843, 0x0001, 0x2041,
    0x0003, 0x0020, 0x0001, 0x2841, 0x0001, 0x5843, 0x0001, 0x6063,
    0x0004, 0xB927, 0x0001, 0xC148, 0x0001, 0x78A4, 0x0001, 0x4822,
    0x0001, 0x88C5, 0x0001, 0xC948, 0x0001, 0x90C5, 0x0001, 0x5042,
    0x0001, 0x5863, 0x0001, 0x5843, 0x0001, 0x6063, 0x0001, 0xB927,
    0x0001, 0xC127, 0x0002, 0xB927, 0x0001, 0xC148, 0x0001, 0x80A5,
    0x0001, 0x5843, 0x0001, 0x5042, 0x0003, 0x0020, 0x0001, 0x1020,
    0x0001, 0x3042, 0x0001, 0x3842, 0x0001, 0x1821, 0x0006, 0x0020,
    0x0001, 0x0861, 0x0001, 0x08A2, 0x002F, 0x0881, 0x003B, 0x0861,
    0x0023, 0x0841, 0x003B, 0x0861, 0x0019, 0x0881, 0x0001, 0x0061,
    0x0001, 0x0020, 0x0001, 0x1821, 0x0001, 0x2841, 0x0001, 0x1021,
    0x0001, 0x0020, 0x0001, 0x4842, 0x0001, 0x5863, 0x0001, 0xA906,
    0x0001, 0xC127, 0x0002, 0xB927, 0x0001, 0xC148, 0x0001, 0x7084,
    0x0001, 0x5843, 0x0001, 0x2841, 0x0002, 0x0020, 0x0001, 0x1021,
    0x0001, 0x5843, 0x0001, 0x6883, 0x0004, 0xB927, 0x0001, 0xC148,
    0x0001, 0xC948, 0x0003, 0xB927, 0x0001, 0xC148, 0x0001, 0x90C5,
    0x0001, 0x5043, 0x0001, 0x5863, 0x0001, 0x1021, 0x0003, 0x0020,
    0x0001, 0x0881, 0x0001, 0x08C2, 0x0002, 0x08A2, 0x0001, 0x08C2,
    0x0001, 0x4082, 0x0001, 0x5843, 0x0001, 0x90E6, 0x0001, 0xC148,
    0x0001, 0xB927, 0x0001, 0xC148, 0x0001, 0x88C5, 0x0001, 0x5843,
    0x0001, 0x3842, 0x0002, 0x0020, 0x0001, 0x0820, 0x0001, 0x5863,
    0x0001, 0x5843, 0x0001, 0xA0E6, 0x0001, 0xC148, 0x0003, 0xB927,
    0x0001, 0xC127, 0x0001, 0xB107, 0x0001, 0x90C5, 0x0001, 0xC128,
    0x0001, 0xB107, 0x0001, 0x5863, 0x0001, 0x6063, 0x0001, 0x1841,
    0x0001, 0x4042, 0x0001, 0x5843, 0x0001, 0x7084, 0x0001, 0xB927,
    0x0001, 0xC128, 0x0001, 0xC148, 0x0001, 0x90E6, 0x0001, 0x5043,
    0x0001, 0x5863, 0x0001, 0x1021, 0x0005, 0x0020, 0x0001, 0x0040,
    0x0006, 0x0020, 0x0001, 0x0041, 0x0030, 0x0881, 0x003A, 0x0861,
    0x0025, 0x0841, 0x003C, 0x0861, 0x0018, 0x0881, 0x0001, 0x1082,
    0x0001, 0x4863, 0x0002, 0x5843, 0x0001, 0x6063, 0x0001, 0x2021,
    0x0001, 0x4042, 0x0001, 0x5843, 0x0001, 0xA0E6, 0x0001, 0xC128,
    0x0002, 0xB927, 0x0001, 0xC148, 0x0001, 0xA0E6, 0x0002, 0x5843,
    0x0001, 0x0820, 0x0001, 0x0020, 0x0001, 0x0820, 0x0001, 0x5042,
    0x0001, 0x6063, 0x0001, 0xB107, 0x0001, 0xC127, 0x0001, 0xB927,
    0x0001, 0xC148, 0x0001, 0x90C5, 0x0001, 0x80A5, 0x0001, 0xC127,
    0x0003, 0xB927, 0x0001, 0xC148, 0x0001, 0x80A5, 0x0002, 0x5043,
    0x0001, 0x0820, 0x0002, 0x0020, 0x0001, 0x0041, 0x0003, 0x08A2,
    0x0001, 0x08C2, 0x0001, 0x3882, 0x0001, 0x5843, 0x0001, 0x88C5,
    0x0001, 0xC148, 0x0001, 0xB927, 0x0001, 0xC127, 0x0001, 0xA906,
    0x0001, 0x5843, 0x0001, 0x5042, 0x0002, 0x0020, 0x0001, 0x4042,
    0x0001, 0x5843, 0x0001, 0x78A4, 0x0001, 0xC948, 0x0001, 0x98E6,
    0x0001, 0xA106, 0x0001, 0xC128, 0x0002, 0xB927, 0x0001, 0xC127,
    0x0001, 0xC148, 0x0001, 0xC127, 0x0001, 0x7084, 0x0001, 0x5843,
    0x0001, 0x3842, 0x0001, 0x0020, 0x0001, 0x0820, 0x0001, 0x5063,
    0x0001, 0x5843, 0x0001, 0x6884, 0x0001, 0xA0E6, 0x0001, 0x90C5,
    0x0001, 0x5843, 0x0001, 0x6063, 0x0001, 0x2041, 0x0005, 0x0020,
    0x0001, 0x0040, 0x0001, 0x08A2, 0x0001, 0x0861, 0x0004, 0x0020,
    0x0001, 0x0861, 0x0001, 0x0882, 0x002F, 0x0881, 0x003B, 0x0861,
    0x0026, 0x0841, 0x003C, 0x0861, 0x0016, 0x0881, 0x0001, 0x1081,
    0x0001, 0x5063, 0x0001, 0x5843, 0x0001, 0x6884, 0x0001, 0x80A4,
    0x0001, 0x5863, 0x0001, 0x5042, 0x0001, 0x3842, 0x0001, 0x5843,
    0x0001, 0x90C5, 0x0001, 0xC148, 0x0003, 0xB927, 0x0001, 0xC128,
    0x0001, 0x7884, 0x0001, 0x5843, 0x0001, 0x4042, 0x0002, 0x0020,
    0x0001, 0x4842, 0x0001, 0x5863, 0x0001, 0xA906, 0x0001, 0xC127,
    0x0001, 0xB927, 0x0001, 0xC148, 0x0001, 0x88C5, 0x0001, 0x4822,
    0x0001, 0x90C5, 0x0001, 0xC148, 0x0003, 0xB927, 0x0001, 0xC127,
    0x0001, 0x7084, 0x0001, 0x5843, 0x0001, 0x4842, 0x0003, 0x0020,
    0x0001, 0x0041, 0x0003, 0x08A2, 0x0001, 0x2882, 0x0001, 0x5843,
    0x0001, 0x78A4, 0x0001, 0xC148, 0x0003, 0xB927, 0x0001, 0x6883,
    0x0001, 0x5843, 0x0001, 0x1821, 0x0001, 0x3041, 0x0001, 0x6043,
    0x0001, 0x6063, 0x0002, 0xB927, 0x0001, 0x6063, 0x0001, 0x90C5,
    0x0001, 0xC148, 0x0003, 0xB927, 0x0001, 0xC128, 0x0001, 0x90C5,
    0x0002, 0x5043, 0x0001, 0x0820, 0x0002, 0x0020, 0x0001, 0x1020,
    0x0001, 0x5042, 0x0003, 0x5843, 0x0001, 0x6063, 0x0001, 0x2841,
    0x0006, 0x0020, 0x0001, 0x0881, 0x0001, 0x0882, 0x0001, 0x08A2,
    0x0002, 0x0881, 0x0001, 0x0861, 0x0001, 0x0881, 0x0001, 0x0882,
    0x002E, 0x0881, 0x003D, 0x0861, 0x0012, 0x0841, 0x0001, 0x0041,
    0x0013, 0x0841, 0x003E, 0x0861, 0x0014, 0x0881, 0x0001, 0x4862,
    0x0001, 0x5843, 0x0001, 0x6884, 0x0001, 0xB927, 0x0001, 0xC148,
    0x0001, 0x7084, 0x0001, 0x5042, 0x0001, 0x3842, 0x0001, 0x5043,
    0x0001, 0x7084, 0x0001, 0xC128, 0x0003, 0xB927, 0x0001, 0xC127,
    0x0001, 0xB107, 0x0001, 0x6063, 0x0001, 0x5863, 0x0001, 0x2021,
    0x0001, 0x0020, 0x0001, 0x4042, 0x0001, 0x5843, 0x0001, 0x98E6,
    0x0001, 0xC148, 0x0001, 0xB927, 0x0001, 0xC148, 0x0001, 0x98E6,
    0x0001, 0x5043, 0x0001, 0x5863, 0x0001, 0xA906, 0x0001, 0xC128,
    0x0002, 0xB927, 0x0001, 0xC127, 0x0001, 0xB927, 0x0001, 0x6063,
    0x0001, 0x5843, 0x0001, 0x4042, 0x0003, 0x0020, 0x0001, 0x0861,
    0x0002, 0x08A2, 0x0001, 0x18A2, 0x0001, 0x5843, 0x0001, 0x6884,
    0x0003, 0xB927, 0x0001, 0xC148, 0x0001, 0x88C5, 0x0001, 0x5042,
    0x0001, 0x5063, 0x0001, 0x5863, 0x0001, 0x5843, 0x0001, 0xA0E6,
    0x0001, 0xC948, 0x0001, 0x80A5, 0x0001, 0x4842, 0x0001, 0x88C5,
    0x0001, 0xC148, 0x0002, 0xB927, 0x0001, 0xC128, 0x0001, 0xA907,
    0x0001, 0x5843, 0x0001, 0x6063, 0x0001, 0x1821, 0x0005, 0x0020,
    0x0001, 0x3062, 0x0002, 0x4042, 0x0001, 0x1821, 0x0006, 0x0020,
    0x0001, 0x0861, 0x0001, 0x08A2, 0x0003, 0x0881, 0x0002, 0x0882,
    0x002E, 0x0881, 0x003E, 0x0861, 0x0013, 0x0841, 0x0002, 0x0041,
    0x0013, 0x0841, 0x003F, 0x0861, 0x0010, 0x0881, 0x0001, 0x0081,
    0x0001, 0x3862, 0x0001, 0x5843, 0x0001, 0x6063, 0x0001, 0xB927,
    0x0001, 0xC127, 0x0001, 0xC128, 0x0001, 0x80A5, 0x0001, 0x5843,
    0x0001, 0x3041, 0x0001, 0x5042, 0x0001, 0x6063, 0x0001, 0xB107,
    0x0001, 0xC127, 0x0003, 0xB927, 0x0001, 0xC148, 0x0001, 0x78A4,
    0x0001, 0x5843, 0x0001, 0x3042, 0x0001, 0x0000, 0x0001, 0x3842,
    0x0001, 0x5843, 0x0001, 0x90C5, 0x0001, 0xC148, 0x0001, 0xB927,
    0x0001, 0xC128, 0x0001, 0xA906, 0x0002, 0x5843, 0x0001, 0x6863,
    0x0004, 0xB927, 0x0001, 0xC128, 0x0001, 0xB107, 0x0001, 0x5863,
    0x0001, 0x6063, 0x0001, 0x3042, 0x0003, 0x0020, 0x0001, 0x0861,
    0x0001, 0x08A2, 0x0001, 0x10A2, 0x0001, 0x5063, 0x0001, 0x5863,
    0x0001, 0xB107, 0x0001, 0xC127, 0x0003, 0xB927, 0x0001, 0x6063,
    0x0001, 0x5042, 0x0001, 0x5043, 0x0001, 0x98E6, 0x0001, 0xC948,
    0x0001, 0xA0E6, 0x0001, 0x5843, 0x0001, 0x5043, 0x0001, 0x7084,
    0x0001, 0xC127, 0x0003, 0xB927, 0x0001, 0x6884, 0x0001, 0x5843,
    0x0001, 0x3842, 0x0005, 0x0020, 0x0001, 0x0040, 0x0001, 0x00A1,
    0x0001, 0x0081, 0x0007, 0x0020, 0x0001, 0x0861, 0x0001, 0x08A2,
    0x0033, 0x0881, 0x003E, 0x0861, 0x0013, 0x0841, 0x0003, 0x0041,
    0x0014, 0x0841, 0x003F, 0x0861, 0x000E, 0x0881, 0x0001, 0x0081,
    0x0001, 0x2062, 0x0001, 0x6043, 0x0001, 0x5843, 0x0001, 0xA8E6,
    0x0001, 0xC128, 0x0001, 0xB927, 0x0001, 0xC148, 0x0001, 0x90C5,
    0x0001, 0x5843, 0x0002, 0x3042, 0x0001, 0x5843, 0x0001, 0x80A5,
    0x0001, 0xC148, 0x0002, 0xB927, 0x0001, 0xC148, 0x0001, 0x88C5,
    0x0001, 0x5043, 0x0001, 0x5863, 0x0001, 0x1021, 0x0001, 0x0000,
    0x0001, 0x2841, 0x0001, 0x5843, 0x0001, 0x80A5, 0x0001, 0xC148,
    0x0001, 0xB927, 0x0001, 0xC127, 0x0001, 0xB107, 0x0002, 0x5863,
    0x0001, 0x5042, 0x0001, 0x80A4, 0x0001, 0xC148, 0x0003, 0xB927,
    0x0001, 0xC148, 0x0001, 0xA0E6, 0x0001, 0x5843, 0x0001, 0x6063,
    0x0001, 0x2841, 0x0003, 0x0020, 0x0001, 0x0881, 0x0001, 0x08A2,
    0x0001, 0x4062, 0x0001, 0x5843, 0x0001, 0x98E6, 0x0001, 0xC148,
    0x0002, 0xB927, 0x0001, 0xC127, 0x0001, 0xA907, 0x0001, 0x78A4,
    0x0001, 0xA0E6, 0x0001, 0xC148, 0x0001, 0xB927, 0x0001, 0x6883,
    0x0001, 0x5843, 0x0001, 0x5863, 0x0001, 0x6063, 0x0002, 0xB927,
    0x0001, 0xC148, 0x0001, 0x80A5, 0x0001, 0x5843, 0x0001, 0x5042,
    0x0006, 0x0020, 0x0001, 0x0881, 0x0002, 0x08A2, 0x0001, 0x0881,
    0x0005, 0x0020, 0x0001, 0x0861, 0x0001, 0x0882, 0x0032, 0x0881,
    0x003F, 0x0861, 0x0014, 0x0841, 0x0004, 0x0041, 0x0014, 0x0841,
    0x003F, 0x0861, 0x000D, 0x0881, 0x0001, 0x1081, 0x0001, 0x5863,
    0x0001, 0x5042, 0x0001, 0x90C5, 0x0001, 0xC148, 0x0002, 0xB927,
    0x0001, 0xC128, 0x0001, 0xA0E6, 0x0001, 0x5843, 0x0001, 0x4042,
    0x0001, 0x1020, 0x0002, 0x5863, 0x0001, 0xB107, 0x0001, 0xC127,
    0x0001, 0xC148, 0x0001, 0x98E6, 0x0001, 0x5043, 0x0001, 0x6063,
    0x0001, 0x2021, 0x0002, 0x0020, 0x0001, 0x1821, 0x0001, 0x5843,
    0x0001, 0x7084, 0x0001, 0xC127, 0x0001, 0xB927, 0x0001, 0xC127,
    0x0001, 0xB107, 0x0001, 0x6063, 0x0001, 0x5843, 0x0001, 0x5863,
    0x0001, 0x5043, 0x0001, 0x98E6, 0x0001, 0xC148, 0x0003, 0xB927,
    0x0001, 0xC148, 0x0001, 0x98E6, 0x0001, 0x5043, 0x0001, 0x6063,
    0x0001, 0x1821, 0x0003, 0x0020, 0x0001, 0x0081, 0x0001, 0x3082,
    0x0001, 0x5843, 0x0001, 0x78A4, 0x0001, 0xC148, 0x0003, 0xB927,
    0x0001, 0xC127, 0x0001, 0xC148, 0x0001, 0xC127, 0x0001, 0xC148,
    0x0001, 0x88C5, 0x0001, 0x5843, 0x0002, 0x4842, 0x0001, 0x5843,
    0x0001, 0x90C5, 0x0001, 0xC948, 0x0001, 0x90C5, 0x0001, 0x5043,
    0x0001, 0x5863, 0x0001, 0x1021, 0x0005, 0x0020, 0x0001, 0x0861,
    0x0001, 0x08A2, 0x0002, 0x0882, 0x0001, 0x08A2, 0x0001, 0x0882,
    0x0003, 0x0861, 0x0001, 0x0881, 0x0001, 0x0882, 0x0032, 0x0881,
    0x0040, 0x0861, 0x0013, 0x0841, 0x0006, 0x0041, 0x0013, 0x0841,
    0x0040, 0x0861, 0x000C, 0x0881, 0x0001, 0x4862, 0x0001, 0x5843,
    0x0001, 0x78A4, 0x0001, 0xC127, 0x0003, 0xB927, 0x0001, 0xC127,
    0x0001, 0xA907, 0x0001, 0x5863, 0x0001, 0x5042, 0x0001, 0x0020,
    0x0001, 0x3842, 0x0001, 0x5843, 0x0001, 0x7084, 0x0001, 0xC148,
    0x0001, 0xA106, 0x0001, 0x5843, 0x0001, 0x6063, 0x0001, 0x2821,
    0x0003, 0x0020, 0x0001, 0x1021, 0x0001, 0x5843, 0x0001, 0x6883,
    0x0003, 0xB927, 0x0001, 0xB127, 0x0001, 0x6063, 0x0001, 0x4842,
    0x0001, 0x2821, 0x0002, 0x5863, 0x0001, 0xB107, 0x0001, 0xC128,
    0x0003, 0xB927, 0x0001, 0xC148, 0x0001, 0x88C5, 0x0001, 0x5042,
    0x0001, 0x5863, 0x0001, 0x1021, 0x0003, 0x0020, 0x0001, 0x1882,
    0x0001, 0x5863, 0x0001, 0x6063, 0x0006, 0xB927, 0x0001, 0xC127,
    0x0001, 0xA906, 0x0001, 0x5843, 0x0001, 0x6063, 0x0001, 0x1021,
    0x0001, 0x1821, 0x0002, 0x6063, 0x0001, 0x7084, 0x0001, 0x5843,
    0x0001, 0x6063, 0x0001, 0x2021, 0x0005, 0x0020, 0x0001, 0x0040,
    0x0002, 0x0882, 0x0004, 0x0881, 0x0003, 0x0882, 0x0033, 0x0881,
    0x0040, 0x0861, 0x0014, 0x0841, 0x0006, 0x0041, 0x0015, 0x0841,
    0x0040, 0x0861, 0x0008, 0x0881, 0x0001, 0x0081, 0x0001, 0x3062,
    0x0001, 0x5843, 0x0001, 0x6063, 0x0001, 0xB927, 0x0001, 0xC148,
    0x0001, 0xC128, 0x0004, 0xB927, 0x0001, 0x6063, 0x0001, 0x5043,
    0x0001, 0x0820, 0x0001, 0x0020, 0x0001, 0x5043, 0x0001, 0x5843,
    0x0001, 0x78A4, 0x0001, 0x6063, 0x0001, 0x5843, 0x0001, 0x3042,
    0x0004, 0x0020, 0x0001, 0x0820, 0x0001, 0x5043, 0x0001, 0x6063,
    0x0001, 0xB127, 0x0001, 0xB927, 0x0001, 0xC127, 0x0001, 0xB107,
    0x0001, 0x6063, 0x0001, 0x5042, 0x0001, 0x0020, 0x0001, 0x3842,
    0x0001, 0x5843, 0x0001, 0x6884, 0x0005, 0xB927, 0x0001, 0xC128,
    0x0001, 0x80A4, 0x0001, 0x5043, 0x0001, 0x5843, 0x0001, 0x0820,
    0x0002, 0x0020, 0x0001, 0x0040, 0x0001, 0x4863, 0x0001, 0x5843,
    0x0001, 0x90C5, 0x0001, 0xC148, 0x0005, 0xB927, 0x0001, 0x6863,
    0x0001, 0x5843, 0x0001, 0x3041, 0x0002, 0x0020, 0x0001, 0x3042,
    0x0001, 0x5863, 0x0002, 0x5843, 0x0001, 0x2021, 0x0006, 0x0020,
    0x003C, 0x0881, 0x0040, 0x0861, 0x0014, 0x0841, 0x0008, 0x0041,
    0x0014, 0x0841, 0x0041, 0x0861, 0x0006, 0x0881, 0x0001, 0x0081,
    0x0001, 0x2062, 0x0001, 0x5863, 0x0001, 0x5043, 0x0001, 0xA0E6,
    0x0001, 0xC948, 0x0001, 0x90C5, 0x0001, 0x98E6, 0x0001, 0xC128,
    0x0002, 0xB927, 0x0001, 0xC127, 0x0001, 0x6884, 0x0001, 0x5843,
    0x0001, 0x1821, 0x0001, 0x0000, 0x0001, 0x1821, 0x0001, 0x5863,
    0x0001, 0x5843, 0x0001, 0x6063, 0x0001, 0x4042, 0x0006, 0x0020,
    0x0001, 0x4842, 0x0001, 0x5863, 0x0001, 0xA907, 0x0002, 0xC127,
    0x0001, 0xA907, 0x0001, 0x5863, 0x0001, 0x4842, 0x0002, 0x0020,
    0x0001, 0x5042, 0x0001, 0x5843, 0x0001, 0x80A4, 0x0001, 0xC148,
    0x0004, 0xB927, 0x0001, 0xC127, 0x0001, 0x7084, 0x0001, 0x5843,
    0x0001, 0x5063, 0x0001, 0x0820, 0x0002, 0x0020, 0x0001, 0x1841,
    0x0001, 0x5863, 0x0001, 0x6063, 0x0001, 0xB927, 0x0001, 0xC127,
    0x0002, 0xB927, 0x0001, 0xC128, 0x0001, 0x78A4, 0x0001, 0x5043,
    0x0001, 0x5863, 0x0001, 0x4042, 0x0001, 0x4842, 0x0001, 0x2041,
    0x0001, 0x0020, 0x0001, 0x0820, 0x0001, 0x1821, 0x0001, 0x0820,
    0x0006, 0x0020, 0x0001, 0x0861, 0x0001, 0x0882, 0x0039, 0x0881,
    0x0041, 0x0861, 0x0014, 0x0841, 0x0009, 0x0041, 0x0015, 0x0841,
    0x0041, 0x0861, 0x0006, 0x0881, 0x0001, 0x5063, 0x0001, 0x5843,
    0x0001, 0x88C5, 0x0001, 0xC948, 0x0001, 0x90C5, 0x0001, 0x4842,
    0x0001, 0x6863, 0x0003, 0xB927, 0x0001, 0xC128, 0x0001, 0x78A4,
    0x0001, 0x5843, 0x0001, 0x2021, 0x0002, 0x0020, 0x0001, 0x1821,
    0x0001, 0x4042, 0x0001, 0x3042, 0x0005, 0x0020, 0x0001, 0x0000,
    0x0001, 0x0041, 0x0001, 0x4863, 0x0001, 0x5843, 0x0001, 0xA106,
    0x0002, 0xC127, 0x0001, 0xA0E6, 0x0001, 0x5843, 0x0001, 0x4042,
    0x0002, 0x0020, 0x0001, 0x1020, 0x0001, 0x5863, 0x0001, 0x5043,
    0x0001, 0x90C5, 0x0001, 0xC148, 0x0005, 0xB927, 0x0001, 0x6884,
    0x0001, 0x5843, 0x0001, 0x5042, 0x0001, 0x0820, 0x0002, 0x0020,
    0x0001, 0x4042, 0x0001, 0x5843, 0x0001, 0x7084, 0x0001, 0xB927,
    0x0001, 0xC148, 0x0001, 0xC128, 0x0001, 0x88C5, 0x0001, 0x5843,
    0x0001, 0x5863, 0x0001, 0x5042, 0x0001, 0x6063, 0x0002, 0x5843,
    0x0001, 0x4842, 0x0001, 0x1821, 0x0007, 0x0020, 0x0001, 0x0861,
    0x0001, 0x0882, 0x0039, 0x0881, 0x0041, 0x0861, 0x0015, 0x0841,
    0x000A, 0x0041, 0x0014, 0x0841, 0x0042, 0x0861, 0x0004, 0x0881,
    0x0001, 0x1062, 0x0001, 0x5843, 0x0001, 0x6063, 0x0001, 0xC127,
    0x0001, 0xA106, 0x0001, 0x5043, 0x0001, 0x5863, 0x0001, 0x6063,
    0x0001, 0xB107, 0x0001, 0xC127, 0x0001, 0xB927, 0x0001, 0xC148,
    0x0001, 0x80A5, 0x0001, 0x5843, 0x0001, 0x2841, 0x0001, 0x0000,
    0x0003, 0x0020, 0x0001, 0x0040, 0x0004, 0x0020, 0x0001, 0x0000,
    0x0001, 0x0041, 0x0001, 0x0881, 0x0001, 0x4062, 0x0001, 0x5843,
    0x0001, 0x98E6, 0x0001, 0xC127, 0x0001, 0xC128, 0x0001, 0x88C5,
    0x0001, 0x5843, 0x0001, 0x3042, 0x0001, 0x0000, 0x0002, 0x0020,
    0x0001, 0x2021, 0x0001, 0x6063, 0x0001, 0x5843, 0x0001, 0xA106,
    0x0001, 0xC148, 0x0003, 0xB927, 0x0001, 0xC127, 0x0001, 0xB927,
    0x0001, 0x6883, 0x0001, 0x5843, 0x0001, 0x4842, 0x0001, 0x0820,
    0x0001, 0x0020, 0x0001, 0x0820, 0x0001, 0x5063, 0x0001, 0x5843,
    0x0001, 0x6883, 0x0001, 0x88C5, 0x0001, 0x7084, 0x0001, 0x5843,
    0x0001, 0x5863, 0x0001, 0x2021, 0x0001, 0x4842, 0x0001, 0x6063,
    0x0001, 0x90C5, 0x0001, 0x6883, 0x0001, 0x5843, 0x0001, 0x5863,
    0x0001, 0x4042, 0x0001, 0x1020, 0x0003, 0x0020, 0x0001, 0x0040,
    0x0001, 0x0861, 0x0001, 0x0882, 0x0039, 0x0881, 0x0042, 0x0861,
    0x0014, 0x0841, 0x000C, 0x0041, 0x0014, 0x0841, 0x0043, 0x0861,
    0x0003, 0x0881, 0x0001, 0x4863, 0x0001, 0x5843, 0x0001, 0x90C5,
    0x0001, 0x6063, 0x0001, 0x5843, 0x0001, 0x5863, 0x0001, 0x5843,
    0x0001, 0xA0E6, 0x0001, 0xC128, 0x0001, 0xB927, 0x0001, 0xC148,
    0x0001, 0x90C5, 0x0001, 0x5843, 0x0001, 0x3842, 0x0001, 0x0000,
    0x0002, 0x0020, 0x0001, 0x0000, 0x0001, 0x0861, 0x0001, 0x0841,
    0x0003, 0x0000, 0x0001, 0x0040, 0x0002, 0x0881, 0x0001, 0x4062,
    0x0001, 0x5843, 0x0001, 0x98E6, 0x0001, 0xC148, 0x0001, 0xB927,
    0x0001, 0x6884, 0x0001, 0x5843, 0x0001, 0x1821, 0x0004, 0x0020,
    0x0001, 0x3042, 0x0001, 0x6063, 0x0001, 0x5863, 0x0001, 0xB107,
    0x0001, 0xC127, 0x0003, 0xB927, 0x0001, 0xC127, 0x0001, 0xB927,
    0x0001, 0x6863, 0x0001, 0x5843, 0x0001, 0x4842, 0x0001, 0x0820,
    0x0001, 0x0020, 0x0001, 0x1021, 0x0001, 0x4842, 0x0003, 0x5843,
    0x0001, 0x5863, 0x0001, 0x1821, 0x0001, 0x0820, 0x0001, 0x5843,
    0x0001, 0x6863, 0x0001, 0xC128, 0x0001, 0xB927, 0x0001, 0x88C5,
    0x0001, 0x5863, 0x0001, 0x6063, 0x0001, 0x5043, 0x0001, 0x0820,
    0x0002, 0x0020, 0x0001, 0x0041, 0x003A, 0x0881, 0x0042, 0x0861,
    0x0014, 0x0841, 0x000D, 0x0041, 0x0015, 0x0841, 0x0044, 0x0861,
    0x0001, 0x0081, 0x0001, 0x3062, 0x0001, 0x6063, 0x0001, 0x5843,
    0x0001, 0x6063, 0x0002, 0x3842, 0x0001, 0x5843, 0x0001, 0x90C5,
    0x0001, 0xC148, 0x0001, 0xB927, 0x0001, 0xC128, 0x0001, 0xA0E6,
    0x0001, 0x5843, 0x0001, 0x4042, 0x0003, 0x0020, 0x0001, 0x0000,
    0x0001, 0x0041, 0x0001, 0x0881, 0x0001, 0x0861, 0x0001, 0x0841,
    0x0001, 0x0861, 0x0002, 0x0881, 0x0001, 0x0081, 0x0001, 0x4062,
    0x0001, 0x5843, 0x0001, 0x98E6, 0x0001, 0xC948, 0x0001, 0xA906,
    0x0001, 0x5863, 0x0001, 0x5043, 0x0004, 0x0020, 0x0001, 0x0000,
    0x0001, 0x0061, 0x0001, 0x4063, 0x0001, 0x5843, 0x0001, 0x6863,
    0x0001, 0xB927, 0x0001, 0xC127, 0x0003, 0xB927, 0x0001, 0xC127,
    0x0001, 0xB927, 0x0001, 0x6883, 0x0001, 0x5843, 0x0001, 0x5043,
    0x0001, 0x1021, 0x0001, 0x0000, 0x0001, 0x0020, 0x0001, 0x2041,
    0x0001, 0x3042, 0x0001, 0x2821, 0x0001, 0x0820, 0x0001, 0x0000,
    0x0001, 0x2021, 0x0001, 0x5843, 0x0001, 0x78A4, 0x0001, 0xC127,
    0x0001, 0xB927, 0x0001, 0xC148, 0x0001, 0xB127, 0x0002, 0x6063,
    0x0001, 0x2021, 0x0002, 0x0020, 0x0001, 0x0000, 0x0001, 0x0040,
    0x0001, 0x0882, 0x0035, 0x0881, 0x0044, 0x0861, 0x0015, 0x0841,
    0x000E, 0x0041, 0x0014, 0x0841, 0x0045, 0x0861, 0x0001, 0x1061,
    0x0001, 0x4862, 0x0001, 0x5863, 0x0001, 0x4042, 0x0001, 0x0020,
    0x0001, 0x2821, 0x0001, 0x5843, 0x0001, 0x80A5, 0x0001, 0xC148,
    0x0001, 0xB927, 0x0001, 0xC127, 0x0001, 0xA907, 0x0001, 0x5863,
    0x0001, 0x4842, 0x0003, 0x0020, 0x0001, 0x0000, 0x0001, 0x0041,
    0x0006, 0x0881, 0x0001, 0x0081, 0x0001, 0x4062, 0x0001, 0x5843,
    0x0001, 0x98E6, 0x0001, 0xC948, 0x0001, 0x80A5, 0x0001, 0x5843,
    0x0001, 0x3042, 0x0001, 0x0020, 0x0001, 0x1021, 0x0001, 0x3042,
    0x0001, 0x3842, 0x0001, 0x1021, 0x0001, 0x0081, 0x0001, 0x0881,
    0x0001, 0x4863, 0x0001, 0x5843, 0x0001, 0x6884, 0x0001, 0xB927,
    0x0001, 0xC127, 0x0003, 0xB927, 0x0001, 0xC127, 0x0001, 0xB927,
    0x0001, 0x7084, 0x0001, 0x5043, 0x0001, 0x5863, 0x0001, 0x2021,
    0x0001, 0x0020, 0x0001, 0x0000, 0x0004, 0x0020, 0x0001, 0x4042,
    0x0001, 0x5843, 0x0001, 0x90C5, 0x0001, 0xC148, 0x0001, 0xB927,
    0x0001, 0xC128, 0x0001, 0x98E6, 0x0001, 0x5843, 0x0001, 0x5043,
    0x0001, 0x0820, 0x0004, 0x0020, 0x0001, 0x0861, 0x0001, 0x0882,
    0x0033, 0x0881, 0x0045, 0x0861, 0x0014, 0x0841, 0x000F, 0x0041,
    0x0016, 0x0841, 0x0045, 0x0861, 0x0001, 0x1081, 0x0001, 0x0040,
    0x0001, 0x0000, 0x0001, 0x1821, 0x0001, 0x5843, 0x0001, 0x7084,
    0x0001, 0xC128, 0x0002, 0xB927, 0x0001, 0xB127, 0x0001, 0x6063,
    0x0001, 0x5043, 0x0001, 0x0820, 0x0002, 0x0020, 0x0001, 0x0000,
    0x0001, 0x0020, 0x0007, 0x0881, 0x0001, 0x4863, 0x0001, 0x5843,
    0x0001, 0xA906, 0x0001, 0xC127, 0x0001, 0x6063, 0x0001, 0x5843,
    0x0001, 0x3842, 0x0001, 0x4042, 0x0002, 0x5843, 0x0001, 0x6063,
    0x0001, 0x5063, 0x0001, 0x0841, 0x0001, 0x0020, 0x0001, 0x0820,
    0x0001, 0x5043, 0x0001, 0x5843, 0x0001, 0x7084, 0x0001, 0xB927,
    0x0001, 0xC127, 0x0003, 0xB927, 0x0001, 0xC127, 0x0001, 0xB927,
    0x0001, 0x80A4, 0x0001, 0x5042, 0x0001, 0x5863, 0x0001, 0x4042,
    0x0001, 0x1021, 0x0003, 0x0020, 0x0001, 0x2021, 0x0001, 0x5863,
    0x0001, 0x6063, 0x0001, 0xB127, 0x0001, 0xB927, 0x0001, 0xC127,
    0x0001, 0xB107, 0x0002, 0x5863, 0x0001, 0x2021, 0x0005, 0x0020,
    0x0001, 0x0861, 0x0031, 0x0881, 0x0046, 0x0861, 0x0016, 0x0841,
    0x0011, 0x0041, 0x0015, 0x0841, 0x0046, 0x0861, 0x0001, 0x0020,
    0x0001, 0x0820, 0x0001, 0x5843, 0x0001, 0x6863, 0x0004, 0xB927,
    0x0001, 0x6884, 0x0001, 0x5843, 0x0001, 0x1021, 0x0004, 0x0020,
    0x0005, 0x0881, 0x0001, 0x0081, 0x0001, 0x1882, 0x0001, 0x5843,
    0x0001, 0x6063, 0x0001, 0xC127, 0x0001, 0x98E6, 0x0001, 0x5043,
    0x0001, 0x5863, 0x0002, 0x5843, 0x0001, 0x6883, 0x0001, 0x78A4,
    0x0002, 0x5863, 0x0001, 0x1020, 0x0002, 0x0020, 0x0001, 0x0820,
    0x0001, 0x5043, 0x0001, 0x5843, 0x0001, 0x6884, 0x0001, 0xB927,
    0x0001, 0xC128, 0x0004, 0xB927, 0x0001, 0xC128, 0x0001, 0x98E6,
    0x0001, 0x5863, 0x0002, 0x5843, 0x0001, 0x4042, 0x0001, 0x3042,
    0x0001, 0x4042, 0x0001, 0x5863, 0x0001, 0x5042, 0x0001, 0x90C5,
    0x0001, 0xC127, 0x0002, 0xB927, 0x0001, 0x6884, 0x0001, 0x5843,
    0x0001, 0x4042, 0x0004, 0x0020, 0x0001, 0x0000, 0x0001, 0x0020,
    0x0031, 0x0881, 0x0046, 0x0861, 0x0015, 0x0841, 0x0013, 0x0041,
    0x0015, 0x0841, 0x0047, 0x0861, 0x0001, 0x0841, 0x0001, 0x5042,
    0x0001, 0x6063, 0x0001, 0xB107, 0x0001, 0xC127, 0x0001, 0xB927,
    0x0001, 0xC128, 0x0001, 0x7084, 0x0001, 0x5843, 0x0001, 0x1821,
    0x0004, 0x0020, 0x0001, 0x0861, 0x0003, 0x0881, 0x0001, 0x0081,
    0x0001, 0x0881, 0x0001, 0x4863, 0x0001, 0x5042, 0x0001, 0x80A5,
    0x0001, 0xC948, 0x0001, 0x6884, 0x0001, 0x4842, 0x0001, 0x5863,
    0x0001, 0x7084, 0x0001, 0x98E6, 0x0001, 0xB927, 0x0001, 0x7084,
    0x0001, 0x5843, 0x0001, 0x4042, 0x0004, 0x0020, 0x0001, 0x0820,
    0x0001, 0x5063, 0x0001, 0x5843, 0x0001, 0x6063, 0x0001, 0xA906,
    0x0001, 0xC148, 0x0004, 0xB927, 0x0001, 0xC148, 0x0001, 0xB107,
    0x0001, 0x80A5, 0x0001, 0x6063, 0x0003, 0x5843, 0x0001, 0x5863,
    0x0001, 0x90C5, 0x0001, 0xC127, 0x0001, 0xC128, 0x0001, 0xB927,
    0x0001, 0x7084, 0x0001, 0x5843, 0x0001, 0x5042, 0x0005, 0x0020,
    0x0001, 0x0000, 0x0001, 0x0861, 0x002D, 0x0881, 0x004A, 0x0861,
    0x0015, 0x0841, 0x0015, 0x0041, 0x0014, 0x0841, 0x0046, 0x0861,
    0x0001, 0x0881, 0x0001, 0x4862, 0x0001, 0x5843, 0x0001, 0xA0E6,
    0x0001, 0xC128, 0x0001, 0xB927, 0x0001, 0xC148, 0x0001, 0x80A5,
    0x0001, 0x5843, 0x0001, 0x2821, 0x0001, 0x0000, 0x0003, 0x0020,
    0x0001, 0x0861, 0x0002, 0x0881, 0x0001, 0x0081, 0x0001, 0x1862,
    0x0001, 0x4863, 0x0001, 0x5843, 0x0001, 0x6063, 0x0001, 0xB927,
    0x0001, 0xA906, 0x0001, 0x6863, 0x0001, 0x88C5, 0x0001, 0xA907,
    0x0001, 0xC127, 0x0001, 0xC948, 0x0001, 0x7884, 0x0001, 0x5043,
    0x0001, 0x5042, 0x0001, 0x0820, 0x0005, 0x0020, 0x0001, 0x1061,
    0x0001, 0x4863, 0x0001, 0x5843, 0x0001, 0x5863, 0x0001, 0x90C5,
    0x0001, 0xC127, 0x0001, 0xC128, 0x0003, 0xB927, 0x0001, 0xC127,
    0x0001, 0xC128, 0x0001, 0xB107, 0x0001, 0x98E6, 0x0001, 0x88C5,
    0x0001, 0x90C5, 0x0001, 0xB107, 0x0001, 0xC948, 0x0001, 0xC128,
    0x0001, 0xA0E6, 0x0001, 0x6063, 0x0001, 0x5843, 0x0001, 0x5043,
    0x0001, 0x0820, 0x0004, 0x0020, 0x0001, 0x0000, 0x0001, 0x0041,
    0x002D, 0x0881, 0x004A, 0x0861, 0x0014, 0x0841, 0x0017, 0x0041,
    0x0016, 0x0841, 0x0044, 0x0861, 0x0001, 0x0061, 0x0001, 0x4062,
    0x0001, 0x5843, 0x0001, 0x90C5, 0x0001, 0xC148, 0x0001, 0xB927,
    0x0001, 0xC148, 0x0001, 0x90C5, 0x0001, 0x5843, 0x0001, 0x3842,
    0x0001, 0x0000, 0x0002, 0x0020, 0x0001, 0x0000, 0x0001, 0x0061,
    0x0001, 0x0081, 0x0001, 0x1062, 0x0001, 0x3862, 0x0001, 0x5863,
    0x0001, 0x5843, 0x0001, 0x6063, 0x0001, 0xB107, 0x0001, 0xC128,
    0x0001, 0xB107, 0x0001, 0xB927, 0x0003, 0xC148, 0x0001, 0x80A5,
    0x0001, 0x5043, 0x0001, 0x5863, 0x0001, 0x0820, 0x0004, 0x0020,
    0x0001, 0x0000, 0x0001, 0x0041, 0x0002, 0x0881, 0x0001, 0x3862,
    0x0001, 0x6043, 0x0001, 0x5043, 0x0001, 0x7084, 0x0001, 0xA0E6,
    0x0001, 0xC127, 0x0001, 0xC148, 0x0001, 0xC128, 0x0001, 0xC127,
    0x0001, 0xB927, 0x0001, 0xC127, 0x0001, 0xC148, 0x0002, 0xC948,
    0x0001, 0xC127, 0x0001, 0xA106, 0x0001, 0x78A4, 0x0001, 0x5843,
    0x0001, 0x6063, 0x0001, 0x4842, 0x0001, 0x0820, 0x0004, 0x0020,
    0x0001, 0x0000, 0x0001, 0x0020, 0x002C, 0x0881, 0x004A, 0x0861,
    0x0016, 0x0841, 0x0019, 0x0041, 0x0015, 0x0841, 0x0043, 0x0861,
    0x0001, 0x0061, 0x0001, 0x3062, 0x0001, 0x5843, 0x0001, 0x88A5,
    0x0001, 0xC148, 0x0001, 0xB927, 0x0001, 0xC128, 0x0001, 0x98E6,
    0x0001, 0x5843, 0x0001, 0x4042, 0x0003, 0x0020, 0x0001, 0x0000,
    0x0001, 0x1041, 0x0001, 0x4063, 0x0001, 0x5863, 0x0002, 0x5843,
    0x0001, 0x80A5, 0x0001, 0xB927, 0x0001, 0xC127, 0x0001, 0xB927,
    0x0001, 0xC127, 0x0001, 0xC148, 0x0001, 0xC127, 0x0001, 0xA906,
    0x0001, 0x78A4, 0x0001, 0x5843, 0x0001, 0x5863, 0x0001, 0x1821,
    0x0004, 0x0020, 0x0001, 0x0000, 0x0001, 0x0020, 0x0001, 0x0861,
    0x0002, 0x0881, 0x0001, 0x0081, 0x0001, 0x2062, 0x0001, 0x5063,
    0x0002, 0x5843, 0x0001, 0x7084, 0x0001, 0x90C5, 0x0001, 0xA906,
    0x0001, 0xB107, 0x0001, 0xB927, 0x0001, 0xB127, 0x0001, 0xB107,
    0x0001, 0xA0E6, 0x0001, 0x88C5, 0x0001, 0x6884, 0x0003, 0x5843,
    0x0001, 0x2841, 0x0005, 0x0020, 0x0001, 0x0000, 0x0001, 0x0020,
    0x0001, 0x0861, 0x0029, 0x0881, 0x004D, 0x0861, 0x0015, 0x0841,
    0x001B, 0x0041, 0x0015, 0x0841, 0x0042, 0x0861, 0x0001, 0x0061,
    0x0001, 0x2862, 0x0001, 0x5843, 0x0001, 0x78A4, 0x0001, 0xC128,
    0x0001, 0xB927, 0x0001, 0xC127, 0x0001, 0xA906, 0x0001, 0x5863,
    0x0001, 0x4842, 0x0003, 0x0020, 0x0001, 0x0820, 0x0001, 0x5043,
    0x0001, 0x6043, 0x0001, 0x5863, 0x0001, 0x78A4, 0x0001, 0xA907,
    0x0001, 0xC148, 0x0002, 0xB927, 0x0001, 0xC148, 0x0001, 0xB927,
    0x0001, 0xA0E6, 0x0001, 0x7084, 0x0002, 0x5843, 0x0001, 0x5863,
    0x0001, 0x2021, 0x0006, 0x0020, 0x0001, 0x0861, 0x0004, 0x0881,
    0x0001, 0x0081, 0x0001, 0x0861, 0x0001, 0x3042, 0x0001, 0x5042,
    0x0003, 0x5843, 0x0004, 0x6063, 0x0003, 0x5843, 0x0001, 0x5042,
    0x0001, 0x3042, 0x0001, 0x0820, 0x0005, 0x0020, 0x0001, 0x0000,
    0x0001, 0x0020, 0x0001, 0x0861, 0x0028, 0x0881, 0x004D, 0x0861,
    0x0016, 0x0841, 0x001C, 0x0041, 0x0016, 0x0841, 0x0041, 0x0861,
    0x0001, 0x0061, 0x0001, 0x1862, 0x0001, 0x5843, 0x0001, 0x6884,
    0x0002, 0xB927, 0x0001, 0xC127, 0x0001, 0xB107, 0x0001, 0x6063,
    0x0001, 0x5043, 0x0001, 0x0820, 0x0002, 0x0020, 0x0001, 0x2021,
    0x0001, 0x5843, 0x0001, 0x6884, 0x0001, 0xB127, 0x0001, 0xC128,
    0x0002, 0xC127, 0x0001, 0xC148, 0x0001, 0xB127, 0x0001, 0x90C5,
    0x0001, 0x6884, 0x0002, 0x5843, 0x0001, 0x5043, 0x0001, 0x3042,
    0x0001, 0x0820, 0x0006, 0x0020, 0x0001, 0x0861, 0x0007, 0x0881,
    0x0001, 0x0061, 0x0001, 0x0841, 0x0001, 0x2021, 0x0001, 0x3842,
    0x0001, 0x4842, 0x0001, 0x5042, 0x0001, 0x5043, 0x0002, 0x5042,
    0x0001, 0x4042, 0x0001, 0x3042, 0x0001, 0x1821, 0x0006, 0x0020,
    0x0001, 0x0000, 0x0001, 0x0020, 0x0001, 0x0041, 0x0027, 0x0881,
    0x004F, 0x0861, 0x0017, 0x0841, 0x001D, 0x0041, 0x0016, 0x0841,
    0x0041, 0x0861, 0x0001, 0x1061, 0x0001, 0x5043, 0x0001, 0x6063,
    0x0004, 0xB927, 0x0001, 0x6883, 0x0001, 0x5843, 0x0001, 0x1020,
    0x0002, 0x0020, 0x0001, 0x4042, 0x0001, 0x5843, 0x0001, 0x90C5,
    0x0001, 0xC948, 0x0002, 0xC127, 0x0001, 0xA906, 0x0001, 0x80A5,
    0x0001, 0x6063, 0x0002, 0x5843, 0x0001, 0x4842, 0x0001, 0x2821,
    0x0001, 0x0820, 0x0001, 0x0000, 0x0004, 0x0020, 0x0002, 0x0000,
    0x0001, 0x0861, 0x000A, 0x0881, 0x0001, 0x0061, 0x0001, 0x0020,
    0x0001, 0x0000, 0x0003, 0x0820, 0x0008, 0x0020, 0x0001, 0x0000,
    0x0002, 0x0020, 0x0001, 0x0861, 0x0024, 0x0881, 0x0052, 0x0861,
    0x0016, 0x0841, 0x0020, 0x0041, 0x0015, 0x0841, 0x0042, 0x0861,
    0x0001, 0x5063, 0x0001, 0x6063, 0x0001, 0xB107, 0x0001, 0xC127,
    0x0001, 0xB927, 0x0001, 0xC127, 0x0001, 0x7084, 0x0001, 0x5843,
    0x0001, 0x1821, 0x0001, 0x0020, 0x0001, 0x0820, 0x0001, 0x5843,
    0x0001, 0x6063, 0x0002, 0xB927, 0x0001, 0x98E6, 0x0001, 0x7084,
    0x0002, 0x5843, 0x0001, 0x5863, 0x0001, 0x4042, 0x0001, 0x2021,
    0x0006, 0x0020, 0x0002, 0x0000, 0x0001, 0x0020, 0x0001, 0x0861,
    0x000D, 0x0881, 0x0001, 0x0861, 0x0001, 0x0040, 0x0001, 0x0020,
    0x0007, 0x0000, 0x0002, 0x0020, 0x0001, 0x0041, 0x0001, 0x0861,
    0x0024, 0x0881, 0x0054, 0x0861, 0x0015, 0x0841, 0x0021, 0x0041,
    0x0017, 0x0841, 0x0040, 0x0861, 0x0001, 0x4862, 0x0001, 0x5843,
    0x0001, 0xA0E6, 0x0001, 0xC128, 0x0001, 0xB927, 0x0001, 0xC148,
    0x0001, 0x78A4, 0x0001, 0x5843, 0x0001, 0x2021, 0x0001, 0x0000,
    0x0001, 0x2021, 0x0001, 0x5843, 0x0001, 0x6884, 0x0001, 0x88C5,
    0x0001, 0x6063, 0x0002, 0x5843, 0x0001, 0x5863, 0x0001, 0x3842,
    0x0001, 0x1020, 0x0006, 0x0020, 0x0001, 0x0000, 0x0002, 0x0020,
    0x0001, 0x0861, 0x0011, 0x0881, 0x0002, 0x0861, 0x0001, 0x0041,
    0x0003, 0x0040, 0x0001, 0x0041, 0x0001, 0x0841, 0x0002, 0x0861,
    0x0022, 0x0881, 0x0056, 0x0861, 0x0017, 0x0841, 0x0023, 0x0041,
    0x0016, 0x0841, 0x003E, 0x0861, 0x0001, 0x0061, 0x0001, 0x4062,
    0x0001, 0x5843, 0x0001, 0x98E6, 0x0001, 0xC148, 0x0001, 0xB927,
    0x0001, 0xC148, 0x0001, 0x88C5, 0x0001, 0x5843, 0x0001, 0x3041,
    0x0001, 0x0000, 0x0001, 0x1821, 0x0002, 0x6063, 0x0002, 0x5843,
    0x0001, 0x4842, 0x0001, 0x2821, 0x0001, 0x0820, 0x0001, 0x0000,
    0x0005, 0x0020, 0x0001, 0x0000, 0x0001, 0x0020, 0x0001, 0x0040,
    0x0001, 0x0861, 0x003B, 0x0881, 0x0059, 0x0861, 0x0017, 0x0841,
    0x0025, 0x0041, 0x0016, 0x0841, 0x003D, 0x0861, 0x0001, 0x0061,
    0x0001, 0x3062, 0x0001, 0x5843, 0x0001, 0x88C5, 0x0001, 0xC148,
    0x0001, 0xB927, 0x0001, 0xC148, 0x0001, 0x90C5, 0x0001, 0x5843,
    0x0001, 0x3842, 0x0001, 0x0000, 0x0001, 0x0020, 0x0001, 0x2021,
    0x0001, 0x4042, 0x0001, 0x3042, 0x0001, 0x1021, 0x0001, 0x0020,
    0x0001, 0x0000, 0x0004, 0x0020, 0x0002, 0x0000, 0x0001, 0x0020,
    0x0001, 0x0041, 0x0001, 0x0861, 0x0002, 0x0881, 0x0003, 0x0861,
    0x0033, 0x0881, 0x005D, 0x0861, 0x0016, 0x0841, 0x0027, 0x0041,
    0x0018, 0x0841, 0x003B, 0x0861, 0x0001, 0x0061, 0x0001, 0x2862,
    0x0001, 0x5843, 0x0001, 0x78A4, 0x0001, 0xC148, 0x0001, 0xB927,
    0x0001, 0xC128, 0x0001, 0x98E6, 0x0001, 0x5843, 0x0001, 0x4042,
    0x0003, 0x0020, 0x0001, 0x0000, 0x0006, 0x0020, 0x0001, 0x0000,
    0x0002, 0x0020, 0x0002, 0x0861, 0x0001, 0x0881, 0x000B, 0x0861,
    0x0029, 0x0881, 0x0061, 0x0861, 0x0017, 0x0841, 0x0028, 0x0041,
    0x0018, 0x0841, 0x003A, 0x0861, 0x0001, 0x0061, 0x0001, 0x2062,
    0x0001, 0x5843, 0x0001, 0x7084, 0x0001, 0xC127, 0x0001, 0xB927,
    0x0001, 0xC128, 0x0001, 0xA106, 0x0001, 0x5843, 0x0001, 0x4042,
    0x0003, 0x0020, 0x0001, 0x0000, 0x0001, 0x0841, 0x0001, 0x0041,
    0x0002, 0x0000, 0x0002, 0x0020, 0x0001, 0x0041, 0x0001, 0x0861,
    0x0002, 0x0881, 0x0016, 0x0861, 0x0018, 0x0881, 0x0067, 0x0861,
    0x0018, 0x0841, 0x002A, 0x0041, 0x0018, 0x0841, 0x0039, 0x0861,
    0x0001, 0x0061, 0x0001, 0x1861, 0x0001, 0x5843, 0x0001, 0x6863,
    0x0002, 0xB927, 0x0001, 0xC127, 0x0001, 0xA906, 0x0001, 0x5863,
    0x0001, 0x4842, 0x0003, 0x0020, 0x0001, 0x0000, 0x0001, 0x0040,
    0x0001, 0x0881, 0x0001, 0x0861, 0x0001, 0x0041, 0x0002, 0x0861,
    0x0001, 0x0881, 0x0097, 0x0861, 0x0018, 0x0841, 0x002D, 0x0041,
    0x0017, 0x0841, 0x0039, 0x0861, 0x0001, 0x1061, 0x0001, 0x5063,
    0x0001, 0x6063, 0x0001, 0xB127, 0x0001, 0xB927, 0x0001, 0xC127,
    0x0001, 0xA907, 0x0001, 0x6063, 0x0001, 0x4842, 0x0003, 0x0020,
    0x0001, 0x0000, 0x0001, 0x0020, 0x0004, 0x0881, 0x0098, 0x0861,
    0x0018, 0x0841, 0x002F, 0x0041, 0x0018, 0x0841, 0x0038, 0x0861,
    0x0001, 0x5063, 0x0001, 0x5863, 0x0001, 0xA907, 0x0002, 0xC127,
    0x0001, 0xA907, 0x0001, 0x6063, 0x0001, 0x4842, 0x0003, 0x0020,
    0x0001, 0x0000, 0x0001, 0x0020, 0x009B, 0x0861, 0x0017, 0x0841,
    0x0031, 0x0041, 0x001A, 0x0841, 0x0036, 0x0861, 0x0001, 0x4862,
    0x0001, 0x5843, 0x0001, 0xA106, 0x0002, 0xC127, 0x0001, 0xA906,
    0x0001, 0x5863, 0x0001, 0x4842, 0x0003, 0x0020, 0x0001, 0x0000,
    0x0001, 0x0020, 0x0098, 0x0861, 0x001A, 0x0841, 0x0033, 0x0041,
    0x0019, 0x0841, 0x0034, 0x0861, 0x0001, 0x0061, 0x0001, 0x4062,
    0x0001, 0x5843, 0x0001, 0x98E6, 0x0001, 0xC128, 0x0001, 0xC127,
    0x0001, 0xA0E6, 0x0001, 0x5843, 0x0001, 0x4042, 0x0003, 0x0020,
    0x0001, 0x0000, 0x0001, 0x0020, 0x0097, 0x0861, 0x0019, 0x0841,
    0x0037, 0x0041, 0x0019, 0x0841, 0x0032, 0x0861, 0x0001, 0x0061,
    0x0001, 0x4062, 0x0001, 0x5843, 0x0001, 0x98E6, 0x0002, 0xC128,
    0x0001, 0x90C5, 0x0001, 0x5843, 0x0001, 0x3042, 0x0001, 0x0000,
    0x0002, 0x0020, 0x0001, 0x0000, 0x0001, 0x0020, 0x0096, 0x0861,
    0x0019, 0x0841, 0x0039, 0x0041, 0x0019, 0x0841, 0x0031, 0x0861,
    0x0001, 0x0061, 0x0001, 0x3862, 0x0001, 0x5843, 0x0001, 0x90C5,
    0x0001, 0xC148, 0x0001, 0xC127, 0x0001, 0x7884, 0x0001, 0x5843,
    0x0001, 0x2021, 0x0003, 0x0020, 0x0001, 0x0000, 0x0001, 0x0040,
    0x0094, 0x0861, 0x0019, 0x0841, 0x003C, 0x0041, 0x0019, 0x0841,
    0x0030, 0x0861, 0x0001, 0x0061, 0x0001, 0x3862, 0x0001, 0x5843,
    0x0001, 0x90C5, 0x0001, 0xC148, 0x0001, 0xB107, 0x0001, 0x6063,
    0x0001, 0x5843, 0x0001, 0x0820, 0x0003, 0x0020, 0x0001, 0x0000,
    0x0001, 0x0041, 0x0093, 0x0861, 0x0019, 0x0841, 0x003E, 0x0041,
    0x0019, 0x0841, 0x002F, 0x0861, 0x0001, 0x0061, 0x0001, 0x3862,
    0x0001, 0x5843, 0x0001, 0x90C5, 0x0001, 0xC948, 0x0001, 0x90C5,
    0x0001, 0x5843, 0x0001, 0x4042, 0x0005, 0x0020, 0x0093, 0x0861,
    0x0019, 0x0841, 0x0041, 0x0041, 0x0019, 0x0841, 0x002D, 0x0861,
    0x0001, 0x0061, 0x0001, 0x4062, 0x0001, 0x5843, 0x0001, 0x98E6,
    0x0001, 0xC148, 0x0001, 0x6884, 0x0001, 0x5843, 0x0001, 0x2021,
    0x0005, 0x0020, 0x0092, 0x0861, 0x0019, 0x0841, 0x0043, 0x0041,
    0x0019, 0x0841, 0x002A, 0x0861, 0x0002, 0x0061, 0x0001, 0x1861,
    0x0001, 0x5863, 0x0001, 0x5843, 0x0001, 0xB107, 0x0001, 0xA906,
    0x0001, 0x5843, 0x0001, 0x5043, 0x0004, 0x0020, 0x0001, 0x0000,
    0x0001, 0x0040, 0x0090, 0x0861, 0x0019, 0x0841, 0x0046, 0x0041,
    0x001A, 0x0841, 0x0025, 0x0861, 0x0002, 0x0061, 0x0001, 0x0861,
    0x0001, 0x2062, 0x0001, 0x4062, 0x0001, 0x5863, 0x0001, 0x5042,
    0x0001, 0x80A4, 0x0001, 0xC948, 0x0001, 0x78A4, 0x0001, 0x5843,
    0x0001, 0x3042, 0x0001, 0x0000, 0x0003, 0x0020, 0x0001, 0x0000,
    0x0001, 0x0841, 0x008E, 0x0861, 0x001A, 0x0841, 0x0023, 0x0041,
    0x0002, 0x0040, 0x0023, 0x0041, 0x001B, 0x0841, 0x0022, 0x0861,
    0x0001, 0x0061, 0x0001, 0x1061, 0x0001, 0x4062, 0x0001, 0x5063,
    0x0003, 0x5843, 0x0001, 0x80A5, 0x0001, 0xC127, 0x0001, 0xB107,
    0x0001, 0x5863, 0x0001, 0x5843, 0x0001, 0x0820, 0x0004, 0x0000,
    0x0001, 0x0020, 0x008E, 0x0861, 0x001A, 0x0841, 0x0024, 0x0041,
    0x0002, 0x0040, 0x0025, 0x0041, 0x001A, 0x0841, 0x0022, 0x0861,
    0x0001, 0x4862, 0x0001, 0x6043, 0x0001, 0x5863, 0x0001, 0x6884,
    0x0001, 0x88C5, 0x0001, 0xB107, 0x0001, 0xC127, 0x0001, 0xC148,
    0x0001, 0x80A5, 0x0001, 0x5843, 0x0001, 0x3842, 0x0005, 0x0000,
    0x0001, 0x0041, 0x008C, 0x0861, 0x001B, 0x0841, 0x0023, 0x0041,
    0x0006, 0x0040, 0x0024, 0x0041, 0x001A, 0x0841, 0x001F, 0x0861,
    0x0001, 0x0061, 0x0001, 0x1861, 0x0001, 0x5843, 0x0001, 0x6063,
    0x0001, 0xA907, 0x0001, 0xC127, 0x0001, 0xC148, 0x0001, 0xB927,
    0x0001, 0xC127, 0x0001, 0xA906, 0x0002, 0x5863, 0x0001, 0x1020,
    0x0004, 0x0000, 0x0001, 0x0020, 0x008C, 0x0861, 0x001A, 0x0841,
    0x0025, 0x0041, 0x0007, 0x0040, 0x0024, 0x0041, 0x001C, 0x0841,
    0x001C, 0x0861, 0x0001, 0x0061, 0x0001, 0x3062, 0x0001, 0x5843,
    0x0001, 0x80A5, 0x0001, 0xC948, 0x0002, 0xB927, 0x0001, 0xC127,
    0x0001, 0xB927, 0x0001, 0x6884, 0x0001, 0x5843, 0x0001, 0x3042,
    0x0005, 0x0000, 0x0001, 0x0041, 0x008A, 0x0861, 0x001B, 0x0841,
    0x0024, 0x0041, 0x0009, 0x0040, 0x0025, 0x0041, 0x001C, 0x0841,
    0x001B, 0x0861, 0x0001, 0x0061, 0x0001, 0x4862, 0x0001, 0x5843,
    0x0001, 0x98E6, 0x0001, 0xC127, 0x0001, 0xB927, 0x0001, 0xC148,
    0x0001, 0xB927, 0x0001, 0x7084, 0x0001, 0x5843, 0x0001, 0x5042,
    0x0006, 0x0000, 0x0089, 0x0861, 0x001C, 0x0841, 0x0025, 0x0041,
    0x000A, 0x0040, 0x0026, 0x0041, 0x001C, 0x0841, 0x0018, 0x0861,
    0x0001, 0x0061, 0x0001, 0x1061, 0x0001, 0x5043, 0x0001, 0x6063,
    0x0001, 0xB927, 0x0001, 0xC148, 0x0001, 0xB927, 0x0001, 0x98E6,
    0x0001, 0x6063, 0x0001, 0x5843, 0x0001, 0x5043, 0x0001, 0x1020,
    0x0005, 0x0000, 0x0001, 0x0040, 0x0087, 0x0861, 0x001D, 0x0841,
    0x0025, 0x0041, 0x0005, 0x0040, 0x0002, 0x0020, 0x0007, 0x0040,
    0x0025, 0x0041, 0x001C, 0x0841, 0x0016, 0x0861, 0x0001, 0x0061,
    0x0001, 0x2062, 0x0001, 0x5843, 0x0001, 0x6884, 0x0001, 0xA0E6,
    0x0001, 0x80A5, 0x0001, 0x6063, 0x0001, 0x5843, 0x0001, 0x5863,
    0x0001, 0x4042, 0x0001, 0x0820, 0x0005, 0x0000, 0x0001, 0x0020,
    0x0087, 0x0861, 0x001B, 0x0841, 0x0026, 0x0041, 0x0007, 0x0040,
    0x0002, 0x0020, 0x0008, 0x0040, 0x0025, 0x0041, 0x001E, 0x0841,
    0x0013, 0x0861, 0x0001, 0x0061, 0x0001, 0x1861, 0x0002, 0x6063,
    0x0002, 0x5843, 0x0001, 0x5863, 0x0001, 0x4842, 0x0001, 0x2021,
    0x0006, 0x0000, 0x0001, 0x0020, 0x0084, 0x0861, 0x001E, 0x0841,
    0x0025, 0x0041, 0x0009, 0x0040, 0x0004, 0x0020, 0x0007, 0x0040,
    0x0026, 0x0041, 0x001F, 0x0841, 0x0011, 0x0861, 0x0001, 0x0061,
    0x0001, 0x2862, 0x0001, 0x4862, 0x0001, 0x4042, 0x0001, 0x3041,
    0x0001, 0x1021, 0x0007, 0x0000, 0x0001, 0x0020, 0x0082, 0x0861,
    0x0020, 0x0841, 0x0025, 0x0041, 0x0008, 0x0040, 0x0007, 0x0020,
    0x0007, 0x0040, 0x0027, 0x0041, 0x001E, 0x0841, 0x0011, 0x0861,
    0x0002, 0x0061, 0x0001, 0x0041, 0x0008, 0x0000, 0x0001, 0x0020,
    0x0082, 0x0861, 0x001E, 0x0841, 0x0027, 0x0041, 0x0007, 0x0040,
    0x000A, 0x0020, 0x0008, 0x0040, 0x0026, 0x0041, 0x001F, 0x0841,
    0x0012, 0x0861, 0x0001, 0x0020, 0x0004, 0x0000, 0x0002, 0x0020,
    0x0001, 0x0841, 0x0081, 0x0861, 0x001F, 0x0841, 0x0027, 0x0041,
    0x0007, 0x0040, 0x000C, 0x0020, 0x0008, 0x0040, 0x0027, 0x0041,
    0x0020, 0x0841, 0x0010, 0x0861, 0x0001, 0x0041, 0x0001, 0x0040,
    0x0001, 0x0041, 0x0001, 0x0841, 0x0081, 0x0861, 0x0021, 0x0841,
    0x0026, 0x0041, 0x0008, 0x0040, 0x000F, 0x0020, 0x0007, 0x0040,
    0x0027, 0x0041, 0x0021, 0x0841, 0x0091, 0x0861, 0x0021, 0x0841,
    0x0027, 0x0041, 0x0008, 0x0040, 0x0011, 0x0020, 0x0007, 0x0040,
    0x0028, 0x0041, 0x0022, 0x0841, 0x008B, 0x0861, 0x0022, 0x0841,
    0x0028, 0x0041, 0x0007, 0x0040, 0x0014, 0x0020, 0x0008, 0x0040,
    0x0028, 0x0041, 0x0022, 0x0841, 0x0087, 0x0861, 0x0023, 0x0841,
    0x0028, 0x0041, 0x0007, 0x0040, 0x0016, 0x0020, 0x0008, 0x0040,
    0x0029, 0x0041, 0x0023, 0x0841, 0x0081, 0x0861, 0x0023, 0x0841,
    0x0029, 0x0041, 0x0008, 0x0040, 0x0019, 0x0020, 0x0007, 0x0040,
    0x0029, 0x0041, 0x0026, 0x0841, 0x0079, 0x0861, 0x0026, 0x0841,
    0x0029, 0x0041, 0x0008, 0x0040, 0x001B, 0x0020, 0x0007, 0x0040,
    0x002B, 0x0041, 0x0026, 0x0841, 0x0074, 0x0861, 0x0025, 0x0841,
    0x002B, 0x0041, 0x0007, 0x0040, 0x001E, 0x0020, 0x0008, 0x0040,
    0x002A, 0x0041, 0x0028, 0x0841, 0x006D, 0x0861, 0x0028, 0x0841,
    0x002B, 0x0041, 0x0007, 0x0040, 0x0020, 0x0020, 0x0008, 0x0040,
    0x002C, 0x0041, 0x0029, 0x0841, 0x0065, 0x0861, 0x002A, 0x0841,
    0x002B, 0x0041, 0x0008, 0x0040, 0x0023, 0x0020, 0x0007, 0x0040,
    0x002E, 0x0041, 0x002A, 0x0841, 0x0001, 0x0861, 0x0001, 0x0841,
    0x0059, 0x0861, 0x0001, 0x0841, 0x0002, 0x0861, 0x0029, 0x0841,
    0x002E, 0x0041, 0x0008, 0x0040, 0x0026, 0x0020, 0x0008, 0x0040,
    0x002B, 0x0041, 0x002F, 0x0841, 0x0001, 0x0861, 0x0001, 0x0841,
    0x004F, 0x0861, 0x0001, 0x0841, 0x0002, 0x0861, 0x002E, 0x0841,
    0x002C, 0x0041, 0x0007, 0x0040, 0x002A, 0x0020, 0x0008, 0x0040,
    0x002D, 0x0041, 0x0033, 0x0841, 0x0045, 0x0861, 0x0033, 0x0841,
    0x002D, 0x0041, 0x0008, 0x0040, 0x002D, 0x0020, 0x0007, 0x0040,
    0x002F, 0x0041, 0x0035, 0x0841, 0x003B, 0x0861, 0x0035, 0x0841,
    0x002F, 0x0041, 0x0008, 0x0040, 0x002F, 0x0020, 0x0009, 0x0040,
    0x002F, 0x0041, 0x003B, 0x0841, 0x0029, 0x0861, 0x003B, 0x0841,
    0x0030, 0x0041, 0x0008, 0x0040, 0x0032, 0x0020, 0x0009, 0x0040,
    0x0030, 0x0041, 0x009B, 0x0841, 0x0030, 0x0041, 0x0009, 0x0040,
    0x0034, 0x0020, 0x0009, 0x0040, 0x0034, 0x0041, 0x0092, 0x0841,
    0x0033, 0x0041, 0x0009, 0x0040, 0x001A, 0x0020,
};

const size_t boot_splash_rle_pairs = 12087U;

#endif
